92,92,92,92,92,92,0,92,0,0,92,92,92,92,92,92,92,92,92,92,92,92,92,0,92,92,92,92,92,92,92,92,0,92,92,92,92,92,92,92,92,0,0,0,0,92,92,92,92,92,92,0,0,92,92,92,92,92,92,92,92,92,0,0,92,92,92,92,92,92,92,92,92,92,92,92,92,92,92,0,92,92,92,92,92,92,92,0,92,0,92,0,92,92,92,92,92,0,0,92,92,92,92,92,92,92,92,92,92,92,92,92,92,92,92,92,92,92,92,92,92,92,92,92,0,0,92,92,92,92,92,92,92,92,92,92,92,92,92,92,92,92,0,92,0,92,92,92,92,92,0,0,0,92,92,92,0,0,92,92,92,92,92,92,92,92,92,92,92,92,92,92,92,92,92,92,92,92,92,92,92,92,92,92,92,92,0,0,0,92,92,92,92,92,0,0,0,92,92,92,92,92,92,0,0,0,0,0,92,92,0,0,0,92,92,0,0,0,0,92,92,92,92,92,92,92,92,92,92,92,92,92,92,92,92,92,92,92,92,92,92,92,92,92,92,92,92,92,92,92,92,92,92,92,92,92,92,92,92,92,92,92,92,92,92,92,92,92,92,92,92,92,92,0,92,0,92,0,0,92,0,92,92,92,92,92,92,0,0,92,92,92,92,92,92,92,0,0,92,92,92,92,92,0,92,92,0,0,92,92,92,92,92,92,92,0,92,0,0,0,92,92,92,92,92,92,92,92,92,92,92,92,92,0,92,92,92,92,92,92,92,92,92,92,92,92,92,92,92,92,92,92,92,92,92,92,92,92,0,0,0,0,92,92,92,92,92,92,92,92,92,92,92,92,0,92,0,0,92,92,92,0,92,92,92,0,92,92,92,92,92,92,92,0,92,0,92,92,92,0,92,92,92,92,92,92,92,92,92,92,92,92,92,92,92,92,92,92,92,92,0,92,92,92,92,92,92,92,92,92,92,92,92,92,0,92,0,92,92,92,92,92,92,92,92,0,0,92,92,92,92,92,92,0,0,0,92,92,92,92,92,92,0,92,92,0,92,92,92,92,92,92
92,92,92,92,92,0,92,92,92,92,92,92,92,0,0,92,92,92,92,92,0,92,92,92,92,92,92,92,92,92,92,92,92,92,92,92,92,92,92,92,92,0,0,92,92,92,92,92,92,92,0,0,0,92,92,92,92,0,92,92,0,0,0,0,92,92,92,92,92,92,92,92,92,92,92,92,92,0,92,92,92,92,92,0,92,92,92,92,92,0,92,92,92,92,92,92,92,92,0,0,92,92,92,92,92,92,92,92,0,0,0,0,92,92,92,0,92,92,92,92,92,92,92,92,0,0,92,92,92,92,92,92,92,92,92,92,0,0,92,92,92,92,0,92,0,0,92,92,92,92,92,92,0,0,92,92,92,92,92,92,92,92,92,92,92,92,92,92,92,92,0,92,92,95,92,92,92,92,92,92,92,92,92,92,92,92,0,0,0,92,92,92,92,92,92,92,92,92,92,92,92,92,92,0,0,0,0,0,0,92,92,0,0,92,92,92,92,92,92,92,92,92,92,92,92,92,92,92,92,92,92,92,92,92,0,92,92,92,92,92,92,92,92,92,92,92,92,92,92,92,92,92,92,92,0,0,92,92,92,92,92,92,92,92,92,92,92,92,92,92,92,92,92,0,92,92,92,0,92,92,92,92,92,92,92,92,92,92,92,0,92,92,92,92,92,0,0,0,0,92,92,92,92,92,92,92,0,0,92,92,92,92,92,92,92,92,92,0,0,0,92,92,92,92,92,92,92,92,92,92,92,92,0,92,92,92,92,0,92,0,92,92,92,92,92,92,92,92,92,92,92,92,92,92,92,92,92,92,92,92,0,0,0,92,92,0,92,92,92,92,92,92,92,0,92,92,92,0,0,0,92,92,92,92,92,0,92,92,92,92,92,92,92,92,0,0,0,0,0,0,92,92,92,92,92,92,92,92,92,92,92,92,92,92,92,92,92,92,92,92,92,92,92,92,92,0,92,92,92,92,92,92,92,92,92,92,92,92,92,92,92,92,92,92,92,92,92,92,92,92,92,92,92,0,0,0,92,92,92,92,0,0,92,92,92,0,92,92,92,92,92,92
92,92,92,0,92,0,0,92,0,92,92,0,92,92,92,92,92,92,92,92,0,92,92,92,0,92,0,0,92,92,92,0,0,92,92,92,92,92,92,92,92,92,92,92,92,92,92,92,92,92,0,0,0,92,92,92,92,92,92,0,0,92,92,92,92,92,92,92,92,92,92,92,92,92,92,92,92,0,92,92,92,92,92,92,92,92,92,92,0,92,0,92,92,92,92,92,92,92,0,0,0,92,92,92,92,92,92,92,92,92,92,92,92,92,92,92,92,92,92,92,92,92,0,92,92,0,92,92,92,92,92,92,92,92,92,92,92,92,92,92,92,92,92,92,92,92,92,92,92,92,0,0,0,92,92,92,92,92,92,92,92,92,92,92,92,92,92,92,92,92,92,92,92,95,92,92,92,92,92,92,92,92,92,92,92,92,92,92,92,92,92,92,92,92,92,92,92,92,92,92,92,92,92,92,92,0,92,0,92,92,92,92,92,92,92,92,92,92,92,92,0,92,92,92,92,92,92,92,92,92,92,92,92,92,92,92,92,92,92,92,92,92,92,92,92,92,92,92,92,92,92,92,92,92,92,92,92,92,92,92,92,92,92,92,92,92,92,92,92,92,92,92,0,92,92,92,92,0,0,92,92,92,92,92,92,92,92,92,0,0,92,92,92,92,92,92,92,0,0,0,92,92,92,92,92,0,0,92,92,92,92,92,92,92,92,92,92,92,0,0,0,92,92,92,92,92,92,92,92,0,92,92,92,92,92,92,0,0,92,92,92,92,92,92,0,92,92,92,92,0,92,92,92,92,92,92,92,92,92,0,0,0,0,0,0,0,92,92,92,92,92,92,92,92,92,92,92,92,92,0,0,92,92,92,92,0,92,92,0,92,92,92,92,92,92,0,0,0,0,0,0,92,92,92,92,92,92,92,92,92,92,92,92,92,92,92,92,92,92,92,92,0,92,92,92,92,92,92,92,92,92,92,92,92,92,92,92,92,92,92,92,92,92,92,92,92,92,92,92,92,92,92,92,0,0,0,92,92,92,92,92,92,92,92,92,92,92,92,92,92,92,92
92,92,92,0,92,92,92,92,92,92,0,92,92,92,92,92,92,0,0,0,92,92,92,92,0,92,92,92,92,92,92,92,92,92,92,92,92,0,92,92,92,92,92,92,92,92,92,92,92,92,0,0,0,92,92,92,92,92,0,0,0,92,92,92,92,92,92,92,92,92,92,0,92,92,92,0,92,92,92,92,92,92,92,0,92,92,92,92,92,92,92,92,92,92,92,92,92,92,0,0,0,92,92,92,92,92,92,92,92,92,92,92,92,92,92,92,92,92,92,92,92,92,92,92,92,92,92,92,92,92,92,92,92,92,92,0,95,92,92,92,92,92,0,92,92,92,92,92,92,92,92,0,92,0,0,0,0,0,0,0,0,92,92,92,92,92,92,92,92,92,92,92,92,92,92,92,92,92,92,92,92,0,92,92,92,92,92,92,92,92,92,92,92,92,92,0,0,95,92,92,92,92,92,92,0,92,92,0,92,92,92,92,92,92,92,92,92,0,0,92,0,92,0,92,92,92,92,92,92,92,92,92,92,92,92,92,92,92,92,92,92,92,92,92,92,92,92,92,92,92,92,92,92,92,0,92,92,92,92,92,92,0,0,92,92,0,92,92,92,92,92,92,92,92,92,92,92,0,0,92,92,92,92,92,92,92,92,92,92,92,92,92,92,92,92,92,92,92,0,92,92,92,92,92,0,92,92,92,92,92,0,0,0,92,92,92,0,92,92,0,0,0,0,92,92,92,92,92,0,0,92,92,92,92,92,92,92,0,92,92,92,92,0,0,92,92,92,92,92,0,0,92,92,92,92,92,0,0,0,0,0,0,92,92,0,0,0,92,0,0,92,92,92,92,92,92,92,92,0,0,92,92,92,92,92,92,92,0,92,92,92,92,92,92,92,0,0,0,0,92,92,92,0,92,92,92,92,92,92,92,92,92,92,92,92,92,92,92,92,92,92,92,92,92,92,92,92,0,0,92,92,92,92,92,92,92,92,92,92,92,92,0,0,92,92,92,92,92,92,92,92,92,92,0,0,0,0,92,92,92,92,92,92,92,92,92,92,92,92,0,0,92
92,92,92,92,92,92,92,92,92,92,92,92,92,92,0,92,92,92,92,92,92,92,92,92,92,92,92,92,0,0,92,92,92,92,92,92,92,92,92,92,92,92,0,92,92,92,92,92,0,92,92,92,92,92,92,92,92,92,92,0,92,92,92,92,92,92,92,0,92,92,92,92,92,92,92,92,0,92,92,92,92,92,92,92,92,92,92,92,92,92,92,92,92,92,92,92,92,92,0,92,92,92,92,0,92,92,92,92,0,92,92,92,92,92,92,92,92,92,92,92,92,92,92,92,92,92,0,92,92,0,0,0,92,92,0,0,95,92,92,0,92,92,92,92,92,92,92,92,92,92,92,92,92,0,92,0,92,92,0,0,0,92,0,92,92,92,92,92,92,92,92,92,0,0,92,0,92,92,92,92,92,92,92,92,92,92,0,0,92,92,92,92,92,92,0,0,0,0,92,92,92,92,92,92,92,92,92,92,92,92,92,92,0,0,0,92,92,92,92,0,0,0,0,0,0,0,0,92,92,92,92,92,92,92,95,95,92,0,92,92,92,92,92,92,92,92,92,92,92,0,92,92,92,92,92,92,92,92,92,92,92,92,92,92,92,92,0,92,92,92,92,92,92,92,92,92,92,92,0,92,92,92,0,92,92,92,92,92,92,92,92,92,92,92,92,92,92,92,92,0,92,92,92,92,0,92,92,92,92,92,0,92,0,92,92,92,92,92,92,0,92,92,0,0,0,92,92,92,92,92,92,92,92,95,92,92,92,95,92,0,92,92,92,92,92,92,92,92,92,0,0,92,92,92,92,92,92,0,0,0,0,0,92,92,92,92,92,0,0,0,92,92,92,92,92,92,92,0,92,0,0,92,92,92,92,92,92,92,92,92,92,92,92,0,0,0,0,0,92,92,92,92,92,92,92,92,92,92,92,92,92,92,92,92,92,0,0,92,92,92,92,92,92,92,92,92,92,0,92,92,92,92,92,92,92,92,92,92,92,92,92,92,92,92,92,92,92,92,92,92,0,92,92,0,92,92,0,0,92,0,92,92,92,92,92,92,92,92,92,0,0,92
92,92,92,92,92,92,92,92,92,92,92,92,92,92,92,92,92,92,92,92,92,92,92,92,92,92,92,92,0,92,92,92,92,92,92,92,92,92,92,92,92,92,92,0,92,92,92,92,92,92,92,92,92,92,92,92,92,92,0,0,92,92,92,92,92,92,92,92,92,92,92,92,0,0,92,0,92,92,92,92,92,92,92,92,92,92,92,92,92,92,92,92,92,92,92,92,0,92,92,92,92,0,92,92,92,92,92,92,0,92,92,92,0,92,0,92,92,92,92,92,92,92,92,92,92,92,92,92,92,92,0,0,0,0,0,0,95,92,92,92,92,92,92,92,92,92,92,92,92,92,92,92,92,92,92,92,92,92,0,0,92,0,92,92,92,92,92,92,92,92,92,92,0,0,92,0,0,92,92,92,92,0,0,0,0,0,0,0,0,0,0,0,0,95,95,95,0,0,92,92,92,0,92,92,92,92,92,92,0,0,92,92,0,0,0,92,92,95,95,0,0,0,0,0,0,0,0,92,0,92,92,92,0,0,0,95,92,92,92,92,92,92,92,92,92,92,92,92,92,92,92,92,92,0,92,92,92,92,92,92,92,92,92,92,92,92,0,0,92,92,92,92,92,92,92,92,92,0,92,92,92,92,92,92,92,92,92,92,92,92,92,92,92,92,92,92,92,92,92,0,92,92,92,92,0,92,92,92,92,92,92,92,92,92,92,92,92,92,92,0,92,92,0,0,0,92,92,92,92,92,92,92,92,0,92,92,92,95,92,92,0,0,0,92,92,92,92,92,92,92,92,92,92,92,92,92,92,92,92,0,92,92,92,92,92,92,92,92,92,92,92,92,92,92,92,92,92,92,92,92,0,92,92,92,92,92,92,92,0,92,92,92,92,0,92,0,92,92,92,92,92,92,92,92,92,92,92,92,92,92,92,92,92,92,92,0,92,92,92,92,92,92,92,92,92,92,92,92,92,92,92,92,92,92,92,92,92,92,92,0,92,92,92,92,92,92,92,92,92,92,0,0,0,0,92,92,92,0,0,92,92,0,92,92,92,92,92,92,92,92,92,92
92,92,92,92,92,92,92,92,0,0,92,92,92,92,92,92,92,92,92,92,92,92,92,92,92,92,92,0,0,0,92,92,92,92,92,92,0,0,0,92,92,92,92,92,92,92,92,92,92,92,92,92,92,92,92,92,0,92,0,92,92,92,92,92,92,92,92,92,92,92,92,92,92,0,92,0,0,92,92,92,92,92,0,0,92,92,92,0,92,92,92,92,92,92,92,92,92,0,92,92,92,0,92,92,92,92,92,92,92,92,0,0,0,92,92,92,92,92,0,0,92,92,92,92,92,92,92,92,92,92,0,92,92,92,0,92,0,92,92,92,92,92,0,0,0,0,92,92,92,92,92,92,92,92,92,92,92,92,92,0,92,92,92,92,92,92,92,92,92,92,92,92,0,92,92,0,0,92,92,0,102,0,1,1,1,1,1,1,1,1,1,1,1,1,1,1,0,0,0,92,92,92,92,92,92,92,92,92,92,92,92,92,0,0,92,92,92,0,95,0,0,0,92,92,92,92,92,0,92,92,92,92,92,0,0,0,0,92,92,92,92,0,92,92,92,92,92,92,92,92,92,92,92,92,92,92,92,92,92,92,92,92,92,92,92,92,0,0,92,92,92,92,0,0,92,92,92,92,0,92,92,92,92,92,92,92,92,92,92,92,92,0,0,92,92,0,0,92,92,92,92,92,92,92,0,92,92,92,92,92,92,92,92,92,92,92,92,92,92,92,92,92,0,92,92,92,92,92,92,92,92,92,92,92,92,92,92,92,92,92,0,0,0,92,92,92,92,92,0,0,92,92,92,92,92,92,92,92,92,92,92,92,92,92,92,92,92,92,0,92,92,92,92,92,92,92,92,92,92,92,0,92,92,0,92,92,92,92,0,92,92,92,92,92,92,92,0,92,92,92,92,92,92,92,92,92,92,92,92,92,92,92,92,92,92,92,92,92,92,92,0,0,92,92,92,92,92,92,92,92,92,92,92,92,0,92,92,92,92,92,92,92,92,92,92,92,92,92,92,92,92,0,0,0,92,92,92,92,92,92,92,92,92,92,92,92,92,92,0,92,92,92
92,92,92,92,92,92,92,92,92,92,92,92,0,92,92,92,92,92,92,92,0,0,92,92,92,92,92,92,92,92,92,92,92,92,92,92,0,0,92,92,92,92,92,92,0,92,92,92,92,92,92,92,92,92,92,92,92,92,92,92,92,92,92,92,92,92,0,92,92,92,92,92,92,92,92,92,92,92,92,92,0,92,92,0,92,92,92,0,92,92,92,92,92,0,92,92,0,92,92,92,92,0,92,92,92,92,0,92,92,92,92,0,0,92,92,92,92,92,92,92,92,92,92,92,92,92,92,92,92,92,92,92,92,0,0,92,92,92,92,92,92,92,92,92,0,0,0,92,92,92,92,92,92,92,92,92,92,92,92,92,92,92,92,92,92,0,92,92,92,92,92,92,92,92,92,0,0,92,92,0,102,102,102,1,1,1,1,1,1,1,1,1,1,1,1,1,1,1,0,0,92,92,92,92,92,92,92,92,92,0,0,0,0,92,92,92,0,0,0,0,0,0,92,92,92,92,92,92,92,92,92,0,0,0,0,0,92,92,92,0,92,92,92,92,92,92,92,92,0,0,0,92,92,92,92,92,92,92,92,92,92,92,92,92,92,92,92,92,92,92,92,92,92,0,92,92,92,92,92,0,0,92,92,92,92,92,92,92,92,92,0,92,92,92,92,92,92,92,92,92,92,0,92,92,92,92,92,92,92,92,92,92,92,92,92,92,92,92,92,92,92,92,92,92,92,92,92,92,92,92,92,92,92,92,92,92,92,92,92,92,92,92,92,0,92,92,92,92,0,92,92,92,92,92,92,92,92,92,92,92,0,92,92,92,92,92,92,92,0,92,92,92,92,92,92,0,0,92,92,92,92,92,92,92,92,92,92,92,92,92,92,92,92,92,92,92,92,95,92,92,92,92,92,92,92,92,92,92,92,92,92,92,92,92,92,92,92,92,92,92,0,0,92,92,92,92,92,92,92,92,92,92,0,92,92,92,0,92,92,92,92,92,92,92,92,92,92,92,92,92,92,0,0,0,92,92,92,92,92,92,92,92,0,92,0,92,0,92,0,92,92,92
92,92,92,92,92,92,92,92,92,92,92,92,0,92,92,92,92,92,92,92,92,92,92,92,92,92,92,92,0,0,92,92,92,92,92,92,92,92,92,92,92,92,92,92,92,92,92,92,0,92,92,92,0,92,92,92,92,92,92,92,92,92,92,92,0,92,92,92,92,0,92,92,92,92,92,92,92,92,92,0,92,92,92,92,92,0,0,92,92,92,0,92,92,0,92,92,92,92,92,0,92,92,92,92,92,92,0,0,0,0,0,0,0,0,92,92,92,92,92,0,0,0,0,92,92,92,92,92,92,92,92,92,92,92,92,92,92,92,92,92,92,92,92,0,0,92,92,92,92,92,92,92,92,92,92,92,92,92,92,92,92,92,92,92,0,0,92,92,92,92,92,92,92,92,92,92,0,0,0,0,1,102,1,1,1,1,1,1,1,1,1,1,1,1,1,1,1,1,1,0,92,92,92,92,92,92,92,92,92,0,0,0,0,92,92,92,92,92,0,92,0,0,92,92,92,92,92,0,0,0,92,92,92,0,0,0,92,92,92,92,92,92,92,92,92,92,92,92,92,92,92,92,92,92,92,92,92,0,92,92,0,92,92,92,92,92,92,92,92,92,92,92,92,92,92,92,92,92,92,92,92,92,92,92,92,0,92,92,92,0,92,92,92,92,92,92,92,92,92,92,0,0,0,95,92,0,92,92,92,92,92,92,92,0,92,92,92,92,92,92,92,92,92,92,92,92,92,92,0,92,92,92,92,0,0,92,92,92,92,92,92,92,92,0,92,92,92,92,92,92,92,92,92,92,92,0,92,92,0,92,92,92,92,92,92,0,0,92,92,92,92,92,92,92,92,0,92,92,92,92,92,92,92,92,92,92,92,92,92,92,92,92,92,92,92,92,92,92,92,92,92,0,92,92,92,92,92,92,92,92,92,92,92,92,92,92,92,0,0,0,0,0,92,92,92,92,95,92,92,92,92,92,92,92,92,92,92,92,92,0,0,92,0,92,92,92,92,92,92,92,92,0,92,92,92,92,92,92,92,92,92,92,92,92,92,95,95,0,0,0,92,92
92,92,92,92,92,92,92,92,92,92,92,0,0,92,92,92,92,92,92,92,92,92,92,92,92,92,92,92,92,0,0,92,92,92,92,92,92,92,92,92,92,92,92,0,92,92,92,92,92,92,92,92,92,92,92,92,92,92,0,92,92,92,92,92,92,92,92,92,92,92,92,92,92,92,92,92,92,92,92,92,92,92,92,92,92,92,0,0,92,92,0,92,92,92,92,92,92,92,92,0,92,92,92,92,0,0,0,0,0,0,0,0,0,0,0,92,92,92,92,0,0,0,92,92,92,92,92,92,92,92,92,92,92,0,92,0,92,92,92,92,92,92,92,92,92,92,92,92,92,92,92,0,92,92,92,92,92,92,92,92,92,0,92,92,92,92,92,92,92,92,92,92,92,92,92,92,0,0,0,1,1,1,1,1,1,1,1,1,1,1,1,1,1,1,1,1,1,1,1,0,0,0,92,92,92,0,92,92,92,92,92,92,0,92,92,92,92,92,92,92,92,0,92,92,92,92,0,92,92,92,92,92,92,92,0,0,92,92,92,92,92,92,92,92,92,92,92,92,92,92,92,92,92,92,92,92,92,92,92,0,0,0,92,92,92,92,92,92,92,92,92,92,92,92,0,92,92,92,92,92,92,0,92,0,0,0,0,92,92,92,92,92,92,92,92,92,0,92,92,92,0,0,0,95,92,92,92,0,92,92,92,0,0,92,92,92,92,92,92,0,0,92,92,92,92,92,92,92,0,0,92,92,92,0,92,92,92,92,92,92,92,92,92,0,92,92,0,92,92,92,92,92,92,92,92,92,92,92,92,92,92,92,92,92,0,0,92,0,92,92,92,92,92,92,92,0,92,92,92,92,92,92,92,92,0,0,92,92,92,0,92,92,92,92,92,92,92,92,92,92,0,0,0,92,92,92,92,92,92,92,92,92,92,92,92,92,0,0,92,0,0,0,0,92,92,92,0,92,92,92,92,92,92,92,92,0,0,92,92,92,0,0,0,92,92,92,92,92,92,92,0,92,92,92,92,92,92,92,92,92,92,92,92,0,0,95,92,0,0,92,92,92
92,92,92,92,92,0,92,92,92,92,92,0,0,92,92,92,92,92,92,92,92,92,92,0,0,92,92,0,0,0,0,0,92,92,92,92,92,92,92,92,92,92,92,92,0,92,92,92,92,92,92,92,92,92,92,92,92,92,0,92,92,92,92,92,92,92,92,92,92,92,92,92,92,92,92,92,92,92,92,92,92,92,92,92,92,0,0,0,92,92,92,92,92,92,92,92,0,0,92,92,92,92,92,0,0,0,0,0,0,0,0,0,92,92,0,0,92,92,92,92,92,0,92,92,92,92,92,92,92,92,0,0,0,0,92,92,92,92,92,92,92,92,92,92,92,92,92,92,92,92,92,0,0,0,92,92,92,0,92,92,92,92,92,92,92,92,92,92,92,0,0,92,92,92,92,0,0,1,1,1,1,1,1,1,3,3,3,3,3,3,1,1,1,1,1,1,1,1,1,0,0,92,92,92,92,0,92,92,92,92,92,92,0,0,92,92,92,92,92,92,92,92,0,92,92,92,92,92,92,92,92,92,92,92,92,92,92,92,92,92,92,0,92,92,92,92,92,0,92,92,92,92,92,92,92,92,92,92,92,92,92,92,92,92,92,92,92,92,92,92,92,92,0,0,0,0,92,0,92,92,92,92,92,92,92,92,92,92,92,92,92,92,92,92,92,92,0,92,92,0,0,0,92,92,92,92,92,92,92,92,92,92,0,92,92,92,92,92,92,0,0,92,92,92,92,92,0,0,0,92,92,92,92,92,92,92,92,92,92,92,92,92,92,92,92,92,92,92,92,0,92,92,92,92,92,92,92,92,92,92,92,92,92,92,92,92,92,92,92,92,92,92,92,92,92,92,92,92,92,92,92,92,92,92,0,0,0,92,92,92,92,92,0,92,92,92,92,92,92,92,92,92,0,92,92,92,92,92,92,92,92,92,92,92,92,92,92,92,92,92,92,92,92,92,92,0,0,0,0,92,92,92,92,92,92,92,92,92,92,92,92,92,0,0,92,92,92,0,92,92,92,92,92,92,92,92,92,92,92,92,92,92,0,0,0,0,92,92,92,0,92,92
92,92,92,92,92,92,92,92,92,92,92,92,92,0,0,92,92,92,0,92,0,92,0,0,0,92,92,92,92,92,0,92,0,92,92,92,92,92,92,92,92,92,92,92,92,92,92,0,0,92,92,92,92,92,92,92,92,92,0,92,92,92,92,92,92,92,92,92,92,92,92,92,92,92,92,92,0,92,92,92,92,92,92,92,95,0,92,92,92,92,92,92,92,92,92,92,0,0,0,92,92,92,92,0,92,92,92,92,0,0,0,0,92,92,0,0,92,92,92,92,92,92,92,92,92,92,92,92,92,92,92,0,0,92,92,92,92,0,0,92,92,92,92,92,92,92,92,92,92,92,92,0,0,0,92,92,92,92,92,92,92,92,92,92,92,92,92,92,92,0,0,0,0,0,0,0,1,1,1,1,1,1,1,3,3,3,3,3,3,50,1,1,1,1,1,1,1,1,1,0,0,92,92,92,92,92,92,92,92,92,92,92,92,92,92,0,92,0,92,92,92,92,92,92,92,92,92,92,92,92,92,92,92,92,92,92,92,92,92,92,92,0,92,92,92,0,92,0,92,92,92,92,92,92,92,92,92,92,92,92,92,92,92,92,92,92,92,92,92,92,0,0,0,0,0,92,92,92,92,92,92,92,92,92,92,0,0,0,0,92,92,92,92,92,92,92,92,92,92,92,92,92,92,92,92,92,92,92,92,92,92,92,92,92,92,92,92,92,92,0,0,92,92,92,92,92,92,92,0,92,92,92,92,92,0,92,92,92,92,92,0,0,92,92,92,92,92,0,0,92,92,0,0,92,92,92,92,92,92,92,92,92,92,92,92,0,0,92,92,0,92,92,92,92,92,92,92,92,92,92,92,92,92,92,0,0,92,92,0,92,92,92,0,92,92,92,92,92,92,92,0,92,92,92,92,92,92,92,0,0,92,92,92,0,0,92,92,92,92,92,92,92,92,92,92,92,92,92,92,0,92,92,92,92,92,92,92,92,92,92,92,92,92,92,92,92,0,0,92,92,92,92,92,92,92,92,0,92,92,92,92,92,0,0,92,0,92,92,92,0,0,92
92,92,92,92,92,92,92,92,92,92,92,92,92,92,92,92,92,92,92,92,92,92,92,92,0,92,92,92,92,92,92,92,92,92,92,92,92,92,92,92,92,92,92,92,92,92,92,92,92,92,92,92,92,92,92,92,92,92,0,92,92,92,92,92,92,0,92,92,92,92,92,92,92,92,92,92,0,0,92,92,92,92,92,92,95,95,92,92,92,92,92,92,92,92,0,92,92,0,92,92,92,92,92,0,0,92,92,92,92,92,0,92,92,92,92,92,92,92,92,92,92,0,92,92,92,92,92,92,92,92,92,92,92,92,92,92,92,92,92,92,92,92,92,92,92,92,92,92,92,92,0,0,0,92,92,92,92,92,92,92,92,92,92,92,92,92,92,92,92,0,0,0,0,0,1,1,1,1,1,1,1,1,1,3,3,3,3,50,50,50,50,1,1,1,1,1,1,1,1,0,0,92,0,92,92,92,92,92,92,92,92,92,92,92,0,0,0,92,92,92,92,92,0,92,92,92,92,92,92,92,92,92,0,92,92,92,92,92,92,92,92,0,0,0,92,92,0,0,0,92,92,92,92,92,92,92,92,92,92,92,92,92,92,92,92,92,92,92,92,92,92,92,92,0,95,92,92,92,92,92,92,0,92,0,92,0,0,0,92,92,0,0,92,92,92,92,92,92,92,92,0,0,92,0,92,92,92,92,92,92,92,92,92,92,92,92,92,92,92,0,0,0,92,92,92,92,92,0,92,92,92,92,92,92,92,92,92,92,92,92,92,92,92,92,92,92,92,92,92,92,92,92,92,92,92,92,92,92,92,92,92,0,92,92,92,92,0,92,92,92,92,92,92,92,92,92,92,92,92,0,0,0,0,0,0,0,0,0,0,0,0,0,0,0,0,92,92,92,92,92,0,0,92,92,92,92,92,92,92,92,0,92,92,0,0,0,92,92,92,92,0,92,92,92,92,0,92,92,92,0,92,92,92,0,0,92,0,92,92,92,92,92,92,92,92,92,92,0,92,92,92,92,92,92,92,92,92,92,92,92,92,92,92,92,92,92,92,92,92,92,92,92
0,92,95,92,0,92,92,92,92,92,92,92,92,92,0,92,92,92,92,0,92,92,92,92,92,0,92,0,92,92,92,92,92,92,92,92,92,0,0,92,92,92,92,0,92,92,92,92,92,92,92,0,0,0,92,92,92,92,92,92,92,92,0,0,0,92,92,92,92,92,92,92,92,92,92,0,0,0,92,92,92,92,92,92,0,0,0,92,92,92,92,0,92,92,92,92,92,92,92,92,92,92,92,0,92,92,92,92,92,92,0,92,92,92,92,92,92,92,92,92,92,92,92,92,0,0,92,92,92,92,92,92,92,92,92,92,92,92,92,92,92,92,92,92,0,92,92,92,92,0,0,0,92,92,92,92,92,92,92,92,92,92,92,92,92,92,92,92,0,0,0,0,0,1,1,1,1,1,1,1,1,1,1,3,3,3,3,3,3,3,50,1,1,1,1,1,1,1,1,0,95,92,92,92,92,92,92,92,92,92,92,92,92,92,0,0,0,0,92,92,92,92,92,92,95,0,92,0,92,92,92,92,92,92,92,92,0,0,0,0,92,92,92,92,92,92,92,92,92,92,92,92,92,92,0,0,92,92,92,92,92,92,92,92,92,92,92,92,92,92,92,92,92,95,95,0,92,92,0,0,92,92,92,92,92,0,0,92,92,92,0,0,0,92,92,92,92,92,92,92,92,92,92,92,92,92,92,92,92,92,0,0,92,92,92,92,92,92,92,0,0,92,92,92,92,92,92,0,0,0,92,92,0,0,92,92,92,92,92,92,92,0,92,92,92,92,92,95,92,92,92,92,92,92,0,0,92,92,92,92,92,92,92,92,92,92,92,0,92,92,92,92,92,92,92,92,0,0,0,0,1,1,1,1,1,1,1,1,1,1,1,1,1,0,0,0,0,0,0,0,0,0,0,0,0,92,92,92,92,92,92,0,92,0,0,0,92,92,92,92,92,0,92,92,0,92,92,92,92,92,92,92,92,92,92,92,92,92,92,92,92,92,92,92,92,92,0,0,92,92,92,92,92,92,92,92,0,92,92,92,92,92,92,92,92,92,92,92,92,0,0,92
0,0,95,92,92,92,0,92,0,92,92,0,92,92,92,92,92,92,92,92,92,92,92,92,92,92,92,92,92,92,92,92,92,92,92,92,92,0,0,92,92,0,92,92,92,92,92,92,92,0,0,92,92,92,92,92,92,92,92,92,92,92,0,92,92,92,92,92,92,92,92,92,92,92,92,92,92,92,92,92,92,92,92,92,0,0,92,92,92,92,92,92,92,92,0,92,92,92,92,0,92,92,92,0,0,92,92,92,92,92,92,0,92,92,92,92,92,92,92,92,92,92,92,0,0,0,95,92,92,92,92,0,0,92,92,92,92,92,0,92,0,92,92,92,0,92,92,92,92,95,95,0,0,92,92,92,92,92,92,92,92,92,92,0,0,0,0,0,0,0,0,1,1,1,1,1,1,1,1,1,1,1,3,3,3,3,3,3,3,3,3,2,89,89,1,1,1,1,1,0,95,92,92,92,0,92,92,92,92,92,92,92,92,92,0,0,0,0,92,92,92,92,92,92,92,0,92,0,92,92,92,92,92,92,92,92,92,0,0,0,92,92,92,92,92,0,0,92,92,0,0,92,92,0,0,0,92,92,92,92,92,92,92,92,92,92,92,92,92,92,92,92,92,92,92,0,92,92,92,0,0,0,92,92,92,92,92,92,92,0,0,0,92,92,92,92,92,92,92,92,92,92,92,92,92,92,92,92,92,92,0,92,92,92,92,92,92,92,92,0,92,92,92,0,92,92,92,92,0,0,0,92,0,0,0,0,92,92,92,92,0,0,0,92,92,92,92,92,92,0,0,92,92,0,92,92,92,92,92,92,92,92,92,92,92,92,0,0,0,92,92,92,0,0,0,0,0,0,1,1,1,1,1,1,97,97,1,1,1,1,1,1,1,1,1,1,1,0,0,0,0,0,0,0,0,0,0,0,0,0,0,0,0,0,0,0,0,92,92,0,92,92,0,0,0,0,92,92,92,0,92,92,92,92,92,92,92,92,92,0,0,92,92,92,92,92,0,0,92,92,92,92,92,92,92,92,92,92,92,92,92,92,92,92,0,0,0,92,92,92,92,92
0,0,0,0,92,0,0,92,92,92,92,0,92,92,92,92,0,92,92,92,92,92,92,92,92,92,92,92,92,92,92,92,0,0,0,92,92,0,92,92,92,92,92,92,92,92,92,92,0,0,0,92,92,92,92,92,92,92,92,92,92,92,92,92,92,92,92,92,92,92,92,92,92,92,92,92,92,92,92,92,92,92,92,0,92,92,92,92,92,92,92,92,92,92,92,92,0,92,0,0,0,0,0,0,0,0,0,0,92,92,92,92,92,92,92,92,92,92,92,92,92,92,92,0,0,92,92,92,92,92,92,0,0,92,92,92,92,0,0,0,0,0,0,0,0,92,92,92,95,95,0,0,0,92,92,92,92,92,92,92,92,0,0,0,1,1,1,1,1,1,1,1,1,1,1,1,1,1,1,1,1,3,3,3,3,3,3,3,3,3,3,2,89,89,1,1,1,1,1,95,95,92,92,0,92,92,92,92,0,92,0,92,92,92,0,0,92,0,92,92,92,92,92,92,92,92,92,92,92,92,92,92,0,0,92,92,92,0,92,0,92,92,92,92,92,92,0,0,92,92,0,92,92,92,92,92,92,92,92,0,92,0,92,92,92,92,92,92,92,92,92,92,92,92,92,92,0,0,92,92,0,0,92,92,92,92,92,92,92,92,92,92,92,92,92,92,92,92,92,92,92,92,92,92,0,92,0,92,92,92,92,92,92,92,92,92,92,92,0,0,0,92,92,92,92,92,92,92,92,0,0,92,92,92,92,92,92,92,92,92,0,0,0,92,92,92,0,0,0,0,0,92,92,92,92,92,0,92,92,92,92,92,92,92,92,0,0,0,0,0,0,0,0,0,1,1,1,1,1,1,1,1,1,1,1,97,1,1,1,1,1,1,1,1,1,1,1,1,1,1,1,1,1,1,1,1,1,1,1,1,1,1,1,1,1,1,0,0,0,0,92,92,0,0,0,0,92,0,0,92,92,92,92,92,92,0,0,0,0,0,0,0,0,0,0,0,0,0,0,95,95,0,0,0,0,0,0,0,0,0,0,0,0,92,0,0,0,92,92,92,92,92
92,0,0,92,0,92,92,92,92,92,92,92,92,92,92,92,0,0,92,92,92,92,92,0,92,92,92,92,92,92,92,92,92,0,0,0,0,92,92,92,92,92,92,92,92,92,92,95,0,0,0,92,92,92,92,92,0,92,92,92,92,0,92,92,92,0,0,92,92,0,0,0,92,92,92,92,92,0,92,92,92,92,92,0,0,0,0,92,92,92,92,92,92,92,92,92,92,92,92,0,0,0,0,0,92,92,92,92,92,92,92,92,92,0,92,92,92,0,0,92,92,92,0,92,92,92,0,92,92,92,92,92,92,92,92,92,92,92,0,0,0,0,0,0,0,92,0,95,95,0,0,0,92,92,92,92,92,92,92,92,0,0,0,1,1,1,1,1,1,1,1,1,1,1,1,1,3,3,3,1,3,3,3,3,3,3,3,3,3,3,2,89,89,1,1,1,1,1,1,0,0,92,92,92,92,92,92,92,92,0,0,92,92,0,0,92,92,0,92,92,0,92,92,92,92,0,0,0,92,92,92,92,92,92,92,92,92,92,92,92,92,92,92,92,92,92,92,92,92,92,0,0,92,0,0,0,92,92,92,92,92,0,0,92,92,92,92,92,92,92,92,92,92,0,92,0,0,0,92,92,92,92,92,92,92,92,0,92,92,92,92,92,92,92,0,92,92,92,92,92,92,92,92,92,92,92,92,92,92,92,92,92,92,92,92,92,92,92,92,92,92,92,92,0,92,92,92,92,92,0,0,92,92,92,92,92,92,92,0,92,92,0,0,92,92,92,0,0,0,0,0,0,0,0,0,0,0,0,0,0,0,0,0,0,0,0,0,1,1,1,1,1,1,1,1,1,1,1,1,1,1,1,1,1,1,1,1,1,1,1,1,1,1,1,1,1,1,1,1,1,1,1,1,1,1,1,1,1,1,1,1,1,1,1,1,1,1,1,1,0,0,0,95,0,0,0,0,0,0,92,92,92,92,0,0,0,0,1,1,1,1,1,1,1,1,1,1,1,1,1,1,1,1,1,1,1,1,1,1,1,1,1,0,92,92,92,92,92,92,92,92,92
0,92,92,92,92,92,92,92,92,92,92,92,92,92,92,0,92,92,92,92,92,92,92,92,92,0,92,92,92,92,92,92,92,92,0,0,92,0,92,92,92,92,92,92,0,92,92,95,95,92,0,0,92,92,0,0,0,92,92,92,92,92,92,92,92,92,92,92,92,92,0,92,92,92,92,92,0,92,92,0,0,92,92,0,0,92,92,92,92,92,92,92,92,92,92,0,0,0,0,92,92,92,92,0,0,92,92,92,92,92,92,92,92,92,92,92,92,92,0,92,92,92,92,92,92,92,92,92,92,92,92,92,92,92,92,92,92,92,0,0,0,92,92,92,92,92,0,0,0,0,0,0,92,92,92,92,92,0,0,0,0,1,1,1,1,1,1,1,1,1,1,1,1,1,1,3,3,3,3,3,3,3,3,3,3,3,3,3,3,3,89,89,1,1,1,1,1,1,1,0,0,92,92,92,92,92,92,92,92,92,92,92,92,92,0,0,92,0,0,0,92,92,92,92,92,92,92,92,92,92,92,92,92,92,92,0,0,92,92,92,92,92,92,92,92,92,92,92,92,92,92,95,92,0,92,92,92,92,92,92,92,0,0,0,92,92,92,92,92,92,92,92,92,92,92,92,92,92,92,92,92,92,92,92,92,92,92,92,92,92,92,92,92,92,92,92,92,92,92,92,92,0,92,92,92,92,92,92,92,92,92,92,92,92,92,92,0,0,0,92,92,92,92,92,92,92,0,92,92,92,0,92,92,92,92,92,92,92,92,92,92,92,92,92,92,0,0,0,1,102,102,1,1,1,1,1,1,1,1,1,1,1,1,1,1,1,1,1,1,1,1,1,1,1,1,1,1,1,1,1,1,1,1,1,1,1,1,1,1,1,1,1,1,1,1,1,1,1,1,1,1,1,1,1,1,1,1,1,1,1,1,1,1,1,1,1,1,1,1,1,1,95,95,0,0,0,0,0,0,0,0,0,0,0,1,1,1,1,1,1,1,1,1,1,1,1,1,1,1,1,1,1,1,1,1,1,1,1,1,1,1,1,0,0,92,92,92,92,0,92,92,92
92,92,92,92,92,92,92,92,92,92,92,92,92,92,92,92,92,92,92,92,92,92,92,92,92,0,92,92,92,92,92,92,92,92,92,0,92,92,92,92,92,92,92,92,92,92,92,0,92,92,0,0,92,0,0,0,0,92,92,92,92,92,0,92,92,0,0,92,92,92,0,92,0,0,92,92,92,92,0,0,92,0,0,0,0,92,92,0,92,92,92,92,92,92,92,92,92,92,92,92,92,92,92,92,92,92,92,0,92,92,92,92,92,0,0,92,92,92,92,92,92,92,92,92,92,92,92,92,0,92,92,92,92,92,92,92,92,92,92,92,0,0,92,92,92,92,92,0,0,0,0,0,92,92,0,92,92,0,0,0,1,1,1,1,1,1,1,1,1,1,1,1,1,1,1,3,3,3,3,3,3,3,3,3,3,3,3,3,3,1,89,1,1,1,1,1,1,1,1,0,0,92,92,92,92,92,92,92,92,92,92,92,92,92,92,92,92,92,92,92,92,92,92,92,92,92,92,92,92,92,92,92,92,0,92,92,92,92,92,92,92,92,92,92,92,92,92,92,92,92,0,95,95,0,92,92,92,92,92,92,92,0,0,0,0,92,92,92,92,92,0,92,92,92,92,92,92,92,92,92,0,92,92,92,92,92,92,92,92,92,92,92,92,92,92,92,92,92,92,92,92,92,92,92,92,92,92,92,92,92,92,0,92,92,92,92,92,92,92,92,92,92,92,92,92,92,92,92,92,92,0,92,92,92,92,92,92,92,92,92,92,92,92,92,92,0,0,1,1,102,102,1,1,1,1,1,1,1,1,1,1,1,1,1,1,1,1,1,1,1,1,1,1,1,1,1,1,1,1,1,1,1,1,1,1,1,1,1,1,1,1,1,1,1,1,1,1,1,1,1,1,1,1,1,1,1,1,1,1,1,1,1,1,1,1,1,1,1,1,1,1,1,1,0,0,0,0,0,102,0,0,1,1,1,1,1,1,1,1,1,1,1,1,1,1,1,1,1,1,1,1,1,1,1,1,1,1,1,1,1,1,1,0,0,92,92,92,92,92,92,92,0
92,92,92,92,92,92,92,92,92,0,0,0,92,92,92,92,92,0,92,92,92,92,92,92,0,0,92,92,92,92,92,92,92,92,92,92,92,92,92,92,92,92,92,92,92,92,92,92,92,92,92,92,92,92,92,92,92,92,92,92,92,92,92,92,92,0,0,0,92,92,92,92,92,92,92,92,92,92,92,92,92,92,92,0,0,92,92,92,92,92,92,92,92,92,92,92,92,92,0,92,92,92,92,0,0,92,92,92,92,92,92,92,0,0,0,0,92,92,92,92,92,92,92,92,92,92,0,0,0,92,92,92,92,92,92,92,92,92,92,92,92,92,92,92,92,92,92,0,0,0,0,0,0,0,0,0,0,0,1,1,1,1,1,1,1,1,1,1,1,1,1,1,1,1,1,3,3,3,3,3,3,3,3,3,3,3,3,3,1,1,1,1,1,1,1,1,1,1,1,0,0,92,92,0,92,92,92,92,0,92,92,92,92,92,92,92,92,92,92,92,0,0,92,92,92,92,92,92,92,92,92,92,92,92,92,92,92,92,92,92,92,92,92,92,0,0,0,0,0,92,92,92,92,0,92,92,92,92,92,92,0,92,92,0,0,92,92,92,92,92,92,92,92,92,92,92,92,92,92,92,92,92,92,92,92,92,92,92,0,92,92,92,92,92,92,92,92,92,92,92,92,92,92,0,92,92,92,92,92,92,92,92,92,92,92,92,92,0,92,92,92,92,92,92,92,92,92,92,92,92,0,92,92,92,92,92,0,92,92,92,92,92,0,0,0,0,1,1,1,1,102,1,1,1,1,1,1,1,1,1,1,1,1,1,1,1,1,1,1,1,1,1,1,1,1,1,1,1,1,1,1,1,1,1,1,1,1,1,1,1,1,1,89,89,1,1,1,1,1,1,1,1,1,1,1,1,1,1,1,1,1,1,1,1,1,1,1,1,1,1,1,1,1,1,1,1,102,102,102,102,1,1,1,1,1,1,1,1,1,1,1,1,1,1,1,1,1,1,1,1,1,1,1,1,1,1,1,1,1,1,1,1,0,0,92,0,92,92,92,92,92,0
92,92,92,92,92,92,0,92,92,0,0,0,92,92,92,92,92,92,92,92,92,92,92,92,0,0,92,92,92,92,92,92,92,0,92,92,92,92,92,92,92,92,92,92,92,92,92,92,92,92,92,0,92,0,92,92,0,92,92,92,92,92,92,92,0,0,0,0,92,92,92,92,92,92,92,92,92,92,92,92,92,0,92,92,0,92,92,92,92,92,92,92,92,92,92,92,92,92,92,92,92,92,92,92,0,92,92,92,92,92,92,92,0,92,0,92,0,92,92,92,92,92,92,92,92,92,92,92,92,92,0,92,92,92,92,92,92,92,92,92,92,92,92,92,92,0,0,0,0,0,0,0,0,0,0,74,1,1,1,1,1,1,1,1,1,1,1,1,1,1,1,1,1,1,1,3,3,3,3,3,3,3,3,3,3,3,3,1,1,1,1,1,1,1,1,1,1,1,1,0,92,92,92,92,92,92,92,0,0,0,0,92,0,92,0,0,0,92,92,92,0,0,92,92,92,92,92,92,92,92,92,92,92,92,92,92,92,92,92,92,92,92,92,92,92,0,92,92,92,92,92,92,92,92,92,0,92,92,92,92,92,92,92,92,92,0,0,0,92,0,95,95,92,0,92,0,92,0,0,92,92,92,0,0,92,92,92,92,0,92,92,92,92,92,92,92,92,92,92,92,92,0,92,92,92,92,92,92,92,92,92,92,0,92,92,92,92,0,0,92,0,92,92,92,92,0,92,92,92,92,92,92,92,92,0,92,92,92,92,0,92,0,95,0,0,1,1,1,1,1,1,1,1,1,1,1,1,1,1,1,1,1,1,1,1,1,1,1,1,1,1,1,1,1,1,1,1,1,1,1,1,1,1,2,2,3,3,2,1,1,1,1,1,89,89,89,89,89,89,1,1,1,1,1,1,1,1,1,1,1,1,1,1,1,1,1,1,1,1,1,1,1,1,1,1,1,1,1,1,1,1,1,1,1,1,1,1,1,1,1,1,1,1,1,1,1,1,1,1,1,1,1,1,1,1,3,1,1,1,1,1,1,0,0,0,92,92,92,92,92,92,0
92,92,92,92,92,92,92,0,92,0,92,92,92,92,92,92,0,92,0,92,92,92,92,92,92,92,92,92,92,92,92,92,92,92,92,92,92,92,92,92,92,92,92,92,0,0,92,92,92,92,92,92,92,92,0,0,0,0,0,92,92,92,92,92,92,0,92,92,92,92,92,92,92,92,92,92,92,92,92,92,92,92,92,92,92,92,92,92,92,92,92,92,92,92,92,92,0,0,0,92,92,92,0,92,92,92,92,92,92,92,92,92,92,92,92,92,92,92,92,92,92,92,92,92,92,92,92,92,0,0,92,0,0,92,92,92,92,92,92,92,92,92,92,92,92,92,0,0,0,0,0,0,0,74,1,1,1,1,1,1,1,1,1,1,1,1,1,1,1,1,2,31,3,3,2,2,50,50,3,3,50,50,3,3,3,2,1,1,1,1,1,1,1,1,1,1,1,1,0,0,92,92,92,92,92,92,0,0,0,92,0,0,0,92,0,0,92,92,92,92,92,92,92,92,92,92,92,92,92,92,0,92,92,92,92,92,92,92,92,92,0,92,0,92,92,92,92,0,0,92,92,92,92,92,0,0,92,92,92,92,92,92,92,0,92,92,0,0,92,0,95,92,92,92,92,0,0,92,92,92,92,0,0,0,92,92,92,92,0,0,0,0,0,92,92,92,0,0,92,92,92,0,92,92,92,92,92,92,92,92,92,92,95,95,92,92,92,92,92,92,92,92,0,0,92,0,92,92,92,92,92,92,92,92,92,92,92,0,0,0,0,0,95,1,1,1,1,1,1,1,1,1,1,1,1,1,1,1,1,1,1,1,1,1,1,1,1,1,1,1,1,1,1,1,1,1,1,1,1,2,3,50,50,3,3,3,3,3,2,2,2,2,2,2,89,89,89,89,89,89,89,89,89,2,2,2,3,3,2,2,3,3,3,1,1,1,1,1,1,1,1,1,1,1,1,1,1,1,1,1,1,1,1,1,1,1,1,1,1,1,1,1,89,89,1,1,1,1,1,1,1,1,1,3,3,3,3,3,1,1,1,1,0,0,0,92,92,92,92,92,92,0
92,92,92,92,92,92,92,92,92,92,92,92,92,92,92,92,92,0,92,92,92,92,92,92,92,92,92,92,92,92,92,92,92,92,92,92,92,92,92,92,92,0,92,92,0,0,92,92,92,92,92,92,92,0,0,92,92,92,0,92,92,92,92,92,0,92,92,92,92,92,92,92,92,92,92,92,92,92,92,92,92,92,92,92,92,92,92,92,92,92,92,92,92,92,92,92,92,92,92,92,92,92,92,92,0,0,92,92,92,92,92,92,92,0,92,92,92,92,92,92,92,92,0,92,92,92,92,0,0,0,92,92,92,92,92,92,92,92,0,92,92,0,0,0,92,92,92,92,92,0,0,74,1,1,1,1,1,1,1,1,1,1,1,1,1,1,1,1,2,31,3,3,3,3,3,50,50,3,50,50,50,50,3,2,2,89,1,1,1,1,1,1,1,1,1,1,1,0,0,0,92,92,92,92,92,92,0,0,92,92,92,0,92,92,92,92,92,92,92,92,92,92,92,0,92,92,92,92,92,92,0,92,92,92,92,92,92,92,92,92,92,92,92,92,92,92,92,92,0,92,92,92,0,92,0,0,92,92,92,92,92,92,92,92,92,92,92,92,0,0,92,92,92,92,92,0,92,92,92,92,92,92,0,92,92,92,92,92,0,0,0,0,0,0,92,92,0,0,92,95,95,95,92,92,92,92,92,92,92,92,0,92,92,92,92,92,92,92,92,92,92,92,92,92,92,0,0,92,92,0,92,92,92,92,92,92,92,92,0,0,0,1,1,1,1,1,1,1,97,97,1,1,1,89,1,1,1,1,1,89,89,89,89,89,89,89,89,89,89,89,89,1,2,3,3,3,3,3,3,3,50,50,50,3,3,3,3,3,3,2,2,2,2,2,2,2,2,2,2,2,2,3,3,3,3,3,3,3,3,2,3,3,3,1,1,1,1,1,1,1,1,1,1,1,1,1,1,1,1,1,1,1,1,1,1,1,1,1,98,1,1,1,2,2,2,1,1,1,1,1,1,1,1,3,3,3,4,4,1,1,1,1,0,0,0,0,92,0,92,0,92,0
92,92,92,92,92,0,92,92,0,0,92,92,92,92,92,92,92,92,92,92,92,92,92,92,92,92,92,92,92,92,92,92,92,0,0,92,92,92,0,0,0,0,92,92,92,92,0,92,92,92,92,92,92,0,92,92,92,92,92,92,0,0,92,92,92,92,0,0,0,92,0,92,92,92,92,92,92,92,92,92,92,0,0,92,92,92,92,92,92,0,92,92,92,92,0,92,92,92,92,92,92,92,92,92,92,92,92,92,0,0,92,92,92,92,92,92,92,92,92,92,92,92,92,92,92,92,92,92,0,92,92,92,0,0,0,92,92,92,92,92,92,92,92,92,92,92,92,0,0,74,74,1,1,1,1,1,1,1,1,1,1,1,1,1,1,1,1,2,3,3,3,3,3,3,3,50,50,3,3,3,3,3,2,1,89,89,1,1,1,1,1,1,1,1,1,1,0,0,92,92,92,92,92,92,92,92,0,0,92,92,92,0,92,92,92,92,92,92,0,92,92,92,92,0,92,92,92,92,92,92,0,92,92,92,92,92,92,0,92,92,92,92,92,92,92,92,0,0,0,92,92,0,0,0,0,0,92,92,0,92,92,92,92,92,92,92,92,92,0,0,92,92,92,92,92,92,0,92,92,92,92,0,0,0,0,0,0,0,0,0,0,0,0,0,0,0,0,0,0,0,0,0,0,0,0,95,95,0,92,92,0,92,92,92,92,92,92,92,92,92,92,92,92,0,92,92,92,92,0,92,92,92,92,92,92,92,0,0,0,0,1,1,1,1,1,1,1,1,1,1,1,1,1,1,1,1,1,1,1,89,89,89,2,2,2,2,2,3,3,3,3,3,3,3,3,3,3,3,3,3,3,50,3,3,3,3,3,3,50,50,50,50,2,2,3,2,2,3,3,3,3,3,3,3,3,3,3,3,3,2,89,3,3,3,2,1,1,1,1,1,1,1,1,1,1,1,1,1,1,1,1,1,1,1,1,1,1,98,98,98,2,3,3,3,3,3,3,3,3,3,3,3,3,3,3,3,4,4,1,1,1,1,0,0,0,0,0,0,92,92,92,92
92,92,92,92,0,92,92,0,0,0,92,92,92,92,92,92,92,92,92,92,92,92,92,92,92,92,92,92,92,92,92,92,92,0,0,0,0,0,0,0,0,0,92,92,92,92,0,0,92,92,92,92,92,92,92,92,92,92,92,92,0,0,92,92,92,92,0,0,92,92,92,92,92,92,92,92,92,92,92,92,92,0,0,92,92,95,0,0,0,92,92,92,92,92,92,92,92,92,92,92,92,0,0,92,92,92,92,92,92,0,92,92,92,92,92,92,92,92,92,92,92,92,92,0,92,92,92,92,92,92,92,92,0,0,0,0,92,92,92,92,0,0,0,92,92,92,92,74,74,74,1,1,1,1,1,1,1,1,1,1,1,1,1,1,1,2,31,3,3,3,3,3,3,3,50,50,50,50,3,3,3,2,1,1,1,1,1,1,1,1,1,1,1,1,1,0,0,92,92,92,92,0,92,92,92,92,92,92,92,92,92,92,92,92,92,0,92,92,92,92,92,92,92,92,92,0,92,92,92,92,92,92,92,0,0,95,95,95,0,0,0,0,0,0,0,0,0,0,0,0,0,0,0,0,0,0,0,0,0,92,92,92,92,92,92,92,92,92,92,0,92,0,92,92,92,0,0,92,92,92,0,0,0,0,0,1,1,1,1,1,1,1,1,1,1,1,1,1,1,1,1,1,1,1,1,1,95,0,0,0,0,92,92,92,92,92,92,92,92,92,92,92,92,92,92,92,92,92,92,92,92,0,0,92,0,0,0,0,1,1,1,1,1,1,1,1,1,1,1,1,1,1,1,1,2,2,2,2,2,2,2,2,2,2,2,3,3,3,3,3,3,3,50,50,3,3,3,3,3,3,3,3,3,3,3,3,3,3,3,50,50,3,3,3,3,50,3,3,3,3,3,3,3,3,3,3,3,3,3,2,2,3,3,3,3,3,2,89,1,98,98,98,1,98,98,98,1,1,1,1,1,1,1,1,1,1,1,2,2,3,3,3,3,50,50,3,3,3,3,3,3,3,3,3,3,3,4,1,1,1,1,1,0,0,92,0,92,92,92,92,92,92
0,92,92,92,92,92,92,92,92,92,92,92,92,92,92,92,92,92,92,92,92,92,92,92,92,92,92,92,92,92,92,92,92,0,0,0,0,0,0,0,0,0,92,92,92,94,94,0,92,92,92,92,92,0,0,92,92,92,92,0,0,92,92,92,92,92,92,0,0,92,92,92,92,92,92,92,92,92,0,92,0,0,0,0,0,95,95,0,0,92,92,92,92,92,92,92,92,92,92,92,92,92,92,0,0,92,92,92,92,92,92,92,92,92,0,92,92,92,92,92,92,92,92,0,92,92,92,92,0,92,92,92,92,92,92,92,92,92,92,92,95,95,92,92,92,74,74,74,74,1,1,1,1,1,1,1,1,1,1,1,1,1,1,1,2,3,3,3,3,3,3,3,3,3,3,3,3,50,50,3,2,89,89,89,1,1,1,1,102,1,1,1,1,1,0,0,92,92,92,92,92,92,92,92,92,0,92,92,92,92,92,92,92,92,92,92,0,92,92,92,92,92,92,92,92,0,92,92,0,0,0,0,0,0,0,1,1,1,1,1,1,1,1,1,1,1,1,1,1,1,0,0,0,0,0,0,0,0,0,0,0,0,0,0,0,0,0,92,92,92,92,0,0,92,0,0,0,0,0,0,0,0,1,1,1,1,1,1,1,1,1,1,1,1,1,1,1,1,1,102,1,1,1,1,1,1,1,1,1,0,0,0,0,92,92,92,92,92,92,92,92,92,92,0,92,92,92,92,92,92,0,0,0,0,0,0,0,1,1,1,1,1,1,1,1,1,1,1,1,1,1,1,1,2,2,2,2,2,2,2,2,2,2,2,2,3,3,3,3,3,3,50,50,50,3,3,3,3,3,3,3,3,3,3,3,3,3,3,3,3,3,3,3,2,3,50,50,50,50,3,3,3,3,3,3,3,3,3,3,3,2,2,3,3,3,3,3,2,1,1,1,98,1,98,1,1,1,2,2,3,3,3,3,3,3,3,3,2,3,3,3,3,3,50,50,50,3,3,3,3,3,3,3,3,3,3,1,1,1,1,1,1,0,0,92,92,92,0,0,92,92,92
92,92,92,92,92,92,92,92,92,92,92,92,92,92,92,92,92,92,92,92,92,0,92,92,92,92,92,0,92,92,92,92,0,0,0,0,0,0,0,0,0,0,0,92,92,94,0,0,92,92,0,92,0,0,92,92,92,0,0,0,0,92,92,92,0,92,92,0,92,92,92,92,92,92,92,0,92,92,92,92,92,0,0,0,0,0,94,94,0,92,92,92,92,92,92,92,92,92,92,0,0,92,92,92,92,92,92,92,92,0,92,92,92,92,0,92,92,92,92,92,92,92,92,0,92,92,92,92,0,0,92,92,92,0,92,92,92,92,92,92,0,95,92,92,74,74,74,74,1,1,1,1,1,1,1,1,1,1,1,1,1,1,2,31,3,3,3,3,3,3,3,3,3,3,3,3,3,3,3,2,1,1,1,1,1,1,1,102,102,1,1,1,1,0,0,0,0,92,92,92,92,92,92,92,92,92,92,92,92,0,0,0,92,92,92,92,92,0,92,92,92,92,92,92,92,92,92,92,0,0,0,1,1,1,1,1,1,1,1,1,1,1,1,1,1,1,1,1,1,1,1,1,1,1,1,1,1,1,1,1,1,1,1,1,0,0,0,0,0,0,0,0,0,0,0,0,0,0,0,1,1,1,1,1,1,1,1,1,1,1,1,1,1,1,1,1,1,102,102,102,102,1,1,1,1,1,1,1,1,1,1,0,0,0,0,0,0,92,92,92,92,0,0,0,0,0,0,0,0,102,0,0,0,0,0,1,1,1,1,1,1,1,1,1,1,1,1,1,89,89,89,2,2,2,2,2,2,2,2,2,2,2,2,2,2,3,3,31,31,3,3,31,31,50,3,3,3,3,3,3,3,3,3,3,3,3,3,3,3,3,3,3,2,2,3,50,3,3,3,3,3,3,3,3,3,3,3,3,3,3,3,2,2,3,3,50,50,3,3,2,1,1,2,2,3,3,3,3,3,3,3,3,3,3,3,3,3,3,2,3,3,3,3,3,50,3,3,3,3,3,3,3,3,3,3,4,1,1,1,1,1,1,0,0,92,92,0,0,0,92,92,92
92,92,92,92,92,92,92,92,92,92,92,92,92,92,92,0,92,92,92,92,92,92,92,92,0,0,0,92,92,92,92,92,0,0,0,0,0,0,0,92,92,92,92,92,94,92,92,92,92,92,92,92,92,92,92,92,0,92,92,92,92,92,92,92,92,92,92,92,92,92,92,0,92,92,92,92,92,92,92,92,92,92,0,0,0,92,0,94,94,92,92,92,92,92,92,92,92,92,92,92,0,0,92,92,92,92,0,92,92,92,92,92,92,92,92,92,92,92,92,92,92,0,92,92,92,92,92,92,92,92,92,0,92,92,92,92,92,92,92,0,0,0,0,0,74,74,1,1,1,1,1,1,1,1,1,98,98,98,1,1,2,31,3,3,3,3,3,3,3,2,3,3,3,3,3,3,3,3,2,1,1,1,1,1,1,1,1,102,102,1,1,1,0,0,0,0,0,92,92,92,92,0,92,92,0,0,92,92,92,92,0,92,92,92,92,92,92,92,92,92,92,92,92,92,92,92,92,0,0,0,1,1,1,1,1,1,1,1,1,1,1,1,1,1,1,1,1,1,1,1,1,1,1,1,1,1,1,1,1,1,1,1,1,1,1,1,1,1,1,1,1,1,1,1,1,1,1,1,1,1,1,1,1,1,1,1,1,1,1,1,1,1,1,1,1,1,1,1,1,1,1,1,1,1,1,1,1,1,1,1,1,1,0,0,0,0,0,0,0,0,0,0,1,1,1,1,1,1,1,102,102,102,1,1,1,1,1,1,1,1,1,1,1,1,1,1,1,1,89,1,2,2,2,2,2,2,2,2,2,2,3,3,2,2,3,3,31,31,31,31,31,3,31,3,3,3,3,3,50,3,3,3,3,3,3,3,3,3,3,3,2,2,2,2,3,3,3,3,3,50,3,3,3,3,3,3,3,3,3,3,3,3,2,2,50,50,50,50,3,3,3,3,3,3,3,3,3,3,3,3,3,3,3,3,3,3,3,3,3,2,3,3,3,3,3,3,3,3,3,3,4,4,4,4,4,4,1,1,1,1,1,1,0,0,92,92,0,92,0,92,92,92
92,92,92,92,92,92,92,92,92,92,92,92,92,92,92,92,92,92,92,92,92,92,92,0,0,0,0,92,92,92,0,0,92,92,0,0,0,0,92,92,92,92,92,92,92,0,92,92,92,92,92,92,92,92,92,92,92,92,92,92,92,92,92,92,92,92,92,92,92,0,0,0,92,92,95,92,92,92,92,92,92,92,92,92,92,92,92,92,92,92,92,92,92,92,92,92,92,92,92,92,92,0,92,92,92,92,92,92,92,92,92,92,92,92,92,92,92,92,92,92,92,0,92,0,92,92,92,92,92,92,92,92,92,92,92,0,0,0,0,0,0,1,1,1,1,1,1,1,1,1,1,1,1,1,1,1,98,1,2,31,3,3,3,3,3,3,3,3,3,3,3,3,3,3,3,3,3,2,1,1,1,1,1,1,1,1,1,1,1,1,1,0,0,92,92,92,92,0,92,92,92,92,92,92,0,0,92,92,92,92,92,92,92,92,92,92,92,92,92,92,92,92,92,92,0,0,0,0,1,1,1,1,1,1,1,1,1,1,1,1,1,1,1,1,1,1,1,4,4,4,4,4,4,4,4,4,1,1,1,1,1,1,1,1,1,1,1,1,1,1,1,1,1,1,1,1,1,1,1,1,1,1,1,1,1,1,1,4,4,4,4,1,1,1,1,1,1,1,1,1,1,1,1,1,1,1,1,1,1,1,102,1,1,1,1,1,1,1,1,1,1,1,1,1,1,1,1,1,1,1,1,102,1,1,1,1,1,1,1,1,1,1,1,1,1,1,1,1,89,2,2,2,2,2,2,2,2,2,2,3,3,3,3,3,3,3,3,31,31,3,3,3,3,3,3,3,3,50,50,50,3,3,3,3,3,3,3,2,2,2,2,3,3,2,3,3,3,50,50,50,50,3,3,3,3,3,3,3,3,3,3,3,2,2,1,3,3,3,3,3,3,3,3,3,3,3,3,3,3,3,3,3,3,3,3,50,50,3,3,3,2,3,3,3,3,3,3,3,3,4,4,4,4,4,4,2,1,1,1,1,1,1,0,0,0,92,92,92,92,92,92,92
92,92,92,92,92,92,95,92,92,92,92,92,92,92,92,92,92,92,92,92,92,92,0,0,0,0,0,92,92,92,92,0,0,0,0,0,0,0,0,0,0,92,92,92,92,0,95,95,92,92,92,0,0,0,0,0,92,92,92,92,0,92,92,92,92,92,0,92,92,92,92,92,92,92,92,92,92,92,92,92,92,92,92,92,92,0,92,92,92,92,92,92,92,92,92,92,92,0,0,92,0,0,0,92,92,92,92,92,92,92,92,92,92,92,92,92,92,92,92,92,92,92,92,92,92,92,92,92,92,0,92,92,92,92,92,0,0,0,0,1,1,1,1,1,1,1,1,1,1,1,1,1,1,1,1,1,2,31,3,3,3,3,3,3,3,3,3,3,3,3,3,3,3,3,3,3,3,1,1,1,1,1,1,1,1,1,1,1,1,1,0,0,92,92,92,92,92,92,0,0,92,92,0,0,92,92,92,92,92,92,92,92,0,92,92,92,92,92,92,92,92,92,0,0,0,0,0,1,1,1,1,1,1,1,1,1,1,1,1,1,1,1,1,1,1,1,4,4,4,4,4,4,4,4,4,4,4,4,4,1,1,1,1,1,97,97,97,1,1,1,1,1,1,1,1,1,1,1,1,1,1,1,1,4,4,4,4,4,50,4,4,4,4,4,1,1,1,1,1,1,1,1,1,1,1,1,1,1,1,102,102,102,1,1,1,1,1,1,1,1,1,1,1,1,1,1,1,1,1,1,1,1,1,1,1,1,1,1,1,1,1,1,1,1,1,1,1,2,2,2,2,2,2,2,2,2,2,2,3,3,3,3,3,3,3,3,3,3,3,3,3,3,31,3,3,3,3,50,50,3,3,3,50,3,31,31,31,3,3,3,3,3,3,3,2,3,3,3,3,50,3,3,3,3,3,3,3,3,3,3,3,3,3,3,2,3,3,3,3,3,3,3,3,3,3,3,3,3,3,3,3,3,3,3,50,50,50,3,3,3,3,3,3,3,3,3,3,4,4,4,4,4,4,4,4,2,1,1,1,1,1,1,0,0,0,92,92,92,92,92,92,92
92,92,92,92,92,92,92,92,92,92,92,92,92,92,92,92,92,92,92,92,92,92,92,0,0,0,0,0,0,0,0,0,0,0,0,0,0,0,0,0,0,92,92,0,92,0,0,95,0,0,0,0,0,0,92,92,92,92,92,92,0,92,92,92,92,92,0,0,92,92,92,92,92,92,92,92,0,92,92,92,92,92,92,92,92,92,0,92,92,92,92,92,92,92,92,92,92,0,0,0,0,0,0,0,92,0,92,0,92,0,92,92,0,92,92,92,92,0,92,92,92,92,92,92,92,92,92,92,0,0,0,0,0,0,0,0,0,1,1,1,1,1,1,1,1,1,1,1,1,1,1,1,1,1,1,2,3,3,3,3,3,3,3,3,3,3,3,3,3,3,3,3,3,3,3,3,1,1,1,1,1,1,1,1,1,1,1,1,1,0,0,0,92,0,0,92,92,92,92,0,92,92,92,0,92,92,92,92,0,92,92,92,92,92,92,92,92,92,92,92,92,92,0,0,0,1,1,1,1,1,1,1,1,1,1,1,1,1,1,1,1,1,89,89,89,4,4,4,4,4,4,4,4,4,4,4,4,4,4,4,4,4,4,1,1,1,1,1,1,1,4,4,4,4,4,4,4,4,4,4,4,4,4,4,57,57,57,4,50,50,50,50,4,4,4,2,2,4,4,4,1,89,89,89,1,1,1,1,1,1,102,102,1,1,1,1,1,1,1,1,1,1,1,1,1,1,1,1,1,1,1,1,1,1,1,1,1,1,1,1,1,1,1,1,1,1,2,2,2,2,2,2,2,3,2,3,3,3,3,3,3,3,3,3,3,3,3,3,3,3,3,3,31,31,3,3,3,3,3,3,3,3,31,31,31,3,3,3,3,3,3,3,3,3,2,3,3,3,3,3,3,3,3,3,3,3,3,3,3,3,3,3,3,3,3,3,3,3,3,3,3,3,3,3,3,3,3,3,3,50,50,3,3,3,3,3,50,3,3,3,3,3,3,3,4,4,4,4,4,4,4,4,4,4,4,2,1,1,1,1,1,1,0,0,92,92,92,0,92,92,92,92
92,92,92,92,92,0,0,92,92,92,92,92,92,92,92,92,0,0,0,0,92,92,0,0,0,0,0,0,0,0,0,0,0,0,0,0,0,0,0,0,95,92,92,0,0,0,0,0,0,0,0,0,0,0,0,0,92,92,92,92,92,0,92,92,92,92,92,92,92,92,92,92,92,92,92,0,0,0,0,92,92,92,92,92,92,92,92,92,92,92,92,92,92,92,92,92,92,92,92,92,0,0,0,0,0,0,92,0,0,92,92,0,92,92,92,92,92,0,92,92,92,92,92,0,92,92,92,0,0,0,0,0,0,1,1,1,1,1,1,1,1,1,1,1,1,1,1,1,1,1,1,1,1,1,2,3,3,3,3,3,3,3,3,3,3,3,3,3,3,3,3,3,3,3,2,1,1,1,1,1,1,1,1,1,1,1,1,1,0,0,0,0,0,0,0,92,92,92,92,92,92,92,92,92,92,92,92,92,0,92,92,92,92,92,0,92,92,92,92,92,0,0,0,0,1,1,1,97,1,1,1,1,1,1,1,1,1,1,1,1,2,2,2,2,4,4,4,4,4,4,4,4,4,4,4,4,4,4,4,4,4,4,4,4,4,4,4,4,4,4,4,4,4,4,4,4,4,4,4,4,4,4,4,4,4,4,4,4,50,4,4,4,4,4,4,4,4,4,4,4,2,2,2,89,89,89,1,1,1,1,1,102,102,102,102,1,1,1,1,1,1,1,1,1,1,1,1,1,1,1,1,1,1,1,1,1,1,1,1,1,1,1,1,1,2,2,2,2,3,3,3,2,3,3,3,3,3,3,3,3,3,3,3,3,3,3,3,3,3,3,3,3,3,3,3,3,3,3,3,3,3,2,3,3,3,3,3,3,3,3,3,3,3,50,3,50,50,3,3,3,3,3,3,3,3,3,3,3,3,3,3,3,3,3,3,3,2,2,3,3,3,3,3,3,3,3,3,3,3,50,50,50,3,3,3,3,3,3,3,3,3,3,4,4,4,4,50,4,4,31,4,4,4,4,4,2,1,1,1,1,1,1,0,0,92,92,92,0,92,92,92,92
92,92,92,92,92,0,0,92,92,92,92,92,92,92,92,92,0,0,0,0,92,92,0,0,0,0,0,0,0,0,0,0,0,0,0,0,0,0,0,95,95,95,95,95,0,0,0,0,0,0,0,0,0,0,0,0,92,95,0,92,92,0,0,92,92,92,92,92,92,92,92,92,92,0,92,0,0,0,0,92,92,92,92,92,92,92,92,92,92,92,0,92,92,92,92,92,92,92,92,92,0,0,0,0,0,92,92,92,92,92,92,92,92,92,92,92,92,92,92,92,92,92,92,92,92,102,0,0,1,1,1,1,1,1,1,1,1,1,1,1,1,1,1,1,1,1,1,1,1,1,1,1,1,1,2,3,3,3,3,3,3,3,3,3,3,3,3,3,3,3,3,3,3,2,89,1,1,1,1,1,1,1,1,1,1,1,0,0,0,0,0,0,0,0,92,92,92,92,92,95,0,92,92,92,92,92,92,92,92,92,92,92,92,92,92,0,92,92,0,0,0,0,95,1,1,1,1,97,1,1,1,1,1,1,1,1,1,2,4,4,4,4,4,4,4,2,2,2,4,2,2,2,2,2,4,4,4,4,4,4,4,4,4,4,4,4,4,4,4,4,4,4,4,4,4,4,4,4,4,4,4,4,4,4,4,4,4,4,4,4,4,4,4,4,4,4,4,4,4,4,4,4,4,2,89,89,89,1,1,1,1,1,1,1,1,1,1,1,1,1,1,1,1,1,1,1,1,1,89,1,1,1,1,1,1,1,1,1,1,1,1,1,1,2,2,2,2,3,3,3,3,3,2,3,3,3,3,3,3,3,3,3,3,3,3,3,3,3,3,3,3,3,3,3,3,3,3,3,3,2,3,50,50,50,3,3,3,3,3,3,3,50,50,50,50,50,50,3,3,3,3,3,3,3,3,3,3,3,3,3,3,3,3,3,3,3,3,2,2,3,3,3,3,3,3,3,3,50,3,50,3,3,3,3,3,3,3,3,3,3,4,4,4,4,4,50,50,50,4,31,4,4,4,4,4,2,1,1,1,1,1,1,0,0,0,92,92,92,92,92,92,92
92,92,92,0,92,92,0,92,92,92,92,92,92,92,92,0,0,92,92,92,92,92,0,0,0,0,0,0,0,0,0,0,0,0,0,0,0,0,0,95,95,92,92,0,0,0,0,0,0,0,0,0,0,0,0,0,0,92,92,92,92,92,0,0,92,92,92,92,92,92,92,92,92,92,92,0,92,92,92,92,92,92,92,0,92,92,92,92,92,92,92,92,92,0,0,92,92,92,92,0,92,92,92,92,92,92,92,92,92,92,92,92,92,92,92,92,92,92,0,92,92,92,92,92,102,102,102,1,1,1,1,1,1,1,1,1,1,1,1,1,1,1,1,1,1,1,1,1,1,1,1,1,1,2,2,3,3,3,3,3,3,3,3,3,3,3,3,3,3,3,3,3,1,1,1,1,1,1,1,1,1,1,1,1,1,0,0,0,0,0,0,0,0,0,0,92,92,92,95,95,92,0,92,0,92,92,92,92,92,92,92,92,92,92,92,0,0,0,0,0,0,0,1,1,1,1,1,1,1,1,1,1,1,89,1,2,4,4,4,4,4,4,4,4,4,4,4,4,4,4,4,4,4,4,4,2,4,4,4,4,4,4,4,4,4,4,4,4,4,4,4,4,4,4,4,4,4,4,4,4,4,4,4,4,4,4,4,4,4,4,57,4,4,4,4,4,4,4,4,4,4,4,4,4,2,2,1,1,1,1,1,1,1,1,1,1,1,1,1,1,1,1,1,1,1,89,89,89,89,89,1,2,2,2,2,2,2,1,2,1,3,2,2,2,2,2,3,3,3,3,3,3,2,3,3,3,3,3,3,3,3,3,2,3,3,3,3,3,3,3,3,3,3,3,3,3,3,3,3,3,3,3,50,50,3,3,3,3,3,3,3,3,3,50,3,50,50,3,50,3,3,3,3,3,3,3,3,3,3,3,3,3,3,3,3,3,3,2,3,2,3,3,3,50,50,50,50,50,50,3,3,3,3,3,3,3,3,4,4,4,4,4,4,4,4,50,50,4,31,31,4,4,4,4,4,2,1,1,1,1,1,1,0,0,0,92,92,92,92,92,92,92
92,92,92,92,92,92,92,92,92,92,92,0,95,92,92,92,0,0,92,92,92,92,92,92,0,0,0,0,0,0,0,0,0,0,0,0,0,0,0,0,95,0,92,0,0,0,0,0,0,0,0,0,0,0,0,0,0,92,92,92,92,92,0,0,0,92,92,92,92,92,92,92,92,92,92,0,0,92,92,92,92,92,92,92,92,92,92,92,92,92,92,92,92,92,0,0,0,92,92,92,92,92,92,92,92,92,92,92,92,92,92,92,92,92,92,92,92,92,92,92,0,92,92,0,0,1,102,1,1,1,1,1,1,97,97,97,1,1,1,1,1,1,1,1,89,89,89,2,2,3,3,2,2,2,50,3,3,3,3,3,3,2,3,3,3,3,3,3,3,3,3,1,1,1,1,1,1,1,1,1,1,1,1,1,0,0,0,0,0,0,0,0,0,95,95,95,0,92,92,92,92,92,92,0,0,0,92,92,92,92,92,92,92,92,92,92,0,0,0,0,1,1,1,1,1,1,1,1,1,1,1,1,89,89,2,4,4,4,4,4,4,4,4,4,4,4,4,4,4,4,4,4,4,4,4,2,2,4,4,4,4,4,4,4,4,4,4,4,4,4,4,4,4,4,4,4,4,4,4,4,4,4,4,4,4,2,2,2,4,4,57,57,4,4,4,4,4,4,4,4,4,4,4,4,4,2,2,89,89,4,1,1,1,1,1,1,1,1,1,1,1,2,2,2,2,3,3,2,2,2,2,2,2,2,2,2,2,2,2,3,3,3,2,2,2,2,3,3,3,3,3,3,2,2,3,3,3,3,3,3,3,3,3,3,3,3,3,3,3,3,3,3,3,3,3,3,3,3,3,3,3,31,31,50,3,3,3,3,3,3,3,3,3,3,3,3,3,3,50,3,3,3,3,3,3,3,3,3,3,3,50,50,3,3,3,3,2,3,3,3,31,3,3,50,50,50,3,50,3,3,50,50,3,4,4,4,4,4,4,4,4,4,4,4,4,4,4,4,31,31,4,4,4,4,4,89,1,1,1,1,1,1,0,0,92,92,92,92,92,92,92,92
92,92,92,92,92,92,92,92,92,92,92,92,92,92,92,92,0,0,92,92,92,92,92,0,0,0,0,0,0,0,0,0,0,0,0,0,0,0,0,0,0,0,0,0,0,0,0,0,0,0,0,0,0,0,0,0,0,92,92,92,92,92,0,0,0,0,92,92,92,0,92,92,92,0,0,92,92,92,92,92,92,92,92,0,92,92,0,0,92,92,92,92,92,92,0,0,0,0,0,92,92,92,92,92,92,92,92,92,92,92,92,92,0,0,92,0,92,92,92,0,0,0,0,0,1,1,1,1,1,1,1,1,1,1,1,1,1,1,1,1,1,1,89,89,89,89,2,3,3,3,3,3,50,50,50,50,3,3,3,3,3,3,3,3,3,3,3,3,3,3,1,1,1,1,1,1,1,1,1,1,1,1,1,0,0,0,0,0,92,92,92,92,92,0,0,0,92,92,92,92,92,92,0,0,0,0,0,92,92,92,92,92,92,92,92,92,0,0,0,1,1,1,1,1,1,1,1,1,1,1,89,89,2,4,4,4,4,4,4,4,4,4,4,4,4,4,4,4,4,4,4,4,4,4,4,2,2,4,4,4,4,4,4,4,4,4,4,4,4,4,4,4,4,4,4,2,4,2,2,2,2,2,2,2,2,2,2,2,2,4,4,4,4,4,4,4,4,4,4,4,50,4,4,4,4,4,2,2,4,4,4,89,89,89,2,2,2,3,3,2,2,2,2,2,3,3,3,3,3,2,2,2,2,2,3,50,50,50,3,3,3,2,3,3,3,3,3,3,3,3,50,2,3,2,3,50,3,3,3,3,3,3,3,3,3,3,3,3,3,3,3,3,3,3,3,3,3,3,2,2,3,31,3,3,3,3,3,3,3,3,3,3,3,3,3,3,3,3,50,3,3,3,3,3,3,3,3,3,3,50,50,50,50,3,3,2,3,3,3,3,31,31,50,50,50,50,3,3,3,50,50,50,4,4,4,4,4,4,4,4,4,4,4,4,4,4,4,4,4,31,4,4,4,4,4,89,1,1,1,1,1,0,0,0,92,92,92,92,92,92,92,92
92,92,92,92,92,92,92,92,92,92,92,92,92,92,92,92,92,92,92,92,92,92,92,0,0,0,0,0,0,0,0,0,0,0,0,0,0,0,0,0,0,0,0,0,0,0,0,0,0,0,0,0,0,0,0,0,0,92,92,92,92,92,92,92,0,0,92,92,92,0,0,0,0,92,92,92,92,92,0,0,92,92,92,95,95,95,92,92,92,92,92,92,0,92,0,0,0,0,0,0,0,92,92,92,92,92,92,92,92,92,92,92,92,0,92,92,0,92,92,0,0,0,0,1,1,1,1,1,1,1,1,1,1,1,1,1,1,1,1,1,1,89,89,89,2,2,3,3,3,3,3,3,3,50,3,3,3,3,3,3,3,3,3,3,3,3,3,3,2,89,89,1,1,1,1,1,1,1,1,1,1,1,0,0,0,92,92,92,92,92,92,92,92,0,92,92,0,92,92,92,92,92,92,92,0,0,0,0,92,92,92,0,92,92,92,0,0,1,1,1,1,1,1,1,1,1,1,1,1,1,1,4,4,4,4,4,57,4,4,4,4,4,4,4,4,4,4,4,4,4,4,4,4,4,4,2,2,4,4,4,4,4,4,4,4,4,4,4,4,4,4,4,4,4,4,4,4,4,2,2,2,2,2,2,2,2,4,2,2,4,4,4,4,4,4,4,4,4,50,50,50,50,4,4,4,4,2,4,4,4,1,2,2,2,2,39,3,31,31,31,3,3,3,3,3,3,2,3,3,3,2,2,3,3,3,50,50,2,3,3,3,3,3,3,3,3,3,3,3,3,3,3,3,3,3,50,50,50,3,3,3,3,3,3,3,3,3,3,3,50,50,50,3,3,3,3,3,3,3,3,3,3,3,3,3,3,3,3,3,3,3,3,3,3,3,3,3,3,50,50,3,3,3,3,3,3,3,3,3,3,3,3,3,31,31,3,3,3,3,3,3,31,31,31,31,31,4,4,4,4,50,4,4,4,4,4,4,4,4,4,4,4,4,4,4,4,4,4,4,31,4,4,4,4,2,98,98,1,1,1,1,0,0,92,92,92,92,92,0,92,92,92
92,92,92,92,92,92,92,92,0,92,92,92,92,92,0,0,0,92,92,92,92,92,92,92,0,0,0,0,0,0,0,0,0,0,0,0,0,0,0,0,0,0,0,0,0,0,0,0,0,0,0,0,0,0,0,0,0,92,92,92,92,92,92,92,0,0,0,92,92,0,0,0,92,92,92,92,92,92,92,92,92,92,92,0,0,92,92,92,92,92,92,92,92,92,92,0,94,0,0,0,92,92,92,92,92,92,92,92,0,0,92,92,92,92,92,92,0,0,0,0,0,1,1,1,1,1,1,1,1,1,1,1,1,1,89,89,1,1,1,1,2,2,2,2,2,3,3,3,3,3,3,3,3,3,3,3,3,3,3,3,3,3,3,3,3,3,3,2,1,89,1,1,1,1,1,1,1,1,1,1,1,0,0,0,92,0,92,92,92,92,92,92,92,92,92,92,92,0,92,0,92,92,92,92,0,0,92,92,92,92,92,0,0,92,0,0,1,1,1,1,1,1,1,1,1,1,1,1,1,2,4,4,4,4,4,57,57,4,4,4,4,4,4,4,4,4,4,4,4,4,4,4,4,4,2,2,4,4,4,4,4,4,4,4,4,4,4,4,5,5,5,5,5,5,5,5,5,5,2,2,2,2,2,4,4,4,4,4,4,4,4,4,4,4,4,4,4,4,4,4,50,4,4,4,4,4,4,4,4,2,4,39,2,39,39,39,39,39,39,31,3,3,3,3,3,3,2,3,3,3,2,3,3,3,3,50,3,3,3,3,3,3,3,3,3,3,3,3,3,3,3,3,3,2,2,50,50,2,2,2,3,3,3,3,3,3,3,3,3,3,50,50,3,3,3,3,3,3,2,3,3,2,2,3,3,3,3,3,3,3,3,3,3,3,3,3,3,3,50,50,3,3,3,3,3,3,3,3,3,3,3,50,3,3,31,31,3,3,3,3,4,4,31,31,31,31,4,4,4,4,50,4,4,4,4,4,4,4,4,4,4,4,4,4,4,4,4,4,4,31,4,4,4,2,1,1,98,1,1,1,1,0,95,92,92,92,92,92,0,0,0,0
92,92,92,92,92,0,0,0,0,0,0,92,92,92,92,92,0,92,92,92,92,92,92,92,0,0,0,0,0,0,0,0,0,0,0,0,0,0,0,0,0,0,0,0,0,0,0,0,0,0,0,0,0,0,0,0,0,0,92,92,92,92,92,92,92,92,92,92,92,0,92,0,92,92,92,92,92,92,92,92,92,92,92,0,0,92,92,92,92,92,92,92,92,92,92,0,94,94,94,0,0,92,92,92,92,92,92,92,92,0,92,92,92,92,92,92,0,0,0,1,1,1,1,1,1,1,1,1,1,1,1,1,89,1,89,89,2,2,2,2,2,2,2,3,3,3,3,3,50,3,3,3,3,3,3,3,3,3,3,3,3,3,3,4,3,2,1,1,1,1,1,1,1,1,1,1,1,1,1,0,0,0,92,92,92,92,92,92,92,92,92,92,92,92,0,0,0,0,92,92,92,92,92,92,92,92,92,92,92,92,92,0,0,0,0,1,1,1,1,1,1,1,1,1,1,1,1,1,2,2,2,4,4,4,4,4,4,4,4,4,4,4,4,4,4,4,4,4,5,5,5,5,5,5,2,2,5,5,5,5,5,56,56,5,5,5,5,5,5,5,5,5,5,5,5,5,2,2,2,2,2,2,5,4,4,4,4,4,4,4,4,4,4,4,4,4,4,4,4,4,4,4,4,4,4,4,2,4,4,4,39,39,39,39,39,39,39,39,39,39,39,39,3,3,3,3,3,3,3,3,3,3,3,3,3,3,3,3,3,3,3,3,3,3,3,3,3,3,3,3,3,3,3,3,2,2,2,2,2,3,3,3,3,3,3,3,3,3,3,3,50,3,3,3,3,3,3,3,3,3,3,2,3,2,3,3,3,3,3,3,3,3,3,3,3,3,3,3,50,50,50,3,3,3,3,3,3,3,3,50,50,50,50,3,4,31,31,4,4,50,4,4,4,4,4,31,4,4,4,4,4,4,4,4,4,4,4,4,4,4,4,4,4,4,4,4,4,4,4,31,31,4,2,2,1,1,98,1,1,1,1,95,95,92,92,92,92,0,0,0,0,92
0,92,92,92,92,92,0,0,0,0,0,0,0,92,92,92,0,92,92,92,92,92,92,92,0,0,0,0,0,0,0,0,0,0,0,0,0,0,0,92,92,92,92,92,0,0,0,0,0,0,0,0,0,0,0,0,0,0,92,92,92,92,92,92,92,92,0,92,92,92,92,92,92,92,92,92,92,92,92,92,92,92,0,0,0,92,92,92,92,92,92,92,92,92,92,92,0,0,0,0,0,0,0,0,92,92,92,92,92,0,92,0,92,92,92,0,0,0,1,1,1,1,1,1,1,1,1,1,1,1,1,89,89,89,2,3,3,2,2,2,3,3,3,3,3,3,50,50,50,50,3,3,3,3,3,3,3,3,3,3,3,3,4,2,2,1,1,1,1,1,1,1,1,1,1,1,1,1,0,0,0,92,92,92,92,92,92,92,92,92,0,92,92,92,92,92,92,92,92,92,92,0,92,92,92,92,92,92,92,92,92,92,0,0,1,1,1,1,1,1,1,1,1,1,1,1,1,1,2,2,2,2,4,4,4,4,4,4,4,4,4,4,4,4,4,4,4,4,4,4,4,4,4,4,4,5,5,5,5,5,5,5,56,5,5,5,5,5,5,5,5,5,5,5,5,5,5,5,5,5,5,5,5,5,5,5,4,4,4,4,4,4,4,4,4,4,4,4,4,4,4,4,4,4,4,4,2,4,4,39,39,39,39,39,39,39,39,39,39,39,39,39,39,39,4,3,3,3,3,3,3,3,3,3,3,3,3,3,3,3,3,3,3,3,3,3,3,3,3,3,3,3,3,3,2,2,3,3,3,3,3,3,3,3,3,3,3,3,3,3,3,3,3,3,3,3,3,3,3,3,3,3,3,3,2,2,2,2,2,2,2,2,3,3,3,3,3,3,3,50,50,3,50,50,50,50,4,4,4,4,4,50,4,4,4,4,31,4,50,50,50,50,4,4,4,4,4,4,4,4,4,4,4,4,4,4,4,4,4,4,4,4,4,4,4,4,2,4,4,4,4,4,4,2,1,1,1,1,1,1,1,0,0,92,92,92,92,92,92,0,0,0
92,92,0,92,92,92,92,92,92,0,0,0,0,92,92,92,0,0,92,92,92,92,92,92,0,0,0,0,0,0,0,0,0,0,0,0,92,92,92,92,92,92,92,92,0,0,0,0,0,0,0,0,0,0,0,0,0,92,92,92,92,92,92,92,92,92,92,92,92,92,92,92,92,92,92,92,92,92,92,92,92,92,0,0,0,92,92,92,92,0,0,92,92,92,92,92,92,0,0,0,0,0,0,0,92,92,92,92,92,92,92,0,92,92,0,0,1,1,1,1,1,1,1,1,1,1,1,1,1,1,89,89,2,2,3,3,3,3,3,3,3,3,3,3,3,3,3,3,50,3,3,3,3,3,3,3,3,3,3,3,4,4,4,2,2,1,1,1,1,1,1,1,1,1,1,1,1,0,0,92,0,92,92,92,92,92,92,92,92,0,0,0,92,92,92,92,92,92,92,92,92,92,92,92,92,92,92,92,92,92,92,0,0,1,1,1,1,1,1,1,1,1,1,1,1,1,1,5,5,4,4,2,2,4,5,4,4,4,4,4,4,4,4,4,4,4,4,4,4,4,2,4,4,4,4,4,4,4,4,5,5,5,56,56,5,5,5,5,5,5,5,5,5,5,31,31,5,5,5,5,5,5,5,5,5,5,5,5,4,4,4,4,4,4,4,4,4,4,4,4,4,4,4,4,4,4,2,4,39,39,2,39,39,39,39,39,39,39,39,39,39,39,39,4,4,4,4,4,4,3,3,3,3,3,3,3,3,3,3,3,3,3,3,3,3,3,3,3,3,3,3,3,3,3,2,3,3,3,3,3,50,50,3,3,3,3,3,3,3,3,3,50,3,3,3,3,3,3,3,3,3,3,3,2,2,2,2,2,2,2,2,2,2,2,2,2,2,4,4,4,4,4,4,50,50,4,4,4,4,4,4,4,4,4,4,4,4,4,4,4,50,4,4,4,4,4,4,4,4,4,4,4,4,57,57,4,4,4,4,4,4,4,4,4,4,4,2,2,4,2,2,4,4,2,1,1,1,1,1,1,1,0,0,0,92,92,92,92,0,0,0,0
92,92,0,92,0,0,92,92,92,92,92,0,0,92,92,92,0,0,92,0,0,92,92,92,0,0,0,0,0,0,0,0,0,0,0,92,92,92,92,92,92,0,92,0,0,0,0,0,0,0,0,0,0,0,0,0,0,92,92,92,92,92,92,92,0,92,92,92,92,92,92,92,92,92,92,92,92,92,92,92,92,92,92,92,92,92,92,92,92,0,0,92,92,92,92,92,92,92,0,0,0,0,0,0,0,0,92,92,92,92,92,0,0,0,0,1,1,1,1,1,1,1,1,1,1,1,98,1,1,1,1,2,2,2,3,3,3,3,3,3,3,3,3,3,3,3,3,3,3,3,3,3,3,3,3,3,3,4,4,57,57,57,2,1,1,1,1,1,1,1,1,1,1,1,1,1,0,0,92,92,92,92,92,92,92,92,92,92,92,92,92,92,0,92,92,92,92,92,92,92,92,92,92,92,92,0,92,92,92,92,0,0,1,1,1,1,1,1,1,1,1,1,1,1,1,84,84,5,5,5,5,5,5,4,4,4,4,4,4,4,4,4,4,4,2,2,2,2,2,2,4,2,2,2,4,4,4,4,4,4,4,4,4,5,5,5,5,5,5,5,5,4,5,5,31,31,5,5,5,5,5,5,5,5,5,5,5,84,84,5,5,4,4,4,4,4,4,4,4,4,4,2,4,4,4,2,2,39,39,39,2,39,39,39,39,39,39,39,39,39,39,39,4,4,4,4,4,4,4,50,4,4,4,4,3,3,3,3,3,3,3,3,3,3,3,3,3,3,3,3,3,3,3,3,3,2,3,3,3,50,50,50,3,3,3,3,3,3,3,50,50,50,3,3,3,3,3,3,3,3,3,3,2,3,3,2,2,2,3,2,2,2,2,2,2,2,2,2,2,2,2,2,2,2,4,4,4,4,4,4,4,4,4,4,4,4,4,4,4,4,4,4,4,4,4,4,4,4,4,4,4,4,4,4,57,4,4,4,4,57,4,4,4,4,4,4,4,4,4,4,4,4,4,4,89,1,1,1,1,1,1,0,0,0,0,92,0,0,0,0,0,0
0,0,92,92,92,0,92,92,92,92,92,0,92,92,92,92,92,0,92,0,0,0,0,92,0,0,0,0,0,0,0,0,0,0,92,92,92,92,92,92,92,92,92,92,0,0,0,0,0,0,0,0,0,0,0,0,0,92,92,92,92,92,92,0,0,92,92,92,92,92,92,92,92,92,92,92,92,92,92,0,92,92,92,92,92,92,92,92,0,0,0,92,92,92,92,92,92,92,92,0,0,0,0,0,0,0,92,92,92,92,92,0,0,0,1,1,1,1,1,1,1,1,1,1,1,98,98,98,98,1,2,2,2,2,3,3,3,3,3,3,50,50,3,3,3,3,3,3,3,3,3,3,3,4,4,4,4,50,50,4,4,2,1,1,1,1,1,1,1,1,1,1,1,1,1,0,0,0,92,92,92,92,92,92,92,92,92,92,92,92,92,92,0,0,92,92,92,0,92,92,92,92,92,92,92,0,92,92,92,0,0,1,1,1,1,1,1,1,1,1,1,1,89,89,2,5,5,5,5,5,5,5,4,4,4,4,4,4,4,4,4,4,4,4,4,4,4,4,4,4,4,4,4,4,2,4,4,4,4,4,4,4,4,4,4,4,4,4,4,4,4,4,4,2,5,5,5,5,5,5,5,5,5,5,5,5,5,5,5,4,4,4,4,4,4,4,4,4,4,2,2,2,2,2,2,2,4,39,39,39,2,39,39,39,4,4,4,4,4,2,4,4,4,4,4,4,4,4,50,50,50,4,4,4,4,4,4,4,4,3,3,3,3,3,3,3,3,3,3,3,3,3,3,3,3,2,3,3,3,3,3,50,3,3,3,3,3,3,3,3,50,50,3,3,3,3,3,3,3,3,3,2,3,4,4,4,2,4,4,4,4,4,4,4,4,4,4,4,4,4,4,4,4,4,4,4,4,4,4,4,4,4,4,4,4,4,4,4,4,4,4,4,4,4,4,4,4,4,4,4,4,4,4,4,4,4,4,4,4,57,57,4,4,4,4,4,4,4,4,4,4,4,4,5,89,1,1,1,1,1,1,0,92,92,92,92,0,92,0,0,0,0
0,0,0,0,92,92,92,0,92,92,92,92,92,92,92,92,0,0,92,0,0,92,92,92,0,0,0,0,0,0,0,0,0,0,92,92,92,92,92,92,92,92,92,0,0,0,0,0,0,0,0,0,0,0,0,0,92,92,92,92,92,92,92,92,92,92,92,92,92,92,92,92,92,92,92,92,92,92,92,92,92,92,92,92,92,92,0,92,92,0,0,0,92,92,92,92,92,92,92,92,0,0,0,0,0,0,92,92,92,0,0,0,1,1,1,1,1,1,1,1,1,1,1,1,1,1,98,98,98,2,2,2,2,2,2,3,3,3,3,3,50,50,3,3,3,3,3,3,3,4,4,4,57,4,4,4,4,50,50,50,1,1,1,1,1,1,1,1,1,1,1,1,1,1,0,0,92,92,92,92,92,92,92,92,92,92,92,92,92,92,92,0,0,92,92,92,92,92,92,92,92,92,92,92,92,92,92,92,92,0,0,1,1,1,1,1,1,1,1,1,1,1,2,2,5,5,5,5,5,2,5,4,4,4,4,4,4,4,4,4,4,4,4,4,4,4,4,4,4,4,4,4,4,4,2,2,2,4,2,4,4,4,4,4,4,4,4,4,4,4,4,4,4,4,5,5,5,5,5,5,5,5,5,5,5,5,5,5,4,4,4,4,4,4,4,4,4,4,2,2,2,2,4,4,4,4,4,4,4,4,2,4,39,4,4,4,4,4,4,4,4,4,4,4,4,4,4,4,4,50,50,50,50,50,4,4,4,4,4,4,4,4,4,4,4,4,31,3,3,3,3,3,2,3,3,3,3,3,3,3,3,3,3,3,3,3,3,3,3,3,3,3,3,3,3,3,4,4,4,4,2,4,4,4,4,4,4,2,4,4,4,4,4,4,4,4,4,4,4,4,4,50,50,4,50,50,4,4,4,4,4,4,4,4,4,4,4,4,4,4,4,4,4,4,4,4,4,4,4,4,4,4,4,4,4,4,4,4,4,4,4,4,4,4,4,4,4,4,4,5,5,5,2,2,89,1,1,1,1,1,1,0,92,92,92,92,92,92,0,0,0,0
0,92,0,0,92,92,92,0,92,92,92,92,92,92,0,0,92,0,92,92,92,92,92,92,0,0,0,0,0,0,0,0,0,0,92,92,92,92,92,92,92,92,0,0,0,0,0,0,0,0,0,0,0,0,0,0,92,92,92,0,92,92,92,92,92,0,92,92,92,92,0,92,92,92,92,92,92,92,92,92,92,92,92,92,0,0,0,92,92,92,0,0,92,92,92,92,92,92,92,92,92,0,94,0,0,92,92,92,0,0,0,1,1,1,1,1,1,1,1,1,1,1,1,1,1,1,2,2,2,2,2,2,2,2,2,3,3,3,3,3,50,50,3,3,3,3,4,4,4,4,4,4,57,4,4,4,4,50,4,1,1,1,1,1,1,1,1,1,1,1,1,1,0,0,0,92,92,92,92,92,92,92,92,0,92,92,92,92,92,92,92,0,92,92,92,92,92,92,92,92,92,92,92,92,92,92,92,0,0,0,1,1,1,1,1,1,1,1,1,1,1,2,5,5,5,5,5,5,5,5,2,4,4,4,4,4,4,4,4,4,4,4,4,4,4,4,4,4,4,4,2,4,4,4,4,4,2,4,4,4,4,4,4,4,4,4,4,4,4,4,2,4,4,4,4,5,5,5,5,5,5,5,5,5,5,4,4,4,4,4,4,4,4,2,2,2,2,2,2,4,4,4,4,4,4,4,4,4,4,4,2,4,4,4,4,4,4,4,4,4,4,4,4,4,4,4,4,4,4,50,4,50,57,4,4,4,4,4,4,4,4,4,4,31,31,31,31,31,31,31,31,31,4,4,4,4,31,4,4,4,4,4,4,4,4,4,4,4,4,4,4,4,4,4,4,4,4,4,31,31,4,4,4,4,4,4,4,4,31,31,31,4,4,4,4,4,4,4,4,4,4,50,50,50,4,4,4,4,4,4,4,4,4,4,4,4,4,4,4,4,4,4,4,4,4,4,4,4,4,4,4,4,4,4,4,4,4,4,4,4,4,4,4,4,4,4,4,4,5,5,5,5,2,2,1,1,1,1,1,1,0,0,92,92,92,92,92,0,0,0,0,92
0,92,92,92,92,92,92,92,92,92,92,92,92,92,0,0,0,0,92,92,0,92,92,92,0,0,0,0,0,0,0,0,0,0,92,92,92,92,92,0,92,92,0,0,0,0,0,0,0,0,0,0,0,0,0,92,92,92,92,92,92,92,92,92,92,92,92,92,92,92,0,0,92,92,92,92,92,92,92,92,92,0,92,92,0,92,92,92,92,92,92,92,92,92,92,92,92,92,92,92,92,94,94,94,0,0,92,0,0,1,1,1,1,1,1,1,1,1,1,1,1,1,89,1,2,2,3,3,3,3,2,3,3,3,3,3,3,3,3,3,3,50,50,4,4,4,50,4,4,4,4,4,4,4,4,4,4,4,2,1,1,1,1,1,1,1,1,1,1,1,1,0,0,0,92,92,92,92,92,92,92,92,0,92,92,92,92,92,92,92,92,92,92,92,92,92,0,92,92,92,92,92,0,92,92,0,0,0,0,1,1,1,1,1,1,1,1,1,1,1,2,5,5,5,5,5,5,5,5,4,2,4,4,4,4,4,4,4,4,4,4,4,4,4,4,4,4,4,4,4,4,4,4,4,4,4,4,2,4,2,2,4,4,4,4,4,4,4,4,4,4,4,2,4,4,4,5,5,5,5,5,5,5,4,4,4,4,4,4,4,4,4,4,4,4,4,4,4,4,4,4,4,4,4,4,4,4,4,4,4,2,2,4,4,4,4,4,4,4,4,4,4,4,4,4,4,4,4,4,4,4,50,57,57,4,4,4,4,4,4,4,31,31,31,31,31,31,4,4,4,4,4,4,4,4,31,31,31,31,4,4,4,4,4,4,4,4,4,4,4,4,4,4,4,4,4,4,4,31,4,4,4,50,50,57,57,57,4,4,31,31,31,31,31,4,4,4,4,4,4,4,4,4,50,4,4,4,4,4,4,4,4,57,57,57,4,4,4,4,4,4,4,4,4,4,4,4,4,4,4,4,4,4,4,4,4,4,4,4,4,4,4,4,4,4,4,4,4,5,5,5,5,2,2,1,1,1,1,1,1,0,0,92,92,92,0,0,0,0,0,0,92
92,92,92,92,92,92,92,92,92,92,92,0,92,92,92,0,0,0,0,0,92,92,92,92,0,0,0,0,0,0,0,0,0,0,92,92,92,92,92,92,92,92,0,0,0,0,0,0,0,0,0,0,0,0,0,92,92,92,92,92,0,92,92,92,92,92,92,0,0,92,92,92,0,92,92,92,92,92,92,92,92,92,92,92,0,0,92,92,92,92,92,92,92,92,92,0,0,92,92,92,92,0,0,0,0,0,0,0,1,1,1,1,1,1,1,1,1,1,1,1,89,89,89,2,3,3,3,3,3,3,3,4,4,4,4,4,57,4,57,4,4,50,50,4,50,50,50,50,4,4,4,4,4,4,4,4,4,2,1,1,1,1,1,1,1,1,1,1,1,1,0,0,92,92,0,92,92,92,92,92,0,0,0,0,0,92,92,92,92,92,0,0,92,92,92,92,0,0,92,92,92,0,92,92,92,0,0,1,1,1,1,1,1,1,1,1,1,1,1,2,5,5,5,5,5,5,5,5,4,4,57,57,57,4,4,4,4,4,4,4,4,4,4,4,4,4,4,2,4,4,4,4,4,4,4,4,4,4,4,4,4,4,4,4,4,4,4,4,4,4,4,4,4,4,4,4,4,5,5,5,4,4,4,4,4,4,4,4,4,4,4,4,4,4,4,4,4,4,4,4,4,4,4,4,4,4,4,4,4,4,4,2,2,2,4,4,4,4,4,4,4,4,4,4,4,4,4,4,4,4,4,4,4,4,4,4,4,4,4,4,2,4,4,4,4,4,4,4,4,4,4,4,4,4,4,4,31,31,4,4,4,4,4,4,4,57,57,57,4,4,4,4,4,4,4,4,4,4,4,4,4,4,50,50,4,4,4,4,4,4,4,4,4,31,31,4,4,4,4,4,4,4,4,4,4,4,4,4,4,4,4,4,4,4,4,4,4,4,4,4,4,4,4,4,4,4,4,4,4,4,4,4,4,4,4,4,4,4,4,4,4,4,4,4,4,4,4,5,5,5,5,2,2,2,1,1,1,1,1,1,95,0,92,0,92,0,0,0,92,92,92,92
95,92,92,92,92,92,92,0,92,92,92,92,92,92,92,92,92,0,0,0,0,0,0,0,0,0,0,0,0,0,0,0,0,0,92,92,92,92,92,92,92,92,92,0,0,0,0,0,0,0,0,0,0,0,92,92,92,92,92,92,92,92,0,92,92,92,0,92,92,92,92,92,92,92,92,92,92,92,92,92,92,92,92,92,92,92,92,92,92,92,92,92,92,92,92,0,92,92,92,92,92,92,0,0,0,0,0,1,1,1,1,1,1,1,1,1,1,1,1,89,89,89,2,4,3,3,3,4,4,4,4,4,4,4,4,4,57,57,57,57,4,4,4,4,4,4,50,4,4,4,4,4,4,4,4,4,4,1,1,1,1,1,1,1,1,1,1,1,1,0,0,92,92,92,92,92,92,92,92,92,92,0,0,92,92,92,92,92,92,92,92,92,92,92,92,92,92,92,92,0,92,92,92,92,0,0,1,1,1,1,1,1,1,1,1,1,1,1,2,5,5,5,5,5,5,5,4,4,4,4,4,4,4,4,4,4,4,4,4,4,4,4,4,4,4,4,4,4,4,4,2,4,4,4,4,4,4,4,4,4,4,4,4,4,4,4,4,4,4,4,4,4,4,4,4,4,4,4,4,4,4,4,4,4,4,4,4,4,4,4,4,4,4,4,4,4,4,4,4,4,4,4,4,4,4,4,4,4,4,4,4,4,4,2,2,2,4,4,4,4,4,4,4,4,4,4,4,4,4,4,4,4,4,4,4,4,4,4,4,4,4,4,4,4,4,4,4,4,4,4,4,4,4,4,4,4,4,4,4,4,4,4,4,4,50,4,4,4,4,4,4,4,4,4,4,4,4,4,4,4,4,4,50,50,4,4,4,4,4,4,4,4,4,4,4,4,4,4,4,4,4,4,4,4,4,4,4,4,4,4,4,4,4,4,4,4,4,4,4,4,4,4,4,4,4,4,4,4,4,4,4,4,4,4,4,4,4,4,4,4,4,4,4,4,4,4,56,56,5,5,5,2,2,1,1,1,1,1,1,1,95,0,92,92,92,0,0,92,92,92,92,92
92,92,92,92,92,0,0,92,92,92,0,92,92,92,92,0,0,0,0,0,0,0,0,0,0,0,0,0,0,0,0,0,0,0,92,92,92,92,92,92,92,92,92,0,0,0,0,0,0,0,0,0,0,0,92,92,92,92,92,92,92,0,0,0,92,92,92,92,92,0,92,0,0,92,92,92,92,92,92,92,92,92,92,92,92,0,92,92,0,0,92,92,92,0,0,0,0,92,92,92,92,92,0,0,0,0,1,1,1,1,1,1,1,1,1,1,1,89,89,89,2,2,4,4,4,4,4,4,4,4,4,4,57,4,4,4,4,4,4,4,4,4,4,4,4,4,4,4,4,4,4,4,4,4,4,4,1,1,1,1,1,1,1,1,1,1,1,1,0,0,92,92,92,92,92,92,92,92,92,92,92,0,92,92,92,92,92,92,92,92,92,92,92,0,0,92,92,92,92,0,92,92,92,0,0,1,1,1,1,1,1,1,1,1,1,1,89,2,5,5,5,5,5,5,5,4,4,4,4,4,4,4,4,4,4,4,4,4,4,4,4,4,2,4,4,2,2,2,4,4,4,4,4,4,4,4,4,4,4,4,4,4,4,4,4,4,4,4,57,57,57,4,4,4,4,4,2,4,4,4,4,4,4,4,4,4,4,4,4,4,4,4,4,4,4,4,4,4,4,4,4,4,4,4,4,4,4,4,4,4,4,4,4,4,4,2,2,2,4,4,4,4,4,4,4,4,4,4,4,4,4,4,4,4,4,4,4,4,2,4,4,4,4,4,4,4,4,4,4,4,4,4,4,4,4,4,4,4,4,4,4,4,4,4,50,4,4,4,4,4,4,4,4,4,4,4,4,4,4,4,4,4,4,4,4,4,4,4,4,4,4,4,4,4,4,4,4,4,4,4,4,4,4,4,4,4,4,4,4,4,4,4,4,4,4,4,4,4,4,4,4,4,4,4,4,4,4,4,4,4,4,4,4,4,4,4,4,4,4,4,4,4,4,4,4,4,56,56,56,5,2,2,2,1,1,1,1,1,1,1,95,0,92,92,92,92,92,92,92,92,92,92
92,92,92,0,0,0,0,92,0,0,0,92,0,92,0,0,0,0,0,0,0,0,0,0,0,0,0,0,0,0,0,0,0,0,92,92,92,92,92,92,92,92,0,0,0,0,0,0,0,0,0,0,0,0,92,92,92,92,92,92,92,0,0,0,92,92,92,92,92,92,92,92,92,92,92,92,92,92,92,92,92,92,92,92,0,0,0,92,92,92,92,92,92,92,92,0,92,92,92,92,92,92,0,0,0,1,1,1,1,1,1,1,1,1,1,1,1,89,1,2,2,2,4,4,4,4,4,4,4,4,4,57,57,4,4,4,4,4,4,4,4,4,4,4,4,4,4,4,4,4,4,4,4,4,4,1,1,1,1,1,1,1,1,1,1,1,0,0,0,92,92,92,92,92,92,92,92,0,92,92,92,92,92,92,92,92,92,92,92,92,92,92,92,0,0,0,92,92,0,0,0,0,0,0,1,1,1,1,1,1,1,1,1,1,1,1,2,5,5,5,5,5,5,4,4,4,4,4,4,4,4,4,4,4,4,4,4,4,4,4,4,2,4,4,4,4,4,4,4,4,4,4,4,4,4,4,4,4,4,4,4,4,4,4,4,4,4,4,4,4,4,4,4,4,4,4,4,4,4,4,2,4,4,2,4,4,4,4,4,4,4,4,4,4,4,4,4,4,4,4,4,4,4,4,4,4,4,4,4,4,4,4,4,4,4,4,4,2,4,4,4,4,4,4,4,4,4,4,4,4,4,4,4,4,2,2,2,2,2,4,4,4,4,4,4,4,4,4,4,4,4,4,4,4,4,4,4,4,4,4,4,4,4,4,50,50,4,4,4,4,4,4,4,4,4,4,4,4,4,4,4,4,4,4,4,4,4,4,4,4,4,4,4,4,4,4,4,4,4,4,4,4,4,4,4,4,4,4,4,4,4,4,4,4,4,4,4,4,4,4,4,4,4,4,4,4,4,4,4,4,57,4,4,4,4,4,4,4,4,4,4,4,4,4,4,4,5,2,2,5,2,2,2,1,1,1,1,1,1,1,0,0,0,92,92,92,92,92,92,92,92,0
92,92,92,92,92,92,92,92,92,92,92,0,0,0,0,0,0,0,0,0,0,0,0,0,0,0,0,0,0,0,0,0,0,0,92,92,92,92,92,92,92,92,92,0,0,0,0,0,0,0,0,0,0,0,0,92,92,92,92,92,92,0,0,0,92,92,92,92,92,92,92,92,92,92,0,92,92,92,0,92,92,92,92,92,92,92,92,92,92,92,92,92,92,92,92,92,92,92,0,0,0,0,0,0,1,1,1,1,1,1,1,1,1,1,1,1,1,2,2,2,4,4,4,4,4,4,4,4,4,4,4,4,4,4,4,4,4,4,4,4,4,4,4,4,4,4,4,4,4,4,4,4,4,4,1,89,1,1,1,1,1,1,1,1,1,0,0,0,0,92,92,0,92,92,92,92,92,92,92,92,92,92,92,92,92,92,92,92,92,92,92,92,92,92,0,0,92,92,92,0,0,0,0,1,1,1,1,1,1,1,1,1,1,1,1,1,5,5,5,5,5,5,4,4,4,4,4,4,4,4,4,4,4,4,4,4,4,4,4,4,2,2,4,4,4,4,4,4,4,4,4,4,4,4,4,4,4,4,4,2,2,4,4,4,4,4,4,4,4,4,4,4,4,4,4,4,4,4,4,4,4,4,4,4,2,2,2,2,2,2,2,2,4,4,4,4,4,4,4,4,4,4,4,4,4,4,4,4,4,4,4,4,4,4,4,4,4,4,2,2,4,4,4,4,4,4,4,4,4,4,4,4,2,4,2,2,2,4,4,4,4,4,4,4,4,4,4,4,4,4,4,4,4,4,4,4,4,4,4,4,4,4,4,4,4,4,4,4,4,4,4,4,4,4,4,4,4,4,4,4,4,4,4,4,4,4,4,4,4,4,4,4,4,4,4,4,4,4,4,4,4,4,4,4,4,4,4,4,4,4,4,4,4,4,4,4,4,4,4,4,4,4,4,4,4,4,4,4,4,57,57,4,4,4,4,4,4,4,4,4,4,4,4,4,4,4,5,5,5,5,5,2,2,1,1,1,1,1,1,1,0,0,92,92,92,92,92,0,0,0,92,0
92,92,92,92,92,92,92,92,92,92,92,0,92,92,92,92,92,0,0,0,0,0,0,0,0,0,0,0,0,0,0,0,0,0,92,92,92,92,92,92,92,92,0,0,0,0,0,0,0,0,0,0,0,0,92,92,92,92,92,92,92,0,0,0,92,92,92,92,0,0,0,92,92,92,0,92,92,92,92,0,92,92,92,92,92,92,92,92,92,92,92,0,92,92,92,92,95,95,0,0,0,0,0,1,1,1,1,1,1,1,1,1,1,1,1,1,2,2,4,4,4,4,4,4,4,4,4,4,4,4,4,4,4,4,4,4,4,4,4,4,4,4,4,4,4,4,4,4,4,4,4,4,4,2,1,1,1,1,1,1,1,1,1,1,0,0,92,92,92,92,0,92,92,92,92,92,92,92,92,92,92,92,92,92,92,92,92,92,92,92,92,92,92,0,0,92,92,92,92,0,0,0,1,1,1,1,1,1,1,1,1,1,1,1,1,2,5,5,5,5,4,4,4,4,4,4,4,4,4,4,4,4,4,4,4,2,2,4,2,2,2,2,2,4,4,4,4,4,4,4,4,4,4,4,4,4,4,4,4,4,4,4,4,4,4,4,4,4,4,4,4,4,4,4,4,4,4,4,4,4,4,4,2,4,2,2,2,4,4,4,4,2,2,2,2,55,4,4,4,4,4,4,4,4,4,4,4,4,4,4,4,4,4,4,4,4,4,4,2,2,2,4,4,4,4,4,4,4,4,4,4,4,4,4,4,4,4,4,4,4,4,4,4,4,4,4,4,4,4,4,4,4,4,4,4,4,4,4,4,4,4,4,4,4,4,4,4,4,4,4,4,4,2,2,2,2,4,4,4,4,4,4,4,4,4,4,4,4,4,4,4,4,4,4,4,4,4,4,4,4,4,4,4,4,4,4,4,4,4,4,4,4,4,4,4,4,4,4,4,4,4,4,4,4,4,4,4,4,4,4,4,4,4,4,4,4,4,4,4,4,4,4,4,4,4,4,4,5,5,5,5,2,2,1,1,1,1,1,1,1,0,0,92,92,92,92,92,92,92,0,92,0
92,92,92,92,92,92,92,92,0,92,92,0,92,92,92,92,92,0,0,0,0,0,0,0,0,0,0,0,0,0,0,0,0,0,92,92,92,92,92,0,92,92,0,0,0,0,0,0,0,0,0,0,0,92,92,92,92,92,0,0,0,0,0,0,0,0,0,0,92,0,92,92,92,92,92,92,92,92,92,92,0,0,0,92,92,0,92,92,0,0,92,92,92,92,92,92,95,0,0,0,0,0,1,1,1,1,1,1,1,1,1,1,1,1,2,2,4,4,4,4,4,4,4,4,4,4,4,4,4,4,4,4,4,4,4,4,4,4,4,4,4,4,4,4,4,4,4,4,4,4,4,4,4,1,1,1,1,1,1,1,1,1,1,1,0,0,92,92,92,0,92,0,92,92,92,92,92,92,92,92,92,92,92,92,92,92,92,0,92,0,92,92,0,0,92,92,92,92,92,0,0,1,1,1,1,1,1,1,1,1,1,1,1,1,2,5,5,5,5,5,4,4,4,4,4,4,4,4,4,4,4,4,4,4,4,4,4,4,4,2,4,4,2,55,4,4,4,4,4,4,4,4,4,4,4,4,4,4,4,4,4,4,4,4,4,4,4,6,6,6,6,6,6,6,6,6,6,6,6,57,57,57,6,6,6,6,6,6,4,4,4,4,2,2,55,4,57,4,4,4,4,4,4,4,4,4,4,4,4,4,4,4,4,4,4,4,4,4,4,2,4,2,2,4,4,4,4,4,4,4,4,4,4,4,4,4,4,4,4,4,4,4,4,4,4,4,4,2,4,4,4,4,4,2,2,2,4,4,4,4,4,4,2,2,2,2,2,2,2,2,2,2,4,4,4,4,4,4,4,4,4,4,4,4,4,4,4,4,4,4,4,4,4,4,4,4,2,4,4,4,4,4,4,4,4,4,4,4,4,4,4,4,4,4,4,4,4,4,4,4,4,4,4,4,4,4,4,4,4,4,4,4,4,4,4,4,4,4,4,4,4,4,4,4,4,4,4,4,4,5,5,2,2,1,1,1,1,1,1,1,0,0,92,92,92,92,92,92,92,0,92,92
92,92,92,92,92,92,92,92,92,0,0,0,92,92,92,92,92,92,0,0,0,0,0,0,0,0,0,0,0,0,0,0,0,0,92,92,92,92,92,92,92,0,0,0,0,0,0,0,0,0,0,0,0,92,92,92,92,0,0,92,92,92,92,0,92,92,92,92,92,92,92,0,0,0,0,0,92,92,92,92,92,0,0,0,92,0,0,92,92,92,92,0,92,0,92,92,92,0,0,0,0,1,1,1,1,1,1,1,1,1,1,1,1,2,4,4,4,4,4,4,4,4,4,4,4,4,4,4,4,4,4,4,4,4,4,4,4,4,4,4,4,4,4,4,4,4,4,4,4,4,5,5,5,1,1,1,1,1,1,1,1,1,1,0,0,92,92,92,92,0,92,92,92,92,92,92,0,92,92,92,92,92,92,92,0,92,92,0,92,92,92,92,92,92,0,0,0,0,0,0,1,1,1,1,1,1,1,1,1,1,89,89,1,2,2,5,27,27,5,4,4,4,4,4,4,4,4,4,4,4,4,4,4,4,4,4,4,4,2,4,4,4,4,55,55,4,4,4,4,4,4,4,4,4,4,4,4,43,43,6,6,6,6,6,6,6,6,6,6,6,6,6,6,6,6,6,6,6,6,6,6,6,6,6,6,6,6,42,6,6,6,6,6,2,55,55,57,57,4,4,4,55,55,55,4,4,4,4,4,4,4,4,4,4,4,4,4,4,4,4,4,4,4,4,4,4,4,4,4,4,4,4,4,4,2,4,4,4,4,4,4,4,4,4,4,4,4,2,2,2,2,2,2,2,2,4,4,4,4,4,4,4,4,4,4,4,4,4,4,4,4,4,4,4,4,4,4,4,4,4,4,4,4,4,4,4,4,4,4,4,4,4,4,4,4,4,2,2,4,4,4,4,4,4,4,4,4,4,4,4,4,4,4,4,4,4,4,4,4,4,4,4,4,4,4,4,4,4,4,4,4,4,4,4,4,4,4,4,4,4,4,4,4,4,4,4,4,4,4,5,5,2,2,98,1,1,1,1,1,1,0,0,92,92,92,92,92,92,92,92,92,92
92,92,92,92,0,92,92,92,92,92,92,92,92,92,92,92,92,92,92,92,0,0,0,0,0,0,0,0,0,0,0,0,0,0,92,92,92,92,92,0,0,0,0,0,0,0,0,0,0,0,0,0,0,92,92,92,92,92,0,0,92,92,92,92,92,92,92,92,92,92,92,92,0,0,0,92,92,92,92,0,0,92,0,0,0,0,0,92,92,92,92,92,92,92,92,92,92,0,0,0,1,1,1,1,1,1,1,1,1,1,1,2,4,4,4,4,4,4,4,4,4,4,4,4,4,4,4,4,4,4,4,4,4,4,4,4,4,4,4,4,4,4,4,4,5,5,5,5,5,84,84,5,5,1,1,1,1,1,1,1,1,1,0,0,92,92,92,92,0,0,0,92,92,92,92,92,92,92,92,92,92,92,92,92,0,92,92,92,92,92,92,92,92,0,0,0,92,92,0,0,1,1,1,1,1,1,1,1,1,1,1,89,2,2,2,2,27,27,5,4,4,4,4,4,4,4,4,4,4,4,4,4,4,4,4,4,4,4,4,4,4,6,6,43,55,55,55,55,55,55,55,67,55,67,67,43,43,43,43,6,6,6,6,6,6,6,6,6,6,6,6,6,6,6,6,6,6,6,6,6,6,6,6,6,6,6,6,42,42,6,6,6,6,6,2,43,43,43,43,43,43,4,4,4,4,4,4,4,4,4,4,4,4,4,4,4,4,4,4,4,4,4,4,4,4,4,4,4,4,4,4,4,4,4,4,2,2,2,2,2,2,2,4,4,2,4,4,4,2,2,2,2,2,2,2,2,4,4,4,4,4,4,4,4,4,4,4,4,4,4,4,4,4,4,4,4,4,4,4,4,4,4,4,4,4,4,4,4,4,4,4,4,4,4,4,4,4,2,2,4,4,4,4,4,4,4,4,4,4,4,4,4,4,4,4,57,4,4,4,4,4,4,4,4,4,4,4,4,4,4,4,4,4,4,4,4,4,4,4,4,4,4,4,4,4,4,4,4,4,5,5,2,2,98,1,1,1,1,1,1,0,0,92,92,92,92,92,92,92,92,92,92
92,92,92,92,92,92,92,92,92,92,92,92,92,92,92,92,92,92,92,92,0,0,0,0,0,0,0,0,0,0,0,0,0,0,92,0,0,0,0,0,0,0,0,0,0,0,0,0,0,0,0,0,0,92,92,92,92,0,92,92,92,92,92,92,92,92,92,92,92,92,92,92,92,92,92,0,92,92,92,92,92,92,92,92,92,92,0,92,92,92,92,92,92,92,92,0,92,0,0,1,1,1,1,1,1,1,1,1,1,1,1,4,4,22,22,4,4,4,4,4,4,4,4,4,4,4,4,4,4,4,4,4,4,4,4,4,4,4,4,4,4,4,4,5,5,5,5,5,2,89,89,1,1,1,1,1,1,1,1,1,1,0,0,92,92,92,92,92,0,0,0,92,92,92,0,92,92,92,92,92,92,92,92,92,92,92,92,92,92,92,92,92,92,92,0,0,92,92,92,0,1,1,1,1,1,1,1,1,1,89,89,2,2,2,2,5,27,5,5,5,4,4,4,4,4,4,4,4,4,4,4,4,6,6,6,6,6,6,6,6,6,6,6,42,43,55,55,55,55,55,67,67,43,43,43,43,43,6,6,6,6,6,6,6,6,6,6,6,6,6,6,6,6,6,6,6,6,6,6,6,6,6,6,6,6,6,6,6,6,6,6,6,6,6,6,6,43,43,43,43,43,43,43,6,6,6,4,4,4,4,4,4,4,4,4,4,4,4,4,4,4,4,4,4,4,4,4,4,4,4,4,4,4,4,4,4,2,2,2,2,2,4,4,4,4,4,4,4,2,2,2,2,2,2,2,2,2,2,2,2,2,4,4,4,4,4,4,4,4,4,4,4,4,4,4,4,4,4,4,4,4,4,4,4,4,4,4,4,4,4,4,4,4,4,4,4,4,4,2,2,4,4,4,4,4,4,4,4,4,4,4,4,4,4,4,57,4,4,4,4,4,4,4,4,4,4,4,4,4,4,4,4,4,4,4,4,4,4,4,2,2,4,4,4,4,4,4,4,4,4,5,5,2,98,1,1,1,1,1,1,0,0,92,92,92,92,92,92,92,92,0,92
92,92,92,92,92,92,92,92,0,92,92,92,92,92,0,92,92,92,92,92,0,0,0,0,0,0,0,0,0,0,0,0,0,0,0,0,0,0,0,0,0,0,0,0,0,0,0,0,0,0,0,0,0,92,0,0,0,0,92,92,92,92,92,92,92,92,92,92,92,92,92,92,92,92,92,92,92,92,92,92,92,92,92,92,92,92,92,92,92,92,92,92,92,92,92,92,92,0,0,1,1,1,1,1,1,1,1,1,1,4,4,4,4,4,4,4,4,4,4,4,4,4,4,4,4,4,4,4,4,4,4,4,4,4,4,4,4,4,4,4,4,4,5,5,5,5,2,2,89,89,1,1,1,1,1,1,1,1,1,1,0,0,92,92,92,92,92,92,92,92,92,92,92,92,92,92,92,92,92,92,92,92,92,92,92,92,92,92,92,92,0,92,92,92,92,92,92,92,92,0,1,1,1,1,1,1,1,89,89,89,2,2,2,2,2,8,8,2,7,7,7,7,6,6,6,6,6,6,6,6,6,6,6,6,6,6,6,6,6,6,6,6,6,42,42,6,2,43,43,43,43,43,43,43,43,6,6,6,6,6,6,6,6,6,6,6,6,6,6,6,6,6,6,6,6,6,6,6,6,6,6,6,6,6,6,6,6,6,6,6,6,82,82,6,6,6,6,6,6,6,6,6,6,6,6,6,6,6,6,4,4,4,4,4,4,4,4,4,4,4,2,2,4,4,4,4,4,4,4,4,4,4,4,4,4,4,4,2,2,2,2,2,4,4,2,4,4,2,2,2,2,4,4,4,4,4,4,4,4,4,4,4,4,4,4,4,4,4,4,57,4,4,4,4,4,4,4,4,4,4,4,4,4,4,4,4,4,4,4,4,4,4,4,4,4,4,4,4,4,2,2,4,4,4,4,4,4,4,4,4,4,4,4,4,4,57,4,4,4,4,4,4,4,4,4,4,4,4,4,4,4,4,4,4,4,4,4,4,4,4,2,4,4,4,4,4,4,2,2,2,5,5,5,98,5,5,1,1,1,1,0,0,92,92,92,92,92,0,0,92,92,92
92,92,92,92,92,92,92,0,0,0,92,92,92,92,92,92,92,92,0,0,0,0,0,0,0,0,0,0,0,0,0,0,0,0,0,0,0,0,0,0,0,0,0,0,0,0,0,0,0,0,0,0,0,92,92,0,0,0,0,92,92,92,92,0,92,92,92,92,92,0,92,92,92,92,92,92,92,92,92,92,92,92,92,92,92,92,92,92,92,92,92,92,92,92,92,92,92,0,0,1,1,1,1,1,1,1,1,1,1,4,4,4,4,4,4,4,4,4,4,4,4,4,4,4,4,4,4,4,4,4,4,4,4,4,4,4,4,4,4,4,4,5,5,5,56,2,2,1,1,1,1,1,1,1,1,1,1,1,1,0,0,0,92,92,92,92,92,92,0,0,92,92,92,92,92,0,0,0,92,92,92,92,92,92,92,92,92,92,92,92,92,92,92,0,92,92,92,92,92,0,1,1,1,1,1,1,89,89,89,2,87,87,2,2,8,2,2,2,2,2,2,6,2,2,6,6,6,6,6,6,6,6,6,6,6,6,6,6,6,6,6,42,42,6,6,6,6,6,6,6,6,6,6,6,6,6,6,6,6,6,6,6,6,6,6,6,6,6,6,6,6,6,6,6,6,6,6,6,6,6,6,6,6,6,6,6,6,6,6,6,6,6,2,6,23,23,23,23,6,6,6,6,6,6,6,6,6,6,6,6,6,6,6,57,4,4,4,4,4,4,4,2,2,4,4,4,4,4,4,4,4,4,4,4,4,4,4,4,2,2,2,2,2,2,2,4,4,4,4,4,4,4,4,4,4,4,4,4,4,4,4,4,4,4,4,4,4,4,4,4,4,4,4,4,4,4,4,4,4,4,4,4,4,4,4,4,4,4,4,4,4,4,4,4,4,4,4,4,4,4,2,2,4,4,4,4,4,4,4,4,4,4,4,4,4,4,4,4,4,4,4,4,4,4,4,4,4,4,4,4,4,4,4,4,4,4,4,4,4,4,4,2,4,4,4,87,87,87,4,4,5,5,5,5,5,5,5,1,1,1,0,0,92,92,92,92,92,0,0,92,92,92
92,92,92,92,92,92,92,0,0,0,92,92,92,92,92,92,92,92,0,0,0,0,0,0,0,0,0,0,0,0,0,0,0,0,0,0,0,0,0,0,0,0,0,0,0,0,0,0,0,0,0,0,0,92,92,92,92,92,92,92,92,92,92,92,92,92,92,92,92,0,92,0,92,92,92,92,92,92,92,92,92,92,92,92,92,92,92,92,92,92,92,92,92,92,92,92,0,0,0,1,1,1,1,1,1,1,1,4,4,4,4,4,4,4,4,4,4,4,4,4,4,4,4,4,4,4,4,4,4,4,4,4,4,4,4,4,4,4,4,4,4,4,5,56,56,2,1,1,1,1,1,1,1,1,1,1,1,1,1,0,0,92,92,92,0,92,92,92,0,92,92,92,92,92,92,92,92,92,92,92,92,92,92,92,92,0,92,92,92,92,92,92,92,0,92,92,0,92,92,0,1,1,1,1,1,1,89,89,87,87,23,23,23,27,8,8,2,2,7,7,6,6,6,6,23,23,6,6,6,6,6,6,6,6,6,6,6,6,6,6,6,42,6,6,6,6,6,6,6,6,6,6,6,6,6,6,6,6,6,6,6,6,6,6,6,6,6,6,6,6,6,6,6,6,6,6,6,6,6,6,6,6,6,6,6,6,6,6,6,6,6,6,2,6,6,6,6,6,6,2,2,6,82,82,82,6,6,6,6,6,6,6,6,57,6,6,4,4,4,4,4,4,2,2,4,4,4,4,4,4,4,4,4,4,4,4,4,4,4,2,2,4,4,4,4,4,4,4,4,4,4,4,4,4,4,4,4,4,4,4,4,4,4,4,4,4,4,4,4,4,4,4,4,4,4,4,4,4,57,57,57,4,4,4,4,4,4,4,4,4,4,4,4,4,4,4,4,4,4,4,4,2,2,4,4,4,4,4,4,4,4,4,4,4,4,4,4,4,4,4,4,4,4,4,4,4,4,4,4,4,4,4,4,4,4,4,4,4,4,4,4,4,2,4,87,87,4,4,4,4,4,5,2,5,5,5,5,1,1,1,0,0,92,92,92,92,92,92,0,92,92,92
92,92,92,92,92,92,92,92,0,0,0,92,92,92,92,92,92,0,0,92,92,0,0,0,0,0,0,0,0,0,0,0,0,0,0,0,0,0,0,0,0,0,0,0,0,0,0,0,0,0,0,0,0,92,92,92,92,92,92,92,92,92,92,92,92,92,92,92,92,0,0,0,92,92,92,92,92,92,92,92,92,92,0,92,92,92,92,92,92,92,92,92,92,92,92,92,92,0,1,1,1,1,1,1,1,1,5,5,5,5,5,5,5,5,5,5,5,4,4,4,4,4,4,4,4,4,4,4,4,4,4,4,4,4,4,4,4,4,4,4,4,4,5,56,56,2,1,1,1,1,1,1,1,1,1,1,1,1,0,0,0,92,92,92,92,92,92,92,92,92,92,92,92,92,92,92,92,92,92,92,92,92,92,92,92,92,92,92,92,92,92,92,92,92,92,92,92,92,92,0,1,1,1,1,1,1,1,2,87,2,23,23,23,23,8,7,7,7,7,6,6,6,6,6,6,6,6,6,6,6,6,6,6,6,6,6,6,6,6,6,6,6,6,6,6,6,6,6,6,6,6,6,42,42,6,6,6,6,6,6,6,6,6,6,6,6,6,6,6,6,6,6,6,6,6,6,6,6,6,6,6,6,6,6,6,6,6,6,2,6,2,6,6,6,6,6,6,6,6,6,2,6,2,2,6,6,82,6,6,6,6,6,6,57,6,6,6,6,6,4,4,4,4,2,2,2,4,4,4,4,4,57,57,4,4,4,4,4,4,4,4,4,4,4,4,4,4,4,4,4,4,4,4,4,4,4,4,4,4,4,4,4,4,4,4,4,4,4,4,4,4,4,4,4,4,4,4,4,4,4,4,4,4,4,4,4,4,4,4,4,4,4,4,4,4,4,4,4,4,4,4,4,2,2,4,4,4,4,4,4,4,4,4,4,4,4,4,4,4,4,4,4,4,4,4,4,4,4,4,4,4,4,4,4,4,4,4,4,4,4,4,4,4,2,4,4,4,4,4,4,4,5,5,27,27,5,5,5,1,1,1,0,92,92,92,92,92,92,92,92,92,92
92,92,92,92,0,92,92,92,0,0,0,92,92,92,0,0,92,92,92,92,0,92,0,0,0,0,0,0,0,0,0,0,0,0,0,0,0,0,0,0,0,0,0,0,0,0,0,0,0,0,0,0,0,0,92,92,92,92,0,92,92,92,92,92,92,92,92,92,92,0,92,0,92,0,92,92,92,92,92,92,92,95,95,95,92,92,92,92,92,0,0,0,0,0,92,92,0,0,1,1,1,1,1,1,1,1,5,5,5,5,5,5,5,5,5,5,5,4,4,4,4,4,4,4,4,4,4,4,4,4,4,4,4,4,4,4,4,4,4,4,4,27,27,27,2,89,1,1,1,1,1,1,1,1,1,1,1,0,0,0,0,92,0,92,92,92,92,92,0,92,92,92,92,92,0,92,92,92,92,92,92,92,92,92,92,92,92,92,92,0,0,0,92,0,0,92,92,92,92,0,1,1,1,1,1,89,89,2,87,2,2,23,8,7,7,7,7,7,6,6,6,6,23,6,6,6,6,6,6,6,6,6,6,6,6,6,6,6,6,6,6,6,6,6,6,6,6,6,6,6,6,6,42,6,6,6,6,82,82,82,6,6,6,6,6,6,6,82,82,82,6,6,6,42,42,6,6,6,6,6,6,42,6,6,6,6,6,6,6,6,6,6,82,82,6,6,6,6,6,2,6,6,6,2,2,6,82,6,6,6,6,6,6,6,6,6,6,6,6,6,6,6,6,4,2,2,4,4,4,4,4,57,4,4,4,4,4,4,4,4,4,4,4,4,4,4,4,4,4,4,4,4,4,4,4,4,4,4,4,4,4,4,4,4,4,4,4,4,4,4,4,4,4,4,4,4,4,4,4,4,4,4,4,4,4,4,4,4,4,4,4,4,4,4,4,4,4,4,4,4,4,4,4,2,4,4,4,4,4,4,4,4,4,4,4,4,4,4,4,4,4,4,4,4,4,4,4,4,4,4,4,4,4,4,4,4,4,4,4,4,6,6,2,4,4,4,4,4,4,4,4,4,4,27,27,27,8,5,1,1,1,0,92,92,92,92,92,92,92,92,92,0
92,92,92,92,92,92,92,0,92,92,92,92,92,92,0,0,0,92,92,92,92,92,0,0,0,0,0,0,0,0,0,0,0,0,0,0,0,0,0,0,0,0,0,0,0,0,0,0,0,0,0,0,0,92,0,92,92,92,92,92,92,92,92,92,92,92,92,92,92,0,92,92,92,92,92,92,92,92,92,92,92,0,0,0,92,92,92,92,92,92,92,0,0,0,92,92,92,0,1,1,1,1,1,1,89,2,2,5,5,5,5,5,5,5,5,5,4,4,4,4,4,4,4,4,4,4,4,4,4,4,57,4,4,4,4,4,4,4,4,4,4,27,5,5,89,89,1,1,1,1,1,1,1,1,1,0,0,0,0,0,0,0,0,92,92,92,92,92,92,92,92,0,92,92,92,92,92,92,0,92,92,92,0,92,92,92,92,92,92,92,92,92,0,0,92,92,92,92,92,0,1,1,1,1,1,89,8,8,8,8,2,8,7,7,7,7,7,6,6,6,6,6,23,6,6,6,6,6,6,6,6,6,6,6,6,6,6,6,6,6,6,6,6,6,6,6,6,6,6,6,6,6,6,6,6,6,6,6,6,6,6,6,6,6,6,6,6,6,6,6,6,6,6,6,42,6,6,6,6,6,6,42,6,6,6,6,6,6,6,6,6,6,82,6,6,6,6,2,2,6,6,6,2,2,6,2,2,2,2,6,6,6,6,6,6,6,6,6,6,6,6,6,6,6,6,2,2,4,4,4,4,4,4,4,4,4,4,4,4,4,4,4,4,4,4,4,4,4,4,4,4,4,4,4,4,4,4,4,4,4,4,4,4,4,4,4,4,4,4,4,4,4,4,4,4,4,4,4,4,4,4,4,4,4,4,4,4,4,4,4,4,4,4,4,4,4,4,4,4,4,4,4,4,4,2,4,4,4,4,4,4,4,4,4,4,4,4,4,4,4,4,4,4,4,4,4,4,4,6,6,6,6,6,6,6,6,6,6,6,6,6,2,2,2,6,6,6,6,6,6,6,7,4,104,8,8,8,8,1,1,1,0,0,92,92,92,92,92,92,0,0,0
92,92,92,92,92,92,0,92,92,92,92,92,92,92,0,0,0,92,0,92,92,92,92,0,0,0,0,0,0,0,0,0,0,0,0,0,0,0,0,0,0,0,0,0,0,0,0,0,0,0,0,0,92,92,0,0,0,92,92,92,92,92,92,92,92,92,92,92,92,92,92,0,92,92,92,92,0,92,92,0,92,92,95,0,92,92,92,92,92,92,92,92,0,92,92,92,92,0,1,1,1,1,1,1,89,2,5,5,5,5,5,5,84,84,5,4,4,4,4,4,4,4,4,4,4,4,4,4,4,57,57,4,4,4,4,4,4,4,4,4,4,27,84,89,89,1,1,1,1,1,1,1,1,1,0,0,0,0,0,0,0,0,92,92,92,92,92,92,92,92,92,92,92,92,92,92,92,92,92,92,92,92,0,92,92,92,92,92,0,92,92,92,92,0,92,92,92,92,92,0,1,1,1,1,1,89,8,8,7,7,7,7,7,7,7,7,6,6,6,6,6,6,23,23,6,6,6,6,6,6,6,6,6,6,6,6,6,6,6,6,6,6,6,6,6,6,6,6,6,6,6,6,6,6,57,57,6,6,6,6,42,42,42,6,6,6,6,6,6,6,6,6,6,6,6,6,6,6,6,6,6,42,6,6,6,6,6,6,6,6,6,6,6,6,6,42,42,88,6,6,6,6,6,6,6,6,6,6,6,6,6,6,6,6,6,6,6,6,6,6,6,6,6,6,6,6,2,2,82,4,4,4,4,4,4,4,4,4,4,4,4,4,4,4,4,4,4,4,4,4,4,4,2,2,4,4,4,4,4,4,4,4,4,4,4,4,4,4,4,4,4,4,4,4,4,4,4,4,4,4,4,4,4,4,4,4,4,4,4,4,4,4,4,4,4,4,4,4,4,4,4,4,4,4,2,4,4,4,4,4,4,4,4,4,4,4,4,4,4,4,4,4,6,6,6,6,6,6,6,6,6,6,6,6,82,82,82,6,6,2,87,6,6,6,6,6,6,6,6,6,6,6,104,104,104,8,8,8,1,1,1,0,0,92,92,92,92,92,0,0,0,0
92,92,92,92,92,92,92,92,92,92,92,92,92,92,92,0,0,0,0,92,92,92,92,0,0,0,0,0,0,0,0,0,0,0,0,0,0,0,0,0,0,0,0,0,0,0,0,0,0,92,92,92,92,92,0,0,0,0,92,92,92,92,92,0,92,0,0,92,92,92,92,0,92,92,92,0,0,92,92,92,92,92,92,92,92,92,92,92,92,92,92,92,0,92,92,92,0,0,1,1,1,1,1,1,89,2,5,5,5,5,5,5,5,4,4,4,4,4,4,4,4,4,4,4,4,4,4,4,4,4,4,4,4,4,4,4,4,4,4,4,5,5,89,89,1,1,1,1,1,1,1,1,1,0,0,92,0,0,92,92,0,92,92,92,92,92,92,92,0,92,92,92,92,92,92,92,0,92,0,92,92,92,0,92,92,92,92,92,92,92,92,92,92,92,92,92,92,92,0,0,1,1,1,1,1,89,8,7,7,104,7,2,7,7,7,6,6,6,6,6,6,6,6,2,2,2,6,6,6,6,6,6,6,6,6,6,6,6,6,6,6,82,82,82,6,6,6,6,6,6,6,6,6,6,57,6,6,6,6,6,6,57,6,6,6,6,6,6,6,6,6,6,6,6,6,42,6,6,6,6,6,6,6,6,6,6,6,6,6,6,6,6,6,6,6,6,42,6,6,6,6,6,6,2,6,6,6,6,6,6,6,6,6,6,6,6,6,6,6,6,6,6,6,6,6,6,6,6,2,2,2,2,2,2,2,2,4,4,4,4,4,4,4,4,4,4,4,4,4,4,4,2,2,4,4,4,4,4,4,4,4,4,4,4,4,4,4,4,4,4,4,4,4,4,4,4,4,4,4,4,4,4,4,4,4,4,4,4,4,4,4,4,4,4,4,4,4,4,4,4,4,4,4,4,2,2,4,4,4,4,4,4,4,4,4,4,4,6,6,6,6,6,6,6,6,6,6,6,6,6,6,6,6,6,6,6,2,2,6,2,57,6,6,6,6,6,6,6,6,6,6,6,6,7,104,27,27,27,1,1,1,0,0,92,92,92,92,92,0,0,0,0
92,92,92,92,92,92,92,0,92,92,92,92,92,92,0,0,0,0,0,92,92,92,0,0,0,0,0,0,0,0,0,0,0,0,0,0,0,0,0,0,0,0,0,0,0,0,0,92,92,92,92,92,92,92,92,0,0,0,92,92,92,92,92,92,92,0,92,0,0,92,92,92,92,92,92,92,92,92,92,92,92,92,0,92,92,92,92,92,92,92,92,92,0,92,92,92,0,0,1,1,1,1,1,1,1,2,2,5,5,5,2,5,4,4,4,4,4,2,4,4,4,4,4,4,4,4,4,4,4,4,4,4,4,4,4,4,4,4,4,5,5,1,1,1,1,1,1,1,1,1,1,1,1,0,92,92,92,92,92,92,0,92,92,92,92,92,92,92,92,92,92,92,92,92,92,92,92,92,92,92,0,92,92,92,92,92,92,92,92,92,92,92,92,92,92,92,0,0,0,0,1,1,1,1,1,1,8,104,104,104,7,7,7,6,6,6,6,6,6,6,6,6,6,6,2,6,6,6,6,6,6,6,6,6,6,6,6,6,6,6,6,57,57,57,6,6,6,6,6,6,6,6,6,2,23,6,23,6,6,6,6,57,6,6,6,6,6,6,6,6,6,6,6,6,6,42,6,6,6,6,6,6,6,6,6,6,6,6,6,6,6,6,6,6,6,6,6,6,6,6,6,6,2,2,6,6,6,6,6,6,6,6,6,6,6,6,6,6,6,6,6,6,6,6,6,6,6,6,6,2,2,2,6,2,2,2,2,2,2,2,4,4,4,4,4,4,4,4,4,4,4,4,4,4,4,4,4,4,4,4,4,4,4,4,4,4,4,4,4,4,4,4,4,4,4,4,4,4,4,4,4,4,4,4,4,4,4,4,4,4,4,4,4,4,4,4,4,4,4,4,4,4,4,4,2,4,4,4,4,4,4,4,6,6,6,6,6,6,6,6,6,6,6,6,6,6,6,6,6,6,6,6,6,2,2,2,2,6,6,6,6,6,6,6,6,6,6,6,6,6,42,6,2,2,104,27,27,1,1,1,1,0,0,0,92,92,92,92,0,0,92,92
92,92,92,92,92,92,92,92,92,92,92,92,92,92,92,0,0,0,92,92,92,92,92,0,92,92,0,0,0,0,0,0,0,0,0,0,0,0,0,0,0,0,0,0,0,92,92,92,0,92,92,92,92,92,92,0,0,0,92,92,92,92,92,92,92,92,92,92,92,92,92,92,92,92,92,92,92,92,92,92,92,92,0,0,92,92,92,92,92,92,92,92,92,92,92,92,0,1,1,1,1,1,1,1,1,2,5,5,5,5,5,4,4,4,4,4,4,4,4,4,4,4,4,4,4,4,4,4,4,4,57,57,57,4,4,4,4,4,4,5,1,1,1,1,1,1,1,1,1,1,1,1,0,0,92,92,92,92,92,92,0,92,92,92,92,92,92,92,92,92,92,92,92,92,92,92,92,92,92,92,92,92,92,92,92,92,92,92,92,0,92,0,92,92,92,92,0,0,0,1,1,1,1,1,1,1,8,104,104,104,7,7,6,6,6,6,6,6,6,6,6,6,6,6,2,6,6,6,2,88,88,88,88,88,88,88,88,88,2,2,2,2,23,23,23,23,23,23,2,2,6,6,88,6,6,23,23,6,6,6,6,6,6,6,6,6,6,6,6,6,6,6,6,6,6,42,42,42,42,6,6,6,6,6,6,6,6,6,6,6,6,6,6,6,6,6,6,6,6,6,6,88,2,2,2,6,6,6,6,6,6,6,6,6,6,6,6,6,6,6,6,6,6,6,6,6,6,6,6,6,6,6,6,6,6,6,6,6,4,2,2,2,2,2,2,2,2,2,2,4,4,2,4,4,4,4,4,4,4,4,4,4,4,4,4,4,4,4,4,4,4,4,4,4,4,4,4,4,4,4,4,4,4,4,4,4,4,4,4,4,4,4,4,4,4,4,4,4,4,4,4,4,4,4,4,4,4,6,6,6,6,6,6,6,6,6,6,6,6,6,6,6,6,6,6,6,6,6,57,6,6,6,6,6,6,6,2,2,6,6,6,6,6,6,6,6,6,6,6,42,42,6,6,7,2,1,1,1,1,1,1,0,0,92,92,0,92,92,0,92,92,92
92,92,92,0,92,92,92,92,92,92,92,92,92,92,92,92,92,0,0,92,92,92,92,92,92,92,0,0,0,0,0,0,0,0,0,0,0,0,0,0,0,0,92,92,92,92,92,92,92,92,92,92,0,0,92,92,0,92,92,0,92,92,92,92,92,0,92,92,92,0,0,0,92,92,92,92,92,92,0,92,92,92,92,92,92,0,0,92,92,92,92,92,92,92,92,0,0,1,1,1,1,1,1,1,2,5,5,4,4,4,4,4,4,4,4,4,4,4,4,4,4,4,4,4,4,4,4,4,4,4,4,4,4,4,4,4,4,4,2,89,89,1,1,1,1,1,1,1,1,1,1,0,0,0,92,92,92,92,92,0,92,0,92,92,92,92,92,92,92,92,92,92,92,92,92,92,92,92,92,92,92,92,92,92,92,92,92,92,92,92,92,0,92,92,92,92,0,0,0,1,1,1,1,1,1,1,8,104,104,104,7,7,6,6,6,6,6,6,6,6,6,2,6,2,6,6,6,2,2,2,88,88,88,88,88,88,6,6,6,6,6,9,9,9,9,23,9,9,9,34,34,34,34,34,34,9,9,9,9,9,9,9,9,34,9,9,9,9,9,9,9,9,9,9,9,34,34,34,34,34,9,9,6,6,6,6,6,6,6,42,6,6,6,6,6,6,6,6,82,82,82,88,6,6,2,2,6,6,6,6,6,6,6,6,6,6,6,6,6,6,6,6,6,6,6,6,6,6,6,6,6,6,6,6,6,6,6,6,6,6,4,4,4,2,2,2,2,2,4,4,4,4,4,4,4,4,4,4,4,4,4,4,4,4,4,4,4,4,4,4,4,4,4,4,4,4,4,4,4,4,4,4,4,4,4,4,4,4,4,4,4,4,4,4,4,4,4,4,4,4,87,87,4,2,6,6,57,57,57,6,6,6,6,6,6,6,6,42,6,6,6,6,6,6,6,6,6,6,57,57,6,6,6,6,6,6,6,2,6,6,6,6,6,6,6,6,6,6,6,6,6,6,6,6,2,1,1,1,1,1,1,0,0,0,0,92,92,92,92,92,0,92
92,92,92,92,92,0,92,92,92,92,92,92,0,0,92,92,92,92,0,92,92,92,0,92,92,0,0,0,0,0,0,0,0,0,0,0,0,0,0,0,0,92,0,92,92,92,92,92,92,92,92,92,92,0,92,92,92,92,92,92,92,92,92,92,92,92,92,92,92,0,0,0,0,92,92,92,92,92,92,92,92,0,92,92,92,0,92,0,0,92,92,92,92,92,92,0,0,1,1,1,1,1,1,1,5,5,5,4,2,4,4,4,4,4,4,4,4,4,4,4,4,4,4,4,4,4,4,4,4,4,4,4,4,4,69,69,7,7,89,89,1,1,1,1,1,1,1,1,1,1,0,0,92,92,92,0,0,0,92,92,92,92,92,92,92,92,0,92,92,92,92,92,92,92,92,92,0,92,92,92,92,92,92,92,92,92,92,92,92,92,92,0,92,92,92,92,92,0,1,1,1,1,1,1,1,1,8,104,104,104,104,7,6,6,82,82,82,82,6,6,6,6,2,6,2,6,6,2,2,2,88,88,88,2,9,9,9,9,9,9,9,34,9,34,9,9,9,9,9,9,9,34,34,34,34,34,9,9,9,9,34,34,34,34,9,34,34,9,9,9,9,9,34,34,34,34,34,34,34,9,9,34,34,34,34,34,9,9,6,42,42,6,6,6,6,6,6,6,6,6,6,6,6,6,6,23,23,6,6,6,6,6,6,6,6,6,6,6,6,6,6,6,6,6,6,6,6,6,2,2,6,6,23,23,6,6,6,6,6,6,6,6,6,4,4,4,4,4,4,4,4,4,4,4,4,4,4,4,4,4,4,4,4,4,4,4,4,4,4,4,4,4,4,4,4,4,4,4,4,4,4,4,4,4,4,4,4,4,4,4,4,4,4,4,4,4,4,4,4,6,6,6,2,2,6,6,6,6,6,6,6,6,6,82,82,6,57,42,6,6,6,6,6,6,6,6,6,6,6,6,6,6,6,6,6,6,6,6,6,6,6,6,6,6,6,6,6,6,6,6,6,6,6,6,6,1,1,1,1,1,1,0,0,0,0,92,92,92,92,92,92,92
92,92,92,92,92,0,92,92,0,0,92,92,0,92,92,92,92,92,0,92,92,92,92,92,92,0,0,0,0,0,0,0,0,0,0,0,92,92,92,92,0,92,92,92,92,92,92,92,92,92,92,92,92,95,92,92,95,92,92,92,92,92,92,92,92,92,92,92,92,92,0,0,0,0,92,92,92,92,92,92,92,92,92,92,92,92,92,92,0,0,0,0,92,92,92,0,1,1,1,1,1,1,1,2,5,5,4,4,4,4,4,4,4,4,4,4,4,4,4,4,4,4,4,4,4,4,4,4,4,4,6,6,6,6,6,7,7,89,89,1,1,1,1,1,1,1,1,1,1,0,0,92,92,92,92,92,92,92,92,92,92,92,92,92,92,92,92,92,92,92,92,92,92,92,92,92,0,92,92,92,92,92,92,92,0,0,92,92,92,92,92,92,92,92,92,92,0,0,1,1,1,1,1,1,1,1,8,104,104,104,104,7,6,6,6,6,6,82,9,9,9,9,9,9,9,9,9,9,88,88,88,9,34,9,34,9,9,9,9,9,52,34,34,34,9,9,9,34,34,34,9,34,34,34,34,34,9,9,9,9,9,34,34,34,34,34,34,34,9,9,52,9,34,34,34,34,34,34,34,57,57,57,34,34,34,34,34,9,9,9,9,9,6,6,6,6,6,6,6,6,6,6,6,6,6,6,23,6,2,6,6,6,6,6,6,6,6,6,6,6,6,6,6,6,6,6,6,2,2,6,6,6,6,2,2,6,6,6,6,6,6,6,6,6,6,6,4,4,4,4,4,4,4,4,4,4,4,4,4,4,4,4,4,4,4,4,4,4,4,4,4,4,4,4,4,4,4,4,4,4,4,4,4,4,4,4,4,4,4,4,4,4,4,4,4,6,6,6,6,6,82,82,6,6,2,6,6,6,6,6,6,6,6,82,6,57,57,42,6,6,6,6,6,6,6,6,6,6,6,6,6,6,6,6,6,6,6,6,6,6,6,6,6,6,6,6,6,6,2,2,6,6,6,6,6,2,1,1,1,1,1,0,0,0,92,92,92,92,92,92,92,92
92,0,92,92,92,92,92,92,92,92,92,92,92,92,92,92,92,0,0,92,92,0,0,92,92,0,0,0,0,0,0,0,0,0,0,0,92,92,92,92,92,92,0,0,92,92,92,92,92,0,92,92,92,92,92,95,95,92,92,92,92,92,0,0,0,92,92,92,92,92,92,92,92,0,0,92,92,92,92,92,92,0,92,92,92,0,92,0,0,0,0,92,92,92,92,0,1,1,1,1,1,1,1,1,2,5,4,4,2,4,4,4,4,4,4,4,4,4,4,4,4,4,4,4,6,6,6,6,6,6,6,6,6,6,6,7,89,89,1,1,1,1,1,1,1,1,1,1,0,0,92,92,92,92,92,92,92,92,92,92,92,92,0,0,0,92,92,92,92,92,92,92,92,92,92,92,92,92,92,92,92,92,92,92,92,0,0,0,0,92,92,92,92,92,0,0,0,1,1,1,1,1,1,1,1,2,8,104,104,7,11,11,10,10,10,10,10,9,82,82,82,9,2,34,9,34,9,9,51,51,9,9,34,34,34,34,34,9,9,9,52,34,34,34,9,9,34,34,34,34,34,34,34,34,34,34,34,9,9,9,9,9,9,9,9,34,34,52,9,9,9,9,34,9,9,9,34,34,34,34,9,9,9,34,34,34,34,34,9,9,9,9,9,9,9,6,6,6,6,6,6,6,6,6,6,6,42,6,6,2,6,6,6,6,6,6,6,6,6,6,6,6,2,2,6,6,6,6,6,6,42,6,6,6,2,2,6,6,6,6,6,6,6,6,6,6,6,6,6,4,4,4,4,4,4,4,4,4,4,4,4,4,4,4,4,4,4,4,4,4,4,4,4,4,4,4,4,4,4,4,4,4,4,4,4,4,4,4,4,4,6,6,6,6,6,6,6,6,6,6,6,82,6,6,2,2,6,6,6,6,6,6,6,6,6,6,6,6,6,6,6,6,6,6,6,6,6,6,6,6,6,6,6,6,6,6,6,6,6,6,6,6,6,6,6,6,6,6,2,6,2,6,6,6,6,1,1,1,1,1,1,0,0,0,92,92,92,92,0,0,92,0
0,0,92,92,0,92,92,92,92,92,92,92,92,92,92,92,92,0,0,0,0,0,0,92,92,92,92,92,92,92,92,92,92,92,92,0,92,92,92,92,92,92,92,92,92,92,92,92,92,92,92,92,92,92,92,92,92,92,92,92,92,92,92,92,92,92,92,92,92,92,0,92,92,92,0,0,92,92,92,92,92,0,0,92,92,92,0,0,0,0,92,92,92,0,0,0,1,1,1,1,1,1,1,1,2,4,4,4,4,4,4,4,4,4,4,4,4,4,4,4,6,6,6,6,6,6,6,6,6,6,6,6,6,6,7,2,89,1,1,1,1,1,1,1,1,1,1,0,0,92,92,92,92,92,92,92,92,92,92,92,92,92,92,0,0,92,92,92,92,92,0,0,92,0,92,92,92,92,92,92,92,92,92,92,92,92,92,92,92,92,92,92,92,0,0,0,0,1,1,1,1,1,1,1,1,2,12,8,11,11,11,11,10,10,10,10,42,42,9,9,9,9,2,34,34,34,9,51,51,51,51,9,34,34,34,34,34,34,9,9,9,9,9,9,34,34,9,9,52,9,9,9,9,34,34,9,9,9,9,9,9,9,9,9,9,9,9,9,9,9,9,9,67,67,67,82,82,9,9,9,9,34,34,34,34,34,9,9,9,9,9,9,9,9,9,9,9,9,6,6,6,6,6,6,6,42,42,6,2,6,2,6,6,6,6,6,6,6,6,6,6,6,6,2,2,2,6,2,82,6,42,6,6,6,2,2,2,6,6,6,6,6,6,6,6,6,6,6,6,6,6,6,6,4,4,4,4,4,4,4,4,4,4,4,4,4,4,4,4,4,4,4,4,4,4,4,4,4,4,4,4,57,57,4,4,6,6,6,6,6,6,6,6,6,6,6,6,6,6,6,6,6,6,6,6,2,6,6,6,6,6,6,6,6,6,6,6,6,6,6,6,42,6,6,6,6,6,6,6,6,6,6,6,6,6,6,6,6,6,6,6,6,6,6,6,6,6,6,6,6,6,2,6,6,6,89,1,1,1,1,1,0,0,92,92,0,0,92,0,92,92,92
92,92,92,92,92,92,92,92,92,92,92,92,92,92,0,92,0,0,92,92,0,92,92,92,92,92,92,92,92,92,92,92,92,92,92,92,92,92,92,0,0,92,92,92,92,92,92,92,92,92,92,92,92,92,92,92,0,92,92,92,92,92,92,0,92,92,92,92,92,92,92,92,92,92,92,92,92,92,92,92,92,0,0,0,0,0,0,0,92,92,92,92,92,0,0,0,1,1,1,1,1,1,1,2,4,4,4,4,4,4,4,4,4,4,4,6,82,6,6,6,6,6,6,6,6,6,6,6,6,6,6,6,6,6,2,1,1,1,1,1,1,1,1,1,1,1,0,0,92,92,0,0,92,92,92,92,92,92,92,92,92,92,92,0,0,92,92,92,92,92,92,92,92,92,0,92,92,92,92,92,92,92,92,92,92,92,92,92,92,92,92,92,92,92,0,0,1,1,1,1,1,1,1,1,1,12,11,11,11,11,11,10,10,10,10,10,42,9,9,9,9,9,2,34,34,9,9,9,9,9,9,9,34,34,34,9,9,9,9,9,34,34,34,34,34,34,9,9,52,9,9,9,9,52,52,9,34,34,9,9,9,9,9,9,9,9,9,9,9,9,9,9,9,9,67,82,9,67,9,9,9,9,82,34,34,34,9,9,9,9,34,34,34,9,34,9,34,34,34,34,6,6,6,6,6,6,6,6,6,6,6,2,6,6,6,6,6,6,6,6,6,6,6,6,6,6,6,6,82,82,6,6,6,6,6,6,2,2,23,23,23,2,2,6,6,6,6,6,6,6,6,6,6,6,6,6,6,4,4,4,4,4,4,4,4,4,4,4,4,4,4,4,4,4,57,4,4,4,6,6,42,6,57,6,6,6,6,6,6,6,6,6,6,6,6,6,6,6,6,6,6,6,6,6,6,6,2,6,6,6,6,88,6,6,6,6,6,6,6,6,6,42,42,6,6,6,6,6,6,23,6,6,6,6,6,6,6,6,6,6,6,6,6,6,6,6,6,6,6,6,2,2,6,6,6,89,1,1,1,1,1,0,0,92,92,92,0,0,92,92,92,92
92,92,92,92,92,92,92,92,92,92,92,92,92,92,92,92,0,92,92,92,92,92,92,92,92,92,92,92,92,92,92,92,92,92,0,0,0,92,92,0,0,92,92,92,92,0,92,92,92,92,92,92,92,92,92,92,92,92,92,92,92,92,0,92,92,92,92,92,92,92,92,92,92,92,92,92,92,92,92,92,92,0,0,0,0,92,0,0,92,92,92,92,0,92,0,1,1,1,1,1,1,1,1,2,7,4,4,4,4,6,6,6,82,82,6,6,82,82,6,6,6,6,6,6,6,6,6,6,6,6,6,6,6,6,2,1,1,1,1,1,1,1,1,1,1,0,0,92,92,0,92,92,0,0,92,92,92,92,92,92,92,92,92,0,0,92,92,92,92,92,0,92,92,92,0,92,92,92,0,0,92,92,92,92,92,92,92,92,92,92,92,92,0,0,0,1,1,1,1,1,1,1,1,1,86,83,83,11,11,11,11,10,10,10,10,10,10,9,9,9,9,9,9,34,9,9,9,9,9,9,9,9,9,9,9,9,9,9,9,9,9,9,34,34,34,34,34,34,9,9,9,9,9,9,9,34,34,34,9,67,67,9,9,9,9,9,9,9,9,9,9,9,9,9,9,9,67,67,67,9,9,34,34,34,34,34,9,9,9,9,34,34,34,9,34,9,9,9,34,34,34,34,82,6,6,6,6,6,2,6,6,2,2,2,6,6,6,6,6,6,6,6,82,82,6,6,6,6,6,6,6,6,6,6,6,6,6,6,6,57,57,6,2,23,23,23,6,2,2,6,6,6,6,6,6,6,6,6,6,6,6,6,6,6,6,6,6,6,6,6,6,6,6,57,57,6,6,6,6,6,42,6,6,6,6,6,6,42,42,42,6,6,6,6,6,6,6,6,42,6,6,6,6,6,6,6,88,88,88,88,88,88,88,6,6,6,6,6,6,6,6,6,6,6,6,6,6,6,6,6,6,6,6,6,6,6,6,6,6,6,6,6,6,6,6,6,6,6,6,6,6,6,101,6,2,89,1,1,1,1,1,0,0,92,92,92,0,0,92,92,92,92
92,92,92,92,92,92,92,92,92,92,92,92,92,92,92,0,92,92,92,92,92,92,92,92,92,92,92,92,0,92,92,0,0,0,0,0,0,92,0,0,92,92,92,0,0,0,92,92,92,92,92,92,92,92,92,92,0,92,92,92,92,92,92,92,92,92,92,92,92,0,92,92,92,92,92,92,92,92,92,92,92,92,0,0,0,92,0,92,92,92,92,92,92,0,0,1,1,1,1,1,1,1,1,2,7,6,6,6,6,6,6,6,82,6,6,6,6,6,6,6,6,6,6,6,6,6,6,6,6,6,6,6,6,6,2,1,1,1,1,1,1,1,1,1,0,0,92,92,92,92,92,92,0,92,92,92,92,92,92,92,92,92,92,92,92,0,92,92,92,92,92,92,0,0,0,0,92,92,92,0,92,92,92,92,92,92,92,92,92,92,92,92,0,0,0,1,1,1,1,1,1,1,1,1,2,12,11,11,11,11,10,10,10,52,52,10,9,9,9,9,9,9,9,9,9,9,9,34,34,9,9,9,82,9,9,9,9,9,9,9,9,9,34,34,34,34,34,34,34,34,9,9,9,9,9,34,34,51,9,67,67,9,9,9,9,9,9,9,9,9,9,9,9,9,9,67,9,9,9,9,9,34,34,34,34,9,34,34,34,9,34,34,34,34,34,9,9,9,9,9,9,82,82,9,9,6,6,6,2,6,6,6,2,2,2,2,2,6,6,6,6,6,82,6,6,6,6,6,57,57,57,6,6,6,6,6,6,6,6,6,57,6,6,6,6,6,6,6,6,6,6,6,6,6,6,6,6,6,6,6,6,6,6,6,6,6,6,6,42,42,6,6,6,6,82,6,6,6,6,6,42,6,6,6,6,6,6,6,6,6,6,6,6,6,6,6,6,42,42,6,6,6,6,6,6,82,82,6,6,6,6,6,6,6,6,6,82,82,82,6,6,6,6,6,6,6,6,6,82,6,6,6,6,6,6,6,6,57,57,57,6,2,2,6,6,6,6,6,6,6,6,6,6,88,2,89,1,1,1,1,1,0,0,92,92,92,0,0,0,92,92,92
92,92,92,92,92,92,92,92,92,92,92,0,92,92,92,0,92,92,92,92,92,0,92,92,92,92,92,92,92,92,92,92,92,92,0,0,0,92,0,92,92,0,92,0,0,92,92,92,0,92,92,92,92,92,92,92,0,92,92,92,92,92,92,92,0,0,92,92,92,92,92,92,92,92,92,92,92,92,92,0,0,92,92,92,0,92,92,92,92,92,92,92,92,0,1,1,1,1,1,1,1,1,1,8,7,7,6,6,6,6,6,6,6,6,6,6,6,6,6,6,6,6,6,6,6,6,6,6,6,6,6,6,6,6,2,1,1,1,1,1,1,1,1,0,0,0,92,92,92,92,92,0,0,92,92,0,0,92,92,92,92,92,0,0,0,0,0,92,0,92,0,92,92,0,92,0,92,92,92,0,92,92,92,0,0,92,92,92,92,92,92,0,0,0,1,1,1,1,1,1,1,1,1,1,12,12,11,11,11,11,10,10,42,42,10,10,10,34,34,34,67,67,67,9,34,34,34,34,34,9,9,9,9,9,9,9,9,9,9,9,9,9,34,9,34,34,34,34,9,34,34,34,34,34,9,34,51,51,9,34,9,9,9,9,9,9,9,9,9,9,9,9,9,34,9,67,67,67,9,9,9,9,34,9,9,9,9,34,34,9,9,9,9,34,34,9,9,9,82,9,9,9,9,9,9,9,9,6,2,6,6,6,6,6,6,6,2,2,6,6,6,6,6,6,6,6,6,6,6,6,6,6,6,6,6,6,6,6,6,6,6,6,6,6,6,6,6,23,6,6,6,6,6,6,6,6,6,6,6,6,6,6,6,6,6,6,6,6,42,6,6,6,6,6,82,82,2,6,6,6,6,6,6,6,6,6,6,6,6,6,6,6,6,6,6,6,6,6,6,6,6,6,6,6,6,6,82,6,6,6,6,6,6,6,6,6,6,6,6,6,6,6,6,6,6,6,6,6,82,82,6,6,6,6,6,6,6,51,9,34,34,34,2,23,9,9,9,9,9,9,2,10,86,86,86,89,1,1,1,1,1,0,0,92,92,92,92,92,92,92,92,92
92,92,92,92,92,92,92,92,92,0,92,92,92,92,92,0,92,0,92,92,92,92,92,92,92,92,92,92,92,92,92,92,92,92,92,92,0,0,0,92,92,0,92,0,0,92,92,92,92,92,0,92,92,92,92,0,0,0,92,92,0,92,92,92,92,92,92,92,92,92,92,0,92,92,92,92,92,92,92,0,0,92,92,92,92,92,92,92,92,92,92,92,92,0,1,1,1,1,1,1,1,1,2,8,8,2,7,6,6,6,6,6,6,6,6,6,82,82,42,42,42,6,6,6,6,6,6,6,6,6,6,6,6,6,1,1,1,1,1,1,1,1,0,0,0,0,92,92,0,92,92,0,92,92,92,0,0,92,92,92,92,92,0,0,0,92,92,92,92,92,92,92,0,0,92,92,92,92,92,92,92,92,92,0,0,92,92,92,92,92,0,0,0,1,1,1,1,1,1,1,1,1,1,2,105,12,11,11,11,11,10,10,42,10,10,67,10,34,34,9,9,67,9,9,9,34,9,34,34,34,34,34,34,34,34,9,9,9,9,9,9,9,34,34,34,34,34,34,52,34,34,34,34,34,34,9,9,9,34,34,34,9,9,9,9,9,9,9,9,9,34,34,34,34,34,9,9,34,9,9,9,34,9,34,9,9,34,34,34,9,9,9,9,34,9,9,9,9,82,82,34,34,34,9,9,9,9,9,2,2,6,6,6,6,6,6,6,6,6,6,6,6,6,6,6,6,6,6,6,6,6,6,6,6,6,6,6,6,6,6,6,6,6,6,6,6,6,23,23,6,6,6,6,6,6,6,6,6,6,6,6,6,6,6,6,6,6,6,6,6,6,6,2,2,6,6,6,6,6,6,6,6,6,6,6,42,6,6,6,57,6,6,6,6,6,82,82,82,6,6,42,42,42,6,6,6,6,6,2,2,2,2,6,6,100,100,6,6,6,6,6,6,6,6,34,34,9,34,34,2,9,2,9,9,82,9,51,51,34,34,34,34,34,86,9,9,9,9,9,9,9,2,2,10,69,89,1,1,1,1,1,0,0,92,92,92,92,92,92,92,92,92
0,92,92,92,92,92,92,92,92,92,92,92,92,92,0,0,92,92,92,92,92,92,92,92,92,92,92,92,92,92,0,92,92,92,92,92,92,0,92,92,92,92,92,0,0,92,92,92,92,92,0,92,92,92,92,92,0,0,92,92,92,92,92,92,92,92,92,92,92,92,0,0,0,0,92,92,92,92,92,92,0,92,92,92,92,92,92,92,92,92,92,92,0,0,1,1,1,1,1,1,1,1,8,8,7,2,7,6,6,6,6,6,6,6,6,6,6,82,6,6,6,6,6,6,6,6,6,6,6,6,6,6,6,2,1,1,1,1,1,1,1,0,0,0,0,0,92,92,92,92,92,92,92,92,92,92,0,92,92,92,92,92,0,0,92,92,92,92,92,92,92,92,0,0,92,92,92,92,92,0,92,92,92,0,92,92,92,92,0,0,0,1,1,1,1,1,1,1,1,1,1,1,1,12,105,105,11,11,11,10,10,10,10,10,67,67,34,34,34,9,9,9,34,9,9,9,9,34,34,34,34,9,9,34,34,9,9,34,9,9,9,9,9,9,34,34,34,34,34,34,9,34,9,51,51,51,9,34,34,34,9,9,9,9,9,9,9,51,51,9,2,34,34,9,9,34,34,34,34,34,34,34,34,34,34,9,9,9,9,9,9,9,9,9,9,9,9,9,9,34,34,34,9,9,9,9,9,9,2,2,2,9,6,6,6,6,6,6,6,6,6,6,6,6,6,6,6,6,6,6,6,6,6,6,6,6,6,6,6,6,6,6,6,6,6,6,6,6,2,2,6,6,82,6,6,6,6,6,6,6,6,6,6,6,6,6,6,6,6,6,6,6,6,2,6,6,2,6,6,6,6,6,2,6,6,42,6,6,57,57,6,6,6,6,6,6,6,6,6,6,6,6,6,6,6,6,6,6,6,6,6,6,6,6,6,100,2,6,6,9,51,51,34,34,34,34,34,34,34,2,2,9,9,82,82,9,9,51,34,34,34,34,34,86,86,9,34,34,9,9,9,10,10,69,69,89,1,1,1,1,1,0,0,92,92,92,92,92,92,92,92,92
92,92,92,92,92,92,92,92,92,92,92,92,92,92,0,0,92,92,92,92,92,92,92,92,92,92,92,92,92,92,92,92,0,92,92,92,0,0,92,92,92,92,92,92,92,92,92,92,92,92,0,92,92,92,92,92,92,92,0,0,0,92,92,92,92,92,92,92,92,92,0,0,92,92,92,92,92,92,92,92,92,92,92,92,92,0,0,92,92,92,92,92,0,0,1,1,1,1,1,1,1,1,8,7,7,7,6,6,6,6,6,6,6,6,6,6,6,6,6,6,42,6,6,6,6,6,6,6,6,6,6,6,2,1,1,1,1,1,1,1,1,0,92,92,0,92,92,0,92,92,92,92,92,92,92,0,0,0,92,92,92,92,92,92,92,92,92,92,0,92,92,92,0,92,92,92,0,92,92,92,92,92,92,92,0,0,0,0,0,1,1,1,1,1,1,1,1,1,1,1,1,1,2,12,105,105,11,11,11,10,10,10,10,10,10,67,10,9,9,9,9,34,34,34,9,9,9,9,9,9,9,9,9,9,9,9,9,34,34,9,9,9,9,34,9,34,34,34,9,34,9,9,51,51,51,9,34,9,9,34,9,9,9,9,9,9,9,9,51,51,51,23,9,9,9,9,9,34,34,2,2,2,34,34,9,9,9,9,9,9,9,9,9,9,9,9,9,34,34,34,34,9,9,9,9,9,9,9,9,9,9,9,9,9,9,6,6,6,6,6,6,6,6,6,6,6,6,6,6,6,6,6,6,6,6,6,6,6,6,6,6,6,6,6,6,6,6,6,6,2,6,82,82,6,6,6,6,6,6,6,6,6,6,6,6,6,6,6,6,6,6,6,6,6,6,6,6,2,6,6,6,6,87,6,6,6,6,6,6,6,6,6,6,6,6,6,6,6,6,6,6,6,6,6,6,6,6,6,6,6,6,6,34,34,9,9,9,9,2,51,51,51,51,9,9,9,34,34,9,2,9,9,9,34,34,9,9,9,34,34,34,34,9,86,86,34,34,34,34,9,9,10,10,69,69,89,1,1,1,1,1,0,0,92,92,92,92,92,92,92,92,92
92,92,92,92,92,92,92,92,92,92,92,92,92,92,92,92,92,92,92,0,92,92,92,92,0,92,92,92,92,92,92,92,92,92,92,92,92,92,92,92,92,0,92,0,0,92,92,92,92,92,92,92,0,0,92,92,92,92,92,0,0,92,92,92,92,92,92,92,0,0,0,0,0,0,92,92,92,92,92,92,92,92,92,92,92,92,92,92,92,92,92,92,0,1,1,1,1,1,1,1,1,2,2,7,6,6,2,6,6,6,6,6,6,6,6,6,6,6,6,6,42,6,6,6,6,6,6,6,6,6,6,6,89,1,1,1,1,1,1,1,1,0,92,92,92,92,92,92,92,92,92,92,92,92,0,0,0,92,92,92,0,92,0,92,92,92,92,92,92,92,92,92,0,0,92,92,92,92,92,92,92,92,92,0,0,0,0,1,1,1,1,1,1,1,1,1,1,1,1,1,1,2,12,105,105,105,11,11,10,10,42,42,10,10,10,10,9,9,9,9,34,34,34,9,9,9,9,9,9,9,34,9,9,9,9,34,34,34,34,34,9,9,9,34,34,34,34,9,9,34,34,9,9,9,9,34,34,34,34,9,9,9,9,9,9,2,9,9,2,51,23,23,23,9,9,9,9,34,34,34,2,23,86,2,2,2,34,34,23,9,9,9,9,34,9,9,9,34,34,34,34,9,9,9,9,9,9,9,9,9,9,9,9,9,9,9,9,9,6,6,6,6,6,6,6,6,6,6,6,6,6,6,6,6,6,6,6,6,6,6,6,6,6,6,6,6,6,6,6,87,2,6,6,6,6,6,6,6,6,6,6,6,6,6,6,6,6,6,6,6,6,6,6,6,6,6,6,2,6,6,6,6,87,6,6,6,6,82,82,6,6,6,42,6,6,6,82,6,6,6,6,6,6,6,6,6,6,6,34,67,67,9,34,34,34,34,34,34,9,2,2,2,2,2,2,2,2,9,9,2,9,9,9,34,34,34,34,9,51,34,34,34,34,34,9,88,34,34,9,10,10,10,10,2,2,89,1,1,1,1,1,0,0,92,92,92,92,92,92,92,92,92
92,92,92,0,0,92,92,92,92,92,92,92,92,92,92,92,92,92,92,92,92,92,92,0,92,92,0,92,92,92,92,92,92,92,92,92,92,92,92,92,92,92,0,0,92,92,92,92,92,92,92,92,92,92,92,92,92,92,0,0,0,0,92,92,92,92,92,0,0,0,92,92,92,92,0,92,92,92,92,92,92,0,0,92,92,92,92,92,92,92,92,0,0,1,1,1,1,1,1,1,1,2,7,7,6,6,6,6,6,6,6,6,6,6,6,6,6,6,6,6,42,6,6,6,6,6,6,6,6,6,6,2,1,1,1,1,1,1,1,1,0,0,92,92,92,92,92,92,92,0,92,92,0,0,92,92,0,0,0,92,92,92,92,92,92,92,92,92,92,92,92,92,0,92,92,92,92,92,92,92,92,92,0,0,1,1,1,1,1,1,1,1,1,1,1,1,1,1,1,89,89,2,12,12,11,11,2,23,10,10,42,10,10,10,10,67,67,9,9,9,9,9,34,9,9,9,9,9,34,34,34,34,9,34,34,34,34,9,34,34,9,9,9,9,34,34,34,34,34,34,34,34,9,9,34,34,34,9,9,34,34,34,34,34,34,9,9,9,2,2,23,23,23,2,2,2,23,23,34,23,23,23,86,86,86,34,34,34,34,34,34,34,34,34,9,9,9,9,34,34,9,9,9,9,9,9,9,9,9,9,9,9,9,9,9,9,9,34,34,34,6,6,6,6,6,6,6,6,6,6,6,6,6,6,6,6,6,6,6,6,6,6,6,6,6,6,6,6,6,87,87,87,6,6,6,6,6,6,6,6,6,6,6,6,6,6,6,6,6,6,6,6,6,6,6,6,6,2,2,6,6,6,88,6,6,6,6,6,82,6,6,6,42,6,6,6,82,6,6,6,6,6,6,51,51,51,9,34,34,34,9,9,34,34,9,2,34,34,9,2,2,2,2,2,2,2,2,9,9,9,9,9,9,34,34,9,51,51,51,9,34,34,9,9,9,88,88,9,10,10,10,10,2,2,1,1,1,1,1,1,1,0,0,92,92,92,92,92,92,92,92,92
92,92,0,92,0,0,92,92,92,92,92,0,92,92,92,92,92,92,92,92,92,92,0,0,0,92,0,92,92,92,92,92,92,92,0,0,92,92,92,92,92,0,0,92,92,92,92,92,92,92,92,92,92,92,92,92,92,92,0,0,0,92,92,92,92,92,92,92,0,0,92,92,92,0,92,92,92,92,92,92,0,92,92,92,92,92,92,92,0,92,92,92,0,1,1,1,1,1,1,1,2,7,7,6,6,6,6,6,6,6,6,6,6,6,6,6,6,6,6,6,6,6,6,6,6,6,6,6,6,7,2,89,1,1,1,1,1,1,1,1,0,0,0,0,92,92,92,92,92,0,0,0,92,92,92,92,92,92,92,92,92,92,92,92,92,0,92,92,92,92,92,0,92,92,92,92,92,92,92,92,0,0,0,1,1,1,1,1,1,1,1,1,1,1,1,1,1,1,89,89,89,12,12,12,2,2,2,23,10,10,52,52,10,10,10,10,67,9,9,9,9,9,9,9,9,9,9,9,34,34,34,34,34,34,34,34,9,9,9,9,9,9,9,9,34,34,34,9,9,34,34,9,9,34,34,34,34,34,34,34,34,34,34,34,9,9,9,9,9,34,51,51,51,51,2,9,34,34,34,34,23,23,86,86,86,86,9,34,9,9,34,34,34,9,9,9,9,34,34,9,9,9,9,9,9,9,9,9,9,9,9,9,9,9,9,9,34,34,34,34,34,9,9,6,6,6,6,6,6,6,6,6,6,6,6,6,6,6,6,6,6,6,6,6,6,6,6,6,6,87,87,6,2,2,6,6,6,6,6,6,6,6,6,6,6,6,6,6,6,6,6,6,6,6,6,6,6,6,2,2,6,6,88,6,6,6,6,6,6,6,6,6,42,6,6,6,82,6,6,34,9,34,9,51,9,34,34,34,34,34,9,9,34,34,34,9,34,34,9,9,9,9,9,2,2,2,2,2,9,9,9,9,34,34,9,9,51,51,51,9,9,9,9,9,9,9,2,2,10,10,2,2,2,1,1,1,1,1,1,1,1,0,0,92,92,92,92,92,92,92,92,92
0,92,92,92,92,92,92,0,0,92,0,0,92,92,0,92,92,92,92,92,0,0,0,0,0,92,0,92,0,92,0,92,92,92,92,0,0,92,92,0,0,0,0,0,0,0,92,92,92,92,92,92,92,92,92,92,92,92,0,0,92,0,92,92,92,92,92,0,0,92,92,92,92,92,0,0,92,92,92,92,92,92,92,92,92,92,0,92,0,0,0,0,0,1,1,1,1,1,1,1,7,7,7,6,6,6,6,6,6,6,6,6,6,6,6,6,6,6,6,6,6,6,6,6,6,6,6,6,6,7,1,1,1,1,1,1,1,1,1,1,0,0,0,0,0,0,92,92,92,0,0,0,92,92,92,92,92,92,92,92,0,92,92,0,0,0,0,92,92,92,92,92,92,92,92,92,92,0,0,0,0,0,1,1,1,1,1,1,1,1,1,1,1,1,1,1,1,89,89,89,2,12,12,2,2,11,2,11,11,10,10,10,10,10,10,10,67,67,67,9,9,9,9,9,9,9,9,9,34,9,9,9,83,34,9,9,9,9,9,9,9,9,34,34,9,34,9,9,9,9,34,34,34,9,34,34,34,9,9,9,34,34,34,34,9,23,23,9,9,34,34,34,34,9,9,9,9,34,34,34,34,9,2,86,86,86,86,86,86,88,88,88,88,9,9,9,9,34,34,9,9,9,9,9,9,9,9,9,9,9,9,9,9,9,9,34,34,34,34,34,34,34,34,34,34,34,6,6,6,6,6,6,6,6,6,6,6,6,6,6,6,42,6,6,6,6,42,42,42,87,6,6,6,2,2,2,6,6,6,6,6,6,6,6,6,6,6,6,6,6,6,6,6,6,6,6,6,42,6,2,6,6,88,6,6,6,6,6,6,6,6,6,6,6,9,9,9,9,34,34,34,34,34,34,34,34,34,34,34,34,9,9,34,34,34,34,34,34,34,9,9,9,9,9,51,51,9,2,9,86,9,9,9,9,9,9,51,51,9,34,34,34,88,88,9,9,10,10,2,2,2,2,1,1,1,1,1,55,55,55,55,0,0,92,92,92,92,92,92,92,92,92
92,92,92,92,0,0,92,92,0,0,0,0,0,0,0,0,0,0,0,0,0,0,0,0,92,92,0,0,0,0,92,92,92,92,0,0,0,92,92,0,92,0,0,0,0,0,92,92,92,92,0,92,92,0,92,92,92,92,0,92,92,92,92,92,92,92,92,0,92,92,92,92,92,92,92,92,92,92,92,92,92,92,92,92,92,92,92,92,92,0,0,0,0,1,1,1,1,1,1,1,7,7,7,6,6,6,6,6,6,6,6,6,6,82,82,6,6,6,6,6,6,6,6,6,6,6,6,6,7,2,1,1,1,1,1,1,1,1,1,0,0,0,0,0,0,0,92,92,92,92,92,0,92,92,92,92,92,92,92,0,92,92,92,92,92,0,0,0,0,0,92,0,0,0,0,0,0,0,0,0,1,1,1,1,1,1,1,1,1,1,1,1,1,1,1,1,89,89,26,26,12,12,2,88,12,26,26,11,11,11,10,10,10,10,10,10,10,67,67,9,9,9,9,10,10,10,9,9,9,9,67,67,83,86,23,23,23,9,9,9,9,9,9,9,9,9,9,9,9,34,34,34,34,9,34,34,9,9,9,9,34,9,34,9,23,23,34,34,34,34,34,34,34,9,9,9,9,9,9,9,9,9,82,82,82,9,9,9,86,2,88,88,2,88,9,9,9,9,34,9,9,9,9,9,9,9,9,9,9,9,9,9,9,9,9,34,34,34,34,34,34,34,34,34,9,9,9,9,9,9,6,6,6,6,6,6,6,6,6,6,82,42,42,6,6,6,6,6,6,87,6,6,6,6,2,2,2,6,6,6,6,6,6,6,6,6,6,6,6,6,6,6,6,6,6,6,42,42,6,2,6,6,2,6,6,6,6,6,6,82,51,51,9,34,34,88,9,34,34,9,9,34,34,9,9,34,34,34,34,34,34,9,9,34,34,9,9,34,34,9,9,9,51,51,51,51,9,9,9,9,9,9,9,9,9,9,9,51,9,34,34,2,2,2,2,10,10,10,2,2,2,1,1,1,1,1,1,1,1,1,1,0,0,92,92,92,92,92,92,92,0,92
92,92,92,92,92,92,92,0,0,1,1,1,1,1,1,1,1,1,1,1,1,0,0,92,92,92,0,0,0,92,92,92,92,92,0,0,92,92,92,92,92,92,0,0,0,0,92,92,92,92,92,92,92,0,92,92,92,0,92,92,92,92,92,92,92,92,92,92,92,92,92,92,0,0,92,92,92,92,92,0,0,0,92,92,92,0,92,0,92,92,92,0,0,1,1,1,1,1,1,2,7,7,7,6,6,6,6,6,6,6,6,6,6,82,6,6,6,6,6,6,6,6,6,6,6,6,6,6,7,1,1,1,1,1,1,1,1,1,0,0,0,0,0,0,0,0,92,92,92,0,0,92,92,92,92,92,92,92,92,92,92,92,92,92,92,0,0,0,0,0,0,92,0,0,0,0,0,1,1,1,1,1,1,1,1,1,1,1,1,1,1,1,1,89,89,1,12,12,26,26,12,12,12,88,88,26,26,26,11,11,10,10,10,10,10,10,10,10,10,9,9,9,10,10,10,42,10,10,9,9,9,34,88,86,34,34,34,34,9,9,9,9,9,9,9,83,83,9,9,9,9,9,34,9,57,83,83,9,34,34,34,34,34,57,23,9,34,34,34,9,9,34,34,9,9,9,9,9,34,34,34,9,9,9,9,9,9,9,9,9,2,2,2,88,88,88,2,9,9,9,9,9,9,9,9,9,9,9,9,9,9,9,9,9,34,34,34,9,9,34,34,9,34,34,34,34,9,9,9,34,34,34,34,34,6,6,6,6,6,6,82,6,6,6,6,6,6,6,6,2,6,6,6,6,6,2,2,2,6,6,6,6,6,6,6,6,6,6,6,6,6,6,6,6,6,6,6,6,6,2,6,6,6,6,6,9,9,9,9,82,51,51,34,34,34,88,88,34,9,9,9,9,9,34,34,34,34,34,34,9,9,9,9,9,9,9,9,34,9,9,9,9,9,34,34,9,9,9,9,9,9,9,9,9,9,9,9,51,51,9,9,10,10,10,10,2,11,11,2,2,2,1,1,1,1,1,1,1,1,1,1,0,0,92,92,92,92,0,0,0,0,92
92,92,92,92,92,92,0,0,1,1,1,1,1,1,1,1,1,1,1,1,1,1,0,0,92,92,0,92,92,92,92,92,92,92,0,92,92,92,92,92,92,92,0,0,0,0,92,92,92,92,92,92,92,92,92,92,92,0,92,92,92,0,0,0,92,92,92,92,92,92,92,92,0,92,92,92,92,92,92,92,0,0,92,92,92,92,92,92,92,0,0,0,1,1,1,1,1,1,1,2,7,7,7,6,6,6,6,6,6,6,6,42,6,6,6,6,6,6,6,6,6,42,42,6,6,6,6,7,2,1,1,1,1,1,1,1,1,1,0,0,0,0,0,0,0,92,92,92,92,0,0,92,92,92,92,92,92,92,92,92,92,92,92,92,0,0,0,0,0,0,0,0,0,0,1,1,1,1,1,1,1,1,1,1,1,1,1,1,1,1,1,1,1,1,12,12,12,12,26,26,12,12,12,88,88,26,12,11,11,11,11,10,10,10,10,10,10,10,10,10,10,52,10,10,10,42,42,10,10,34,34,34,88,34,34,34,34,34,9,9,9,9,9,9,9,9,9,9,9,34,34,34,34,82,57,34,9,9,9,34,34,9,9,57,2,34,34,9,9,9,34,34,9,9,9,9,34,9,9,34,34,9,9,9,9,9,9,9,9,34,9,9,9,9,9,9,9,9,9,9,9,9,9,9,9,9,9,9,9,9,9,9,34,34,34,34,9,9,9,9,67,67,9,34,34,34,34,9,9,34,34,9,34,9,9,9,9,6,6,6,6,6,6,6,42,6,6,6,6,2,6,6,6,6,6,6,6,6,6,6,6,6,6,6,6,6,6,6,6,6,6,6,6,6,6,6,6,6,6,6,6,9,2,9,2,34,34,34,34,34,34,34,34,34,34,82,88,34,34,34,34,34,9,34,34,34,9,9,9,9,9,9,9,9,9,9,34,34,9,9,9,9,9,34,34,34,34,9,9,2,9,9,67,67,9,9,9,9,10,10,10,10,10,10,10,11,2,2,2,1,1,1,1,1,1,1,1,1,1,1,1,0,0,0,92,92,92,92,92,92,92,92
0,92,92,92,92,0,0,1,1,1,1,1,1,1,1,1,1,1,1,1,1,1,0,0,0,92,92,92,92,92,92,92,92,92,92,92,0,92,92,92,92,92,0,92,0,0,92,92,92,0,92,92,92,92,92,92,92,92,92,92,92,0,0,0,0,92,0,92,0,0,92,0,0,92,92,92,92,92,92,92,92,0,92,0,0,0,0,0,0,0,0,1,1,1,1,1,1,1,1,7,7,7,6,6,6,6,6,6,6,6,42,42,6,6,6,6,6,6,6,6,6,6,42,6,6,6,7,7,1,1,1,1,1,1,1,1,1,0,0,0,92,92,0,0,0,92,92,92,92,92,92,92,92,92,92,92,92,92,92,0,92,92,92,92,0,0,0,0,0,0,0,1,1,1,1,1,1,1,1,1,1,1,1,1,1,1,1,1,1,89,1,1,2,12,12,12,12,12,12,12,23,23,2,2,2,26,26,26,11,11,10,10,10,10,10,10,10,10,10,10,10,10,10,10,10,10,10,10,10,67,10,86,86,9,34,34,34,67,67,67,9,9,9,9,9,9,9,9,9,9,9,34,9,9,34,34,34,9,9,9,9,9,9,34,34,34,9,9,9,51,51,9,9,9,9,34,34,9,34,34,9,9,9,9,9,9,9,9,34,34,34,34,34,9,9,9,9,9,9,9,9,9,9,9,9,9,9,9,9,9,9,34,34,34,34,34,34,34,34,34,57,82,82,9,34,9,9,9,9,34,34,34,34,9,9,9,9,9,9,9,6,6,6,6,42,6,82,6,6,88,6,6,6,6,6,6,6,6,6,6,6,6,6,6,6,6,6,6,6,6,6,6,6,6,6,6,9,34,34,34,9,9,2,23,34,34,9,34,34,34,34,34,34,34,34,9,2,9,9,9,34,34,9,34,34,34,9,9,9,9,9,9,9,9,9,9,9,34,9,9,9,9,9,34,34,9,51,51,9,9,2,9,67,67,9,9,10,10,10,10,10,10,10,11,11,2,2,2,1,1,1,1,1,1,1,1,1,1,1,1,1,0,0,0,92,92,92,92,92,92,92,92
92,92,92,92,92,0,0,1,1,1,1,1,1,1,1,1,1,1,1,1,1,1,1,0,0,92,92,92,92,92,92,92,92,92,92,92,92,92,92,92,92,92,92,92,0,0,92,92,92,92,92,92,92,92,92,0,92,92,92,92,92,0,0,0,0,92,0,92,92,92,92,92,92,0,92,92,92,92,92,92,92,92,92,0,0,0,0,0,0,0,1,1,1,1,1,1,1,1,1,11,7,7,6,6,6,6,6,6,6,6,6,6,6,6,6,6,6,9,9,9,34,34,10,10,10,7,7,2,1,1,1,1,1,1,1,1,1,0,0,92,92,92,92,0,0,92,92,92,92,92,92,92,92,92,92,92,92,92,92,0,0,0,0,0,0,0,0,0,0,1,1,1,1,1,1,1,1,1,1,1,1,1,1,1,1,1,1,89,89,89,100,2,12,2,12,23,12,12,12,23,23,23,2,2,12,26,26,11,11,11,10,10,10,10,10,52,52,10,10,52,52,10,10,10,10,10,10,10,10,67,67,86,86,86,9,34,34,9,67,9,9,9,9,9,9,9,9,9,9,9,2,2,9,9,34,34,34,86,9,9,9,9,9,34,34,34,9,9,51,51,51,51,9,9,34,34,34,34,9,34,9,9,9,9,34,34,9,9,9,34,34,34,51,51,9,9,9,9,9,9,9,9,9,9,9,9,9,9,9,9,9,34,34,34,34,34,9,9,9,9,9,9,82,9,34,9,9,9,9,9,34,34,9,9,9,9,9,9,9,9,9,9,9,9,9,82,82,6,6,88,6,6,6,6,6,6,6,6,6,6,6,6,6,6,6,6,6,6,6,6,6,6,9,9,9,34,34,34,34,2,9,101,101,34,34,34,9,34,34,34,34,34,34,34,34,9,2,9,34,9,9,9,9,9,9,9,9,9,9,9,9,9,9,9,9,9,9,9,9,9,9,9,34,34,9,34,51,51,51,2,9,34,9,9,9,10,10,10,10,10,10,11,11,2,2,2,1,1,1,1,1,1,1,1,1,1,1,1,1,1,0,0,0,0,92,92,92,92,92,92,92,92
92,92,92,92,0,0,1,1,1,1,1,1,1,1,1,1,1,1,1,1,1,1,1,0,0,0,92,92,92,92,92,92,92,92,92,92,92,92,92,92,92,92,92,92,92,92,92,92,92,92,92,92,92,92,92,0,92,92,92,92,92,0,0,0,0,0,0,92,0,92,92,92,92,92,92,92,92,92,92,92,92,0,0,0,0,0,0,0,0,1,1,1,1,1,1,1,1,1,1,11,11,11,11,10,10,9,9,9,9,9,57,57,57,9,9,34,67,9,9,9,34,34,10,10,10,11,11,1,1,1,1,1,1,1,1,1,0,0,0,92,92,92,92,0,92,92,92,92,92,92,92,0,0,0,0,0,0,0,0,0,0,0,0,0,0,0,0,1,1,1,1,1,1,1,1,1,1,1,1,1,1,1,1,1,1,89,89,1,2,88,100,26,26,12,23,23,88,12,23,23,23,23,2,23,12,26,84,84,11,10,10,10,10,10,10,10,10,10,9,10,10,10,10,10,10,10,10,10,10,67,10,86,86,82,82,34,34,9,9,9,9,9,9,9,9,9,88,23,23,2,2,34,34,9,34,86,86,86,9,9,9,23,23,23,34,9,9,9,9,9,9,9,9,9,34,34,34,9,9,9,9,9,9,34,34,34,34,34,9,9,9,51,51,51,9,9,9,9,9,9,9,9,9,9,9,9,9,9,9,9,34,34,34,34,34,34,9,9,9,9,9,9,9,34,34,9,9,9,9,9,9,9,9,9,34,9,9,9,9,34,34,34,9,9,9,9,9,9,86,88,9,9,6,6,6,6,6,6,6,6,6,6,6,6,6,9,9,9,9,9,9,9,9,9,9,34,34,34,9,2,9,101,101,51,34,9,9,9,34,34,9,34,34,9,9,9,2,34,34,9,9,9,9,9,9,9,83,83,9,9,34,34,9,9,34,34,34,9,9,9,9,34,34,34,34,34,88,88,88,34,34,34,34,10,10,10,11,11,11,11,11,2,2,1,1,1,1,1,1,1,1,1,1,1,1,1,1,1,1,0,0,0,0,92,92,92,0,92,92,92,92,92
92,92,92,92,0,1,1,1,1,1,1,1,1,1,1,1,1,1,1,1,1,1,1,1,0,0,0,92,92,92,92,92,92,92,0,92,92,92,92,92,92,92,0,0,92,92,92,92,92,92,92,92,92,92,92,92,92,92,0,92,0,0,0,0,0,0,92,92,0,92,92,92,92,0,0,0,0,92,92,92,92,92,0,0,0,0,0,1,1,1,1,1,1,1,1,1,1,1,1,11,11,11,11,10,10,9,9,9,9,9,9,9,9,9,9,9,9,9,9,9,9,34,82,82,82,11,2,1,1,1,1,1,1,1,1,1,0,0,92,92,92,92,92,0,92,92,92,92,92,0,0,0,0,1,1,1,1,1,1,1,1,1,1,1,1,1,1,1,1,1,1,1,1,1,1,1,1,1,1,1,1,1,1,89,89,89,89,2,26,26,26,26,26,26,26,11,11,12,12,12,12,23,23,23,11,11,11,107,10,10,10,10,10,52,52,10,10,9,10,10,10,10,67,67,67,67,10,10,10,10,2,2,42,82,10,9,9,9,9,9,9,9,2,2,2,2,88,9,9,9,9,9,34,2,2,9,2,86,86,34,34,9,9,9,9,9,9,9,34,34,9,9,9,34,34,34,34,9,9,9,9,9,9,34,9,34,9,9,34,34,34,9,51,9,9,9,9,9,9,9,9,9,9,9,9,9,9,9,9,9,9,34,9,34,34,34,34,9,9,9,9,9,9,34,34,67,34,34,9,9,9,9,34,34,34,34,34,9,34,34,34,9,9,9,9,9,9,9,86,9,34,34,34,9,9,34,9,9,9,9,9,9,9,9,9,9,9,9,9,9,9,9,9,9,9,9,34,9,9,9,9,51,51,51,51,9,34,34,34,34,34,34,34,34,9,9,86,9,34,34,34,9,9,9,67,67,67,67,9,9,34,9,9,9,34,9,9,9,9,9,88,88,88,88,88,88,88,9,9,34,34,34,10,10,10,11,11,11,2,2,1,1,1,1,1,1,1,1,1,1,1,1,1,1,1,1,1,1,0,0,0,0,92,92,92,92,92,92,92,92,92,92
0,0,92,0,0,1,1,1,1,1,1,1,1,1,2,2,1,1,1,1,1,1,1,1,1,1,0,0,0,0,92,92,0,92,92,92,92,92,92,92,92,92,0,0,92,92,92,0,92,92,92,92,92,92,92,92,92,92,92,0,0,0,0,0,0,0,0,0,0,0,0,0,0,0,0,0,0,0,0,0,0,0,0,0,0,1,1,1,1,1,1,1,1,1,1,1,1,1,2,11,11,11,11,10,10,9,9,9,9,9,9,9,9,9,9,9,9,9,9,9,9,10,10,10,11,11,2,1,1,1,1,1,1,1,1,1,0,0,92,92,0,0,0,0,0,0,0,0,0,0,0,1,1,1,1,1,1,1,1,1,1,1,1,1,1,1,1,1,1,1,1,1,1,1,1,1,1,1,1,1,1,1,1,1,2,2,2,12,11,11,26,107,105,105,11,11,11,11,11,11,12,12,12,2,2,11,11,10,10,10,10,10,10,10,10,10,9,10,10,10,10,10,10,2,10,10,10,10,10,2,10,42,42,10,10,67,10,9,52,52,2,2,2,9,9,2,9,9,9,9,9,9,9,2,9,9,9,23,34,34,34,34,34,9,9,9,9,34,34,34,34,34,2,9,34,34,34,9,9,9,9,51,34,34,34,34,9,34,34,34,9,9,9,9,9,9,9,9,9,9,9,9,9,9,9,9,9,9,9,9,9,34,9,9,9,34,9,9,34,9,9,34,9,9,34,34,34,34,34,9,9,9,9,34,34,9,9,9,9,34,34,9,9,9,34,34,34,9,23,9,9,34,34,34,34,34,34,34,34,34,34,9,9,9,9,9,9,9,9,9,9,9,9,67,9,9,9,9,9,23,9,2,9,51,9,9,34,34,34,9,9,34,34,34,9,9,2,34,34,9,9,9,9,9,9,34,9,34,9,9,34,34,9,34,34,9,2,2,2,2,88,34,34,34,34,34,34,67,9,9,34,10,10,10,11,11,2,2,1,1,1,1,1,1,1,1,1,1,1,1,1,1,1,1,1,1,1,0,0,92,92,0,92,0,92,92,92,92,92,0,0,0
92,0,0,0,0,1,1,1,1,1,1,1,1,2,11,11,2,1,1,1,1,1,1,1,1,1,1,1,0,0,0,0,0,0,0,0,0,0,0,0,0,0,0,0,0,0,0,0,0,0,0,0,0,0,0,0,0,0,0,0,0,0,0,1,1,1,1,1,1,1,1,1,1,1,1,1,1,1,1,1,1,1,1,1,1,1,1,1,1,1,1,1,1,1,1,1,1,2,11,11,11,11,10,10,9,9,9,9,9,9,9,9,9,9,9,9,9,9,9,9,9,10,10,11,11,11,89,1,1,1,1,1,1,1,1,1,1,0,0,92,92,92,92,0,0,0,0,0,1,1,1,1,1,1,1,1,1,1,1,1,1,1,1,1,1,1,1,1,1,1,1,1,1,1,1,1,89,1,1,2,2,12,2,12,12,11,11,11,11,11,11,11,11,11,11,11,11,11,11,11,11,11,11,11,11,11,10,10,10,10,10,10,10,10,10,9,10,10,10,10,10,10,10,88,11,11,10,10,2,10,10,10,10,10,67,67,67,86,86,2,2,34,9,9,9,9,86,9,9,9,9,9,9,9,2,51,23,23,23,34,34,51,51,51,9,9,9,23,9,34,9,2,34,34,34,34,86,86,86,88,88,88,88,88,2,86,86,86,34,57,9,9,9,9,9,9,9,9,9,9,9,9,9,9,9,9,9,9,9,9,9,9,9,9,34,34,34,34,34,34,34,34,9,34,34,34,34,34,34,9,9,9,9,34,9,9,9,9,9,67,67,67,67,9,83,34,34,9,23,9,9,34,34,9,9,34,34,9,34,34,34,34,9,9,9,9,9,9,9,9,9,9,9,67,67,67,9,9,9,9,23,9,9,9,34,34,34,34,34,9,9,9,9,9,9,2,2,51,51,9,9,9,9,9,34,34,34,34,34,34,34,34,2,2,2,2,9,9,9,9,9,9,9,34,34,10,67,67,9,9,10,10,11,11,11,2,2,1,1,1,1,1,1,1,1,1,1,1,1,1,1,1,1,1,1,1,0,0,92,92,92,92,92,92,0,0,92,92,0,0,0,0
92,0,0,0,0,1,1,1,1,1,1,1,1,11,11,11,11,1,1,1,1,1,1,1,1,1,1,1,1,1,0,0,0,1,1,1,1,1,1,1,1,1,1,1,1,1,1,1,1,1,1,1,1,1,1,1,1,1,1,1,1,1,1,1,1,1,1,1,1,1,1,1,1,1,1,1,1,1,1,1,1,1,1,1,1,1,1,1,1,1,1,1,1,1,1,1,2,11,11,11,11,10,10,10,9,9,9,9,9,9,9,9,9,9,9,9,9,9,9,9,9,10,10,11,11,11,89,89,1,1,1,1,1,1,1,1,1,0,0,0,0,0,0,0,1,1,1,1,1,1,1,1,1,1,1,1,1,1,1,1,1,1,1,1,1,1,1,1,1,1,1,1,1,1,1,1,2,11,11,11,11,11,11,11,11,11,11,11,84,84,11,11,11,11,11,11,11,11,11,23,2,11,11,11,11,82,82,10,10,10,10,10,10,10,9,10,10,10,10,10,10,10,10,2,11,11,11,88,88,88,10,2,2,2,2,2,2,2,10,10,10,10,9,9,9,9,9,34,9,9,9,9,9,9,9,51,51,67,9,9,9,9,51,9,9,9,9,9,23,23,23,34,34,34,86,86,86,9,9,9,34,34,34,9,9,9,86,86,88,86,86,86,2,9,9,9,9,9,9,9,9,9,9,9,9,9,9,9,51,51,9,9,9,34,34,34,34,9,34,34,34,34,9,9,9,34,34,34,34,34,9,9,9,34,34,34,9,9,9,9,34,34,67,67,34,34,34,9,34,9,9,9,34,51,51,51,9,82,82,34,34,34,9,9,9,9,9,9,9,9,9,9,9,9,9,9,9,9,9,9,9,9,9,9,9,9,34,34,34,34,9,9,9,9,9,2,2,2,51,9,9,9,9,34,34,34,34,9,34,34,2,2,2,34,9,9,34,9,9,9,9,9,9,9,10,10,10,10,10,10,10,11,11,11,2,2,2,1,1,1,1,1,1,1,1,1,1,1,1,1,1,1,1,1,1,0,0,92,92,92,92,0,0,92,92,0,92,92,92,92,0,0
92,0,0,0,0,1,1,1,1,1,1,1,2,12,11,11,11,2,1,1,1,1,1,1,1,1,1,1,1,1,1,1,1,1,1,1,1,1,1,1,1,1,1,1,1,1,1,1,1,1,1,1,1,1,1,1,1,1,1,1,1,1,1,1,1,1,1,1,1,1,1,1,1,1,1,1,1,1,1,1,1,1,1,1,1,1,1,1,1,1,1,1,1,1,1,86,11,11,11,11,11,10,10,9,9,9,9,9,9,9,9,9,9,9,9,9,9,9,9,9,9,10,10,11,11,11,2,89,1,1,1,1,1,1,1,1,1,1,0,0,0,0,1,1,1,1,1,1,1,1,1,1,1,1,1,1,1,1,1,1,12,12,12,1,1,1,1,1,1,98,98,98,89,1,1,86,11,11,11,11,11,11,2,11,11,11,11,11,11,11,11,11,11,11,11,11,11,23,23,23,11,11,11,11,10,82,10,10,10,10,10,10,10,67,10,10,10,10,10,10,10,10,11,2,11,11,11,2,11,10,10,10,10,10,10,67,10,10,10,10,10,10,10,9,9,34,34,34,9,34,9,9,9,9,9,51,51,83,83,9,9,9,51,51,9,9,9,9,23,23,23,9,34,2,67,67,67,67,9,9,34,34,9,9,9,9,9,51,88,88,86,2,2,2,2,9,9,9,9,9,9,9,9,9,9,9,9,9,2,51,9,9,34,34,86,34,9,9,82,82,9,34,9,34,34,34,34,34,34,34,9,34,9,9,34,34,9,9,9,51,34,34,34,34,9,9,34,34,34,34,34,9,9,51,51,51,9,9,34,34,34,34,34,9,9,9,9,9,9,9,9,2,2,2,9,9,9,2,9,9,9,9,9,9,9,9,9,34,34,34,9,9,9,9,34,9,2,2,34,34,34,9,34,34,34,34,34,9,9,88,9,34,34,34,9,9,34,9,9,9,9,9,10,10,10,11,11,11,10,10,11,11,11,2,2,2,1,1,1,1,1,1,1,1,1,1,1,1,1,1,1,1,1,1,0,0,92,92,92,92,0,92,92,92,92,0,92,92,92,92,0,0
92,0,0,0,1,1,1,1,1,1,12,12,12,11,26,11,11,12,1,1,1,1,1,1,1,1,1,1,1,1,1,1,1,1,1,1,1,1,1,1,1,1,1,1,1,1,1,1,1,1,1,1,1,1,1,1,1,1,1,1,1,1,1,1,1,1,1,1,1,1,1,1,1,1,1,1,1,1,1,1,1,1,1,1,1,1,1,1,1,1,1,1,1,1,2,111,111,11,11,11,10,10,9,9,9,9,9,9,9,9,9,9,9,9,9,9,9,9,9,9,10,10,11,11,11,11,23,89,1,1,1,1,1,1,1,1,1,1,1,1,1,1,1,1,1,1,1,1,1,1,1,1,1,1,1,1,1,1,1,1,12,12,12,1,1,1,1,1,89,1,98,1,2,2,11,105,105,84,11,11,107,11,11,11,11,11,11,11,11,11,11,10,10,10,10,10,10,88,88,10,11,11,11,10,10,10,10,10,10,10,10,10,67,67,67,10,10,10,10,10,10,11,11,11,2,11,11,11,11,11,11,11,10,10,10,67,67,10,10,10,10,10,10,10,10,10,10,34,34,34,9,9,34,52,34,51,9,9,9,9,9,9,9,9,9,9,9,9,9,9,9,34,34,34,51,51,9,9,9,82,82,9,9,9,9,9,9,9,34,34,34,9,9,9,9,9,2,9,9,9,9,9,9,9,9,9,9,9,23,23,2,2,2,9,2,9,9,9,9,82,34,34,34,34,34,34,34,34,9,67,9,9,9,9,9,9,9,9,9,9,34,34,9,9,9,9,9,34,34,34,9,34,9,9,9,9,9,9,9,34,34,34,34,9,9,9,9,9,9,9,9,9,9,9,2,9,9,2,2,9,9,9,9,9,9,9,9,9,34,34,9,9,9,2,34,2,2,2,9,34,34,34,9,34,34,34,9,9,88,88,9,34,34,9,9,9,34,34,34,34,9,66,66,11,11,11,11,11,11,11,11,11,2,2,2,1,1,1,1,1,1,1,1,1,1,1,1,1,1,1,1,0,0,0,0,92,92,92,92,92,0,92,92,92,92,92,92,92,92,92,92,92
92,0,92,0,1,1,1,1,1,1,12,12,12,11,26,26,26,26,12,1,1,1,1,1,1,1,1,1,1,1,1,1,1,1,1,1,1,1,1,1,1,1,1,1,1,1,1,1,1,1,1,1,1,1,1,1,1,1,1,1,1,1,1,1,1,1,1,1,1,1,1,1,1,1,1,1,1,1,1,1,1,1,1,1,1,1,1,1,1,1,1,1,1,2,11,111,111,111,11,10,10,9,9,9,9,9,9,9,9,9,9,9,9,9,9,9,9,9,9,9,9,10,10,11,11,11,11,2,1,1,1,1,1,1,1,1,1,1,1,1,1,1,1,1,1,1,1,1,1,1,1,1,1,1,1,1,1,1,1,12,12,11,11,12,89,89,89,89,89,2,11,26,26,105,105,105,105,84,11,11,107,11,11,11,11,11,11,11,10,10,10,10,10,10,10,10,10,10,10,10,11,11,11,10,10,82,82,82,10,10,10,10,10,10,10,10,10,10,10,10,11,11,11,11,12,12,11,11,11,11,11,11,11,10,10,10,10,67,67,67,10,10,10,10,10,10,10,10,10,9,9,9,34,34,34,34,9,9,9,9,9,9,9,9,9,9,9,9,9,9,9,9,34,51,51,82,82,82,9,82,9,9,9,9,9,9,9,34,34,34,34,9,9,9,9,9,9,2,9,9,9,9,9,9,9,9,9,9,23,23,2,2,9,9,9,9,9,9,9,9,9,9,34,34,34,34,34,34,34,34,83,83,9,9,9,9,9,9,9,9,9,9,9,9,9,9,9,34,34,34,34,34,34,9,9,9,9,34,9,34,34,34,34,9,9,9,9,9,9,9,9,9,9,9,9,9,9,9,9,9,9,9,9,9,82,82,82,9,9,9,9,9,34,34,34,34,2,2,9,34,34,9,51,51,34,34,34,88,88,9,9,34,34,9,34,34,34,34,9,34,10,10,11,11,11,11,11,11,11,11,11,11,2,2,1,1,1,1,1,1,1,1,1,1,1,1,1,0,0,0,0,0,0,0,92,92,92,92,92,92,92,92,92,92,92,92,92,92,0,92,92,92
92,92,92,0,1,1,1,1,1,1,12,12,12,11,26,11,105,11,12,12,1,1,1,1,1,1,1,1,1,1,1,1,1,1,1,1,1,1,1,1,1,1,1,1,1,1,1,1,1,1,1,1,1,1,1,1,1,1,1,1,1,1,1,1,1,1,1,1,1,1,1,1,1,1,1,1,1,1,1,1,1,1,1,1,1,1,1,1,1,1,1,1,2,12,11,11,111,11,11,10,10,9,9,9,9,9,9,9,9,9,9,9,9,9,9,9,9,9,9,9,9,9,10,10,11,11,11,11,11,2,1,1,1,1,1,1,1,1,1,1,1,1,1,1,1,1,1,1,1,1,1,1,1,1,1,1,2,2,11,11,11,11,11,11,11,26,12,12,12,12,26,26,26,105,105,105,11,11,11,11,11,11,11,11,11,11,11,10,10,10,10,10,10,10,10,10,10,10,10,10,10,10,10,10,42,42,42,10,10,67,10,10,10,42,10,10,10,10,2,2,2,2,12,12,12,12,12,12,12,11,11,11,11,11,10,10,10,10,10,52,52,10,10,10,10,10,10,10,10,10,10,9,9,34,34,9,9,34,34,83,83,9,9,9,9,9,9,9,9,83,83,9,9,51,51,9,9,9,9,9,9,9,9,9,34,34,9,9,9,34,9,9,9,9,9,9,2,9,2,9,9,9,9,9,9,9,9,23,23,9,9,9,9,9,9,9,9,9,9,9,9,9,9,34,9,34,9,9,34,34,9,9,9,9,9,9,34,9,9,9,34,9,9,9,9,9,9,9,34,34,34,34,51,9,9,9,34,34,34,34,34,34,9,9,9,9,9,9,9,9,9,9,9,34,34,34,34,34,9,9,9,9,83,9,9,9,9,9,9,9,9,9,9,34,34,34,34,2,2,9,9,9,51,51,34,34,88,88,9,9,9,9,9,9,34,34,34,34,34,10,10,11,11,11,11,11,11,11,11,11,11,2,2,1,1,1,1,1,1,1,1,1,1,1,0,0,0,0,0,0,92,92,92,0,92,92,92,92,92,92,0,92,92,92,92,92,92,92,0,92,92,92
92,92,92,0,1,1,1,1,1,1,1,2,12,12,12,11,111,111,12,12,12,2,1,1,1,1,1,1,1,1,1,1,1,1,1,1,1,1,1,1,1,1,1,1,1,1,1,1,1,1,1,1,98,1,1,1,1,1,1,1,1,1,1,1,1,1,1,1,1,1,2,1,1,1,1,1,1,1,1,1,2,2,2,2,1,1,1,1,2,2,2,12,12,12,11,11,11,11,10,10,10,10,9,9,9,9,9,9,9,9,9,9,9,9,9,9,9,9,9,9,9,9,10,10,11,11,11,11,11,12,2,1,1,1,1,1,1,1,1,1,1,1,1,1,1,1,1,1,1,89,89,1,1,2,2,12,12,12,11,11,11,11,11,11,11,11,11,11,11,11,11,26,107,107,11,11,11,11,11,11,11,11,11,11,11,10,10,10,10,10,10,10,10,10,10,10,10,10,10,10,10,10,10,10,10,66,66,66,67,67,67,10,42,42,10,86,86,2,2,2,11,12,12,12,2,12,12,12,12,12,12,12,11,11,11,10,10,10,10,42,42,42,10,10,10,10,10,10,10,10,10,10,10,10,10,10,34,34,34,34,9,9,9,9,9,9,9,9,9,9,9,9,9,82,9,9,9,9,9,9,9,9,9,9,34,34,34,34,9,9,9,9,9,9,9,9,9,9,9,2,9,9,9,9,9,9,9,86,9,9,34,9,9,9,9,9,9,9,9,9,9,9,9,9,9,9,9,34,34,9,9,9,9,82,82,82,34,9,9,9,9,9,9,9,9,9,9,9,34,34,34,51,51,51,9,9,9,34,34,9,9,9,9,83,83,83,83,83,83,67,51,51,34,2,2,34,2,2,9,2,88,88,83,9,9,34,34,9,9,67,67,67,9,9,34,34,34,88,2,88,9,9,9,9,34,2,2,10,10,10,10,10,10,10,10,10,10,10,10,11,11,11,11,2,2,2,2,2,12,11,12,1,1,1,1,1,1,1,1,1,1,1,1,1,0,0,92,0,92,0,0,92,92,0,92,92,0,92,92,92,92,92,92,92,92,92,92,92,92,92,92,92
92,92,92,0,1,1,1,1,1,98,98,2,12,12,12,11,11,111,111,12,12,2,2,1,1,1,1,1,1,1,1,1,1,1,1,1,1,1,1,1,1,1,2,2,2,1,2,2,2,2,1,1,98,98,98,1,1,1,1,1,1,1,1,1,1,1,1,1,1,2,88,2,2,2,2,2,2,2,2,2,88,88,88,88,88,12,12,88,88,88,12,12,12,26,26,105,105,11,11,10,10,10,10,10,9,9,9,9,9,9,9,9,9,9,9,9,9,9,9,9,9,10,10,10,10,11,11,11,11,105,11,2,1,1,1,1,1,1,1,1,1,1,1,1,1,1,1,1,1,89,23,12,12,12,12,105,41,12,11,11,11,11,11,11,11,11,11,11,11,11,11,11,11,11,11,107,11,10,10,10,10,10,10,10,11,10,10,10,66,10,10,10,10,10,10,10,10,42,10,10,10,10,10,10,10,10,66,10,10,10,10,10,10,10,10,10,10,11,11,11,12,12,12,2,12,12,12,12,12,12,12,12,12,11,11,11,11,2,10,10,10,10,10,10,10,66,10,10,10,67,67,67,67,10,10,10,42,42,34,34,9,9,9,9,9,9,9,9,9,9,34,34,34,82,82,9,9,9,9,9,9,9,9,9,34,34,9,9,9,9,9,9,9,9,9,9,9,9,9,9,2,9,9,9,9,9,86,86,51,34,34,34,9,9,9,9,9,9,9,9,9,9,9,9,9,9,9,9,9,9,9,9,9,9,34,9,34,9,9,9,9,9,9,9,9,9,51,9,9,34,9,51,51,9,9,9,9,51,51,51,83,83,83,83,83,83,83,83,83,67,75,75,55,55,2,2,34,34,34,34,34,88,88,9,34,34,34,34,34,9,67,9,9,9,9,34,34,34,9,9,9,9,10,10,2,2,11,11,11,11,11,11,10,10,10,10,10,10,11,11,11,2,2,12,2,2,2,2,2,12,1,1,1,1,1,1,1,1,1,1,1,1,1,0,0,92,92,92,92,92,0,92,92,92,0,0,0,92,92,92,92,92,92,92,92,92,92,92,92,92,92,92
92,92,92,0,1,1,1,1,1,89,98,12,26,12,12,11,11,11,11,105,105,12,12,2,2,2,1,1,1,1,1,1,1,1,1,1,1,1,2,2,2,88,88,88,88,88,2,2,2,2,2,2,2,2,2,2,23,12,12,2,2,2,2,2,2,2,88,88,88,88,88,88,88,23,23,12,12,12,12,2,88,88,88,12,12,12,12,12,88,88,12,12,12,26,26,26,12,11,11,11,10,10,10,10,10,10,10,9,9,9,9,9,9,9,9,9,9,9,9,9,10,10,10,10,10,10,11,11,105,105,105,12,1,1,1,1,1,1,1,1,1,1,1,1,1,1,1,2,2,12,12,12,105,105,105,105,105,105,105,11,11,11,11,11,11,11,11,11,11,11,11,11,11,11,11,107,42,42,10,10,10,10,10,10,10,10,10,67,66,66,66,10,10,10,10,10,10,42,10,10,10,10,10,52,10,10,10,82,82,10,10,10,10,66,10,10,11,11,11,11,12,12,12,12,12,12,12,12,2,12,12,12,12,12,11,11,11,2,11,11,11,11,10,10,10,66,10,10,10,10,10,10,10,10,10,10,42,10,10,10,66,10,10,86,86,86,86,2,2,34,34,34,34,9,9,9,9,9,9,9,9,9,9,67,67,67,9,9,9,9,9,9,9,9,9,9,9,9,9,9,9,2,2,9,9,9,86,2,51,34,34,34,34,9,9,9,9,9,9,9,9,9,9,82,67,67,67,9,9,9,9,9,9,34,34,34,34,9,9,9,9,9,9,9,9,9,57,9,9,34,34,34,34,34,34,34,51,51,51,83,83,83,83,83,83,67,67,67,75,75,75,75,55,55,34,34,34,34,34,9,34,9,2,2,9,34,9,57,57,57,9,34,34,34,57,57,57,9,9,9,10,10,10,10,2,11,11,11,11,11,11,11,11,11,11,11,11,11,11,11,11,11,12,12,12,2,2,2,2,1,1,1,1,1,1,1,1,1,1,1,1,1,1,0,0,92,92,92,92,92,92,92,92,92,92,92,92,92,92,92,92,92,92,92,92,92,92,92,92,92,92,92
92,92,92,0,1,1,1,1,1,89,1,26,26,12,12,11,11,11,11,105,105,12,12,12,12,2,12,12,1,1,1,1,1,1,2,2,2,26,35,88,88,88,2,88,88,2,2,2,101,101,101,101,101,2,2,12,12,12,12,26,26,12,12,2,2,2,88,88,88,88,88,88,12,12,12,12,12,12,12,12,12,12,12,12,12,12,12,12,88,88,12,83,83,12,26,12,12,12,11,11,11,11,10,10,10,10,10,10,10,9,9,9,9,9,9,9,9,9,9,9,10,10,10,10,10,10,10,11,11,105,105,12,2,89,1,1,1,1,1,1,1,1,1,89,1,86,12,12,12,12,12,11,11,12,105,105,105,105,11,11,11,11,11,11,11,11,11,11,11,11,11,11,11,11,10,11,10,42,10,10,10,10,10,10,10,10,10,67,67,10,10,82,82,82,10,10,10,42,10,10,10,10,10,10,10,10,10,10,82,10,10,52,66,66,66,11,11,11,11,12,12,12,12,12,12,12,12,12,12,12,2,2,12,12,12,11,2,2,11,11,11,11,11,10,66,66,10,10,10,10,10,10,10,10,10,10,10,10,66,66,66,2,86,86,86,86,86,10,10,34,34,34,9,9,9,9,9,9,9,9,9,9,9,67,9,9,34,34,9,9,9,9,9,9,9,9,9,9,9,9,9,9,23,9,9,9,2,9,34,34,34,34,34,9,9,9,9,9,9,9,9,9,9,82,82,67,9,9,9,9,9,9,34,34,34,34,34,9,9,9,9,9,9,9,9,57,57,9,34,34,34,34,34,34,34,34,51,67,83,83,83,83,83,83,75,75,75,75,75,75,67,71,34,34,34,34,34,34,34,34,34,34,34,2,86,9,9,9,9,9,9,9,9,34,9,9,9,9,10,10,10,10,10,2,11,11,11,11,11,11,11,11,11,11,11,11,11,11,11,11,11,11,11,12,12,12,12,1,1,1,1,1,1,1,1,1,1,1,1,1,1,1,0,0,0,92,92,92,92,92,92,92,92,0,92,92,92,92,92,92,92,92,92,92,92,92,92,92,92,92,92,92
92,92,92,0,1,1,1,1,1,89,1,2,26,12,12,11,11,11,11,105,105,12,12,26,12,12,12,12,12,2,2,2,2,2,88,2,12,35,35,35,26,2,2,12,12,12,12,12,12,12,101,12,12,12,12,12,12,12,26,26,105,12,12,12,12,12,12,12,12,12,12,12,12,12,12,12,12,12,12,12,12,12,12,12,12,12,12,88,88,23,23,23,12,2,2,12,12,12,12,11,11,11,11,10,10,10,42,42,42,10,10,9,9,9,9,9,9,67,67,67,10,10,10,10,10,10,10,11,11,11,105,12,2,89,89,1,1,1,1,1,1,1,2,2,12,105,12,12,12,12,12,11,11,11,11,11,11,11,11,11,11,11,11,107,107,11,11,11,11,11,11,11,11,11,10,10,10,10,42,42,42,10,10,10,10,10,10,67,10,10,10,10,10,10,10,10,10,10,10,10,10,10,10,10,10,52,10,10,10,10,10,10,10,10,10,11,11,11,11,12,12,12,12,12,12,12,12,12,12,12,12,12,2,12,12,2,2,2,11,11,11,11,11,11,11,11,10,82,10,10,10,10,10,52,52,10,10,2,2,2,2,86,86,86,2,86,10,10,10,10,10,10,9,9,9,9,9,9,9,9,9,9,9,82,82,9,9,34,9,9,9,9,9,9,9,9,9,9,9,9,9,9,23,9,9,2,9,9,9,9,9,34,34,9,9,9,9,9,9,9,9,9,9,9,9,34,34,34,34,34,9,9,34,34,34,34,34,34,9,9,9,9,9,9,9,9,9,9,9,9,9,9,9,9,52,51,51,51,83,83,83,83,83,71,75,71,71,83,83,51,51,52,9,34,34,34,34,34,34,34,9,9,9,2,86,86,9,9,9,67,9,9,34,34,34,9,10,10,10,2,10,2,2,11,11,11,11,11,11,11,11,11,11,11,11,11,11,11,11,11,11,11,12,11,12,12,12,1,1,1,1,1,1,1,1,1,1,1,1,1,1,0,0,0,0,0,0,92,92,92,92,92,92,92,92,92,92,92,92,92,92,92,92,92,92,92,92,92,92,92,92,92
92,92,0,0,1,1,1,1,1,1,1,26,26,12,12,2,12,11,11,11,11,11,12,26,12,12,12,12,12,12,2,2,2,2,88,88,88,35,13,35,35,12,12,12,12,12,12,12,12,12,12,12,12,12,12,12,12,12,26,26,105,105,105,12,12,12,12,12,12,12,12,12,12,12,12,12,12,12,12,12,12,12,12,12,12,12,2,88,23,23,23,23,2,2,12,12,12,12,12,12,11,11,11,11,10,10,10,10,10,10,10,10,67,10,82,82,9,9,82,67,10,10,10,10,10,10,10,11,11,11,11,26,26,86,89,89,89,89,89,89,2,23,12,12,105,105,105,105,105,11,11,11,105,11,11,11,11,11,11,11,11,10,10,11,11,11,11,11,11,11,10,10,10,10,66,10,10,10,10,10,10,10,10,10,10,10,10,10,10,10,10,82,10,10,10,10,10,10,10,10,10,10,10,10,10,52,10,10,10,10,10,10,10,10,11,11,11,11,12,12,12,12,12,12,12,12,12,1,1,1,12,12,12,12,12,12,2,12,12,12,12,12,11,11,11,11,11,82,10,10,10,10,10,86,2,2,2,2,42,10,10,10,10,10,10,10,10,10,10,10,67,67,67,67,10,9,9,9,9,9,52,52,9,82,9,9,34,34,9,9,9,9,9,9,9,9,9,9,9,9,9,9,9,9,9,2,9,9,34,34,34,34,34,34,34,34,34,9,9,9,9,9,52,52,9,9,34,34,34,9,34,34,34,34,34,34,34,9,9,9,9,9,9,9,9,9,9,9,9,9,34,34,34,52,52,51,51,51,51,83,83,83,83,83,83,83,51,51,51,51,52,9,9,34,34,34,9,34,34,9,9,9,9,9,9,86,86,9,9,67,67,9,67,34,9,10,10,88,88,88,10,10,11,2,11,11,12,12,12,12,12,12,11,11,11,11,11,11,11,12,12,12,12,12,12,12,1,1,1,1,1,1,1,1,1,1,1,1,1,1,0,0,0,0,0,0,0,0,92,92,92,92,92,92,92,92,92,92,92,0,92,92,92,92,0,92,92,92,92,92,92,92
92,92,0,0,1,1,1,1,1,1,1,12,12,12,2,12,12,12,11,11,11,11,12,26,2,12,12,12,12,12,12,12,12,12,88,88,12,35,35,35,26,26,26,26,26,26,12,12,12,12,12,12,12,12,12,12,12,11,11,11,11,12,12,12,12,12,12,12,12,12,12,12,11,11,11,11,11,11,11,12,12,12,12,12,12,26,26,12,12,23,2,23,2,83,83,12,12,12,12,11,11,11,11,10,10,10,10,10,10,10,10,67,67,67,10,82,10,82,82,10,10,10,10,10,10,10,10,10,11,11,11,11,26,26,12,2,2,89,89,2,12,105,105,12,12,105,105,105,11,11,11,11,11,11,11,11,83,83,10,10,10,10,10,10,66,66,66,66,10,10,10,10,10,66,66,66,67,10,10,10,10,10,10,10,10,10,10,10,10,10,82,82,52,52,10,10,10,10,10,10,10,10,10,10,10,10,10,10,10,10,10,10,10,10,11,11,11,11,12,12,12,12,12,12,12,1,1,1,1,1,1,12,12,12,12,12,12,12,12,12,12,12,12,11,11,11,11,86,86,86,2,2,88,10,10,10,10,82,42,10,10,10,10,10,10,10,10,52,10,10,10,10,10,67,67,67,67,10,10,10,9,9,9,9,9,9,9,34,9,9,9,9,9,9,9,9,9,9,9,9,9,9,9,9,86,86,86,9,34,9,9,9,9,34,34,34,34,9,52,9,9,9,9,9,9,9,9,83,83,9,67,34,9,9,9,9,9,9,9,9,9,9,9,9,9,9,9,9,34,34,34,34,34,9,52,52,51,51,51,51,51,51,51,51,51,51,51,52,52,9,9,9,9,34,34,9,9,34,34,9,9,82,34,34,34,9,9,2,9,67,9,9,67,67,52,52,2,88,10,10,10,11,11,11,2,2,2,2,2,2,2,2,12,12,12,12,12,12,12,2,2,2,1,12,12,1,1,1,1,1,1,1,1,1,1,1,1,1,0,0,0,92,92,92,92,92,0,92,92,92,92,92,92,92,92,92,92,92,0,0,92,92,92,92,92,92,92,92,92,92,92,92
0,92,92,0,1,1,1,1,1,1,1,12,12,12,12,12,12,12,11,11,11,11,26,26,12,12,12,12,12,12,12,12,12,12,12,12,12,12,35,26,26,55,69,69,26,55,55,26,12,2,12,12,12,12,12,11,11,11,11,11,11,11,11,11,12,12,12,12,12,12,12,11,11,11,11,11,11,11,11,11,12,12,12,12,12,26,26,26,12,12,12,12,12,12,12,12,26,26,12,11,11,11,10,10,10,10,10,10,10,10,10,10,10,10,42,42,42,10,10,10,10,10,10,10,10,10,10,10,10,11,11,11,11,12,12,12,12,12,12,12,105,105,105,12,26,26,105,105,105,11,11,11,11,11,11,10,10,10,10,10,10,10,10,10,10,10,10,66,66,66,10,10,10,10,52,10,67,67,10,82,82,82,10,10,10,10,10,10,10,10,10,10,10,10,52,52,10,10,10,10,10,10,10,10,10,10,10,10,10,10,10,10,11,11,11,23,23,12,12,12,12,2,12,12,1,1,1,1,1,1,1,1,12,12,12,12,12,12,12,12,2,12,12,12,2,12,11,11,11,10,10,10,10,10,10,10,82,82,42,10,10,10,10,10,10,10,10,52,10,10,10,10,10,10,67,10,10,10,10,10,10,10,10,10,10,10,10,10,10,9,9,9,9,10,10,10,10,10,10,10,10,10,86,10,10,10,86,23,23,23,10,10,42,42,10,10,10,10,52,10,10,10,10,10,10,10,10,10,67,10,67,67,10,10,10,10,10,10,10,10,10,82,52,52,10,10,10,66,10,10,10,10,10,10,10,10,10,10,10,10,52,52,52,52,9,9,9,9,9,9,9,9,9,34,34,34,34,34,9,9,9,82,82,34,34,34,9,9,9,82,82,82,86,86,86,86,10,10,10,11,11,11,11,12,2,2,2,2,2,2,2,2,2,12,12,12,12,12,2,1,1,1,1,1,1,1,1,1,1,1,1,1,1,1,1,1,1,0,0,0,0,92,92,92,92,92,92,92,92,92,92,0,0,0,92,92,92,92,0,0,0,0,92,92,92,92,92,92,92,92,92,92
92,92,92,0,1,1,1,1,1,1,1,1,88,12,12,12,12,12,11,11,11,11,107,26,2,12,12,2,12,12,12,12,12,41,41,41,12,26,26,26,41,41,69,69,75,69,26,26,12,12,12,12,12,12,12,11,11,11,11,11,11,11,11,11,26,26,26,26,12,12,12,11,11,11,11,11,11,11,11,11,11,12,83,12,12,26,12,12,12,12,12,12,12,12,12,12,26,26,11,11,84,10,10,10,10,10,10,10,10,10,10,10,10,10,10,10,10,10,10,10,10,10,10,10,10,10,10,10,10,10,11,11,11,12,12,12,12,12,12,105,105,105,26,26,26,26,11,11,11,11,11,10,10,10,10,10,10,10,66,66,66,10,10,10,66,10,10,66,10,10,10,10,10,10,52,42,67,10,42,66,66,66,10,10,10,10,10,10,10,52,52,10,10,10,10,10,10,10,10,10,10,10,10,10,10,10,10,10,10,10,10,10,11,11,11,11,11,88,12,12,12,2,1,1,1,1,1,1,1,1,1,1,1,1,12,12,12,2,2,2,2,2,12,12,2,2,12,11,11,107,107,10,10,2,86,86,86,86,86,86,10,10,10,10,10,10,10,10,10,52,52,10,10,10,67,67,67,10,10,10,10,10,10,10,10,10,10,10,10,10,10,10,10,10,10,10,10,10,10,10,10,10,86,10,10,10,10,23,2,23,10,10,10,10,10,10,10,10,10,10,2,10,10,10,10,10,82,10,67,67,67,10,10,10,10,10,10,10,10,10,10,82,82,10,10,10,10,66,66,10,10,10,10,67,10,10,10,10,10,10,10,10,10,10,10,10,10,10,10,10,10,10,9,34,9,9,9,9,9,9,9,9,9,34,34,9,9,9,9,66,66,66,10,86,86,10,10,10,11,11,11,11,12,2,2,2,2,1,1,1,1,1,1,1,12,12,12,1,1,1,1,1,1,1,1,1,1,1,1,1,1,1,1,1,1,1,0,0,92,0,0,92,92,92,92,92,0,92,92,92,92,0,92,92,92,92,92,92,92,92,92,92,92,0,92,92,92,92,0,92,92,92
92,92,92,0,1,1,1,1,1,1,1,89,86,12,12,12,12,12,11,11,11,11,107,11,11,12,12,12,12,12,12,12,83,83,12,12,12,12,26,26,41,41,41,69,69,41,26,26,26,12,12,12,88,12,11,11,11,11,11,84,11,11,11,11,26,11,26,11,11,11,105,11,11,11,11,11,11,11,11,11,11,12,83,26,26,26,12,12,12,12,105,105,105,12,12,12,26,26,11,11,10,10,10,10,10,10,10,10,10,10,10,10,10,10,10,10,10,10,10,10,10,10,10,10,10,10,10,10,10,10,10,11,11,11,12,12,12,12,12,12,105,105,11,11,11,11,11,11,11,10,10,10,10,10,10,10,10,10,10,66,10,10,10,66,66,66,10,10,10,10,10,10,10,10,10,42,52,52,42,42,66,10,10,10,10,10,10,10,10,10,10,10,10,82,67,67,10,10,10,10,10,10,10,10,10,10,10,10,10,10,10,10,11,11,11,11,11,12,12,12,12,12,1,1,1,1,1,1,1,1,1,1,1,1,1,1,1,1,1,2,2,2,12,12,12,2,12,12,11,11,2,11,86,86,86,86,10,10,10,10,10,10,10,10,10,10,10,10,10,10,82,82,10,10,10,10,10,10,10,10,10,10,10,10,10,10,10,10,10,10,10,10,10,10,10,10,10,10,10,10,10,10,86,10,10,82,82,82,23,23,10,10,10,10,10,10,10,10,10,86,86,52,52,10,10,82,82,66,67,10,10,10,10,10,10,10,10,10,10,10,10,10,10,10,10,10,10,66,10,10,10,10,66,66,10,10,10,10,10,52,52,10,10,10,10,10,10,10,10,10,10,10,10,10,10,10,10,10,10,10,10,9,9,2,2,2,9,67,67,67,66,10,2,10,10,10,10,10,11,11,11,11,12,2,2,2,2,1,1,1,1,1,1,1,12,12,12,1,1,1,1,1,1,1,1,1,1,1,1,1,1,1,1,1,1,0,0,0,92,92,92,92,92,92,92,92,92,92,92,92,92,92,92,92,92,92,92,92,92,92,92,92,92,0,0,92,92,92,92,92,92,92
92,92,92,0,0,1,1,1,1,1,1,89,86,12,12,12,12,12,11,11,11,11,11,11,11,26,26,26,12,12,12,12,12,12,12,12,12,12,12,26,26,26,26,26,26,26,26,26,12,12,12,12,11,11,11,11,11,11,11,84,11,11,11,11,11,11,11,11,11,11,11,11,11,11,11,11,11,11,11,11,11,26,12,26,26,26,12,105,105,12,105,105,105,12,105,11,11,11,11,11,10,10,10,10,10,52,10,10,10,10,10,10,10,10,10,10,10,10,10,10,10,10,10,52,52,10,10,10,10,10,10,10,11,11,11,11,12,12,12,12,105,105,11,11,11,11,10,10,10,82,10,10,10,10,10,10,10,10,10,10,10,10,10,10,10,10,10,10,10,10,10,10,52,52,10,42,66,66,66,66,10,10,10,10,10,10,10,10,10,10,10,10,10,10,10,2,2,2,2,2,10,10,10,2,10,10,10,10,10,10,10,10,11,11,11,11,11,2,12,2,12,2,1,1,1,1,1,1,1,1,1,1,1,1,1,1,1,1,1,1,12,12,12,12,12,2,12,12,12,2,2,11,11,11,11,11,11,10,10,10,10,10,10,10,10,10,10,10,10,52,52,82,10,10,10,10,10,10,10,10,10,10,10,10,10,10,10,10,10,10,10,2,10,10,10,10,10,10,10,10,10,10,86,10,67,10,10,10,86,86,10,10,10,10,10,10,10,10,2,86,10,10,10,10,10,82,82,82,10,10,10,10,10,10,10,10,10,10,10,10,10,10,52,52,10,10,10,10,10,10,10,10,66,66,10,10,10,10,10,10,10,10,10,10,10,10,10,10,10,10,10,10,10,10,10,10,10,10,10,10,10,2,2,2,9,9,10,10,67,10,23,23,10,10,10,10,10,10,11,11,11,11,12,12,2,2,1,1,1,1,1,1,1,1,1,1,1,1,1,1,1,1,1,1,1,1,1,1,1,1,1,1,1,0,0,0,92,92,92,92,92,92,92,92,92,92,0,92,92,92,92,92,92,92,92,92,92,92,92,92,92,0,92,0,0,92,0,92,92,92,92,92
92,92,92,0,0,1,1,1,1,1,1,89,86,12,12,12,12,12,12,11,11,11,11,11,11,11,26,26,26,105,105,12,12,12,11,11,11,11,27,27,27,26,26,26,26,26,12,12,12,12,12,11,11,11,11,11,11,11,11,11,11,11,11,11,11,11,11,11,11,11,11,11,11,11,11,11,11,11,107,107,11,11,11,26,26,83,83,105,105,105,105,105,105,12,105,11,11,11,11,11,10,10,10,10,10,52,10,10,67,10,10,10,10,10,10,82,82,10,10,10,10,10,10,10,10,10,10,10,10,10,10,10,10,11,11,11,11,12,12,11,11,11,11,11,10,10,82,82,82,82,82,10,10,10,10,10,10,10,10,2,52,10,10,10,10,10,52,10,10,10,10,10,10,10,66,10,10,10,10,10,2,2,23,10,10,10,2,2,10,10,10,10,10,10,10,2,10,10,2,2,2,10,52,52,10,10,10,10,10,10,10,11,2,11,2,2,2,12,12,12,12,12,1,1,1,1,1,1,1,1,1,1,1,1,1,1,1,1,1,1,12,12,12,12,2,2,12,12,12,2,12,11,11,11,11,11,11,11,42,10,10,10,10,10,10,10,10,11,10,10,10,10,10,10,10,10,10,10,10,10,10,10,10,10,10,10,10,10,10,10,10,2,10,10,10,10,10,10,10,10,10,67,86,10,67,67,67,10,10,86,10,10,10,10,10,10,10,2,2,10,10,10,10,10,10,10,10,10,10,10,10,10,10,10,10,10,10,10,10,10,10,10,10,10,10,10,10,10,10,10,10,10,10,10,10,10,10,10,10,10,10,10,10,10,10,10,10,10,10,10,10,10,10,10,82,10,10,10,10,10,23,23,10,10,10,10,10,10,82,10,10,10,10,10,10,10,10,10,11,11,11,11,12,12,2,1,1,1,1,1,1,1,1,1,1,1,1,1,1,1,1,1,1,1,1,1,1,1,1,1,1,1,0,0,0,0,0,92,92,92,92,92,92,92,92,92,92,92,92,92,92,0,0,0,92,92,92,92,92,92,92,92,0,92,0,92,92,92,92,92,92,92
92,92,92,92,0,1,1,1,1,1,1,12,12,12,12,12,12,12,12,12,12,11,11,11,11,11,105,105,105,105,105,105,11,11,11,11,11,11,11,11,11,12,12,88,26,27,27,12,12,105,105,11,11,11,11,11,11,11,11,11,11,11,11,11,11,11,11,11,11,11,11,11,11,11,11,11,11,11,11,11,11,11,11,26,12,12,105,105,105,105,105,12,105,105,11,11,11,11,11,11,10,10,10,10,10,10,10,10,67,67,10,10,10,10,10,82,10,10,10,10,10,10,67,67,10,10,10,10,10,10,10,10,10,11,11,11,11,11,11,11,11,11,11,11,10,10,10,10,10,10,10,10,10,10,10,10,10,10,10,10,52,10,10,23,10,10,52,10,10,10,10,10,10,10,66,66,66,10,10,10,10,10,10,10,10,10,10,10,10,10,10,10,10,10,10,10,10,10,10,10,10,10,10,10,10,10,10,10,66,10,2,11,11,11,11,11,11,12,12,12,12,2,1,1,1,1,1,1,1,1,1,1,1,1,1,1,1,1,1,1,1,12,12,12,12,12,2,12,2,12,12,12,12,12,12,12,11,11,11,11,10,10,11,11,11,11,11,11,11,10,10,10,10,10,10,10,10,10,10,10,10,10,10,10,10,10,10,10,10,10,10,10,10,10,10,10,10,10,10,10,67,67,86,10,10,10,10,82,10,86,10,10,10,10,10,10,2,2,10,10,10,10,10,10,10,82,82,10,10,10,10,52,52,10,10,10,10,10,10,10,10,10,10,67,10,10,10,10,10,10,10,10,10,10,10,10,10,10,10,10,10,10,10,10,10,10,10,10,10,10,10,10,10,82,82,10,10,10,10,23,23,10,10,10,10,10,10,82,82,10,10,10,10,10,10,10,10,11,11,11,11,12,12,2,1,1,1,1,1,1,1,1,1,1,1,1,1,1,1,1,1,1,1,1,1,1,1,1,1,1,0,0,0,0,0,0,0,92,0,92,92,92,92,92,0,0,0,92,92,92,92,0,0,0,92,92,92,92,92,92,92,0,0,92,92,92,92,92,92,92,92,92
92,92,92,92,0,1,1,1,1,1,1,12,12,12,12,12,12,12,12,12,12,12,11,11,11,11,11,11,11,11,11,11,11,11,11,11,11,11,11,11,11,2,11,26,26,11,11,105,105,105,105,11,11,11,11,11,11,11,11,11,11,11,11,11,11,11,11,11,11,11,11,11,11,11,11,11,107,107,84,84,11,11,11,11,109,109,105,105,105,11,11,11,11,11,11,11,11,11,11,11,10,10,10,10,10,10,10,10,10,67,10,10,10,10,10,10,52,52,10,82,10,10,67,67,10,10,10,10,10,10,10,10,10,11,11,11,11,11,11,11,11,11,11,11,10,10,10,10,10,10,10,10,10,10,66,66,66,66,10,10,10,10,10,10,10,10,10,10,10,10,10,10,10,10,42,10,10,10,10,10,10,10,10,10,10,10,10,10,10,10,10,10,10,10,10,10,10,10,2,10,10,10,10,10,10,10,10,66,66,10,10,11,11,11,11,11,105,12,12,12,12,2,1,1,1,1,1,1,1,1,1,1,1,1,1,1,1,1,1,1,1,1,1,12,12,12,12,12,2,12,12,12,12,12,12,12,12,11,11,11,11,11,11,11,11,26,26,11,11,11,11,10,10,10,10,10,10,10,10,10,10,10,10,10,10,10,10,10,10,10,10,10,10,10,10,10,10,10,10,10,67,10,86,10,10,10,82,82,10,10,10,10,10,86,86,2,2,42,10,10,10,10,10,10,10,82,10,10,10,42,42,42,10,10,10,10,10,10,10,10,10,10,67,67,67,10,10,66,52,52,10,10,10,10,10,10,10,10,10,10,10,10,10,10,10,10,10,10,10,10,10,10,10,10,10,10,10,88,88,23,10,52,10,10,10,10,10,10,52,52,10,10,10,10,10,10,10,11,11,11,12,12,12,1,1,1,1,1,1,1,1,1,1,1,1,1,1,1,1,1,1,1,1,1,1,0,0,0,0,0,0,0,92,92,92,92,92,92,92,92,92,0,92,92,0,0,0,0,92,92,92,92,92,0,92,92,92,92,92,0,0,0,92,92,92,92,92,92,92,92,92,92
92,92,92,92,0,0,1,1,1,1,1,12,12,12,12,12,12,12,12,12,12,12,12,11,11,11,11,11,11,11,11,11,107,107,11,11,11,11,11,11,107,107,11,11,11,83,83,105,105,11,11,11,11,11,11,11,11,11,11,11,11,11,11,11,11,11,11,11,11,11,11,11,11,11,11,11,11,11,11,11,11,11,11,11,109,109,11,11,11,11,11,11,11,11,11,11,11,11,11,11,10,10,10,10,10,10,10,10,10,10,10,10,10,10,10,10,10,10,10,82,82,10,10,10,10,10,10,10,10,10,10,10,10,10,11,11,11,11,11,11,11,11,10,10,10,10,10,10,10,10,10,10,10,10,66,10,66,66,10,10,10,10,10,10,10,10,10,10,10,10,10,10,10,42,42,10,67,10,10,10,10,10,10,10,10,10,10,10,10,10,10,10,10,10,10,10,10,10,10,10,10,10,10,10,10,10,10,10,66,82,11,11,11,11,11,11,107,12,12,12,12,2,1,1,1,1,1,1,1,1,1,1,1,1,1,1,1,1,1,1,1,1,1,1,12,12,12,12,12,12,2,12,12,12,12,12,12,12,11,11,11,11,11,11,26,26,11,12,11,11,11,11,11,10,10,10,10,10,10,10,10,10,10,10,10,10,10,10,10,10,10,10,10,10,10,10,2,10,10,10,10,10,2,10,10,10,10,10,10,2,10,86,86,86,86,2,2,82,10,10,10,10,10,10,10,10,10,10,42,10,10,10,10,10,10,10,10,10,10,10,10,10,10,10,10,66,66,66,10,10,10,10,10,10,10,10,10,10,10,10,10,10,10,10,10,10,10,10,10,10,10,10,10,10,10,10,10,2,10,10,10,52,10,10,10,10,10,10,10,10,10,10,10,10,66,10,11,11,11,12,12,12,2,1,1,1,1,1,1,1,1,1,1,1,1,1,1,1,1,1,1,1,0,0,0,0,0,92,92,92,92,92,92,92,92,92,92,0,0,92,92,92,92,92,92,0,0,0,0,92,92,92,92,0,92,92,92,92,92,0,0,0,92,92,92,92,92,92,92,92,92,92
92,92,92,92,0,0,1,1,1,1,1,89,89,2,2,2,12,12,12,12,12,12,12,12,11,11,11,11,11,11,11,11,11,11,11,11,11,11,11,11,11,107,107,11,11,11,11,11,11,11,11,11,11,11,11,11,11,11,11,11,11,11,11,11,11,11,11,11,11,11,11,11,83,83,11,11,11,11,11,11,11,11,11,11,11,11,11,11,11,11,11,11,11,11,11,11,11,11,11,10,10,10,10,10,10,10,10,10,52,10,10,10,10,10,10,10,10,10,10,10,10,10,10,10,10,10,10,10,10,10,10,10,10,10,11,11,11,11,11,11,11,11,10,10,10,10,10,10,10,10,10,10,10,10,66,10,2,10,10,10,11,11,10,10,10,10,10,10,10,10,10,10,10,10,66,66,10,10,10,10,10,10,10,10,10,10,10,10,10,10,10,10,10,10,10,10,10,10,10,10,10,10,10,10,10,10,10,10,82,82,11,11,11,11,11,11,107,12,12,12,12,2,12,12,1,1,1,1,1,0,0,1,1,1,1,1,1,1,1,1,1,1,1,1,1,1,1,12,12,12,12,12,12,2,2,12,12,12,12,12,11,11,12,12,26,12,12,12,12,11,11,11,11,11,11,11,11,11,11,11,10,10,10,10,42,42,42,2,10,10,10,10,10,10,10,10,2,10,10,10,10,10,2,10,10,10,10,10,10,10,2,86,86,86,86,86,2,82,10,10,10,10,10,10,10,10,10,42,42,10,10,10,10,42,42,42,10,10,10,10,10,10,10,10,52,52,10,10,10,10,10,10,10,10,10,10,10,10,10,10,10,10,10,10,10,10,10,10,10,10,10,10,10,10,10,10,2,10,10,10,10,10,10,10,10,10,10,10,10,10,10,10,10,66,66,66,11,11,11,12,12,12,1,1,1,1,1,1,1,1,1,1,1,0,0,0,0,0,0,0,0,0,0,0,0,0,0,92,92,92,0,92,92,92,92,0,0,92,92,92,92,92,0,92,92,92,0,0,92,92,92,92,92,0,0,92,92,92,92,0,0,92,0,0,92,0,92,92,92,92,92,92
92,92,92,92,0,0,1,1,1,1,1,1,89,89,89,2,86,2,12,12,12,12,12,12,12,11,11,11,11,11,11,11,11,11,11,107,11,11,11,11,84,11,11,11,11,11,11,11,11,11,11,11,11,11,11,11,11,11,11,11,11,11,11,11,11,11,11,11,11,11,11,11,84,84,11,11,11,11,11,11,11,11,11,11,11,11,11,11,11,11,11,11,11,11,11,11,11,11,11,10,10,10,10,10,10,10,10,10,52,10,10,10,10,10,10,10,10,10,10,10,10,66,66,66,10,10,10,10,10,10,10,10,10,10,11,11,11,11,11,11,11,11,10,10,10,10,10,10,10,10,10,10,10,10,10,10,10,10,11,11,11,11,11,11,10,10,66,66,10,10,10,10,52,10,66,10,10,10,10,10,10,10,10,10,10,10,10,10,10,10,10,10,10,10,10,10,10,66,10,10,10,10,10,10,82,82,10,10,10,11,11,11,11,11,11,26,12,41,12,12,2,12,12,12,12,1,1,1,1,0,0,0,0,0,1,1,1,1,1,1,1,1,1,1,1,1,1,1,12,12,12,12,12,12,1,2,12,12,12,12,12,12,12,12,26,12,12,12,12,12,12,12,11,11,11,11,11,11,11,11,11,11,11,11,11,11,11,11,2,10,10,10,10,10,10,10,2,10,10,10,10,52,23,10,10,10,10,10,10,10,10,10,10,10,10,10,10,82,10,10,10,10,10,10,10,10,10,10,10,10,10,10,10,10,10,10,10,10,10,10,10,10,10,10,10,10,10,82,82,52,52,10,10,10,10,10,10,10,10,10,10,10,10,10,10,10,10,10,10,10,10,10,10,10,2,2,10,10,10,10,10,10,10,10,10,10,10,10,10,10,10,10,10,10,10,11,11,11,12,12,12,2,1,1,1,1,1,1,1,1,1,1,0,0,0,0,0,0,0,0,92,92,92,92,92,92,92,92,92,92,92,0,92,92,92,92,0,92,92,92,92,92,92,92,92,92,92,0,0,92,0,0,92,0,92,0,92,92,92,0,92,92,92,92,92,92,92,92,92,92,92,0
92,92,92,92,0,0,1,1,1,1,1,1,1,1,89,1,86,86,12,12,12,12,12,12,12,12,11,11,11,11,11,11,11,11,11,107,11,11,11,11,84,11,11,11,11,11,11,11,11,11,11,11,11,11,11,11,11,11,11,11,11,11,11,11,11,11,11,11,11,11,11,84,11,11,11,11,11,11,11,11,11,11,11,11,11,11,11,11,11,11,11,11,11,11,11,11,11,11,11,10,10,10,10,10,10,10,10,10,10,10,10,10,52,52,10,10,10,10,10,10,10,10,10,66,10,10,10,10,10,10,10,10,10,10,11,11,11,11,11,11,10,10,10,10,10,10,10,10,10,10,10,10,10,10,10,10,10,11,11,11,11,11,11,11,11,66,66,10,10,10,10,10,10,10,10,10,10,10,52,10,10,10,10,52,10,10,10,10,10,10,10,10,10,10,10,10,10,66,66,66,10,10,10,10,10,82,10,11,11,11,11,11,11,11,26,26,26,26,12,2,12,2,12,12,12,1,1,1,1,0,0,0,0,0,0,0,1,1,1,1,1,1,1,1,1,1,1,1,12,12,12,12,12,12,1,2,26,12,12,26,26,12,12,12,26,26,26,26,12,12,12,12,12,11,11,11,11,11,11,11,11,11,11,11,11,11,11,11,11,2,10,10,10,10,10,10,2,10,10,10,10,10,23,10,10,10,10,10,10,10,10,10,10,10,10,10,10,10,10,10,10,82,10,10,10,10,52,52,10,10,10,10,10,10,10,10,10,10,10,10,10,10,10,10,10,10,10,82,10,10,10,10,10,10,10,10,10,10,10,10,10,10,10,10,10,10,10,10,10,10,2,2,2,2,2,10,10,10,10,10,10,10,10,10,10,10,10,10,10,10,10,10,10,10,11,11,11,11,12,12,12,1,1,1,1,1,1,1,1,1,1,1,0,0,0,0,0,0,92,92,92,92,92,92,92,92,92,92,92,92,92,92,92,92,92,92,92,92,92,92,92,92,92,92,92,92,0,0,92,0,0,0,0,92,92,92,92,92,92,92,92,92,92,92,92,92,0,92,0,92,0,0
92,92,92,92,92,0,1,1,1,1,1,1,1,1,89,1,86,86,2,12,12,12,12,83,83,12,12,11,11,11,11,11,11,11,11,11,11,11,11,11,11,11,11,11,11,11,11,11,11,11,11,11,11,11,11,11,11,11,11,11,11,11,11,11,11,11,11,11,107,107,11,84,11,11,11,11,11,11,11,11,11,11,11,11,11,11,11,11,11,11,11,11,11,11,11,11,11,11,11,10,10,10,10,10,10,10,10,10,10,10,10,10,10,10,10,10,10,10,10,10,10,10,10,10,10,10,52,52,10,10,10,10,10,10,10,10,11,11,11,11,10,10,10,10,10,10,10,10,10,10,10,10,10,10,10,11,11,11,11,11,11,11,11,11,11,11,11,10,10,10,10,82,10,10,10,10,10,10,52,10,10,10,10,10,10,10,10,10,10,10,10,10,10,10,10,52,52,10,10,10,10,10,10,10,10,11,11,11,11,11,11,11,11,11,12,26,12,12,12,12,12,12,12,12,12,1,1,1,1,0,0,0,92,0,0,0,0,0,1,1,1,1,1,1,1,1,1,1,12,12,12,12,12,12,1,1,26,26,12,26,26,12,86,2,2,2,2,86,86,12,12,12,12,12,12,12,26,26,11,11,11,11,11,11,11,11,11,11,11,2,11,11,10,10,10,10,2,10,10,10,10,10,10,10,10,10,10,10,10,10,10,10,10,10,10,10,10,10,10,10,82,82,10,10,10,10,10,10,10,10,10,82,10,10,10,10,10,10,10,10,42,10,10,10,10,10,10,10,10,10,10,10,10,10,10,10,10,10,10,10,10,10,10,10,10,10,10,10,10,10,10,10,10,2,10,10,10,10,10,10,10,10,10,10,10,10,10,10,10,10,10,10,11,11,11,11,12,12,12,12,2,1,1,1,1,1,1,1,1,1,0,0,0,0,0,0,0,92,92,0,92,92,92,92,0,92,92,92,0,92,92,92,92,92,92,92,92,0,0,92,92,92,92,92,92,92,92,92,92,0,92,0,0,0,92,92,92,92,0,0,92,92,0,0,92,92,92,0,0,92,0,92
0,92,92,92,92,0,1,1,1,1,1,1,1,1,1,1,86,86,86,12,12,2,12,12,12,12,12,12,11,11,11,11,11,11,11,11,11,11,11,11,11,107,107,11,11,11,11,107,107,11,11,11,11,11,11,11,11,11,11,11,11,11,11,11,11,11,11,11,11,11,11,11,11,11,11,11,11,11,11,11,11,11,11,11,11,11,11,11,11,11,11,11,11,11,11,11,11,11,11,10,10,10,10,10,10,10,10,10,10,10,10,10,10,10,10,10,10,10,10,10,10,82,82,82,10,10,10,10,10,10,10,10,10,10,10,10,11,11,11,11,11,11,11,11,11,11,11,10,10,10,10,10,10,11,11,11,11,11,11,11,11,11,11,11,11,11,11,11,11,10,10,82,10,10,52,52,10,10,10,10,10,10,10,10,10,10,10,10,10,10,10,10,10,10,10,10,10,10,10,10,10,10,10,10,107,107,11,107,84,84,11,11,11,12,12,12,12,12,12,12,12,12,1,12,12,1,1,1,1,0,0,92,92,0,92,92,0,0,0,0,1,1,1,1,1,1,1,1,12,12,12,12,12,12,1,1,26,26,12,26,26,2,2,2,2,2,2,2,86,2,12,12,12,12,26,26,26,26,26,12,84,11,11,11,11,11,11,11,11,11,2,11,11,11,10,10,2,10,10,10,10,10,10,10,10,10,10,10,10,10,10,10,10,66,10,10,10,10,10,10,10,10,10,10,10,10,10,10,10,10,10,82,82,10,10,42,10,10,10,42,42,10,10,10,10,10,10,10,10,10,10,10,10,10,10,10,10,10,10,10,10,10,10,10,10,10,10,10,10,10,10,10,10,10,10,10,10,10,10,10,10,10,10,10,10,10,10,10,10,10,10,11,2,11,11,11,12,12,12,2,1,1,1,1,1,1,1,1,1,1,0,0,0,0,0,0,92,92,0,0,0,92,92,0,0,0,0,0,92,0,92,92,92,92,92,92,92,92,0,92,92,92,92,92,92,92,92,92,92,92,92,0,0,92,92,92,0,0,92,0,92,92,92,92,92,92,0,0,92,92,92,92
0,0,92,92,92,0,1,1,1,1,1,1,1,1,1,1,2,86,86,2,12,12,12,12,12,12,12,12,12,26,11,11,11,11,11,11,11,11,11,11,11,11,11,107,11,11,11,11,11,11,11,11,11,11,11,11,11,11,11,11,11,11,11,11,11,11,11,11,11,11,11,11,11,11,11,11,11,11,11,11,83,83,11,11,11,11,11,11,11,11,11,11,11,11,11,11,11,11,11,10,10,10,10,10,10,10,10,10,10,66,66,10,10,10,10,10,10,10,10,10,10,10,10,10,10,10,10,10,10,10,10,10,10,10,10,10,11,11,11,11,11,11,11,11,11,11,11,11,11,11,11,11,11,11,11,11,11,11,11,11,12,12,105,11,107,107,11,11,11,11,11,82,10,10,10,10,10,10,10,10,10,10,10,10,10,10,10,10,10,10,10,10,10,10,10,10,10,10,10,10,10,10,10,10,11,11,11,107,11,11,11,11,11,11,12,12,12,12,12,12,12,2,1,1,1,1,1,1,1,1,0,92,92,92,92,92,92,92,0,0,0,0,0,1,1,1,1,1,12,12,12,12,12,12,1,1,12,12,12,12,2,2,2,2,2,2,2,2,2,2,2,12,12,12,12,26,26,26,26,12,12,12,12,12,12,12,12,11,11,11,2,11,11,11,11,11,2,10,10,10,10,10,10,10,10,10,82,10,10,10,66,10,66,66,66,10,10,10,10,10,10,10,10,10,10,10,10,10,10,10,10,10,10,10,10,42,42,10,10,10,10,10,10,10,10,10,10,10,10,10,10,10,10,10,10,10,10,10,10,10,10,10,10,10,10,10,10,10,10,10,10,10,10,10,10,10,10,10,10,10,10,10,10,10,10,10,10,10,10,11,11,2,2,11,11,12,12,12,2,1,1,1,1,1,1,1,1,1,1,0,0,0,92,0,92,92,92,92,92,0,0,92,92,0,0,0,0,92,92,92,92,92,0,92,92,92,92,92,0,92,92,92,92,92,92,92,92,92,92,92,92,0,92,92,92,92,0,0,92,92,0,92,92,92,92,0,0,0,92,92,92,92
0,92,92,92,92,0,0,1,1,1,1,1,1,1,1,1,2,12,12,2,12,12,12,12,12,12,12,12,12,12,12,26,11,11,11,11,11,11,11,11,11,11,11,107,107,107,11,11,11,11,11,11,11,11,11,11,11,107,107,11,11,11,83,83,11,11,11,11,11,11,11,11,11,11,11,11,11,83,83,11,11,11,11,11,11,11,11,11,11,11,11,11,11,11,11,11,11,11,11,10,66,66,10,10,10,10,10,10,10,10,66,10,10,10,10,10,82,82,82,10,42,42,42,10,10,10,10,10,10,10,10,10,10,10,11,11,11,11,11,11,11,11,11,11,11,11,11,11,11,11,11,11,11,11,11,11,11,11,11,12,12,12,12,11,11,11,11,11,11,11,11,11,11,10,10,10,10,10,10,10,10,10,10,10,10,10,10,10,10,10,10,10,10,10,10,10,10,10,42,42,42,10,10,11,11,107,107,11,107,107,11,11,11,11,11,12,12,12,12,12,12,12,1,1,1,1,1,1,1,1,0,0,92,92,92,92,92,92,92,92,92,0,0,0,0,1,1,1,12,12,12,12,12,12,12,1,1,12,12,89,1,2,2,2,2,2,2,2,2,2,12,12,12,12,12,12,12,26,12,12,23,12,12,12,12,12,12,12,11,11,2,2,11,11,11,11,2,11,10,10,10,10,10,10,10,10,82,82,10,10,66,66,66,10,10,10,10,10,10,10,10,10,10,10,10,10,10,10,10,10,10,10,10,10,10,10,11,107,107,11,86,86,11,11,11,11,10,10,10,10,10,10,10,10,10,10,10,10,10,10,42,10,10,10,10,10,10,10,10,10,10,10,10,10,10,10,10,10,10,10,10,10,10,10,10,10,10,11,2,2,2,2,2,2,12,12,12,2,1,1,1,1,1,1,1,1,1,1,1,0,0,92,92,92,0,92,92,92,92,92,92,92,92,0,0,0,0,92,92,92,92,92,0,0,0,92,92,92,92,92,92,92,92,92,92,92,92,92,92,0,0,92,0,0,92,0,92,92,92,92,0,92,92,92,92,92,0,0,92,92,92,92
92,92,92,92,0,92,0,0,1,1,1,1,1,1,1,1,2,12,12,12,12,12,12,12,12,12,12,12,12,11,11,11,11,11,11,11,11,11,11,11,11,11,11,11,11,11,11,11,11,11,11,11,11,11,11,11,11,11,11,11,11,11,11,11,11,11,11,11,11,11,11,11,10,10,10,10,10,10,10,10,10,107,11,11,11,11,11,11,11,11,11,11,11,11,10,10,10,10,10,10,66,66,10,10,10,10,10,10,10,10,66,10,10,10,10,10,10,10,10,10,82,82,10,10,10,10,10,10,10,10,10,10,10,10,10,11,11,11,11,11,11,11,11,11,11,11,11,11,11,11,11,11,11,11,11,11,11,26,12,12,12,12,12,12,11,11,11,11,11,11,11,11,10,10,10,10,10,10,10,10,10,10,10,10,10,10,10,10,10,10,10,10,10,10,10,10,10,10,10,10,10,10,66,66,66,10,11,11,11,11,11,11,11,11,11,11,12,12,12,12,12,12,1,1,1,1,1,1,1,1,0,0,92,92,92,0,92,92,92,92,92,92,92,0,0,0,0,1,12,12,12,12,12,12,12,12,1,1,89,89,1,1,1,2,2,2,2,2,2,2,2,12,41,41,41,12,86,86,2,2,83,12,12,12,12,12,12,12,12,11,11,2,11,11,2,11,11,10,10,10,10,10,10,10,10,52,10,10,10,10,10,10,10,66,10,10,10,10,10,10,10,10,10,10,10,10,10,10,10,10,10,10,10,10,10,10,10,10,10,2,2,82,10,10,10,10,10,10,10,10,10,10,10,10,10,10,10,10,10,42,42,10,10,10,10,10,10,10,10,10,10,10,10,10,10,10,10,10,10,10,10,10,10,10,10,10,10,11,2,2,2,2,2,2,2,2,2,2,1,1,1,1,1,1,1,1,1,1,0,0,92,0,92,92,92,92,0,92,92,92,92,0,0,0,0,0,0,0,92,92,92,92,0,0,0,0,92,92,92,92,92,92,0,92,92,92,0,0,0,0,0,92,92,92,92,0,92,92,92,92,92,92,92,92,92,92,92,92,92,92,92,0
92,92,92,92,92,92,92,0,0,1,1,1,1,1,1,1,2,23,26,26,26,12,12,12,12,12,12,12,11,11,11,11,11,11,11,107,107,11,11,11,11,11,11,11,11,11,11,11,11,11,11,11,11,11,11,10,10,10,10,10,10,10,10,10,10,10,10,10,10,10,10,10,10,10,10,10,10,10,10,10,10,82,82,10,10,10,10,10,10,10,82,82,10,10,10,10,10,10,10,10,10,10,10,10,10,10,10,10,10,10,10,10,10,10,10,10,10,10,10,10,10,82,10,10,10,10,10,10,10,10,10,10,10,10,10,11,11,11,11,11,11,11,11,11,11,11,11,11,11,11,11,11,11,11,11,11,26,26,26,26,12,12,12,12,12,11,11,11,11,11,11,11,10,10,10,10,10,10,10,10,10,10,10,10,10,10,10,10,10,10,10,10,10,10,10,10,10,10,10,10,10,10,66,10,10,10,10,11,11,11,11,11,11,11,11,11,12,12,12,12,12,12,2,1,1,1,1,1,1,1,1,0,92,92,92,92,92,92,92,92,92,92,92,92,92,0,0,0,12,12,12,12,12,12,12,12,12,1,1,1,1,12,12,1,2,2,2,2,2,2,2,2,2,88,88,2,2,86,2,26,26,26,12,12,12,12,12,12,12,12,11,2,11,11,11,11,11,10,10,10,10,10,10,10,10,52,10,10,10,10,10,10,66,66,10,10,10,10,10,10,10,10,10,10,10,10,10,10,10,10,10,10,10,10,10,10,10,10,10,2,2,82,10,10,10,10,10,10,10,10,10,10,10,10,10,10,10,82,10,10,10,10,10,10,10,10,10,10,10,10,10,10,10,10,10,10,10,10,10,10,10,10,10,10,10,10,10,2,11,11,11,11,11,12,12,12,12,2,1,1,1,1,1,1,1,1,1,1,0,0,92,92,92,92,92,0,92,92,92,92,92,92,92,92,92,0,0,0,0,0,0,0,0,0,0,0,92,92,0,92,0,92,92,92,92,92,0,0,0,0,92,92,92,0,0,92,92,92,92,92,92,92,92,92,92,92,92,0,0,0,0,0
92,92,92,92,92,0,92,92,0,1,1,1,1,1,1,1,2,26,26,26,12,12,12,12,12,12,12,11,11,11,11,11,11,11,11,11,11,11,11,11,11,11,11,11,11,11,11,11,11,10,10,10,10,10,10,10,10,10,10,10,10,10,10,10,10,10,10,10,10,10,10,10,10,10,10,10,10,10,10,10,10,82,10,10,10,10,10,10,10,10,10,10,10,10,10,10,10,10,10,82,10,10,10,10,10,10,10,10,10,52,52,10,10,10,10,10,10,10,10,10,10,10,10,10,10,10,10,10,10,10,10,10,10,10,10,10,11,11,11,11,11,11,11,11,11,11,11,11,11,11,11,11,11,11,84,84,12,26,12,12,12,12,12,12,12,12,26,11,11,11,11,11,10,10,10,10,10,10,10,10,82,82,82,10,10,10,10,10,10,10,10,10,10,10,10,10,10,10,10,10,10,10,10,10,10,10,10,10,11,11,11,11,11,11,11,11,11,12,12,12,12,12,2,1,1,1,1,1,1,1,1,0,0,92,92,92,92,92,92,92,92,92,92,92,92,92,0,0,0,12,12,12,12,12,12,12,12,12,12,12,12,12,12,1,1,2,2,2,2,2,2,2,2,2,2,86,86,2,2,2,12,26,2,86,86,86,12,12,12,12,12,2,11,11,11,11,11,10,10,10,10,10,10,10,10,10,10,10,10,10,10,10,10,66,10,10,10,10,10,10,10,10,52,52,10,10,10,10,10,10,10,10,10,10,10,10,10,10,10,2,10,10,10,10,10,10,10,10,10,10,10,10,10,10,10,10,10,82,82,82,10,10,10,10,10,10,10,10,10,10,10,10,10,10,10,10,10,10,10,10,10,10,10,10,10,10,2,10,10,10,11,11,11,11,12,12,12,12,2,1,1,1,1,1,1,1,1,1,0,0,92,0,92,92,0,92,92,92,92,92,92,92,92,92,92,92,0,0,92,92,0,92,92,0,0,92,92,92,92,92,92,92,92,92,92,92,92,92,0,0,92,92,92,92,92,92,92,92,92,92,92,92,92,92,92,92,92,0,0,0,0,0
92,92,92,0,92,92,92,92,0,1,1,1,1,1,1,1,2,12,26,26,26,12,12,12,12,12,11,11,11,11,11,84,84,11,11,11,10,10,10,10,10,10,10,10,10,10,10,10,10,10,10,10,10,10,10,10,10,10,52,52,52,52,10,10,42,10,10,10,66,66,66,10,10,10,10,66,10,10,10,10,10,10,10,10,10,10,10,10,10,52,52,10,10,10,10,10,10,10,82,82,10,10,10,10,10,10,10,10,10,10,10,10,10,10,10,10,10,10,10,10,10,10,10,10,10,10,10,10,10,52,10,10,10,10,10,10,11,11,11,11,11,11,11,11,11,11,11,11,11,84,84,11,11,11,11,12,12,12,12,12,12,12,12,12,12,26,26,26,11,11,11,11,10,10,10,10,10,10,10,10,10,10,10,52,52,10,10,10,10,10,10,10,10,10,10,10,10,10,10,10,10,10,10,10,10,10,10,10,10,10,11,11,11,11,11,11,11,12,12,12,12,12,2,1,1,1,1,1,1,1,1,0,0,92,92,92,92,92,92,92,0,92,92,92,92,92,0,0,0,0,12,12,12,12,12,12,12,12,12,12,12,12,1,1,1,1,1,2,2,2,2,2,2,2,2,2,2,2,2,2,2,86,2,2,86,86,86,12,12,12,12,12,11,11,11,11,10,10,10,10,10,10,10,10,10,10,10,10,10,10,10,10,10,10,10,10,10,52,52,10,10,10,10,10,10,10,10,10,66,10,10,10,10,10,10,10,2,10,88,10,10,10,10,10,10,10,10,10,10,10,10,10,10,10,10,10,10,10,10,82,82,10,10,10,10,10,10,10,10,10,10,42,10,10,10,10,10,10,10,10,10,10,10,10,10,2,10,10,10,10,11,11,11,11,12,12,12,12,2,1,1,1,1,1,1,1,1,1,0,0,92,92,0,0,0,92,0,92,92,0,92,92,92,92,92,92,0,92,92,92,92,92,0,0,0,92,92,92,92,92,92,92,92,92,92,0,92,0,0,0,92,92,92,92,92,92,92,92,92,92,92,92,92,92,0,92,92,0,0,0,0,0
92,0,0,0,92,92,92,92,0,1,1,1,1,1,1,1,2,12,12,26,12,12,12,12,12,11,11,11,11,11,11,11,11,11,10,10,10,10,10,10,10,10,10,10,10,10,10,10,10,10,10,10,10,66,66,66,10,10,10,10,10,10,10,10,42,42,10,10,10,66,10,10,10,10,10,66,10,10,10,10,10,10,10,10,10,10,10,10,10,10,10,10,10,10,10,67,42,42,42,10,10,10,10,82,82,10,10,86,52,52,10,10,10,10,10,10,10,10,10,10,10,10,10,10,10,10,10,10,10,10,52,52,10,10,10,10,11,11,11,11,11,11,11,11,11,11,11,11,11,11,11,11,11,11,11,11,12,12,12,12,12,12,12,12,12,12,12,11,11,11,11,11,10,10,10,10,10,10,10,10,66,66,66,66,10,10,10,10,10,10,10,10,10,10,10,10,10,10,10,10,10,10,10,10,10,10,10,10,10,10,10,11,11,11,11,11,11,11,12,12,12,12,2,1,1,1,1,1,1,1,1,1,0,92,92,92,92,92,92,92,92,92,92,92,92,92,0,0,0,0,0,0,12,12,12,12,12,12,12,12,12,12,12,1,1,1,1,1,2,2,2,2,2,2,2,2,2,2,2,2,2,86,86,86,86,86,86,2,12,12,12,12,11,11,11,11,10,10,10,10,10,10,10,10,10,10,10,10,10,10,10,10,10,10,10,67,10,10,10,10,66,10,10,10,10,10,10,66,66,66,10,10,10,10,10,10,2,2,10,10,10,10,10,10,10,10,10,10,10,10,10,10,10,10,10,10,10,10,10,10,10,52,52,10,10,10,10,10,10,10,42,42,10,10,10,10,10,10,10,10,10,10,10,10,10,10,10,10,10,10,10,11,11,11,11,12,12,12,2,1,1,1,1,1,1,1,1,1,1,0,0,92,0,0,0,0,0,92,92,92,92,92,92,92,92,92,92,92,92,92,92,92,92,92,92,92,92,92,92,92,92,0,92,92,92,92,92,0,0,0,0,92,92,0,92,92,92,92,92,92,0,92,92,92,92,92,0,0,0,92,0,92
0,0,92,92,92,92,92,92,0,1,1,1,1,1,1,2,2,12,12,26,26,12,12,12,11,11,11,11,11,11,11,10,10,10,10,10,10,10,10,10,10,10,10,10,10,10,10,10,10,10,10,10,10,10,66,10,10,10,10,10,10,10,10,82,82,82,10,67,67,10,10,10,10,10,66,66,10,10,10,82,10,10,10,10,10,67,67,10,10,10,10,10,10,10,10,67,67,10,10,10,10,10,10,82,82,52,52,10,10,10,10,10,10,10,10,10,10,10,10,10,10,10,10,10,10,10,10,10,10,10,10,10,10,10,10,10,11,11,11,11,11,11,11,11,11,11,11,11,26,26,11,84,11,11,11,11,11,12,12,12,12,12,12,12,12,12,11,11,11,11,10,10,10,10,10,10,10,10,10,10,10,10,10,10,10,10,10,10,10,10,10,10,10,10,10,10,10,10,10,52,52,10,10,10,10,10,10,10,10,10,10,10,11,11,11,11,11,11,12,12,12,12,2,2,1,1,1,1,1,1,1,1,0,92,92,92,92,92,92,92,92,92,92,0,0,0,0,0,0,0,0,0,0,12,12,12,12,12,12,12,12,12,12,1,1,1,1,1,1,1,2,2,2,2,2,2,2,2,2,2,2,2,86,86,86,86,86,2,2,2,12,2,11,11,11,10,10,10,10,10,10,10,10,10,10,10,10,10,10,10,10,10,10,10,67,67,67,10,10,66,66,66,10,10,10,10,10,10,10,10,10,10,10,10,10,2,2,10,10,10,10,10,10,82,82,82,10,10,10,10,10,10,10,10,10,10,10,52,52,10,10,10,10,10,10,10,10,10,10,10,10,10,10,10,10,10,10,10,10,10,10,10,10,10,10,10,10,10,10,10,10,10,11,11,11,12,12,12,2,1,1,1,1,1,1,1,1,1,1,1,0,0,0,0,0,0,0,0,92,92,92,92,92,92,92,92,92,92,92,92,92,92,92,92,92,0,92,92,92,92,92,92,92,92,92,92,92,0,0,0,92,92,0,92,92,92,92,92,92,92,0,92,92,92,92,0,0,0,92,92,92,92
0,0,92,92,92,92,92,92,0,1,1,1,1,1,1,88,12,12,12,12,12,11,11,11,11,11,11,11,11,10,10,10,10,10,10,10,10,10,42,10,10,10,10,10,10,10,10,10,10,10,10,10,42,10,10,10,10,10,10,10,10,10,52,52,10,10,10,67,67,10,10,10,10,10,10,67,67,67,82,82,10,10,10,10,10,67,67,10,10,10,10,10,10,10,10,67,10,10,10,10,10,10,10,10,82,82,10,10,10,10,10,10,10,10,10,10,10,10,10,10,10,10,10,10,10,10,10,10,10,10,10,10,10,10,10,11,11,11,12,12,12,12,12,12,12,12,12,11,11,11,11,84,11,11,10,11,11,11,12,12,12,12,26,12,12,11,11,11,10,10,10,10,10,10,10,10,10,10,10,10,10,10,10,10,10,10,10,10,10,10,10,10,10,10,10,10,10,10,10,10,42,10,10,10,10,10,10,10,10,10,10,10,10,11,11,11,11,11,12,12,12,12,12,2,1,1,1,1,1,1,1,1,0,0,92,92,92,92,92,0,0,0,92,0,0,0,0,0,0,0,0,0,0,0,0,12,12,12,12,1,1,1,1,1,1,1,1,1,1,1,1,2,2,2,2,2,2,2,2,2,2,2,86,86,2,2,2,2,2,12,12,12,11,11,11,10,10,10,10,10,10,10,10,10,10,10,10,10,10,10,10,10,10,66,10,42,42,10,10,10,10,10,10,10,10,10,10,10,10,10,10,10,10,10,2,2,10,10,10,10,10,10,10,10,10,10,10,10,10,10,10,10,10,10,10,10,10,10,10,10,10,10,10,10,10,10,10,10,10,10,10,10,10,10,10,10,10,10,10,10,10,10,10,10,10,10,10,10,10,10,10,42,42,11,11,11,12,12,12,2,1,1,1,1,1,1,1,1,1,1,1,0,0,0,0,0,0,92,92,92,92,92,92,92,92,92,0,92,92,92,92,92,92,0,0,0,92,0,92,92,92,92,92,92,92,92,92,0,0,92,92,92,92,92,92,92,92,92,92,92,92,92,92,92,92,92,92,92,92,92,92,92
0,0,92,92,92,92,92,92,0,1,1,1,1,1,1,26,26,12,12,12,11,11,11,11,11,11,11,10,10,10,10,10,10,10,10,10,10,10,42,10,10,10,10,10,10,10,10,10,10,10,10,10,42,42,10,10,10,10,66,10,10,10,10,82,82,10,10,10,10,10,10,10,10,10,10,10,10,67,10,10,10,10,10,10,10,10,10,10,2,10,86,10,52,10,10,10,10,10,10,10,10,10,10,10,10,10,10,10,10,10,10,10,10,10,10,10,10,10,10,10,10,82,10,10,10,10,10,10,10,10,10,10,10,10,11,11,11,12,12,12,12,12,12,12,12,12,12,12,12,12,11,11,11,11,11,11,11,11,11,12,12,12,26,26,11,11,11,10,10,10,10,10,10,67,67,10,10,10,10,10,10,10,10,10,10,10,10,10,10,10,10,10,10,10,10,10,10,10,10,42,42,52,52,10,10,10,10,10,10,10,10,10,10,10,11,11,11,11,11,12,12,12,12,2,2,1,1,1,1,1,1,1,0,92,92,92,92,92,92,92,0,0,92,92,92,92,92,0,0,0,0,0,0,0,0,0,0,1,1,1,1,1,1,1,1,1,1,1,1,1,1,1,1,2,2,2,2,2,2,2,2,2,2,12,12,12,12,12,12,12,12,11,11,11,10,10,10,10,10,10,10,10,10,10,10,10,10,10,10,10,10,10,66,66,66,42,10,67,67,67,10,10,10,10,10,10,10,10,10,10,10,10,10,2,2,10,10,10,10,52,52,10,10,52,52,10,10,10,10,10,10,10,10,10,10,10,10,10,10,10,10,10,10,10,10,10,10,10,10,10,10,10,10,10,10,67,67,67,10,10,10,10,10,10,10,10,10,10,10,10,10,42,10,11,11,11,12,12,12,2,1,1,1,1,1,1,1,1,1,1,1,1,0,0,92,92,92,92,92,92,92,92,92,92,92,92,0,0,92,0,92,92,0,0,0,0,92,0,92,92,92,92,92,0,0,92,92,92,92,0,92,92,92,92,92,92,92,92,92,92,92,92,0,92,92,92,92,92,92,92,92,92
0,0,92,92,92,92,92,92,0,1,1,1,1,1,1,26,12,12,12,12,11,11,11,11,11,10,10,10,10,10,10,10,10,10,10,10,10,10,42,10,10,10,10,10,10,10,10,10,10,10,10,42,42,42,10,10,10,10,66,66,10,10,10,82,10,10,10,10,67,67,10,10,10,10,10,10,10,10,10,10,10,10,10,10,2,10,10,10,10,10,10,10,52,10,10,10,10,10,10,10,10,10,10,10,10,10,10,10,10,10,10,10,10,10,10,10,10,10,10,52,10,10,10,10,10,10,10,10,10,10,10,10,10,11,11,11,12,12,12,83,83,12,12,12,12,12,12,12,12,12,12,12,11,11,11,11,11,11,11,11,12,12,26,26,11,11,10,10,10,10,10,10,10,67,67,10,10,10,10,10,10,10,10,10,10,10,10,10,10,10,10,10,10,10,10,10,52,52,10,10,10,10,10,10,10,10,10,10,10,10,10,52,82,82,10,11,107,107,11,12,12,12,12,2,2,1,1,1,1,1,1,1,0,0,0,92,92,92,92,92,0,0,0,92,92,92,92,92,0,0,0,0,0,0,0,0,0,0,1,1,1,1,1,1,1,1,1,1,1,1,1,1,1,1,2,2,2,2,2,2,2,2,12,12,12,12,12,12,12,11,11,11,11,10,10,10,32,32,32,32,32,32,10,10,10,10,10,10,9,9,10,10,82,10,10,10,10,10,67,10,10,10,10,10,10,10,10,10,10,10,52,52,2,2,10,10,10,10,10,10,10,10,10,10,10,10,10,52,10,10,10,10,10,10,10,10,10,10,10,10,10,10,10,10,10,10,10,10,10,10,66,10,10,10,10,67,10,10,10,10,10,10,10,10,10,10,10,10,10,10,10,10,10,11,11,11,12,12,2,2,1,1,1,1,1,1,1,1,1,1,1,1,0,0,92,92,92,92,92,92,0,92,0,92,0,92,92,92,92,92,92,92,0,0,0,0,0,0,0,0,92,0,92,92,92,92,92,92,92,0,0,0,92,92,92,0,92,92,92,92,92,92,92,0,92,92,92,92,0,92,92,92
92,92,92,92,92,0,92,92,0,1,1,1,1,1,1,26,12,12,12,12,11,11,11,11,10,10,10,10,10,10,10,10,10,10,10,10,10,10,10,10,10,10,10,10,10,66,10,10,10,10,10,10,66,10,10,10,82,82,82,10,10,10,10,10,10,10,10,10,67,67,10,10,10,10,10,10,10,10,10,66,66,10,10,10,10,42,42,42,10,10,10,52,52,10,10,42,10,10,10,10,10,66,10,10,10,10,10,10,10,10,10,10,10,10,10,9,9,9,9,10,10,10,10,10,52,52,10,10,10,10,10,10,11,11,11,11,12,86,86,86,2,2,2,12,12,12,12,12,12,12,12,12,11,11,11,11,11,11,11,11,11,11,26,11,11,10,10,42,10,10,10,10,10,10,10,42,52,10,10,10,10,10,10,10,10,10,10,10,10,10,10,10,10,10,10,10,10,42,42,10,10,10,10,10,10,10,10,67,67,67,10,52,82,10,10,10,10,11,11,11,12,12,12,12,12,1,1,1,1,1,1,1,0,0,92,92,92,92,92,92,0,0,0,0,92,92,92,92,92,92,0,0,0,0,0,0,0,0,0,1,1,1,1,1,1,1,1,1,1,1,1,1,1,1,1,1,2,2,2,2,2,12,12,12,12,12,12,12,11,11,11,11,10,10,10,32,32,32,10,32,32,10,10,9,9,9,9,52,52,9,9,10,82,10,10,10,10,10,10,42,42,42,10,10,10,10,10,10,10,67,10,10,10,10,10,10,10,10,10,10,10,10,10,10,10,10,10,52,10,10,10,10,10,10,10,10,10,10,10,52,52,10,10,10,10,10,10,10,10,66,66,66,10,10,52,52,10,10,10,10,10,10,10,10,10,10,10,10,10,10,10,10,11,11,11,11,12,2,2,2,2,1,1,1,1,1,1,1,1,1,1,1,1,0,0,0,92,0,92,92,92,92,92,92,92,92,0,92,92,92,92,0,0,92,92,0,0,0,0,0,0,0,0,92,92,92,92,92,92,92,0,0,92,92,0,0,92,92,92,92,92,92,92,92,92,92,92,92,92,92,92,92
0,92,92,92,92,92,92,92,0,1,1,1,1,1,1,2,12,12,12,11,11,11,11,10,10,10,10,10,10,10,10,10,10,10,10,10,10,10,10,10,10,10,10,10,66,66,66,10,10,10,10,66,66,10,10,10,10,10,10,10,82,10,10,10,10,10,10,10,67,67,10,10,10,52,52,10,10,66,52,66,66,10,10,10,52,52,10,10,10,10,10,10,10,10,10,42,42,10,10,10,66,66,66,10,10,10,10,10,10,9,9,9,34,34,9,9,9,9,9,9,10,10,10,10,10,10,10,10,52,52,10,11,11,11,11,12,12,1,1,1,1,1,1,1,1,2,2,2,2,12,12,12,12,12,11,11,11,11,11,11,11,11,11,11,10,10,42,42,10,10,10,10,10,10,42,42,52,66,10,10,10,10,10,10,10,10,10,10,10,52,52,10,10,10,10,10,10,42,42,42,10,10,10,10,10,10,10,67,10,10,10,10,10,10,10,10,10,10,11,11,11,12,12,12,12,12,1,1,1,1,1,1,0,0,92,92,92,92,92,92,0,0,0,92,92,92,92,92,92,0,0,92,92,92,92,92,92,92,0,0,0,1,1,1,1,1,1,1,1,1,1,1,1,1,1,1,1,1,2,2,2,12,12,12,11,11,11,11,11,11,11,10,10,10,10,10,32,10,10,10,9,9,34,34,34,34,9,9,9,9,9,9,82,34,34,34,34,9,9,9,9,9,10,10,10,10,10,10,67,67,88,2,10,10,10,10,10,10,10,10,10,10,10,10,10,10,10,10,10,10,10,10,10,10,10,10,10,10,10,10,10,10,10,10,67,42,10,10,10,10,10,52,52,10,9,34,34,9,10,10,10,10,10,10,10,10,10,10,23,10,10,11,11,11,11,12,12,2,2,2,2,2,1,1,1,1,1,1,1,1,1,1,1,1,0,0,0,92,92,0,0,92,92,92,92,92,92,92,92,0,0,92,92,92,92,92,0,0,0,0,0,0,0,92,92,92,92,92,92,92,0,0,92,92,0,92,92,92,92,92,0,92,92,92,92,92,92,92,92,92,92,92
92,92,92,92,92,92,92,92,0,1,1,1,1,1,1,2,12,12,12,12,11,11,11,10,10,10,10,10,10,10,10,10,10,10,10,10,10,9,9,52,52,67,67,10,10,10,10,10,52,52,10,52,66,10,10,10,10,34,34,9,82,82,9,9,9,9,9,9,9,9,9,9,9,34,34,34,67,67,9,9,9,52,52,9,9,9,9,9,9,9,9,57,57,9,9,9,9,9,34,9,9,9,34,34,9,9,9,9,9,9,34,34,34,34,34,9,9,9,9,9,34,10,10,10,10,10,10,52,52,10,11,11,11,109,12,12,2,1,1,1,1,1,1,1,1,2,1,1,1,1,2,12,12,12,12,12,11,11,11,11,11,11,11,10,10,10,10,10,10,10,10,10,10,10,10,10,10,10,10,10,10,10,52,34,34,34,34,9,10,10,10,10,10,10,10,10,10,10,10,10,10,10,10,10,10,10,10,10,10,10,10,10,10,10,10,10,10,10,11,11,11,12,12,12,12,1,1,1,1,1,1,1,0,92,92,92,0,0,0,92,92,92,92,92,92,92,92,92,92,0,92,92,92,0,0,0,92,92,0,0,0,0,1,1,1,1,1,1,1,1,1,1,1,1,1,1,1,1,1,2,2,2,12,11,11,11,11,11,11,10,10,10,10,10,10,10,10,9,9,9,9,9,34,34,34,34,34,34,34,34,34,34,9,9,34,34,34,9,9,34,34,34,9,9,9,9,9,9,10,67,88,10,10,10,10,10,10,10,10,10,10,67,23,10,10,10,10,10,10,10,10,10,10,10,42,42,42,10,66,10,10,10,10,67,67,42,42,10,10,10,10,10,10,9,34,34,34,34,9,10,10,10,10,10,10,10,10,88,10,10,11,11,11,11,12,12,2,2,2,2,2,2,2,1,1,1,1,1,1,1,1,1,1,1,1,1,0,0,0,92,92,92,92,92,92,92,92,92,92,0,0,92,92,92,92,92,0,0,0,0,0,0,0,92,92,92,92,92,92,92,92,92,92,0,0,92,92,0,0,0,0,92,92,92,0,92,92,92,92,92,92,92
0,92,92,92,92,92,92,92,0,1,1,1,1,1,1,2,12,12,12,12,11,11,11,10,10,10,10,10,10,10,10,52,52,10,9,9,9,9,9,9,9,9,9,9,9,9,9,9,9,9,82,82,9,9,9,57,57,34,34,34,34,9,34,34,9,9,9,9,9,9,83,9,9,52,34,34,34,9,9,9,9,9,9,34,34,34,9,9,9,9,9,9,9,9,86,9,9,34,34,34,9,9,9,34,34,34,9,9,9,9,34,34,9,34,34,9,9,9,9,9,9,9,10,10,10,10,10,10,10,10,11,11,11,109,12,12,2,1,1,1,1,1,1,1,1,1,1,1,1,1,1,1,2,2,12,12,12,12,11,11,11,11,10,10,10,10,10,10,10,10,10,10,10,10,10,10,10,10,67,10,10,10,52,34,34,34,34,9,9,52,52,10,10,10,10,10,10,10,10,10,10,9,10,10,10,10,10,10,10,10,10,10,10,10,10,10,10,10,11,11,11,11,12,2,2,1,1,1,1,1,1,1,0,92,92,92,92,92,92,92,92,92,92,92,92,92,92,92,92,92,0,92,92,92,92,92,92,92,92,92,0,0,0,0,1,1,1,1,1,1,1,1,1,1,1,1,1,1,1,1,2,2,2,11,11,11,11,11,10,10,10,10,10,10,10,9,9,2,9,9,9,9,9,9,9,9,34,9,34,34,34,34,9,52,52,34,9,34,34,34,34,34,34,9,9,9,23,2,9,2,67,67,34,34,34,10,10,10,9,9,67,67,88,10,10,10,10,10,10,10,10,10,10,10,10,10,10,10,66,66,10,10,10,10,67,10,10,10,10,9,9,9,9,9,9,34,34,9,34,34,10,10,10,10,52,10,88,88,10,10,11,11,11,12,2,2,2,2,2,2,2,2,2,2,1,1,1,1,1,1,1,1,1,1,1,1,1,0,0,0,92,92,92,92,92,0,92,92,92,92,92,92,92,92,92,0,0,0,0,0,0,0,0,0,92,92,92,0,92,92,92,92,92,92,92,92,92,92,92,92,0,92,92,92,92,92,92,0,92,92,92,92
92,0,0,0,92,92,92,0,0,1,1,1,1,1,89,2,12,12,12,11,11,11,11,10,10,10,10,10,10,10,10,10,9,34,52,52,67,67,9,34,9,9,9,9,9,9,9,9,9,9,82,9,9,9,9,9,57,34,34,9,34,9,34,34,9,52,52,9,9,9,83,9,9,52,34,9,9,9,9,9,9,9,34,34,34,34,9,9,9,9,9,67,67,9,9,9,9,9,34,34,34,9,9,34,34,34,9,9,9,9,34,34,9,34,34,9,9,9,9,9,9,9,9,10,10,10,10,10,10,10,10,11,11,109,109,12,2,1,1,1,1,1,1,1,1,1,1,1,1,1,1,1,1,1,2,12,12,12,12,11,11,11,11,10,10,10,10,10,10,10,10,10,10,10,10,10,10,67,67,67,52,10,9,9,9,34,34,34,9,9,67,9,9,34,34,10,10,10,10,10,9,9,9,9,10,52,52,10,10,10,10,10,10,10,10,10,10,11,11,11,11,12,12,2,1,1,1,1,1,1,1,1,0,92,92,92,92,92,92,92,0,0,92,92,92,0,92,92,92,92,92,92,92,0,92,92,92,92,92,92,0,92,0,0,0,0,1,1,1,1,1,1,1,1,1,1,1,1,1,1,1,2,2,12,2,11,11,11,10,10,10,10,10,10,2,9,9,9,88,9,9,9,9,9,9,9,34,9,9,34,34,34,9,9,9,34,9,9,34,34,34,34,34,34,9,9,9,2,2,67,67,9,34,34,34,34,34,9,9,9,9,67,2,10,10,10,10,9,9,9,9,9,10,10,10,10,10,10,10,66,10,9,9,9,9,34,9,34,34,34,9,9,9,9,9,9,9,34,34,34,9,9,10,10,52,10,10,10,10,86,86,86,86,86,2,2,2,2,2,2,2,2,2,2,2,1,1,1,1,1,1,1,1,1,1,1,1,1,1,0,0,0,0,0,0,0,92,92,92,92,92,0,92,92,92,92,0,0,0,0,0,0,0,92,92,92,92,92,92,0,92,92,92,92,92,92,92,92,92,92,92,92,92,92,92,92,92,92,92,92,92,92
92,0,92,0,92,92,92,0,0,1,1,1,1,1,89,2,12,12,12,84,11,11,11,11,10,10,10,10,10,10,10,34,34,34,34,9,51,34,34,34,34,34,34,34,9,9,9,9,9,9,9,9,9,9,9,9,9,9,9,9,34,34,34,34,83,9,9,9,9,9,9,9,9,9,34,9,34,34,9,9,9,9,34,9,34,9,9,9,34,9,9,67,67,9,9,9,9,2,34,9,9,9,9,34,2,34,34,34,34,34,34,34,34,34,9,9,9,9,9,9,9,9,9,9,10,10,10,10,10,10,10,11,11,109,109,12,1,1,1,1,1,1,1,1,1,1,1,1,1,1,1,1,1,1,1,2,2,12,12,11,11,11,11,10,10,10,10,10,10,10,10,10,10,10,10,10,10,10,10,10,52,52,9,34,34,34,34,9,9,67,67,67,34,34,34,34,34,9,9,34,9,57,9,52,52,10,10,10,10,10,10,10,10,10,10,10,11,11,11,11,12,12,12,2,1,1,1,1,1,1,1,1,0,92,92,92,92,92,92,92,0,92,92,92,92,0,92,92,92,92,92,92,92,92,92,92,92,92,92,92,92,92,92,92,0,0,0,1,1,1,1,1,1,1,1,1,1,1,1,1,1,1,12,12,12,11,11,11,11,10,10,10,10,10,9,9,9,9,2,9,9,9,9,9,9,34,9,34,9,34,9,9,9,9,34,34,34,9,9,67,34,9,82,9,9,34,34,2,34,34,9,9,51,51,9,67,9,9,9,9,9,9,88,34,2,9,9,9,9,9,9,9,9,9,9,9,9,9,9,9,9,9,9,67,67,9,34,34,34,34,9,9,9,9,9,9,67,67,67,34,9,9,9,88,100,10,52,52,10,10,10,11,11,11,11,12,2,2,2,2,2,2,2,2,2,1,1,1,1,1,1,1,1,1,1,1,1,1,1,1,0,0,0,0,0,0,92,92,92,0,0,0,92,92,92,92,92,92,0,0,0,0,0,0,0,92,92,0,92,92,0,92,92,92,92,92,92,92,92,92,92,92,92,92,0,0,92,92,92,92,92,92
92,92,92,92,92,0,92,0,1,1,1,1,1,1,89,2,12,12,12,84,11,11,11,11,10,10,10,10,10,10,10,34,34,34,9,51,51,51,34,9,34,34,34,34,9,9,9,83,9,9,9,9,9,9,9,9,9,9,9,34,34,34,34,34,83,9,9,9,9,9,67,9,9,9,9,9,34,34,34,67,9,9,34,9,34,34,34,34,34,9,9,9,9,9,9,9,9,9,9,9,9,9,34,34,34,2,2,34,34,34,34,34,34,34,9,9,9,9,9,9,9,9,9,9,9,10,10,10,10,42,10,11,11,109,109,12,1,1,1,1,1,1,1,1,1,1,1,1,1,1,1,1,1,1,1,1,1,2,2,12,11,11,11,11,11,11,10,10,10,10,10,10,10,10,10,10,10,10,10,10,9,9,9,9,9,34,9,9,9,9,9,9,9,34,9,9,9,9,34,34,34,57,9,34,34,34,34,9,10,10,10,10,10,10,10,10,10,11,11,11,11,12,12,2,1,1,1,1,1,1,1,1,0,92,92,92,92,0,92,92,92,92,92,92,92,92,92,92,92,92,92,92,92,92,92,92,92,92,92,92,92,92,92,92,0,92,0,0,0,1,1,1,1,1,1,1,1,1,1,1,1,1,12,12,11,11,11,11,11,10,10,10,10,9,9,9,9,9,9,9,9,67,67,9,34,34,34,34,34,9,34,34,9,9,34,34,9,9,9,9,9,82,82,34,34,34,34,34,34,9,9,9,51,51,67,67,67,9,9,9,9,2,2,34,34,9,9,9,9,9,9,9,9,9,9,9,9,9,9,9,9,9,9,52,52,9,34,9,9,9,9,9,9,9,9,9,9,9,34,34,2,88,2,88,34,34,2,10,10,66,10,10,11,11,11,11,12,23,23,2,2,2,2,2,2,2,1,1,1,1,1,1,1,1,1,1,1,1,1,1,1,1,0,0,0,92,92,92,0,92,92,92,92,92,92,92,92,92,0,0,0,0,0,0,0,92,0,0,92,92,0,0,92,92,92,92,92,92,92,92,92,92,92,92,92,0,92,0,92,92,92,0
92,0,92,92,92,92,92,0,1,1,1,1,1,1,89,41,41,41,11,11,11,11,11,11,11,10,10,10,10,10,9,9,34,9,9,51,51,9,9,51,51,34,34,9,9,9,9,83,9,9,9,9,9,9,9,9,9,9,9,9,34,34,9,9,9,9,9,9,9,67,67,67,34,9,9,34,34,34,67,67,9,9,9,9,9,34,34,34,34,9,9,9,9,9,9,9,9,9,9,9,9,34,23,34,34,34,34,34,34,34,34,34,34,34,9,9,9,9,34,34,34,9,9,9,9,10,10,10,42,42,11,11,109,109,26,2,1,1,1,1,1,1,1,1,1,1,1,1,1,1,1,1,1,1,1,1,1,1,1,2,12,11,11,11,11,11,11,11,11,11,10,10,10,10,52,10,10,10,10,10,9,10,9,9,9,9,9,9,9,9,9,9,34,34,9,9,9,9,9,34,34,57,9,9,9,34,34,34,9,10,10,52,10,10,10,10,10,10,11,11,11,11,12,12,1,1,1,1,1,1,1,0,0,92,0,92,92,92,92,92,92,92,92,92,92,92,0,92,0,0,0,0,0,92,92,92,0,0,92,92,92,0,92,92,92,92,92,0,0,0,0,1,1,1,1,1,1,1,1,1,1,1,1,2,12,11,11,11,11,11,10,10,10,9,9,9,9,9,9,9,9,9,34,9,9,34,9,9,9,34,34,34,34,34,34,34,9,9,9,9,9,9,9,2,2,2,9,34,34,86,86,86,86,86,86,86,2,34,9,9,9,2,34,34,34,9,9,9,9,34,34,34,9,57,9,9,9,9,9,9,9,9,9,9,9,34,9,9,9,9,9,9,9,9,9,34,34,34,34,34,2,2,88,88,34,34,9,9,66,66,52,52,10,11,11,11,11,12,23,12,12,12,2,2,2,2,2,1,1,1,1,1,1,1,1,1,1,1,1,1,1,1,1,0,0,92,92,92,92,92,92,92,92,92,92,92,92,92,0,0,0,0,0,0,0,0,92,92,92,92,92,0,92,92,92,92,92,92,92,92,92,92,92,92,92,92,92,92,92,92,92,0
92,92,92,92,92,92,92,0,1,1,1,1,1,1,89,12,12,11,26,11,12,11,11,11,11,11,10,10,10,10,9,34,34,34,34,34,9,9,34,51,51,9,34,9,9,9,9,9,9,9,34,34,9,9,9,9,9,34,34,9,9,9,9,9,9,9,9,9,34,34,9,34,34,34,34,9,51,51,9,67,9,9,9,9,9,34,34,9,9,9,9,9,9,9,9,9,57,57,57,9,34,34,34,34,34,34,34,34,34,34,34,34,34,9,9,9,9,9,34,34,34,9,9,9,9,9,10,10,10,10,11,111,111,26,26,1,1,1,1,1,1,1,1,1,1,1,1,1,1,1,1,1,1,1,1,1,1,1,1,1,2,12,11,11,11,11,11,11,11,11,11,11,11,82,82,10,10,10,10,67,10,10,9,34,34,9,9,9,34,34,34,9,34,34,34,34,34,34,9,34,34,9,34,9,9,9,34,34,34,9,10,52,10,10,10,10,10,10,11,11,11,11,12,12,1,1,1,1,1,1,1,0,0,92,92,92,92,92,92,92,92,92,92,92,92,92,92,92,92,92,0,0,0,92,92,92,92,92,92,92,92,92,92,92,92,92,92,92,0,0,0,0,1,1,1,1,1,1,1,1,1,1,1,1,2,11,11,11,11,11,10,10,9,9,9,9,9,9,9,9,34,34,34,9,9,9,34,34,9,34,34,34,9,51,51,51,9,82,9,9,9,9,9,9,9,9,9,9,34,34,9,9,9,9,9,2,2,9,2,9,34,34,34,34,34,9,9,9,9,34,34,34,34,57,9,9,9,9,9,9,9,9,9,9,9,34,34,9,9,9,9,9,9,51,9,9,34,34,9,9,9,9,88,88,34,34,9,34,34,34,10,10,10,10,11,11,11,11,11,11,11,11,11,2,12,12,12,2,2,1,1,1,1,1,1,1,1,1,1,1,1,1,1,1,0,0,92,92,92,92,92,92,92,92,92,92,92,0,0,0,0,0,0,0,0,0,0,92,92,92,0,92,92,92,92,92,92,92,92,92,92,92,92,0,0,92,92,92,92,92,92,92
92,92,92,92,92,92,92,0,1,1,1,1,1,1,89,12,12,26,26,26,12,12,41,11,11,11,11,10,10,10,9,9,9,34,34,34,9,34,34,51,51,9,9,9,9,9,9,9,9,34,34,34,34,9,9,34,9,34,34,34,34,9,9,9,9,9,9,9,9,34,9,9,34,34,34,9,51,51,51,9,9,9,9,9,9,34,34,34,9,9,9,9,9,9,9,9,9,9,9,9,34,34,34,34,34,34,34,34,34,34,34,34,34,9,9,9,9,34,34,34,34,9,9,9,9,9,10,10,10,11,11,65,11,11,2,1,1,1,1,1,1,1,1,0,0,0,1,1,1,1,1,1,1,1,1,1,1,1,1,1,1,2,12,11,11,11,11,11,11,11,11,11,11,11,11,10,10,67,52,67,67,10,34,34,34,34,9,34,34,34,34,9,9,34,34,34,34,34,34,34,34,34,34,9,9,9,34,34,34,9,9,9,10,10,10,10,10,10,11,11,11,11,12,12,1,1,1,1,1,1,1,0,0,92,92,92,92,92,92,92,92,92,0,92,92,92,92,92,92,92,0,92,92,92,92,92,92,92,92,92,92,92,92,92,92,92,92,0,0,0,0,0,0,1,1,1,1,1,1,1,1,1,1,1,1,2,11,11,11,11,11,10,10,9,9,9,9,9,9,9,34,34,9,9,9,34,34,34,34,34,34,34,9,51,51,51,9,82,9,9,34,9,9,9,9,9,9,34,34,67,9,9,9,9,83,83,9,9,9,2,34,2,2,9,9,9,9,9,9,34,34,9,9,57,9,9,9,9,9,9,9,9,9,83,9,34,9,34,34,34,9,9,51,51,51,9,34,9,34,9,9,9,9,9,9,9,9,34,34,34,34,34,10,10,10,11,11,11,11,11,11,11,11,11,11,11,11,11,11,12,2,1,1,1,1,1,1,1,1,1,1,1,1,1,1,0,0,92,92,92,92,92,92,92,92,92,0,0,92,92,92,92,0,0,0,0,0,0,92,92,92,92,92,92,92,92,92,92,92,92,92,92,92,0,0,92,92,92,92,92,92,0
92,92,92,92,92,92,0,0,1,1,1,1,1,89,89,2,12,12,26,26,12,41,41,11,11,11,11,11,10,9,9,9,34,34,34,34,9,34,34,34,34,9,34,34,9,9,9,9,34,9,34,34,9,9,9,34,34,34,9,82,82,9,9,9,82,82,82,9,9,34,34,9,9,9,9,9,9,51,9,9,9,9,9,9,9,9,34,9,9,9,9,9,9,9,9,9,9,9,9,9,34,34,34,34,34,34,34,34,34,34,34,34,34,9,82,82,82,9,9,34,34,34,9,9,34,34,10,10,11,84,84,11,11,2,1,1,1,1,1,1,1,1,0,0,0,0,0,0,1,1,1,1,1,1,1,1,1,1,1,1,1,1,2,11,11,11,11,11,11,11,11,11,11,11,11,11,10,67,67,67,9,9,34,34,34,9,9,34,34,9,9,9,9,34,9,51,34,34,9,57,57,34,34,9,34,34,34,34,34,34,9,9,9,10,10,10,52,52,11,11,11,11,11,2,1,1,1,1,1,1,1,0,92,92,92,92,92,92,92,92,92,92,92,92,92,0,0,0,0,0,92,92,92,92,0,92,92,92,92,92,92,92,92,92,0,0,92,0,0,92,0,92,0,0,1,1,1,1,1,1,1,1,1,1,1,1,2,11,11,11,11,10,10,9,67,67,9,9,34,9,34,34,51,51,51,51,34,34,34,34,34,9,34,34,9,34,9,82,9,34,34,34,9,9,67,9,9,9,67,67,67,34,34,34,34,34,9,9,2,9,9,2,86,34,34,34,9,2,34,34,9,9,9,9,9,9,9,2,2,9,9,9,86,86,86,23,23,34,34,34,34,9,9,34,34,34,34,34,34,9,9,83,83,9,9,9,9,34,9,9,34,34,34,9,9,42,42,11,11,11,11,11,11,11,11,11,11,11,11,11,11,2,2,1,1,1,1,1,1,1,1,1,1,1,1,1,0,0,92,92,92,92,92,92,92,92,0,0,92,92,92,92,0,0,0,0,0,0,92,92,92,92,92,92,0,92,92,92,92,92,92,92,92,92,92,92,92,92,92,92,0,0
92,92,92,92,92,92,0,0,1,1,1,1,1,1,1,26,26,26,2,12,12,12,12,11,11,11,11,11,10,66,9,34,34,34,34,9,9,9,9,34,9,9,34,34,34,9,9,9,34,34,34,34,9,9,34,34,34,34,34,82,34,9,82,82,82,9,9,9,9,34,34,34,9,9,9,9,9,9,34,34,34,9,9,9,9,9,9,34,9,9,9,9,9,9,82,82,82,9,9,9,34,34,34,34,34,34,34,34,34,34,34,34,34,9,9,9,9,9,34,34,34,9,9,34,34,34,10,10,11,111,111,11,2,1,1,1,1,1,1,1,1,1,0,0,0,0,0,0,0,0,1,1,1,1,1,1,1,1,1,1,1,1,1,2,12,12,11,11,11,11,11,11,11,11,11,11,11,10,67,10,34,34,34,34,9,9,34,34,9,9,9,9,9,9,9,51,9,9,9,57,9,9,9,9,9,34,34,9,34,51,51,9,9,9,2,10,10,10,11,11,11,11,11,2,1,1,1,1,1,1,1,0,92,92,92,92,92,0,0,0,0,92,92,92,0,0,0,0,0,92,92,92,92,92,0,92,92,92,0,92,92,92,92,0,92,0,0,0,92,92,92,92,92,0,0,1,1,1,1,1,1,1,1,1,1,1,1,2,11,11,11,11,10,2,67,9,9,9,34,34,34,34,34,51,9,9,9,9,9,9,9,82,34,34,9,34,9,9,34,34,34,86,2,67,67,67,9,9,9,9,9,9,9,34,34,34,86,2,9,9,9,9,86,34,34,34,9,9,34,34,2,9,9,2,2,2,2,2,2,86,86,86,86,86,86,23,9,34,2,34,34,9,34,34,34,34,34,34,34,9,9,9,9,9,9,9,9,9,83,83,34,34,34,9,9,9,10,10,11,11,11,11,11,11,11,11,11,11,11,11,11,11,11,2,1,1,1,1,1,1,1,1,1,1,1,1,0,0,92,92,92,92,92,92,0,92,92,92,92,92,92,92,92,0,0,0,0,0,0,0,0,92,92,92,0,92,92,92,92,92,92,92,92,92,92,92,92,92,92,0,92,92
92,92,92,92,92,92,92,0,1,1,1,1,1,1,86,86,26,26,12,12,12,88,88,12,11,11,11,11,11,66,66,9,34,34,34,34,34,34,34,9,9,9,34,34,34,9,9,9,9,34,9,34,9,34,51,34,9,9,9,9,9,9,9,9,9,9,34,9,9,9,9,9,9,9,9,34,9,9,9,34,34,34,9,9,9,9,34,34,9,9,9,9,9,9,9,9,82,9,9,9,9,34,34,34,34,34,34,34,34,34,34,34,34,34,9,9,9,34,9,9,9,9,9,10,10,10,10,11,111,111,11,2,1,1,1,1,1,1,1,1,1,1,0,0,0,0,92,92,0,0,0,0,1,1,1,1,1,1,1,1,1,1,1,1,2,2,11,11,11,11,11,11,11,11,11,11,11,10,10,9,34,34,34,9,9,9,34,34,34,9,34,34,9,9,9,9,9,82,51,51,9,9,9,9,9,9,34,34,34,51,51,51,9,9,2,34,9,10,10,11,11,11,11,2,1,1,1,1,1,1,1,0,92,92,92,92,92,0,0,0,0,92,92,92,92,0,0,0,0,92,92,92,92,92,92,92,92,92,92,92,92,92,92,92,92,92,92,92,92,0,92,92,92,92,0,0,1,1,1,1,1,1,1,1,1,1,1,1,11,11,11,11,11,88,10,9,9,34,34,34,34,34,34,34,34,9,9,9,9,9,9,34,34,34,34,34,9,9,88,34,86,86,86,86,86,86,9,9,9,9,9,9,86,86,86,86,86,86,51,9,9,9,9,2,34,34,9,88,34,88,88,88,86,86,9,9,9,9,9,83,83,9,9,2,86,9,9,9,34,34,34,34,34,9,9,9,9,9,9,9,9,9,9,9,9,9,9,9,9,9,34,9,34,34,34,9,9,10,10,10,10,10,10,11,11,11,11,11,11,11,11,11,11,11,11,2,1,1,1,1,1,1,1,1,1,1,1,0,0,92,92,92,92,92,0,92,92,92,92,92,92,92,92,92,92,0,0,92,0,0,92,92,92,92,92,92,92,92,92,92,92,92,0,92,92,92,92,92,92,92,92,92
92,92,92,92,92,92,92,0,1,1,1,1,1,12,12,26,26,12,12,12,11,11,11,2,2,11,11,10,10,66,9,9,34,34,34,9,34,34,34,34,34,9,9,9,34,9,9,34,34,9,9,34,34,34,34,9,9,9,9,9,9,9,9,9,9,34,34,34,34,34,67,67,9,9,34,34,34,9,9,34,34,34,34,9,9,9,34,34,9,9,9,9,9,9,9,82,82,9,9,9,9,9,34,34,34,34,34,34,34,34,34,34,34,34,9,9,34,34,9,9,9,10,10,10,2,10,10,111,111,111,2,1,1,1,1,1,1,1,1,1,1,0,0,92,92,0,92,92,0,0,0,0,0,1,1,1,1,1,1,1,1,1,1,1,1,2,2,2,12,12,11,11,11,11,11,11,11,11,10,10,9,9,9,9,9,9,34,34,9,34,34,34,34,34,9,9,82,82,34,51,9,9,9,9,9,9,9,9,9,51,9,9,9,9,2,34,9,10,10,11,11,11,11,2,1,1,1,1,1,1,1,0,0,92,92,0,0,0,0,0,0,92,92,92,92,92,0,0,92,0,92,92,92,92,92,0,0,92,92,92,92,92,92,92,92,92,92,92,0,92,92,92,92,92,92,0,0,1,1,1,1,1,1,1,1,1,1,1,11,11,11,11,10,88,10,9,9,34,34,34,34,34,34,34,34,83,83,9,34,34,34,9,34,34,34,34,9,9,9,9,9,9,9,9,9,9,2,86,88,88,88,88,9,9,34,34,9,86,2,9,9,9,9,2,9,9,9,88,88,88,88,34,34,34,9,9,9,34,9,9,83,83,9,9,57,2,67,67,9,34,9,34,9,9,9,9,9,9,9,9,9,9,9,9,34,34,9,9,9,9,9,9,34,34,34,9,9,9,10,10,10,10,10,42,42,10,10,10,10,11,11,11,11,11,11,11,2,1,1,1,1,1,1,1,1,1,1,1,0,0,92,92,92,92,0,92,92,92,92,92,92,92,92,92,92,92,92,92,92,92,92,92,92,92,92,92,92,92,92,92,0,0,92,92,92,92,92,92,92,92,92,92
0,92,92,92,92,0,92,0,1,1,1,1,1,12,26,26,26,26,26,2,11,11,11,11,11,11,10,10,9,51,51,9,34,34,34,34,34,34,34,9,9,9,9,9,9,34,34,34,34,9,9,9,34,34,9,34,9,9,9,9,9,9,9,34,34,34,34,34,34,34,67,9,9,9,9,34,34,34,9,34,34,34,51,9,9,9,34,34,34,9,9,9,9,9,9,9,9,9,9,9,9,9,9,34,34,34,34,34,34,34,34,2,34,34,34,34,34,34,34,9,9,10,10,10,10,10,10,11,11,11,1,1,1,1,1,1,1,1,1,1,1,0,0,92,92,0,92,92,0,0,0,92,0,0,1,1,1,1,1,1,1,1,1,1,1,1,1,2,2,2,2,2,2,11,11,11,11,11,11,10,10,10,9,9,9,9,9,9,9,9,34,9,9,34,34,34,34,34,34,51,9,82,82,82,9,9,51,51,9,9,9,9,9,9,2,9,9,10,10,11,11,11,11,2,1,1,1,1,1,1,1,0,0,92,92,0,0,0,0,0,92,92,92,92,92,92,92,92,92,92,92,92,92,92,92,0,0,92,92,92,92,92,92,92,92,92,92,92,92,92,0,92,92,92,92,92,0,0,1,1,1,1,1,1,1,1,1,1,11,11,11,11,10,2,10,9,9,34,34,34,67,34,34,34,34,34,57,57,34,34,34,9,9,34,34,34,9,9,86,9,9,9,9,9,9,9,9,9,9,34,2,34,34,34,34,34,34,34,2,9,9,9,9,9,88,34,9,88,88,9,9,34,34,34,9,9,9,34,34,9,9,34,9,9,9,9,67,9,86,86,2,2,9,9,9,9,9,9,9,9,9,9,9,9,34,34,9,9,9,9,9,9,9,34,34,9,9,9,9,9,9,9,34,34,34,9,9,9,9,10,10,10,11,11,11,11,11,12,1,1,1,1,1,1,1,1,1,1,1,0,0,92,92,92,92,92,0,0,92,92,92,92,92,92,92,92,92,92,92,92,92,0,0,0,92,92,92,92,92,92,92,0,0,92,92,92,92,92,92,92,92,92
92,92,92,92,92,92,92,0,1,1,1,1,1,12,12,11,11,11,11,11,11,11,11,11,11,10,10,9,51,51,51,9,57,34,34,34,34,34,9,9,34,34,34,9,9,9,34,34,9,9,9,9,9,34,9,34,34,9,9,9,9,9,51,51,51,51,9,34,34,51,67,9,9,9,34,34,9,34,34,34,34,51,51,9,34,34,9,67,67,67,9,9,9,9,9,9,9,9,9,9,9,9,51,9,34,34,34,34,34,34,34,34,34,34,34,9,34,9,9,9,10,10,10,11,11,11,11,11,11,2,1,1,1,1,1,1,1,1,1,1,0,0,92,92,92,0,92,92,92,92,92,92,92,0,0,1,1,1,1,1,1,1,1,1,1,1,1,1,2,2,2,2,2,2,12,26,11,11,11,10,10,10,10,34,34,34,9,83,9,34,34,9,34,34,34,9,34,34,34,9,9,9,9,9,34,51,51,51,9,9,9,9,9,9,2,9,9,52,10,10,11,11,11,2,1,1,1,1,1,1,1,1,0,92,0,0,0,0,0,0,92,92,92,92,92,92,92,92,92,92,92,92,92,92,92,92,92,92,92,0,92,92,92,92,92,92,92,92,92,92,92,92,92,92,92,92,92,0,0,1,1,1,1,1,1,1,1,1,11,11,11,11,11,10,10,10,9,34,34,34,34,34,34,34,34,34,57,9,9,34,34,9,9,34,34,34,34,9,9,32,32,9,9,9,34,34,9,34,34,34,34,34,34,34,9,9,9,9,9,9,9,9,57,9,88,34,34,88,9,9,9,34,34,34,34,9,9,34,34,34,34,34,34,34,9,9,9,9,9,2,2,2,9,9,51,51,9,9,9,9,9,9,9,9,34,34,9,9,9,9,34,34,9,9,9,9,9,9,9,9,9,9,34,34,34,9,9,9,9,9,9,10,10,11,11,11,11,11,1,1,1,1,1,1,1,1,1,1,1,1,0,0,92,92,92,92,92,92,92,92,92,92,92,92,92,0,0,92,92,92,92,0,0,0,0,0,92,92,92,92,0,92,92,92,92,92,92,92,92,0,92,92
92,92,92,92,92,92,0,0,1,1,1,1,1,1,11,11,11,11,11,11,10,10,10,10,10,10,57,57,51,9,9,9,57,9,9,34,34,9,9,9,9,34,34,34,34,9,67,67,67,9,9,9,9,34,9,34,34,9,9,9,9,9,9,51,51,9,9,34,51,51,51,9,9,9,34,34,34,34,34,9,9,9,51,34,34,34,34,9,67,9,9,9,9,67,67,9,9,9,9,9,51,51,51,9,9,9,34,34,34,34,34,34,34,34,34,34,9,9,9,10,10,10,10,11,11,11,11,11,11,1,1,1,1,1,1,1,1,1,1,0,0,92,92,92,92,92,92,92,92,92,92,92,92,0,0,0,1,1,1,1,1,1,1,1,1,1,1,1,2,2,2,2,2,2,2,26,11,11,11,11,10,10,10,34,34,34,9,83,34,34,34,34,9,34,34,9,67,34,9,9,34,34,34,34,34,9,9,51,9,83,9,9,9,9,9,34,9,52,10,10,11,11,11,2,1,1,1,1,1,1,1,1,0,0,0,0,0,0,0,92,92,92,92,92,92,92,92,92,92,92,92,92,92,92,92,92,92,92,92,92,0,92,92,92,92,92,0,92,92,92,92,92,92,92,92,92,92,92,0,0,1,1,1,1,1,1,1,1,11,11,11,11,11,10,10,10,23,23,23,9,34,9,34,34,34,34,9,9,9,9,9,9,9,34,34,9,9,9,9,9,32,32,9,34,34,34,34,34,34,34,34,34,34,9,9,34,34,9,34,57,57,57,57,57,2,34,34,34,9,9,9,9,34,34,34,34,34,34,34,34,34,34,83,83,9,34,34,9,9,9,2,2,9,9,51,51,51,67,67,9,9,9,34,34,34,34,9,9,9,34,34,34,34,9,9,9,9,9,9,9,9,9,34,34,9,9,9,9,9,9,10,10,11,11,2,11,11,2,2,1,1,1,1,1,1,1,1,1,1,1,0,0,92,92,92,92,92,92,92,92,92,92,92,92,92,92,0,92,0,0,92,92,92,0,0,0,92,92,92,0,0,92,0,0,92,92,92,92,0,92,92,92
92,0,92,92,92,92,0,1,1,1,1,1,1,1,11,11,11,10,10,10,10,10,10,10,10,9,83,57,9,9,9,9,9,9,9,34,34,9,9,9,9,9,34,9,9,9,67,9,9,9,9,9,9,9,34,34,34,9,9,9,9,9,9,9,9,9,34,51,51,34,9,9,34,9,34,34,34,34,34,9,9,34,34,9,34,9,34,34,34,34,34,34,9,9,67,9,9,9,9,9,9,51,51,34,34,34,34,34,34,34,34,34,34,34,34,34,34,9,10,10,10,11,11,11,2,11,11,11,2,1,1,1,1,1,1,1,1,1,0,0,92,92,92,92,92,0,92,92,92,0,92,92,92,0,0,0,0,1,1,1,1,1,1,1,1,1,1,1,1,2,2,2,2,2,2,2,12,11,11,11,11,11,10,10,34,34,34,34,9,34,34,9,9,9,9,67,67,67,9,9,9,9,34,34,34,9,9,9,9,83,9,9,9,9,9,34,34,9,10,10,11,11,2,2,1,1,1,1,1,1,1,1,0,0,0,0,92,92,92,92,92,92,92,92,92,92,92,92,92,0,0,92,92,92,92,92,92,92,92,92,0,0,92,92,92,92,92,92,92,92,92,92,92,92,92,92,92,92,92,0,0,1,1,1,1,1,1,1,2,11,11,11,11,11,11,10,10,23,23,23,9,9,9,9,34,34,9,57,9,9,9,34,9,34,9,9,9,9,9,9,32,32,9,9,34,9,9,34,34,34,67,67,67,67,9,34,34,34,34,34,9,9,10,10,67,67,10,2,9,9,9,9,9,34,34,34,34,34,9,9,9,34,34,9,34,34,34,34,9,9,9,2,88,9,9,51,9,9,67,9,9,9,34,34,34,34,9,9,9,9,34,34,9,9,9,9,9,9,9,9,9,9,9,9,9,9,9,9,9,10,10,10,11,2,2,2,2,2,2,2,1,1,1,1,1,1,1,1,1,1,1,0,0,0,92,0,92,92,92,92,92,92,92,92,92,92,92,92,92,92,92,92,92,92,0,92,92,92,92,92,92,92,92,0,92,92,92,92,0,0,92,92
0,0,0,0,0,0,0,55,55,55,55,55,1,1,11,11,11,10,82,82,82,52,52,10,9,9,9,9,9,9,9,9,82,82,82,9,34,9,9,34,9,9,9,9,9,9,9,9,9,9,9,9,9,9,9,9,83,83,9,9,9,9,9,9,9,9,34,34,34,34,9,34,34,34,34,34,34,9,9,9,9,34,34,34,34,9,34,34,34,34,34,34,9,9,67,9,9,9,9,51,51,9,9,9,34,34,34,9,34,34,34,2,34,34,34,34,34,10,10,10,11,2,2,11,11,11,2,2,1,1,1,1,1,1,1,1,1,0,0,92,92,92,92,92,92,92,92,92,92,92,92,92,92,0,0,0,0,0,1,1,1,1,1,1,1,1,1,1,1,1,2,2,2,2,2,2,12,11,11,11,11,11,107,10,10,9,34,34,9,9,51,51,51,51,9,9,9,9,34,9,34,9,34,34,34,9,9,9,9,9,9,34,9,34,34,34,9,9,10,10,11,11,2,2,1,1,1,1,1,1,1,1,0,0,0,92,92,92,92,92,92,92,92,92,92,92,0,0,92,92,92,92,92,92,92,92,92,92,92,92,92,0,0,92,92,92,92,92,92,92,0,92,0,92,92,92,92,92,92,0,0,1,1,1,1,1,1,1,2,2,2,11,11,11,2,11,10,10,10,9,9,9,9,9,34,34,34,57,57,9,34,34,34,34,34,9,9,9,9,9,32,32,9,34,34,9,34,34,34,9,9,9,57,57,34,34,34,34,34,9,9,10,10,10,10,10,2,10,9,9,9,9,9,9,9,9,9,34,9,34,34,34,34,34,9,34,34,34,34,34,34,51,9,34,9,9,9,9,67,9,9,9,9,9,34,6,42,42,6,6,6,6,6,6,6,6,6,6,6,6,6,6,6,6,6,6,6,6,6,6,6,7,86,2,2,2,1,2,2,2,1,1,1,1,1,1,1,1,1,1,1,1,0,0,92,92,92,92,92,92,92,92,92,92,92,92,92,92,92,92,92,92,92,92,92,92,92,0,0,92,92,92,92,92,92,92,92,92,0,0,0,92
0,0,0,0,0,0,0,55,55,55,55,55,55,55,107,107,11,10,10,10,9,9,9,9,9,9,9,9,9,9,9,9,9,9,9,9,9,9,34,34,34,9,9,82,9,9,9,9,9,9,9,9,9,9,9,34,34,34,9,9,9,9,9,9,34,9,34,34,34,34,9,9,9,9,51,34,34,9,9,9,9,34,34,57,57,9,34,9,34,34,34,34,9,9,9,9,9,9,86,51,51,51,9,9,34,67,67,9,9,9,34,34,34,34,34,34,9,10,10,11,2,11,11,12,83,83,12,1,1,1,1,1,1,1,1,1,0,0,92,92,92,92,92,92,92,0,92,0,92,92,92,92,92,92,0,92,92,0,0,1,1,1,1,1,1,1,1,1,1,1,2,2,2,2,2,12,12,11,11,11,11,11,107,10,10,10,34,34,9,9,9,51,51,9,9,9,9,34,34,34,34,34,34,34,9,9,9,9,34,34,9,34,9,9,34,34,34,9,10,10,11,11,2,2,2,1,1,1,1,1,1,1,1,0,0,92,92,92,92,92,92,92,92,92,92,92,92,92,92,92,92,92,92,92,92,92,92,92,92,92,92,92,92,92,0,0,92,92,0,92,92,92,92,92,92,92,92,92,92,92,0,1,1,1,1,1,1,1,2,2,2,2,12,11,11,11,11,10,10,10,9,9,9,9,34,34,34,34,9,9,34,34,9,9,9,9,9,9,9,9,32,32,34,34,34,9,51,9,34,34,9,34,34,34,9,9,9,34,34,9,10,10,84,84,11,11,88,10,82,82,82,9,9,9,9,9,9,9,82,82,34,46,34,9,9,9,34,34,34,34,34,34,34,34,34,34,34,9,6,6,6,6,6,6,6,42,42,6,6,6,6,6,6,6,6,6,6,6,6,6,6,6,6,6,6,6,6,6,6,6,7,23,23,23,2,2,2,2,2,2,2,1,1,1,1,1,1,1,1,1,1,1,1,0,0,0,0,92,92,92,92,0,92,92,92,92,92,92,92,92,92,92,92,92,92,92,92,0,92,92,92,0,0,92,92,92,92,92,0,0,0,92
0,0,0,0,0,0,0,55,55,55,55,55,55,81,107,107,10,10,10,34,34,34,34,9,9,9,9,9,9,9,9,9,9,9,9,9,9,9,83,34,34,57,57,82,82,9,9,9,9,9,9,9,9,9,9,34,34,34,9,9,9,9,9,34,34,34,34,9,34,34,9,9,9,9,34,34,34,34,9,9,9,9,9,57,9,9,9,9,9,34,9,9,9,9,9,9,9,34,9,9,51,9,9,9,34,34,34,9,9,9,67,9,9,34,34,34,10,10,10,11,11,12,12,12,12,12,12,12,1,1,1,1,1,1,1,1,0,0,92,92,92,92,92,92,0,92,92,92,92,0,92,92,92,92,92,92,92,92,0,0,1,1,1,1,1,1,1,1,1,1,1,2,2,2,2,12,12,2,11,11,83,83,11,11,10,69,10,10,9,9,9,9,6,6,6,6,6,6,34,9,9,9,34,34,9,9,9,34,34,34,34,34,9,9,34,34,34,34,34,10,10,10,2,11,2,1,1,1,1,1,1,1,1,0,0,92,92,92,92,92,92,92,92,92,92,92,0,92,92,92,92,92,92,92,92,92,92,92,92,92,92,92,92,92,0,0,0,92,92,92,92,92,92,92,92,92,92,92,92,92,0,1,1,1,1,1,1,1,2,2,2,2,2,12,12,11,11,11,10,10,10,9,9,9,9,34,34,34,34,9,9,34,9,9,9,9,9,9,67,67,32,32,9,34,34,34,51,51,9,34,34,34,34,34,9,9,9,9,34,10,10,10,11,11,11,88,88,10,10,10,34,34,34,34,34,34,9,9,9,82,46,83,83,83,83,83,83,83,83,83,67,6,6,6,6,6,6,6,6,6,6,6,6,6,6,6,6,6,6,6,6,6,6,6,6,6,82,6,6,6,6,6,6,6,6,6,6,6,6,7,7,23,23,23,23,2,2,2,2,2,2,2,1,1,1,1,1,1,1,1,1,1,1,1,0,0,0,0,92,92,92,92,92,92,92,92,92,92,92,92,92,92,92,92,92,92,0,0,92,92,0,0,0,92,92,92,92,92,92,92,92,92
0,92,0,0,0,0,0,55,55,55,55,55,55,75,11,7,66,10,10,34,34,34,34,9,9,9,9,9,9,51,9,9,9,9,9,9,9,9,83,34,34,57,9,9,9,9,9,9,9,9,9,9,9,34,9,9,34,34,9,9,9,9,9,9,9,9,9,9,9,9,9,9,9,9,34,34,9,34,9,9,9,9,9,9,9,9,9,9,34,34,9,9,9,9,9,9,34,34,9,9,9,9,9,34,34,34,34,9,9,67,67,9,9,51,34,34,10,42,10,2,11,86,12,11,11,11,12,12,1,1,1,1,1,1,1,0,0,0,0,92,92,92,92,92,92,92,92,92,92,92,92,92,92,92,92,92,92,92,92,0,0,1,1,1,1,1,1,1,1,1,1,1,2,2,2,2,2,2,2,2,2,2,11,11,11,69,6,6,6,6,6,6,6,6,6,6,6,6,6,6,6,6,6,6,6,9,9,34,34,34,34,34,9,9,9,9,34,34,9,10,10,2,11,11,11,1,1,1,1,1,1,1,1,1,0,0,92,92,92,92,0,92,92,92,92,92,92,92,92,92,92,92,92,92,92,92,92,0,0,92,92,92,92,92,0,0,0,92,92,92,92,92,92,92,92,0,0,92,0,92,0,1,1,1,1,1,1,12,12,2,2,11,11,11,11,86,86,10,10,9,51,51,51,51,34,34,34,34,34,9,34,34,9,9,9,9,9,9,9,9,32,32,9,9,9,9,51,51,51,9,34,9,34,34,9,9,9,9,10,10,10,11,11,11,11,88,88,11,10,69,10,34,34,34,34,9,9,46,46,75,83,83,83,83,83,83,67,67,67,67,67,67,67,6,6,6,82,82,82,6,6,6,6,6,6,6,6,6,6,6,6,6,6,6,6,6,42,6,6,6,6,6,6,6,6,6,6,6,6,6,23,23,23,23,23,23,2,2,2,2,2,2,2,1,1,1,1,1,1,1,1,1,1,1,1,0,0,92,92,92,92,0,92,92,92,92,92,92,92,92,92,92,92,92,92,92,92,92,92,92,0,0,92,92,92,0,92,92,92,92,92,92
92,92,0,0,0,0,55,55,55,55,55,55,66,66,7,7,67,66,66,10,52,9,9,2,9,9,9,51,51,51,51,9,51,51,9,9,9,9,9,9,9,9,9,9,9,9,9,9,9,9,9,9,34,34,34,34,34,9,9,34,34,34,9,9,9,9,9,9,9,9,9,9,9,9,34,34,34,34,34,9,9,9,9,9,9,9,34,34,34,34,9,9,2,9,9,34,34,34,9,9,9,9,9,9,34,9,9,34,34,34,67,9,9,34,34,34,34,42,42,10,11,86,11,11,11,11,12,12,1,1,1,1,1,1,1,0,0,0,0,0,0,92,92,92,92,92,92,92,92,92,0,92,92,92,92,92,92,92,92,0,0,0,1,1,1,1,1,1,1,1,1,1,2,2,2,2,2,2,2,2,2,2,8,7,7,104,6,6,6,6,6,6,6,6,6,6,6,6,6,6,6,6,6,6,6,6,6,6,6,6,34,34,9,34,34,34,34,34,34,10,2,2,11,11,11,2,1,1,1,1,1,1,1,1,0,0,92,92,92,92,92,92,92,92,92,92,92,92,92,92,92,92,92,92,92,92,92,0,92,0,92,92,92,0,0,0,0,92,92,92,92,92,92,92,92,0,0,0,0,92,0,1,1,1,1,1,1,12,11,11,11,11,11,11,11,10,86,86,9,83,83,9,51,51,9,34,34,34,9,85,34,34,9,9,9,9,9,9,34,9,32,32,9,9,9,34,9,9,9,9,9,34,34,34,34,9,9,10,10,10,11,11,11,11,2,107,107,11,11,82,82,82,34,9,34,9,83,83,75,46,83,67,67,67,67,67,67,67,67,67,67,67,67,43,43,6,6,6,6,6,6,6,6,6,6,6,6,6,6,6,6,6,6,6,6,6,42,6,6,6,6,6,6,6,6,6,6,6,6,6,6,7,7,23,23,23,2,2,2,2,2,2,2,2,1,1,1,1,1,1,1,1,1,1,1,1,0,0,92,92,0,0,92,92,92,92,92,92,92,92,92,0,92,92,92,0,92,92,92,92,0,0,92,92,92,92,92,92,92,92,92,0
92,0,0,0,0,0,55,55,55,55,55,66,66,7,7,67,67,67,67,67,67,43,43,9,9,9,9,9,9,51,9,9,51,51,51,9,9,9,9,9,9,9,9,34,34,34,9,9,9,9,9,9,34,34,9,34,9,9,9,34,34,34,9,9,9,9,9,9,9,9,9,9,9,9,9,34,34,34,34,34,34,9,9,9,9,9,9,9,51,34,9,9,9,9,9,67,34,34,9,9,9,9,9,34,9,9,9,34,9,9,9,9,9,34,34,9,34,9,2,10,2,10,10,10,10,11,12,12,1,1,1,1,1,1,0,0,0,0,0,0,0,92,92,92,92,0,92,92,92,92,0,92,92,92,92,92,0,92,92,92,92,0,1,1,1,1,1,1,1,1,1,1,1,2,2,2,2,2,2,2,2,8,8,7,7,6,6,6,6,6,6,6,6,6,6,6,6,6,6,6,6,6,6,6,6,6,6,6,6,6,6,6,6,6,6,34,34,67,67,9,2,10,10,11,11,2,1,1,1,1,1,1,1,1,1,0,0,0,0,92,92,92,92,92,0,92,92,0,0,92,92,0,92,92,92,92,92,92,92,92,92,92,0,0,0,0,0,0,92,92,92,92,92,92,92,92,0,92,92,92,0,1,1,1,1,1,1,1,11,11,11,10,10,10,10,10,10,57,9,9,9,51,51,57,57,9,9,34,9,9,34,34,9,9,9,9,34,34,34,9,34,32,9,9,34,34,9,9,9,9,9,34,34,9,9,9,9,10,10,11,11,88,88,88,88,88,12,2,11,11,10,10,10,9,83,83,67,67,75,67,67,67,67,67,67,67,67,67,67,67,67,67,67,67,43,6,6,6,6,6,82,6,6,6,6,6,6,6,6,6,6,6,6,6,6,6,6,6,6,6,2,2,6,6,6,6,6,6,6,6,6,6,7,7,7,7,7,7,7,7,7,7,7,7,2,1,1,1,1,1,1,1,1,1,1,1,1,0,0,0,0,0,0,92,92,92,92,92,0,92,92,0,92,92,92,0,92,92,92,92,92,0,92,0,92,92,92,92,92,92,92,92
92,0,0,0,0,55,55,55,55,55,55,8,8,7,67,67,75,67,67,67,67,67,67,43,43,6,6,6,6,6,6,6,6,9,51,9,9,9,9,9,9,9,9,34,34,34,9,9,9,9,9,9,34,9,34,9,34,34,34,9,34,34,34,34,9,9,9,9,9,9,9,34,9,9,9,9,34,9,34,34,34,51,51,9,82,9,9,9,51,51,51,9,9,9,9,67,67,67,9,34,34,34,9,34,34,34,34,34,34,34,9,34,34,34,9,83,83,9,9,67,10,10,22,22,10,107,1,1,1,1,1,1,1,0,0,92,92,0,0,0,92,92,92,92,92,92,92,92,92,92,92,92,92,92,92,92,92,92,92,92,92,0,0,1,1,1,1,1,1,1,1,1,1,1,1,2,2,2,2,2,2,2,8,8,7,7,7,7,2,6,6,6,6,6,6,6,6,6,6,42,6,6,6,6,6,6,6,6,6,6,6,6,6,6,6,6,6,6,9,2,2,10,10,10,11,11,1,1,1,1,1,1,1,1,1,0,0,0,0,92,92,92,0,92,0,0,0,0,0,92,92,92,0,92,92,92,92,92,92,92,92,92,92,92,92,92,92,0,92,92,92,92,92,92,92,92,92,92,92,92,0,1,1,1,1,1,1,1,2,11,10,10,10,10,10,10,9,34,34,34,51,51,51,9,57,9,34,34,34,34,34,34,34,9,9,34,34,34,34,34,34,32,51,9,34,34,9,9,10,10,67,67,67,67,10,10,10,10,10,10,11,2,88,2,23,23,23,23,83,83,11,67,67,67,67,67,67,67,75,67,67,67,67,67,67,67,67,67,67,67,67,67,67,67,82,82,6,6,6,6,82,6,6,6,6,6,6,6,6,6,6,6,6,6,6,6,6,6,6,6,6,2,2,6,6,6,6,6,6,6,6,6,6,104,104,104,104,7,7,7,7,7,7,7,7,2,1,1,1,1,1,1,1,1,1,1,1,1,0,0,0,0,0,0,92,92,92,0,0,0,92,92,92,92,92,92,92,92,92,92,92,92,0,0,0,92,92,0,92,92,92,92
92,0,0,0,55,55,55,55,55,55,55,8,8,8,7,7,7,7,7,75,67,67,67,67,67,43,43,6,6,6,6,6,6,6,6,6,6,6,6,6,6,9,9,34,34,9,9,9,67,67,67,9,34,9,34,34,34,34,34,9,9,34,34,9,9,9,9,9,9,34,34,34,34,9,9,9,9,67,67,9,34,51,51,9,9,9,9,9,51,51,9,34,34,34,2,9,2,9,9,34,34,34,34,34,34,34,34,34,9,9,9,9,9,34,9,9,9,9,9,67,67,67,22,22,10,1,1,1,1,1,1,1,1,0,0,92,92,92,92,92,92,92,92,92,92,92,92,92,92,92,92,92,92,92,92,92,92,92,92,92,92,92,0,0,1,1,1,1,1,1,1,1,1,1,1,1,2,2,2,2,2,2,2,8,8,7,7,7,7,7,6,6,6,6,6,6,6,6,6,42,6,6,6,6,6,6,6,6,6,6,6,6,6,6,6,6,6,6,6,2,6,9,10,10,10,11,2,1,1,1,1,1,1,1,1,1,0,0,0,0,0,92,0,0,0,0,0,0,92,92,92,92,92,0,0,0,0,0,0,0,0,92,92,92,92,92,92,92,92,92,92,92,92,92,92,92,92,92,92,92,0,1,1,1,1,1,1,1,1,2,11,10,10,10,10,9,9,34,34,34,51,86,9,9,9,9,34,34,9,34,34,34,34,9,9,9,34,34,34,34,34,51,51,51,51,34,10,10,10,52,52,10,10,10,10,10,10,10,10,10,11,86,23,23,23,23,23,23,55,11,7,67,67,67,67,67,67,67,75,75,67,67,67,67,67,67,67,67,67,67,67,67,67,67,6,6,6,6,6,6,82,6,6,6,6,6,6,6,6,6,6,6,6,6,6,6,6,6,6,6,6,6,23,2,6,6,6,6,6,6,6,6,6,6,104,104,7,7,7,7,7,7,6,7,7,7,2,1,1,1,1,1,1,1,1,1,1,1,1,1,1,1,0,0,0,0,0,0,0,0,92,92,92,0,92,92,0,0,92,92,92,92,92,92,92,0,92,0,0,0,92,0
92,0,0,0,55,55,55,55,55,55,55,55,81,8,75,8,8,8,8,7,75,67,67,67,67,67,43,43,6,6,6,6,6,6,6,6,6,6,6,6,6,6,6,6,6,6,6,6,6,6,6,6,34,34,34,9,9,34,9,9,9,34,34,34,34,9,34,34,34,34,34,34,34,9,9,9,34,67,67,83,83,9,9,9,9,9,9,9,9,9,34,34,34,9,9,9,9,86,2,9,34,9,34,34,34,9,9,9,9,9,9,9,9,9,9,9,9,9,9,9,9,9,22,10,2,1,1,1,1,1,1,1,1,0,92,92,0,92,92,92,92,92,92,92,92,92,92,92,92,0,92,92,92,92,92,92,92,92,92,92,92,92,0,0,1,1,1,1,1,1,1,1,1,1,1,1,1,2,2,2,2,2,2,2,8,2,8,8,7,7,6,6,6,6,6,6,6,6,6,6,6,6,6,6,6,6,6,6,6,6,6,6,6,6,6,6,6,6,6,2,6,6,6,6,6,11,11,1,1,1,1,1,1,1,1,1,1,0,0,0,0,0,0,0,0,92,92,92,92,92,92,92,92,92,92,92,92,92,92,0,0,92,92,92,92,92,0,0,92,0,92,92,92,92,92,92,0,92,92,0,0,1,1,1,1,1,1,1,1,1,11,10,10,10,10,9,9,9,34,88,88,86,2,9,9,9,34,34,9,9,9,52,10,66,66,10,10,10,10,9,57,9,51,9,10,10,10,10,10,10,10,6,6,6,6,6,6,6,10,11,2,86,23,23,23,2,55,55,7,7,67,67,67,67,67,67,67,75,75,67,67,67,67,67,67,67,67,67,67,67,67,67,67,6,6,6,6,6,6,6,6,6,6,6,6,6,6,6,6,6,6,6,6,6,6,6,6,6,6,6,6,6,6,6,2,6,6,6,6,6,6,82,82,82,6,6,6,6,6,6,6,6,6,6,7,7,7,2,1,1,1,1,1,1,1,1,1,1,1,1,1,1,1,1,1,1,1,0,0,0,0,0,0,0,0,92,92,92,92,92,0,92,92,92,92,0,0,92,0,92,0,0
0,0,0,0,55,55,55,55,55,55,55,55,70,67,67,67,75,67,27,70,75,67,67,67,67,67,67,43,43,6,6,6,6,6,6,6,6,6,6,6,6,6,6,6,6,6,6,6,6,6,6,6,6,6,6,6,6,6,6,6,6,6,6,6,6,9,9,34,34,34,9,9,34,9,9,34,34,34,34,34,34,9,9,9,9,9,9,9,34,34,34,34,34,9,9,9,9,9,9,9,34,34,34,34,9,9,9,9,9,57,9,9,9,9,9,9,9,9,9,9,9,22,22,10,1,1,1,1,1,1,1,1,0,0,92,92,92,92,92,92,92,92,92,92,92,92,92,92,92,92,92,92,92,92,92,92,92,92,92,92,92,92,92,0,0,1,1,1,1,1,1,1,1,1,1,1,1,1,1,2,2,2,2,2,2,2,2,8,8,8,7,6,6,6,6,6,6,6,6,6,6,6,6,6,6,6,6,6,6,6,6,6,6,6,6,6,6,6,6,6,6,6,6,6,6,6,7,2,1,1,1,1,1,1,1,1,1,1,0,0,0,0,0,92,92,92,92,92,92,0,92,0,92,92,92,92,92,92,92,92,0,92,92,92,0,92,0,0,0,0,92,92,92,92,92,0,0,0,92,0,0,1,1,1,1,1,1,1,1,1,2,10,10,10,10,9,9,2,2,2,2,34,34,9,9,9,9,34,9,9,9,10,10,66,66,10,10,10,10,57,57,9,9,6,6,82,6,6,6,10,6,6,6,6,7,7,7,7,2,2,2,23,23,23,23,8,8,75,7,67,67,67,67,67,67,67,75,75,67,67,67,67,67,67,67,67,67,67,67,67,67,67,67,43,6,6,6,6,6,6,6,6,6,6,6,6,6,6,6,6,6,6,6,6,6,6,6,6,6,6,6,6,6,6,6,2,6,2,6,6,6,6,42,42,6,6,6,6,6,6,6,6,6,6,6,6,7,7,2,1,1,1,1,1,1,1,1,1,1,1,1,1,1,1,1,1,1,1,1,1,1,1,0,0,0,0,0,0,0,92,92,92,92,92,92,0,92,92,92,92,0,0
0,0,92,0,55,55,55,55,55,55,55,81,67,67,67,67,67,67,67,67,75,67,67,67,67,67,67,43,43,43,6,6,6,6,6,6,6,6,6,6,6,6,6,6,6,6,6,6,6,6,6,6,6,6,6,6,6,6,6,6,6,6,6,6,6,6,6,6,6,6,6,6,6,6,6,9,9,34,9,9,9,9,9,9,9,9,9,9,34,34,9,9,9,9,51,51,9,9,2,9,34,34,9,34,9,9,9,9,9,57,9,9,9,9,9,51,9,9,9,9,9,10,10,2,1,1,1,1,1,1,1,1,0,92,92,92,92,92,92,92,92,92,92,92,92,0,92,92,92,92,92,92,92,92,92,92,92,92,92,0,92,92,92,92,0,0,1,1,1,1,1,1,1,1,1,1,1,1,1,1,1,1,1,1,1,1,1,2,2,8,7,6,6,6,6,6,6,6,6,2,6,6,6,6,6,6,6,6,6,6,6,6,6,6,6,6,6,6,6,6,6,6,6,6,6,6,7,2,1,1,1,1,1,1,1,1,1,1,1,0,0,0,0,92,92,92,92,92,92,92,92,0,0,92,92,92,92,92,92,0,0,0,92,92,0,0,0,92,92,0,0,0,0,92,92,0,0,0,0,92,0,1,1,1,1,1,1,1,1,1,1,2,10,10,2,2,2,2,2,9,9,34,34,9,9,10,10,10,10,10,6,6,6,6,69,6,6,6,6,6,6,6,6,6,6,82,6,6,2,2,2,2,89,89,89,1,2,2,2,2,2,23,100,100,100,8,7,7,67,67,67,67,67,67,67,67,67,67,67,67,67,67,67,67,67,67,67,55,55,55,55,55,55,2,2,6,82,6,6,6,6,6,6,6,6,6,6,6,6,6,6,6,6,6,6,6,6,6,6,2,2,2,2,6,2,6,2,6,6,6,6,6,6,42,6,6,82,82,6,6,6,6,6,6,6,6,7,7,7,1,1,1,1,1,1,1,1,1,1,1,1,1,1,1,1,1,1,1,1,1,1,1,1,1,0,0,0,0,0,92,92,92,92,92,92,92,92,92,92,92,0,0
0,92,92,0,55,55,55,55,55,55,81,70,67,67,67,67,67,75,67,67,67,67,67,67,67,67,67,43,43,6,6,6,6,6,6,6,6,6,6,6,6,6,6,6,6,6,6,6,6,6,6,6,6,6,6,6,6,6,6,6,6,42,42,6,6,6,6,6,6,6,82,82,82,6,6,6,6,6,6,6,6,6,6,6,6,9,9,9,9,34,34,34,9,9,51,51,51,9,89,34,34,34,34,9,9,34,9,9,9,57,9,9,9,9,51,51,9,9,34,9,111,10,2,1,1,1,1,1,1,1,1,0,0,0,92,92,92,0,92,92,92,92,92,0,0,0,92,92,92,0,92,92,92,92,92,0,92,92,92,0,92,92,92,92,0,0,1,1,1,1,1,1,1,1,1,1,1,1,1,1,1,1,1,1,1,1,1,1,2,2,6,6,6,6,6,6,6,6,6,2,6,6,6,6,6,6,6,6,42,42,6,6,6,6,6,6,6,6,6,6,6,6,6,6,6,6,6,6,2,1,1,1,1,1,1,1,1,1,1,1,0,0,0,92,92,92,92,92,92,92,92,0,0,92,0,92,0,0,0,0,0,0,92,0,0,92,92,92,92,92,0,0,0,92,92,92,92,92,92,0,0,1,1,1,1,1,1,1,1,1,1,1,2,2,10,2,9,9,9,9,9,34,34,10,10,6,6,6,6,6,6,22,69,69,69,69,6,6,6,42,22,22,6,6,6,2,89,89,89,89,89,89,89,89,89,89,89,1,1,2,2,2,2,100,100,55,7,7,67,67,67,67,67,67,67,67,75,67,67,67,67,67,67,67,67,67,55,67,67,67,67,43,57,6,6,6,82,6,6,6,6,6,6,6,6,6,6,6,6,6,6,6,6,6,6,6,6,6,6,6,6,6,6,6,6,6,6,2,6,6,6,6,6,6,6,6,6,82,6,6,6,6,6,6,6,6,6,7,7,2,2,1,1,1,1,1,1,1,1,1,1,1,1,1,1,1,1,1,1,1,1,1,1,1,1,1,1,0,0,0,0,0,92,92,0,0,92,92,0,92,0,92
0,92,92,0,55,55,55,55,55,55,70,67,67,67,67,67,67,67,67,67,67,67,67,67,67,67,43,43,43,6,6,6,6,6,6,6,6,6,6,6,6,42,42,42,6,6,6,6,6,6,6,6,6,6,6,6,6,6,6,6,6,42,6,6,6,6,6,6,6,6,6,6,6,6,6,6,6,6,6,6,6,6,6,6,6,6,6,6,6,6,6,9,9,9,9,51,67,9,9,34,34,34,34,9,9,34,34,9,9,9,9,9,9,51,51,51,34,34,34,111,111,2,1,1,1,1,1,1,1,1,1,0,0,92,92,92,92,92,92,92,92,92,92,0,0,92,92,92,92,0,92,92,0,0,0,0,92,92,92,92,92,92,0,92,0,0,0,0,1,1,1,1,1,1,1,1,1,1,1,1,1,1,1,1,1,1,1,1,1,2,2,6,6,6,6,6,6,6,6,2,6,6,6,6,6,6,6,42,42,42,6,6,6,6,6,6,6,6,6,6,6,6,6,6,6,6,6,6,7,1,1,1,1,1,1,1,1,1,1,1,1,0,0,92,92,92,0,92,92,92,92,92,92,92,0,0,0,92,92,92,92,92,0,0,92,92,92,92,92,92,0,0,92,92,92,92,92,92,0,0,0,0,1,1,1,1,1,1,1,1,1,1,1,10,10,10,10,9,10,10,6,6,6,6,22,22,22,22,6,6,6,2,2,2,2,2,23,6,42,42,66,66,66,6,2,1,89,1,1,1,1,1,1,1,1,1,1,1,1,1,1,2,100,100,8,104,43,43,67,67,67,67,67,67,67,67,75,75,67,67,67,67,67,55,55,55,67,67,67,67,43,43,57,57,6,6,82,6,6,6,6,6,6,6,6,6,6,6,6,6,6,4,4,4,4,4,4,4,4,4,4,4,4,4,4,6,2,6,6,6,6,6,6,6,6,6,6,6,6,6,6,6,6,6,6,6,2,7,2,7,2,2,1,1,1,1,1,1,1,1,1,1,1,1,1,1,1,1,1,1,1,1,1,1,1,1,1,1,1,1,0,0,0,0,0,0,0,92,92,0,0,0
92,92,92,0,1,55,55,55,55,81,75,67,67,67,67,67,67,67,67,67,67,67,67,67,43,43,43,6,6,6,6,6,82,82,82,6,6,6,6,6,6,6,6,6,6,6,6,6,6,6,6,6,6,6,6,6,6,6,6,6,42,42,42,6,6,6,6,6,6,6,6,6,6,6,6,6,6,6,6,6,57,6,6,6,6,6,6,6,6,6,6,6,6,6,6,67,67,67,9,34,34,9,34,9,9,9,9,9,9,9,9,9,9,9,9,9,34,34,34,42,42,2,1,1,1,1,1,1,1,1,1,0,0,0,0,0,0,92,92,92,92,92,92,92,92,92,92,92,92,92,92,92,92,92,0,92,92,92,92,92,92,0,92,92,0,0,92,0,0,1,1,1,1,1,1,1,1,1,1,1,1,1,1,1,1,1,1,1,1,1,2,6,6,6,6,6,6,6,6,2,6,6,6,6,82,82,82,6,6,42,6,6,6,6,6,6,6,6,6,6,6,6,6,6,6,6,6,6,6,2,1,1,1,1,1,1,1,1,1,1,1,1,0,0,0,0,0,92,92,92,0,92,92,92,92,0,0,92,92,92,92,92,92,0,0,92,92,92,92,92,0,92,92,92,92,92,92,0,0,0,0,0,0,1,1,1,1,1,1,1,1,1,2,2,10,10,6,6,6,6,6,6,6,6,6,2,2,2,2,1,1,1,1,1,1,1,1,1,1,1,2,2,2,1,1,1,1,1,1,1,1,1,1,1,1,1,1,1,1,89,89,1,2,2,8,104,6,6,43,67,67,67,67,67,67,67,67,75,67,67,67,67,55,55,55,55,55,67,67,43,43,6,6,2,6,6,6,42,6,6,6,6,6,6,4,4,4,4,4,4,4,4,4,4,4,4,4,4,4,4,4,4,4,4,4,4,4,4,4,4,2,4,4,4,4,4,4,6,6,6,6,6,6,6,6,6,2,2,7,7,7,2,7,2,2,2,1,1,1,1,1,1,1,1,1,1,1,1,1,1,1,1,1,1,1,1,1,1,1,1,1,1,1,1,1,0,0,0,92,92,92,92
92,92,92,0,1,1,1,1,1,89,43,43,43,43,43,43,67,67,67,43,43,43,43,43,43,6,42,42,42,6,6,6,6,6,6,6,6,6,6,6,6,6,6,6,42,6,6,42,42,42,6,6,6,6,6,6,6,6,6,6,6,6,6,6,6,6,6,6,6,6,6,6,6,6,6,6,6,6,6,6,57,6,6,6,6,6,6,6,6,6,6,6,6,6,6,6,6,6,6,42,6,6,9,2,9,9,82,9,83,83,9,9,9,9,67,9,57,34,9,22,10,2,1,1,1,1,1,1,1,1,0,0,0,0,0,92,92,92,92,92,92,92,92,92,92,92,92,92,92,92,92,92,92,92,0,92,92,0,92,92,92,92,92,92,0,92,92,92,0,0,1,1,1,1,1,1,1,1,1,1,1,1,1,1,1,1,1,1,1,1,8,6,6,6,6,6,6,6,6,2,6,6,6,6,6,6,6,6,6,6,6,42,42,42,6,6,6,6,6,6,6,6,6,6,6,6,6,6,6,6,2,1,1,1,1,1,1,1,1,1,1,1,1,1,0,0,92,92,92,0,0,92,92,92,92,92,92,92,92,92,92,0,0,0,0,92,92,92,0,92,92,92,92,92,92,0,0,0,0,0,0,0,0,12,12,12,12,12,12,12,12,12,1,1,2,6,6,6,6,22,6,6,6,2,6,8,1,1,1,1,1,1,1,1,1,1,1,1,1,1,1,1,1,1,1,1,1,1,1,1,1,1,1,1,1,1,1,1,1,1,1,1,1,27,27,7,6,6,43,43,43,67,67,67,67,67,67,55,67,67,67,55,67,67,67,67,67,55,55,43,2,2,2,6,6,6,42,42,4,4,4,4,4,4,4,4,4,4,4,4,4,4,4,4,4,4,4,4,4,4,4,4,4,4,4,4,4,4,4,4,4,2,2,4,4,4,4,4,4,2,4,4,4,4,4,6,2,6,6,7,2,7,7,7,7,7,7,7,7,2,2,1,1,1,1,1,1,1,1,1,1,1,1,1,1,1,1,1,1,1,1,1,1,1,1,1,1,0,92,92,92,92
92,92,92,0,1,1,1,1,1,1,6,6,6,6,6,6,6,6,6,6,6,6,6,6,6,6,6,6,6,6,6,6,6,6,6,6,6,6,6,6,6,6,6,42,42,6,6,6,6,6,6,6,6,6,6,6,6,6,6,6,6,6,6,6,6,6,6,6,6,6,6,6,6,6,6,6,6,6,6,6,57,6,6,6,6,6,6,6,6,6,6,6,6,6,6,6,6,6,6,42,42,6,6,2,6,6,82,82,6,6,6,9,67,67,67,57,57,9,22,22,6,2,1,1,1,1,1,1,1,1,0,0,92,92,92,92,92,92,92,92,92,92,92,92,92,92,92,92,0,92,92,92,92,92,92,92,92,92,92,92,92,92,92,92,92,92,92,92,0,0,0,0,1,1,1,1,1,1,1,1,1,1,1,1,1,1,1,1,1,1,1,8,2,6,6,6,6,6,2,2,6,6,6,6,6,6,6,6,6,6,6,6,6,6,6,6,6,6,6,6,6,6,6,6,6,6,6,6,6,6,6,2,1,1,1,1,1,1,1,1,1,1,1,1,1,0,0,92,0,92,92,92,92,0,0,0,92,92,92,92,92,0,0,0,0,92,92,92,0,0,92,92,0,0,0,0,0,0,0,0,0,0,0,12,12,12,12,12,12,12,12,12,12,1,8,6,6,6,2,6,6,6,6,8,8,8,1,1,1,1,1,1,1,1,1,1,1,1,1,1,1,1,1,1,1,1,1,1,1,1,1,1,1,1,1,1,1,1,1,1,1,1,1,1,27,27,6,6,7,7,43,43,43,67,67,67,67,67,67,67,55,55,67,67,67,67,67,43,43,6,6,6,2,2,4,4,4,4,4,4,4,4,4,4,4,4,4,4,4,4,4,4,4,4,4,4,4,4,4,4,4,4,4,4,4,4,4,4,4,4,4,4,2,2,4,4,4,4,4,4,4,4,4,4,4,2,2,4,4,4,2,2,4,7,7,7,7,7,7,7,7,2,2,2,2,1,1,1,1,1,1,1,1,1,1,1,1,1,1,1,1,1,1,1,1,1,1,0,0,92,92,92
92,92,92,0,1,1,1,1,1,1,6,6,6,6,6,6,6,6,6,6,6,6,6,6,6,6,6,6,6,6,6,6,6,6,6,6,6,6,6,6,6,82,6,6,6,6,6,6,6,6,6,6,6,6,6,6,6,6,6,6,6,6,6,6,6,6,6,6,6,6,6,6,6,6,6,6,6,6,6,6,6,6,6,6,6,6,6,6,6,6,6,6,6,6,6,6,6,6,6,6,6,6,6,6,6,6,6,6,6,6,6,6,6,6,6,6,6,6,22,22,6,2,1,1,1,1,1,1,1,0,0,0,0,92,92,92,92,92,92,92,92,92,92,92,92,92,92,92,92,92,92,92,0,0,92,0,0,92,92,92,0,92,92,92,92,0,0,92,0,0,92,0,0,0,0,0,0,0,0,1,1,1,1,1,1,1,1,1,1,1,1,1,2,2,2,6,6,6,6,2,6,6,6,6,6,6,6,6,6,6,6,6,6,6,6,6,6,6,6,6,6,6,6,6,6,6,6,6,6,6,6,6,2,1,1,1,1,1,1,1,1,1,1,1,1,1,0,0,0,92,92,92,92,0,92,92,92,92,92,92,92,92,92,0,0,0,0,0,0,92,0,92,92,0,0,0,0,0,0,0,0,0,0,12,12,8,8,8,8,8,8,8,8,1,1,8,1,6,8,8,8,8,8,8,8,8,1,1,1,1,1,1,1,1,1,1,1,1,1,1,1,1,1,1,1,1,1,1,1,1,1,1,1,1,1,1,1,1,1,1,1,1,1,1,1,8,8,1,1,2,2,2,2,43,43,43,67,55,67,67,55,55,55,67,67,43,43,43,6,6,6,4,4,2,2,4,4,4,2,4,4,4,4,4,4,4,4,4,4,4,4,4,4,4,4,4,4,4,4,4,4,4,4,4,4,4,4,4,4,4,4,4,4,4,4,2,2,4,4,2,2,4,4,2,2,2,4,4,4,2,2,2,2,4,4,4,4,4,4,4,5,7,7,7,7,7,2,8,8,8,1,1,1,1,1,1,1,1,1,1,1,1,1,1,1,1,1,0,0,92,92,0
92,92,92,0,1,1,1,1,1,1,6,6,6,6,6,6,6,6,6,6,6,6,6,6,6,6,6,6,6,6,6,6,6,6,6,6,6,6,6,6,82,82,6,6,6,6,6,6,6,6,6,6,6,6,6,6,6,6,57,6,6,6,6,6,6,6,6,6,6,6,6,6,6,42,42,42,82,82,6,6,6,6,6,6,6,6,6,6,6,6,6,6,6,42,42,42,6,6,6,6,6,6,6,6,6,6,6,6,6,6,6,6,6,6,6,6,6,6,22,22,22,2,1,1,1,1,1,1,0,0,0,0,92,0,92,92,92,92,92,92,92,92,92,92,92,92,92,92,92,92,0,0,0,92,92,92,92,92,92,92,92,92,92,92,0,0,0,0,92,92,92,92,92,0,0,0,0,0,0,0,0,0,1,1,1,1,1,1,1,1,1,1,1,1,2,2,2,6,6,2,6,6,6,6,6,6,6,6,6,6,6,6,6,6,6,6,6,6,6,6,6,6,6,6,6,6,6,6,6,6,6,6,6,2,1,1,1,1,1,1,1,1,1,1,1,1,1,1,0,0,92,92,92,92,92,92,92,0,0,92,92,92,92,0,0,0,0,0,92,92,92,92,92,0,0,0,0,0,0,0,0,0,0,0,0,0,8,8,8,8,8,8,8,1,1,1,8,8,8,8,8,8,8,8,8,8,1,1,1,1,1,1,1,1,1,1,1,1,1,1,1,1,1,1,1,1,1,1,1,1,1,1,1,1,1,1,1,1,1,1,1,1,1,1,1,1,1,1,89,89,89,2,2,6,6,6,43,55,55,55,43,43,43,55,55,43,6,6,4,4,4,4,4,4,2,4,4,4,4,4,4,4,4,57,4,4,4,4,4,4,4,4,4,4,4,4,4,4,4,4,4,4,4,4,4,4,4,4,4,4,4,4,4,4,4,4,4,4,2,2,2,2,2,2,4,4,4,2,2,2,4,4,2,2,4,4,4,4,4,4,4,4,5,5,5,5,5,7,7,8,2,1,1,1,1,1,1,1,1,1,1,1,1,1,1,1,1,0,0,0,0,92
92,92,92,0,1,1,1,1,1,1,2,6,57,6,6,6,6,6,6,6,82,82,6,6,6,6,6,6,6,6,6,6,6,6,6,6,6,6,6,6,6,6,6,6,6,6,6,6,6,6,6,6,6,6,6,6,6,6,57,6,6,6,6,6,6,6,6,6,6,6,6,6,6,6,6,6,6,82,6,6,6,6,6,6,6,42,42,42,6,6,6,6,6,82,82,82,6,6,6,6,6,6,6,6,6,6,6,6,6,6,6,6,6,6,6,6,6,6,42,42,111,2,1,1,1,1,1,1,0,0,0,92,92,92,0,92,92,92,92,92,92,92,92,92,92,92,92,92,92,92,92,0,0,0,92,92,92,92,92,0,0,92,92,0,0,0,0,92,92,92,92,92,92,92,0,0,92,92,92,92,92,0,0,1,1,1,1,1,1,1,1,1,1,1,1,1,2,8,8,6,6,6,4,4,4,82,82,82,6,6,6,6,6,6,6,6,6,6,6,6,6,6,6,6,6,6,6,6,6,6,6,6,6,6,2,1,1,1,1,1,1,1,1,1,1,1,1,1,1,0,0,92,92,92,92,92,92,92,92,92,92,92,92,92,92,92,92,0,0,92,92,92,0,0,0,0,0,0,0,0,0,0,0,0,0,0,8,8,8,8,8,8,8,1,1,1,8,8,8,8,8,8,8,1,8,1,1,1,1,1,1,1,1,1,1,1,1,1,1,1,1,1,1,1,1,1,1,1,1,1,0,0,0,0,1,1,1,1,1,1,1,1,1,1,1,1,1,1,1,89,89,1,1,2,6,6,2,23,6,6,6,43,43,6,6,2,2,4,4,4,4,4,4,4,4,2,4,4,4,4,4,4,4,57,4,4,4,4,4,4,4,4,4,4,4,4,4,4,4,4,4,57,4,4,4,4,4,4,4,4,4,4,4,4,4,4,4,4,4,4,4,4,4,4,4,4,2,2,4,4,4,4,4,2,2,4,4,4,4,4,4,4,5,5,5,5,5,5,5,5,5,2,2,1,1,1,1,1,1,1,1,1,1,1,1,1,1,0,0,0,0,0
92,92,0,0,1,1,1,1,1,1,2,6,57,57,6,6,6,82,82,6,82,6,6,6,6,6,6,6,6,6,6,6,6,6,57,6,6,6,6,6,6,6,6,6,6,6,6,6,6,6,6,6,6,6,6,6,6,6,57,6,6,6,6,6,6,6,6,6,6,6,6,6,6,6,6,6,82,82,82,6,6,6,6,6,6,6,6,6,6,6,6,6,6,6,6,6,6,6,6,6,6,6,6,6,6,6,6,6,6,6,6,6,6,6,6,6,6,6,42,6,6,1,1,1,1,1,1,1,0,92,92,92,92,92,92,92,92,92,92,92,92,92,92,0,0,92,92,92,92,92,92,92,0,0,0,92,92,92,0,0,0,0,92,0,0,0,0,92,92,92,92,92,92,92,92,0,92,92,92,92,92,92,0,0,1,1,1,1,1,1,1,1,1,1,1,1,2,5,4,4,4,4,4,4,4,4,4,4,4,4,4,4,6,6,6,82,82,82,6,6,6,6,6,6,6,6,6,6,6,6,6,6,6,6,6,6,1,1,1,1,1,1,1,1,1,1,1,1,1,1,0,92,92,92,92,0,92,92,92,92,92,92,92,92,92,92,0,92,92,92,92,0,0,0,0,0,0,0,0,0,0,0,0,0,0,0,8,8,8,8,8,8,1,1,1,8,8,8,8,8,8,1,1,1,1,1,1,1,1,1,1,1,0,0,1,1,1,1,1,1,1,1,1,1,1,1,1,1,1,0,0,0,0,0,0,1,1,1,1,1,1,1,1,1,1,1,1,1,1,1,1,1,1,1,2,2,106,6,6,6,6,6,4,4,4,4,2,4,4,4,2,4,4,4,4,4,2,2,2,2,2,2,2,4,4,4,4,4,4,4,4,4,4,4,4,4,4,4,4,4,57,57,4,4,4,4,4,4,4,4,4,4,4,4,4,4,4,4,4,4,4,4,4,2,4,2,2,4,4,4,4,4,4,4,2,2,4,4,4,4,4,4,4,2,2,2,5,5,5,5,5,5,2,2,2,2,2,2,1,1,1,1,1,1,1,1,1,0,0,0,0,0
92,92,92,0,1,1,1,1,1,1,1,2,6,6,6,6,6,6,82,6,6,6,6,6,6,6,6,6,6,6,6,6,6,6,57,6,6,6,6,6,6,6,6,6,6,6,6,6,6,6,6,6,6,6,6,6,6,6,6,6,6,6,6,6,6,6,6,6,6,6,6,6,6,6,6,6,6,6,6,6,6,6,6,6,6,6,6,6,6,6,6,6,6,6,6,6,6,6,6,6,6,6,6,6,6,6,6,6,6,6,6,6,6,6,6,6,6,111,111,6,2,1,1,1,1,1,1,0,0,92,92,92,92,92,92,92,92,92,92,92,92,92,92,92,92,0,92,92,92,92,92,92,92,92,92,92,92,92,92,92,0,0,0,0,0,0,0,0,92,92,92,92,92,92,92,92,0,0,0,92,0,92,0,0,1,1,1,1,1,1,1,1,1,5,5,1,1,2,2,4,4,4,4,4,4,4,4,4,4,4,4,4,4,4,4,4,4,4,6,6,6,6,6,6,6,6,6,6,6,6,6,6,6,6,6,6,7,8,1,1,1,1,1,1,1,1,1,1,1,1,0,0,92,92,92,0,92,92,0,0,0,92,92,92,92,92,92,0,92,0,0,0,0,0,0,0,0,0,0,0,0,0,0,0,0,0,8,8,1,1,1,1,1,1,1,8,8,1,1,1,1,1,1,1,1,1,1,1,1,0,0,0,0,0,0,0,0,0,0,0,0,0,0,0,0,0,0,0,0,0,92,92,92,92,0,0,0,1,1,1,1,1,1,1,1,1,1,1,1,1,1,1,1,1,1,8,7,6,6,6,6,4,4,4,4,4,4,2,4,2,4,2,4,4,4,4,4,4,2,4,4,4,2,2,4,4,4,4,4,4,4,4,4,4,4,4,4,4,4,4,4,4,4,4,4,4,4,4,4,4,4,4,4,4,4,4,4,4,4,4,4,4,4,4,4,4,4,4,4,4,4,4,4,4,4,4,4,4,4,4,4,4,4,2,2,4,4,4,4,5,5,5,5,5,5,2,2,2,2,2,1,89,1,1,1,1,1,0,0,0,0,0
92,92,92,0,1,1,1,1,1,1,1,1,2,6,6,6,6,6,69,2,6,6,6,6,6,6,6,6,6,6,6,6,6,6,57,6,6,6,6,6,6,6,6,6,6,6,6,6,6,6,6,6,6,6,6,6,6,6,6,6,6,6,6,6,6,6,6,6,6,6,6,6,6,6,6,6,6,6,6,6,6,6,6,6,6,6,6,6,6,6,6,6,6,6,6,6,6,6,6,6,6,6,6,6,6,6,6,6,6,6,6,6,6,6,6,6,6,111,111,6,2,1,1,1,1,1,1,0,0,92,92,92,92,92,92,92,92,92,92,92,92,92,92,92,0,0,0,92,92,92,92,92,92,92,92,92,92,92,92,0,0,0,92,0,0,0,0,92,92,0,92,92,92,92,92,92,0,92,0,92,92,92,92,0,0,1,1,1,1,1,1,1,1,5,5,5,5,5,5,4,4,4,4,4,4,4,4,4,4,4,4,4,4,4,4,4,4,4,4,4,4,4,4,6,6,6,6,6,6,6,6,6,6,6,6,6,6,7,7,1,1,1,1,1,1,1,1,1,1,1,1,0,92,92,0,92,92,92,92,92,92,92,0,92,92,92,92,92,92,0,0,0,0,0,0,0,0,0,0,0,0,0,0,0,0,0,0,0,0,1,1,1,1,1,1,1,1,1,1,1,1,1,1,1,1,0,0,0,0,0,0,0,0,0,0,0,0,0,0,0,0,0,0,0,0,0,0,0,0,92,92,92,92,92,0,92,0,0,0,0,1,1,1,1,1,1,1,1,1,1,1,1,1,1,1,8,7,4,4,4,4,4,4,4,4,4,4,4,2,4,4,4,4,4,4,4,4,4,4,4,4,4,4,4,2,4,4,57,4,4,4,4,4,4,4,4,4,4,4,4,4,4,4,4,4,4,4,4,4,4,4,4,4,4,4,4,4,4,4,4,4,4,4,4,4,2,4,4,4,4,4,4,4,4,4,4,4,4,4,4,4,4,4,4,4,4,4,4,4,4,4,4,5,5,5,5,5,5,2,5,2,1,1,1,1,1,1,0,0,0,0,0
92,92,92,0,1,1,1,1,1,1,1,1,2,6,6,6,6,2,6,8,6,2,6,6,6,6,6,6,6,6,6,6,6,6,6,6,6,6,6,6,6,6,6,6,6,6,6,6,6,6,6,6,6,6,6,6,6,6,6,6,6,6,6,6,6,6,6,6,6,6,6,6,6,6,6,6,6,6,6,6,6,6,6,6,6,6,6,6,6,6,6,6,6,6,6,6,6,6,6,6,6,6,6,6,6,6,6,6,6,6,6,6,6,6,6,6,111,111,111,6,6,1,1,1,1,1,1,0,0,0,92,92,92,92,92,92,92,92,0,0,92,92,92,92,0,0,0,0,92,92,92,92,92,92,92,92,92,92,92,0,0,92,92,0,92,92,92,92,92,92,92,92,92,92,92,92,92,92,0,92,0,0,92,92,0,0,1,1,1,1,1,1,1,1,5,5,5,5,5,2,4,2,4,4,4,4,4,4,4,4,4,4,4,4,4,4,4,4,4,4,4,4,4,4,4,4,6,6,6,6,6,6,6,6,6,2,6,6,6,2,1,1,1,1,1,1,1,1,1,1,1,0,0,0,92,92,92,92,92,92,92,92,0,92,92,92,92,0,0,0,0,0,0,0,0,0,0,0,0,0,0,0,0,0,0,0,0,0,0,0,0,0,0,0,0,0,0,0,0,0,0,0,0,0,0,0,0,0,0,0,0,0,0,92,0,0,0,0,0,0,0,0,0,92,92,92,92,92,92,92,92,92,92,92,92,92,92,92,0,0,0,0,1,1,1,1,1,1,1,1,1,1,1,1,1,1,1,2,2,4,4,4,4,4,4,4,4,4,4,2,4,4,4,4,4,4,4,4,4,4,4,4,4,4,4,4,57,57,4,4,4,4,4,4,4,4,4,4,4,4,4,4,4,4,4,4,4,4,4,4,4,4,4,4,4,4,4,4,4,4,4,4,4,4,2,2,2,4,4,4,4,4,4,4,4,4,4,4,4,4,4,4,4,4,4,4,4,4,4,4,4,4,4,5,5,5,5,5,5,5,5,1,1,1,1,1,1,0,0,0,0,0
92,92,92,0,1,1,1,1,1,1,1,1,89,6,22,4,6,6,6,7,2,2,6,6,6,6,6,6,6,6,6,6,6,6,6,6,6,6,6,6,6,6,6,6,6,6,6,6,6,6,6,6,6,6,6,6,6,6,6,6,6,6,6,6,6,6,42,6,6,6,6,6,6,6,6,6,6,6,6,6,6,6,6,6,6,6,6,6,6,6,6,6,6,6,6,6,6,6,6,6,6,6,6,6,6,6,6,6,6,6,6,6,6,6,6,22,22,22,6,6,8,1,1,1,1,1,1,0,0,92,92,92,92,92,92,92,92,92,0,92,92,92,92,92,92,0,0,0,92,92,92,92,92,92,92,92,92,92,92,92,92,92,92,0,0,92,92,92,92,92,92,92,92,92,92,92,92,92,92,92,92,0,92,92,92,0,0,0,1,1,1,1,1,1,1,1,5,5,5,5,4,4,4,4,4,4,4,4,4,4,4,4,4,4,4,4,4,4,4,4,4,4,4,4,4,4,4,4,4,4,4,6,6,6,6,6,6,6,6,6,2,2,1,1,1,1,1,1,1,1,8,41,0,92,92,92,92,92,0,92,92,92,92,0,0,92,0,0,0,0,0,0,0,0,0,0,0,0,0,0,0,0,0,0,0,0,92,92,0,0,0,0,0,0,0,0,0,0,0,0,0,0,0,92,92,0,0,0,0,0,0,92,92,92,92,92,0,0,0,0,0,0,92,92,92,92,92,92,92,92,92,92,0,92,92,92,92,92,92,92,92,0,0,0,1,1,1,1,1,1,1,1,1,1,1,1,1,1,1,4,4,4,4,4,4,4,4,4,4,4,2,2,4,4,4,4,4,4,4,4,4,4,4,4,4,4,4,4,4,4,4,4,4,4,4,4,4,4,4,4,4,4,4,4,4,4,4,4,4,4,4,4,4,4,4,57,4,4,4,4,4,4,4,4,2,2,2,2,4,4,4,4,4,4,4,4,4,4,4,4,4,4,4,4,4,4,4,4,4,4,4,4,4,4,4,4,5,5,5,5,2,1,1,1,1,1,1,0,0,0,92,92
92,92,92,0,1,1,1,1,1,1,1,1,89,4,22,4,4,4,2,57,57,57,2,4,4,4,4,6,6,6,6,6,6,6,6,6,6,6,6,6,6,6,2,6,6,6,6,6,6,57,6,6,6,6,6,6,6,6,6,6,6,6,6,6,6,6,42,6,6,6,6,6,6,6,6,6,6,6,6,6,6,6,6,6,6,6,6,6,6,6,6,6,6,6,6,6,6,6,6,6,6,6,6,6,6,6,6,6,6,6,6,6,6,6,22,22,22,6,6,6,8,8,1,1,1,1,1,0,0,0,0,92,92,92,92,92,92,92,92,92,92,92,92,0,92,92,0,0,92,92,92,92,92,92,92,92,92,0,0,0,92,92,92,92,92,92,92,92,92,92,92,92,92,92,92,92,0,92,92,92,92,0,92,92,92,92,92,0,0,0,1,1,1,1,1,1,5,5,5,5,4,4,4,4,4,4,4,4,4,4,4,4,4,4,2,4,4,4,4,4,4,4,4,4,4,4,4,2,2,4,4,4,4,4,6,6,6,6,6,6,6,7,2,1,1,1,1,1,1,27,41,41,0,92,92,92,92,92,92,0,92,92,92,0,0,0,0,0,0,0,0,0,0,0,0,0,0,0,0,0,0,0,0,0,0,92,92,92,0,92,0,92,92,92,92,92,92,92,92,92,0,0,92,92,92,92,92,92,0,0,0,92,92,92,92,92,92,92,92,92,92,92,92,92,92,92,92,92,92,92,92,92,92,92,92,92,92,92,92,92,92,92,92,0,0,0,1,1,1,1,1,1,1,1,1,1,1,1,1,2,4,4,4,4,4,4,4,4,4,4,4,2,2,2,4,4,4,4,4,4,4,4,4,4,4,4,4,4,4,4,4,4,4,4,4,4,4,4,4,4,4,4,4,4,4,4,4,4,4,4,4,4,4,4,4,57,57,4,4,4,4,4,4,4,2,4,4,4,4,4,4,4,4,4,4,4,4,4,4,4,4,4,4,4,4,4,4,4,4,4,4,4,4,4,4,4,4,4,2,2,5,1,1,1,1,1,1,0,0,92,92,92
92,92,92,0,0,1,1,1,1,1,1,1,89,4,22,4,4,4,4,4,4,4,4,4,4,4,4,4,4,4,4,4,4,4,4,4,4,6,6,6,6,6,6,6,6,6,6,6,57,57,6,6,6,6,6,6,6,6,6,6,6,6,6,6,6,6,42,6,6,6,6,6,6,6,6,6,6,6,6,6,6,6,6,6,6,6,6,6,6,6,6,6,6,6,6,6,6,6,6,6,6,6,6,82,6,6,6,6,6,6,6,6,6,6,22,22,6,6,7,8,8,8,1,1,1,1,1,0,92,0,92,92,92,92,0,0,92,92,92,92,92,0,0,0,92,92,92,92,0,92,92,92,92,92,92,92,92,0,0,92,92,92,92,92,0,92,92,92,92,92,92,92,92,92,92,92,92,92,92,92,92,0,92,92,92,92,92,92,92,0,0,1,1,1,1,1,1,5,5,5,4,4,4,4,4,4,4,4,4,4,4,4,4,4,2,2,4,4,4,4,4,4,4,4,4,4,4,4,2,4,4,4,4,4,4,4,4,4,6,6,6,6,6,2,1,1,27,8,27,27,27,0,0,92,92,0,0,92,92,92,92,92,92,92,92,92,0,0,0,0,0,0,0,0,0,0,0,0,0,0,0,0,0,0,92,92,92,92,92,92,92,92,92,92,92,92,92,92,92,92,92,92,92,92,92,0,0,0,0,0,0,92,92,92,92,92,92,92,92,92,92,92,92,0,92,92,92,92,92,92,92,92,92,92,92,92,92,92,92,92,92,92,92,0,0,0,0,0,1,1,1,1,1,1,1,1,1,1,1,1,2,4,22,22,4,4,4,4,4,4,4,4,2,2,2,2,4,4,4,4,4,4,4,4,4,4,4,4,4,4,4,4,4,4,4,4,4,4,4,4,4,4,4,4,4,4,4,4,4,4,4,4,4,4,4,4,4,4,4,4,4,4,4,4,4,4,4,4,4,4,4,4,4,4,4,57,57,4,4,4,4,4,4,4,4,4,4,4,4,4,4,4,4,4,4,4,4,4,5,5,5,5,1,1,1,1,1,0,0,92,92,92
92,92,92,92,0,0,1,1,1,1,1,1,1,2,4,4,4,4,4,4,4,4,4,4,4,4,4,4,4,4,4,4,4,4,4,4,4,4,4,4,4,4,4,4,4,4,4,4,6,6,6,6,6,6,6,6,6,6,6,6,6,6,6,6,6,6,6,6,6,6,6,6,6,6,6,6,6,6,6,6,6,6,6,6,6,6,6,6,6,6,6,6,6,6,6,6,6,6,6,6,6,6,82,82,6,6,6,6,6,6,6,6,6,22,22,6,6,7,8,8,8,1,1,1,1,1,1,0,92,92,92,92,92,92,92,92,92,92,92,92,92,92,92,92,92,92,92,92,92,92,92,92,92,92,92,92,92,92,92,92,92,92,92,92,92,0,92,92,92,0,92,92,92,0,92,92,92,92,92,92,92,92,92,92,92,92,92,92,92,92,0,0,1,1,1,1,1,5,5,5,4,4,4,4,4,4,4,4,4,4,4,4,4,2,2,4,2,4,4,4,4,4,4,4,4,4,4,4,2,4,4,4,4,4,4,4,4,4,4,4,4,4,7,7,1,27,27,27,8,27,8,0,0,0,92,92,92,92,92,92,0,92,92,92,92,92,92,0,0,0,0,0,0,0,0,0,0,0,0,0,0,0,0,92,92,92,92,92,92,92,92,92,92,92,0,92,92,92,92,92,92,92,92,92,92,0,0,92,92,92,92,92,92,0,0,92,92,92,92,0,92,92,92,92,92,92,92,92,92,92,92,92,92,92,0,92,0,0,92,92,92,92,92,0,0,0,0,0,0,1,1,1,1,1,1,1,1,1,1,1,1,2,4,22,22,22,4,4,4,4,4,4,4,4,4,2,2,4,4,4,4,4,4,4,4,4,4,4,4,4,4,4,4,4,4,4,4,4,4,4,4,4,4,4,4,4,4,4,4,4,4,4,4,4,4,4,4,4,4,4,4,4,4,2,4,4,4,4,4,4,4,4,4,4,4,4,57,4,4,4,4,4,4,4,4,4,4,4,4,4,4,4,4,4,4,4,4,4,5,5,5,1,1,1,1,1,1,0,0,92,92,92
92,92,92,0,0,0,0,1,1,1,1,1,1,2,4,4,4,4,4,4,4,4,4,4,4,4,4,4,4,4,4,4,4,4,4,4,4,4,4,4,4,4,4,4,4,4,4,4,4,4,4,4,4,4,57,57,57,4,4,4,4,4,4,4,4,4,4,6,6,6,6,6,6,6,6,6,6,6,6,6,6,6,6,6,6,6,6,6,6,6,6,6,6,6,6,6,6,6,6,6,6,6,6,6,6,6,6,6,6,6,6,6,6,22,22,6,7,8,8,8,8,8,1,1,1,1,1,0,92,92,92,92,92,92,92,92,0,0,0,0,92,92,92,92,0,92,92,92,92,92,0,92,92,92,92,92,92,92,92,92,92,92,92,92,92,92,92,92,92,92,92,92,92,92,92,0,92,92,92,92,92,92,92,92,92,92,92,92,92,92,0,0,1,1,1,1,1,1,5,5,5,2,4,4,4,4,4,4,4,4,4,4,4,4,4,4,4,4,4,4,4,4,4,4,4,4,4,4,2,4,4,4,4,4,4,4,4,4,4,4,4,4,4,4,7,8,27,8,8,8,8,0,0,0,92,92,92,92,92,92,92,92,92,92,92,92,92,0,0,0,0,0,0,0,0,0,0,0,0,0,0,92,92,92,0,0,0,92,92,92,92,92,92,92,92,92,92,92,92,0,0,92,92,92,92,92,0,0,92,92,92,92,92,92,0,92,92,92,92,0,92,92,92,92,92,92,92,92,92,92,92,92,92,92,92,92,92,0,0,0,92,0,0,0,0,0,0,0,0,0,0,1,1,1,1,1,1,1,1,1,1,1,1,2,4,22,22,4,4,4,4,4,4,4,4,4,4,4,4,4,4,4,4,4,4,4,4,4,4,4,4,4,4,4,4,4,4,4,4,4,4,4,4,4,4,4,4,4,4,4,4,4,4,4,4,4,4,4,4,4,4,4,4,2,4,4,4,4,4,4,4,4,4,4,4,4,4,4,4,4,4,4,4,4,4,4,4,4,4,4,4,4,4,4,4,4,4,4,5,5,2,1,1,1,1,1,1,0,0,0,92,92
92,92,92,92,92,0,0,1,1,1,1,1,1,1,4,4,4,4,4,4,4,4,4,4,4,4,4,4,4,4,4,4,4,4,4,4,4,4,4,4,4,4,4,4,4,4,4,4,4,57,4,4,4,4,4,4,4,4,4,4,4,4,4,4,4,4,4,4,4,4,4,4,4,4,4,4,4,4,4,4,4,4,4,4,4,4,4,4,4,4,4,6,6,6,6,6,6,6,6,6,6,6,6,6,6,6,6,6,6,6,6,6,42,22,7,7,8,8,8,8,8,1,1,1,1,1,0,0,92,92,92,92,92,0,92,92,92,92,0,0,92,92,92,92,92,92,92,92,92,0,0,92,0,92,92,92,92,92,92,92,92,92,92,92,92,92,92,92,92,92,92,92,92,92,92,92,92,92,92,92,92,92,92,92,92,92,92,92,92,92,92,0,0,1,1,1,1,1,5,5,5,5,5,4,4,4,4,4,4,4,4,4,4,4,4,4,2,2,4,4,4,2,4,4,4,4,4,4,4,4,4,4,4,4,4,4,4,4,4,4,4,4,4,4,4,8,8,8,8,8,8,0,92,92,92,92,92,92,92,92,92,0,92,0,92,92,92,92,92,0,0,0,0,0,0,0,0,0,0,0,92,92,92,92,92,0,0,92,92,92,92,92,92,92,92,92,92,92,92,92,92,0,92,92,92,92,92,92,92,92,92,92,0,0,92,92,92,92,92,92,92,92,92,92,92,92,92,92,92,92,92,92,92,92,0,0,92,92,0,0,0,0,0,0,0,0,0,0,92,0,0,0,1,1,1,1,1,1,1,1,1,1,1,89,89,2,4,4,4,4,4,4,4,4,4,4,4,4,4,4,4,4,4,4,4,4,4,4,4,4,4,4,4,4,4,4,4,4,4,4,4,4,4,4,4,4,4,4,4,4,4,4,4,4,57,4,4,4,4,4,4,4,2,4,4,4,4,4,4,4,4,4,4,4,4,4,4,4,4,4,4,4,4,4,4,4,4,4,4,4,4,4,4,4,4,4,4,4,5,5,2,1,1,1,1,1,1,0,0,0,92,92
92,92,92,0,0,0,0,1,1,1,1,1,1,1,4,4,4,4,4,4,4,4,4,4,4,4,4,4,4,4,4,4,4,4,4,4,4,4,4,4,4,4,4,4,4,4,4,4,4,57,57,4,4,4,4,4,4,4,4,4,4,4,4,4,4,4,4,4,4,4,4,4,4,4,4,4,4,4,4,4,4,4,4,4,4,4,4,4,4,4,4,4,4,4,4,4,4,4,4,4,4,4,4,4,4,6,6,6,6,6,6,6,22,22,22,2,8,8,8,8,1,1,1,1,1,0,0,92,92,92,92,92,92,92,92,92,92,92,92,92,92,92,92,92,92,92,92,92,92,92,0,0,0,0,92,92,92,0,0,92,92,92,0,92,92,92,92,92,92,0,92,92,92,92,0,92,92,92,92,92,92,92,92,92,92,0,92,92,92,92,92,0,0,1,1,1,1,1,1,5,5,5,5,5,4,4,4,4,4,4,4,4,4,4,4,4,4,2,2,2,2,2,2,2,2,5,56,5,2,5,5,5,4,57,57,57,4,4,4,4,4,4,4,4,4,27,5,8,27,8,8,0,92,92,92,92,92,92,92,92,0,0,0,0,92,0,92,92,92,0,0,0,0,0,0,0,0,0,0,92,92,92,92,92,92,92,92,92,92,92,92,92,92,92,92,92,92,92,92,92,92,92,92,92,92,92,92,92,92,92,92,92,0,92,92,0,92,92,92,0,92,92,92,92,92,92,92,92,92,92,92,0,0,0,0,0,0,92,92,0,92,92,0,0,0,0,0,92,92,92,0,0,0,1,1,1,1,1,1,1,1,1,1,1,1,1,2,4,4,4,4,4,4,4,4,4,4,4,4,4,4,4,4,4,4,4,4,4,4,4,4,4,4,4,4,4,4,4,4,4,4,4,4,4,4,4,4,4,4,4,4,4,4,4,57,57,4,4,4,4,4,2,4,4,4,4,4,4,4,4,4,4,4,4,4,4,4,4,4,4,4,4,4,4,4,4,4,4,4,4,4,4,4,4,4,2,4,4,5,5,1,1,1,1,1,1,1,0,0,0,0,92
92,92,92,92,92,92,0,1,1,1,1,1,1,89,4,4,4,4,4,4,4,4,4,4,4,4,4,4,4,4,4,4,4,4,4,4,4,4,4,4,4,4,4,4,4,4,4,4,4,4,4,4,4,4,4,4,4,4,4,4,4,4,4,4,4,4,4,4,4,4,4,4,4,4,4,4,4,4,4,4,4,4,4,4,4,4,4,4,4,4,4,4,4,4,4,4,4,4,4,4,4,4,4,4,4,4,4,4,4,4,4,4,22,22,22,2,90,8,1,1,1,1,1,1,0,0,92,92,92,92,92,92,92,92,92,92,92,0,0,92,92,92,92,92,92,92,92,92,92,92,92,92,92,92,92,92,92,0,92,92,92,92,92,92,92,92,92,92,92,92,92,92,92,92,92,92,92,92,92,92,92,92,92,92,92,92,0,92,92,92,92,0,0,1,1,1,1,1,1,5,5,5,5,5,5,4,4,4,4,4,4,4,4,4,4,4,4,4,4,4,4,2,2,2,5,56,56,56,27,27,5,5,5,4,4,4,4,5,4,4,4,4,27,27,27,27,27,27,27,27,8,0,0,0,92,0,92,0,92,92,92,0,0,0,92,92,92,92,92,0,0,0,0,0,0,0,0,0,92,92,0,0,92,92,92,92,92,92,92,92,92,92,92,92,92,92,92,92,92,92,92,92,92,92,92,0,92,92,92,92,92,0,92,92,92,92,92,92,92,92,92,92,92,92,92,92,92,0,0,0,0,0,92,92,92,92,0,92,92,92,0,0,0,0,0,0,0,92,92,92,92,0,0,0,1,1,1,1,1,1,1,1,1,1,1,1,2,4,4,4,4,4,4,4,4,4,4,4,4,4,57,57,57,4,4,4,4,4,4,4,4,4,4,4,4,4,4,4,4,4,4,4,4,4,4,4,4,4,4,4,4,4,4,4,4,4,4,4,4,4,2,2,2,4,4,4,4,4,4,4,4,4,4,4,4,4,4,4,4,4,4,4,4,4,4,4,4,4,4,4,4,4,4,4,4,2,2,4,5,5,5,1,1,1,1,1,1,0,0,0,0,92
0,0,0,92,92,92,0,1,1,1,1,1,1,89,5,4,4,4,4,4,4,4,4,4,4,4,4,4,4,4,4,4,4,4,4,4,4,4,4,4,4,4,4,4,4,4,4,4,4,4,4,4,4,4,4,4,4,4,4,4,4,4,4,4,4,4,4,4,4,4,4,4,4,4,4,4,4,4,4,4,4,4,4,4,4,4,4,4,4,4,4,4,4,4,4,4,4,4,4,4,4,4,4,4,4,4,4,4,4,4,4,4,22,22,4,2,90,1,1,1,1,1,1,1,0,0,92,92,92,92,92,92,92,92,92,92,92,92,92,92,92,92,0,0,92,92,92,0,92,92,92,92,92,92,92,92,0,92,92,92,92,92,0,92,92,92,92,92,92,92,92,92,92,92,92,92,92,92,92,92,92,92,92,92,92,92,0,92,92,92,92,0,0,1,1,1,1,1,1,1,5,5,5,5,2,5,4,4,4,4,4,4,4,4,4,4,4,4,4,4,4,4,5,2,2,5,5,56,27,5,5,5,5,5,27,27,27,5,5,5,5,27,27,27,5,5,56,5,27,5,27,0,0,0,0,0,92,92,92,92,92,0,0,92,92,92,92,92,92,92,0,0,0,0,0,0,0,0,0,92,0,0,0,92,92,92,92,92,0,92,92,92,92,92,92,0,92,92,92,92,92,92,92,92,92,92,92,92,92,92,92,0,0,92,92,92,92,0,92,0,0,92,92,92,92,92,92,0,92,92,0,92,92,92,92,92,92,92,92,92,0,0,0,0,0,0,0,92,92,92,92,92,0,0,0,1,1,1,1,1,1,1,1,1,1,1,1,4,4,4,4,4,4,4,4,4,4,4,4,4,4,4,4,4,4,4,4,4,4,4,4,4,4,4,4,4,4,4,4,4,4,4,4,4,4,4,4,4,4,4,4,4,4,4,4,4,4,4,4,4,4,4,2,4,4,4,4,4,4,4,4,4,4,4,4,4,4,4,4,4,4,4,4,4,4,31,31,31,31,4,4,4,4,4,4,2,2,2,4,5,1,1,1,1,1,1,1,0,0,92,92,92
0,0,92,92,92,92,0,0,1,1,1,1,1,89,5,4,4,4,4,4,4,4,4,4,4,4,4,4,4,4,4,4,4,4,4,4,4,4,4,4,4,4,4,4,4,4,4,4,4,4,4,4,4,4,4,4,4,4,4,4,4,4,4,4,4,4,4,4,4,4,4,4,4,4,4,4,4,4,4,4,4,4,4,4,4,4,4,4,4,4,4,4,4,4,4,4,4,4,4,4,4,4,4,4,4,4,4,4,4,4,4,22,22,22,4,1,90,1,1,1,1,1,0,0,0,92,92,92,92,0,92,92,92,92,92,0,92,92,92,92,92,92,0,0,92,92,92,92,92,92,92,92,92,92,92,92,0,92,92,92,92,92,0,92,92,92,92,92,92,92,92,92,92,92,92,92,92,92,92,92,92,92,92,92,0,92,92,92,92,92,92,92,0,0,1,1,1,1,1,1,1,5,5,5,2,5,5,4,4,4,4,4,4,4,4,4,4,4,4,4,5,5,5,5,5,2,5,5,5,5,5,5,5,5,5,27,27,5,5,5,5,5,27,5,5,5,5,5,5,27,27,27,0,0,0,92,92,92,92,92,92,92,92,92,92,92,92,92,92,92,92,92,92,92,0,0,0,0,0,0,0,0,0,0,92,92,92,92,92,92,92,92,92,92,92,0,92,92,92,92,92,92,92,92,92,92,92,92,0,92,92,0,0,92,92,92,92,92,92,92,92,92,92,92,0,92,92,0,92,92,0,92,92,92,92,92,92,92,92,92,92,92,0,0,0,0,0,92,92,92,92,92,92,0,0,0,1,1,1,1,1,1,1,1,1,1,1,4,4,4,4,4,4,4,4,4,4,4,4,4,4,4,4,4,4,4,4,4,4,4,4,4,4,4,4,4,4,4,4,4,4,4,4,4,4,4,4,4,4,4,4,4,4,4,4,4,4,4,31,4,4,4,2,4,4,4,4,4,4,4,4,4,4,4,4,4,4,4,4,4,4,4,4,4,4,31,31,31,31,31,4,2,2,4,2,2,2,4,4,4,5,1,1,1,1,1,1,0,0,92,92,92
0,0,0,92,92,92,0,0,1,1,1,1,1,89,5,4,4,4,4,4,4,4,4,4,4,4,4,4,4,4,4,4,4,4,4,4,4,4,4,4,4,4,4,4,4,4,4,4,4,4,4,4,4,4,4,4,4,4,4,4,4,4,4,4,4,4,4,4,4,4,4,4,4,4,4,4,4,4,4,4,4,4,4,4,4,4,4,4,4,4,4,4,4,4,4,4,4,4,4,57,57,4,4,4,4,4,4,4,4,4,4,22,22,22,2,1,90,1,1,1,1,1,0,0,92,92,0,92,92,92,92,92,92,92,0,0,0,0,92,92,92,92,0,92,92,92,92,92,92,92,92,92,0,92,92,92,0,92,92,92,92,92,92,0,92,92,0,0,92,92,92,92,92,92,0,92,92,92,92,92,0,0,92,92,92,0,0,92,92,92,92,92,0,0,1,1,1,1,1,1,5,5,5,1,2,5,5,4,4,4,4,5,5,5,5,5,5,84,84,5,5,5,5,5,5,5,5,5,5,5,5,5,5,5,5,5,5,5,5,5,5,5,5,5,5,5,5,5,5,27,5,5,0,0,0,92,92,92,92,92,92,92,92,92,92,92,0,0,0,92,92,92,0,0,92,92,0,0,0,0,0,0,92,92,92,92,92,92,92,92,92,92,92,92,92,0,0,92,92,92,92,92,92,92,92,92,92,92,0,0,0,0,0,92,92,92,92,92,92,92,92,92,92,92,92,0,92,92,92,92,0,0,92,92,0,92,92,92,92,92,92,92,92,0,0,0,0,92,92,0,92,92,92,92,92,0,0,0,1,1,1,1,1,1,1,1,89,4,22,4,4,4,4,4,4,4,4,4,4,4,4,4,4,4,4,4,4,4,4,4,4,4,4,4,4,4,4,4,4,4,4,4,4,4,4,4,4,4,4,4,4,4,4,4,4,4,4,4,31,4,4,4,2,4,4,4,4,4,4,4,4,4,4,4,4,4,4,4,4,4,4,4,4,4,4,31,31,31,31,4,4,4,2,2,4,4,4,4,4,4,1,1,1,1,1,1,1,0,92,92,92,92
0,0,0,92,92,0,0,0,1,1,1,1,1,1,5,4,4,4,4,4,2,4,4,4,4,4,4,4,4,4,4,4,4,4,4,4,4,4,4,4,4,4,4,4,4,4,4,4,2,2,4,4,2,4,4,4,4,4,4,4,4,4,4,4,4,4,4,4,4,4,4,4,4,4,4,4,4,4,4,4,4,4,4,4,4,4,4,4,4,4,4,4,4,4,4,4,4,4,4,4,57,4,4,4,4,4,4,4,4,4,4,22,22,4,2,1,1,1,1,1,1,0,0,92,92,92,92,92,92,92,0,92,92,92,0,0,0,0,0,92,92,92,92,92,92,92,92,92,92,92,92,92,92,0,0,92,92,92,92,92,92,92,92,0,92,92,0,0,0,0,0,0,92,92,92,92,92,92,92,92,92,92,92,92,92,92,0,0,92,92,92,0,0,0,0,1,1,1,1,1,1,4,4,1,2,4,4,4,4,4,4,4,4,4,4,4,5,5,5,5,5,5,5,5,5,5,5,5,5,5,5,5,5,5,5,5,5,5,5,5,5,5,5,5,5,1,1,1,1,1,5,0,0,92,0,92,92,92,92,0,92,92,92,92,0,92,92,92,92,92,92,92,92,0,92,0,0,0,0,0,0,0,0,92,92,92,92,92,92,92,92,0,92,92,92,92,92,92,0,92,92,92,0,92,92,0,92,92,92,0,0,0,92,92,92,92,92,92,92,0,0,92,92,92,92,0,92,92,92,92,92,92,92,92,0,0,92,92,92,92,0,0,0,0,0,92,92,92,92,0,92,92,92,92,92,92,0,0,0,0,1,1,1,1,1,1,89,22,22,4,4,4,4,4,4,4,4,4,4,4,4,4,4,4,4,4,4,4,4,4,4,4,4,4,4,4,4,4,4,4,4,4,4,50,4,4,4,4,4,4,4,4,4,4,4,4,4,4,31,4,4,4,4,4,4,4,4,4,4,4,4,4,4,4,4,4,4,4,4,4,4,4,4,4,31,31,31,31,4,4,4,4,4,4,4,4,4,4,4,2,1,1,1,1,1,1,1,0,92,0,0,92
92,92,92,92,92,0,0,0,1,1,1,1,1,89,5,4,4,4,4,4,4,4,4,4,4,4,4,4,4,2,4,2,4,4,4,4,4,4,2,4,4,2,4,4,4,4,4,4,2,4,4,4,4,4,4,4,4,4,4,4,4,4,4,4,4,4,4,4,4,4,4,4,4,4,4,4,4,4,4,4,4,4,4,4,4,4,4,4,4,4,4,4,4,4,4,4,4,4,4,4,4,4,4,4,4,4,4,4,4,4,4,22,22,5,2,1,1,1,1,1,1,0,0,92,92,92,92,92,92,92,92,92,92,92,92,0,0,0,92,92,92,92,92,92,92,92,92,92,0,0,92,92,92,92,92,92,92,92,92,92,92,92,92,92,92,0,92,0,0,0,92,92,92,92,0,0,92,92,92,92,92,92,92,92,92,92,92,0,92,92,92,92,0,0,0,1,1,1,1,1,4,4,4,4,4,4,4,4,4,4,4,4,4,4,4,4,5,5,5,5,5,5,5,5,5,5,84,84,5,5,5,5,5,5,5,5,5,84,84,5,5,5,1,1,1,1,1,1,1,1,0,0,92,92,92,92,92,92,92,0,92,92,0,92,92,92,92,92,92,92,92,92,92,92,92,92,0,0,0,0,0,92,0,92,92,92,92,92,92,92,0,0,92,92,92,92,92,92,92,92,92,92,92,92,92,0,92,92,0,0,0,0,92,92,92,0,92,92,92,0,92,92,92,92,0,0,92,92,92,92,92,92,92,92,0,0,92,92,92,92,92,0,0,0,92,92,0,92,92,92,92,92,0,92,92,92,92,92,92,0,0,1,1,1,1,1,89,22,22,4,4,4,4,4,4,4,4,4,4,4,4,4,4,4,4,4,4,4,4,4,4,4,4,4,4,4,4,50,4,4,50,50,4,50,50,4,4,4,4,4,4,4,4,4,4,4,4,4,31,4,50,50,50,4,4,4,4,4,4,4,4,4,4,4,4,4,4,4,4,4,4,4,4,4,4,4,4,4,4,4,4,57,57,57,4,4,4,4,2,1,1,1,1,1,1,1,0,0,92,92,92,92
92,92,92,92,92,92,92,0,1,1,1,1,1,89,5,5,4,4,4,4,4,4,4,4,4,4,4,4,4,2,2,4,4,4,2,2,2,4,4,4,4,4,4,4,4,4,4,4,4,4,4,4,4,4,4,4,4,4,4,4,4,4,4,4,4,4,4,4,4,4,4,4,4,4,4,4,4,4,4,4,4,4,4,4,4,4,4,4,4,4,4,4,4,4,4,4,4,4,4,4,4,4,4,4,2,4,4,4,4,4,4,4,22,5,2,1,1,1,1,1,1,0,0,92,92,92,92,92,92,92,92,92,92,92,92,92,92,92,92,92,92,92,92,92,92,92,92,92,92,92,92,92,92,92,92,92,92,92,92,92,92,92,92,92,92,92,92,92,0,0,92,92,92,92,92,92,92,92,92,92,92,92,92,92,92,0,92,92,92,92,92,92,92,92,0,0,1,1,1,1,4,4,4,1,2,4,4,4,4,4,4,4,4,4,4,5,5,5,5,5,5,5,5,5,5,5,5,5,5,5,5,5,5,5,5,5,5,5,5,1,1,1,1,1,1,1,1,1,0,0,0,0,92,92,92,92,92,92,92,0,0,92,92,92,92,92,92,92,92,0,92,92,92,92,92,92,92,92,0,0,92,92,92,92,92,0,92,92,92,92,92,92,92,92,92,92,92,0,0,92,92,92,92,92,0,0,0,0,92,92,92,92,92,92,92,92,92,92,92,0,0,92,92,92,92,0,92,92,92,92,92,92,92,92,92,92,92,92,92,92,92,0,0,0,0,0,0,92,92,0,92,92,0,0,92,92,92,92,92,0,0,1,1,1,1,1,89,4,4,4,4,4,4,4,4,4,4,4,4,4,4,4,4,4,4,4,4,4,4,4,4,4,4,4,4,4,50,50,50,50,4,50,50,50,50,4,4,4,4,31,4,31,4,4,4,4,4,4,31,50,50,50,4,4,4,4,4,50,50,4,4,4,4,4,4,4,4,4,4,4,4,4,4,4,4,4,4,4,4,4,4,4,4,4,4,4,4,4,2,1,1,1,1,1,1,1,0,0,92,92,92,92
0,92,92,92,92,92,92,0,1,1,1,1,1,89,2,5,4,4,4,4,4,4,4,4,4,2,4,4,4,4,2,4,4,4,4,4,4,4,4,4,4,4,4,4,4,4,4,57,57,4,4,4,4,4,4,4,4,4,4,4,4,4,4,4,4,4,4,4,4,4,4,57,57,57,4,4,4,4,4,4,4,4,4,4,4,4,4,4,4,4,4,4,4,4,4,4,4,4,4,4,4,4,4,4,4,4,4,4,4,5,5,5,5,2,1,1,1,1,1,1,1,0,92,92,0,92,92,92,92,92,92,92,92,92,92,92,92,92,92,92,0,92,92,92,92,92,92,92,92,92,92,92,92,92,92,92,92,92,92,92,92,92,92,92,92,92,92,0,92,92,92,92,92,92,92,92,92,92,92,92,92,92,92,92,92,92,92,92,92,92,92,92,92,92,92,0,1,1,1,1,4,4,4,4,1,1,4,4,4,4,4,4,4,4,4,4,4,4,5,5,5,5,5,5,5,5,5,5,5,5,5,5,5,1,1,1,1,1,1,1,1,1,1,1,0,0,0,0,0,0,92,92,92,92,92,92,92,92,92,92,0,0,92,92,92,92,92,92,92,0,92,92,92,92,92,92,92,92,92,92,92,92,92,92,92,0,92,92,92,92,92,92,92,92,92,92,92,92,92,92,0,0,92,0,0,0,0,0,0,92,92,92,92,92,92,92,92,0,92,92,92,92,92,92,92,0,92,92,92,0,92,92,92,92,92,92,92,92,92,92,92,0,0,0,0,92,92,92,92,92,92,92,92,92,92,92,92,92,92,92,0,1,1,1,1,1,89,4,4,4,4,4,4,4,4,4,4,4,4,4,4,4,4,4,4,4,4,4,4,4,4,4,4,4,50,50,50,50,50,50,50,50,50,4,4,4,4,4,4,31,31,31,4,4,4,4,4,4,31,4,4,4,4,4,4,4,4,50,50,4,4,4,4,4,4,4,4,4,4,4,4,4,4,4,4,4,4,4,4,4,4,4,4,4,4,4,4,4,1,1,1,1,1,1,1,1,0,0,92,92,92,92
92,92,92,92,92,92,92,0,1,1,1,1,1,89,2,84,4,4,4,4,2,57,4,2,2,4,4,4,4,2,4,4,4,4,4,4,4,4,4,4,4,4,4,4,4,4,4,4,57,4,4,4,4,4,4,4,4,4,4,4,4,4,4,4,4,4,4,4,4,4,4,4,4,57,4,4,4,4,4,4,4,4,4,4,4,4,4,4,4,4,4,4,4,4,4,4,4,4,4,2,4,4,4,4,4,4,4,4,5,5,5,5,2,1,1,1,1,1,1,1,1,0,92,0,0,92,92,92,0,92,92,92,92,92,0,92,92,92,95,95,0,0,92,92,92,92,92,92,92,92,92,92,92,92,92,92,92,92,0,92,92,92,92,92,92,92,92,92,92,0,92,92,92,92,92,92,92,92,92,92,92,92,92,92,92,92,92,92,92,92,92,92,92,92,92,0,0,1,1,1,4,4,4,4,4,1,1,4,4,4,4,4,4,4,57,4,4,4,4,4,5,5,5,5,5,5,5,5,5,1,1,1,1,1,1,1,0,95,0,0,0,0,0,0,0,0,92,92,92,0,92,92,92,0,92,0,92,92,92,0,92,0,92,92,92,92,92,92,92,92,92,92,92,92,92,92,92,92,92,92,92,0,92,92,92,92,0,92,92,92,92,92,92,92,92,92,92,92,92,92,92,0,0,0,0,0,0,0,0,92,92,92,0,92,92,92,92,92,92,92,92,0,0,0,92,92,92,92,92,92,92,92,92,92,92,92,92,92,92,92,92,0,0,0,92,92,92,92,92,92,0,0,92,92,92,92,92,92,92,92,0,1,1,1,1,1,89,4,4,4,4,4,4,4,4,4,4,4,4,4,4,4,4,4,4,4,4,4,4,4,4,4,4,4,50,50,50,4,4,50,50,50,4,4,4,4,4,4,4,31,31,4,4,4,4,4,4,4,4,4,4,4,4,4,4,4,4,50,50,4,4,4,4,4,4,4,4,4,4,4,4,4,4,4,4,4,4,4,4,4,4,4,4,4,4,4,4,2,1,1,1,1,1,1,1,1,0,0,0,0,0,92
92,92,92,92,92,92,92,0,1,1,1,1,1,89,89,84,5,4,4,4,4,57,4,4,4,2,4,4,4,4,4,4,4,4,4,4,4,4,4,4,4,4,4,4,4,4,4,4,4,4,4,4,4,4,4,4,4,4,4,4,4,4,4,4,4,4,4,4,4,4,4,4,4,57,57,4,4,4,4,4,4,4,4,4,4,4,4,4,4,4,4,4,4,4,4,4,4,4,4,4,4,4,4,4,4,4,4,4,39,4,4,2,2,1,1,1,1,1,1,1,1,0,92,92,92,92,92,92,92,92,92,92,92,0,0,92,92,92,95,0,92,0,92,92,92,92,92,92,92,92,0,92,92,92,92,92,0,0,0,92,92,92,92,92,92,0,92,92,92,92,92,92,92,92,92,92,92,0,0,92,92,92,92,92,92,92,0,92,92,92,92,92,92,92,0,0,0,1,1,1,4,4,4,4,4,1,1,1,4,4,4,4,4,4,57,57,4,4,4,4,4,1,1,1,1,1,1,1,1,1,1,1,1,1,0,0,0,95,92,92,92,92,92,92,92,92,92,92,92,92,92,92,92,92,92,92,0,92,92,92,92,92,92,92,92,92,92,92,92,92,92,0,92,92,0,0,92,92,92,92,92,0,0,92,92,92,92,92,92,92,92,92,92,92,92,92,92,92,92,92,92,92,0,0,0,0,0,0,92,92,92,92,92,92,92,92,92,0,92,92,0,0,0,0,0,92,92,92,92,92,92,92,92,92,0,92,92,92,92,92,92,0,0,0,0,92,0,92,92,92,0,0,0,92,92,92,92,92,92,92,0,1,1,1,1,1,2,4,4,4,4,4,4,4,4,4,4,50,4,4,4,4,4,4,4,4,4,4,4,50,4,4,4,4,4,4,4,4,4,4,50,2,4,4,4,4,4,4,31,31,4,4,4,4,4,4,4,4,4,4,4,4,4,4,4,4,4,4,4,50,50,4,4,4,4,4,4,4,4,4,4,4,4,4,4,4,4,4,57,57,57,4,4,4,4,4,4,4,1,1,1,1,1,1,1,1,0,0,92,92,92,0
92,92,0,92,92,92,92,0,1,1,1,1,1,1,89,5,5,5,4,4,31,57,31,4,4,4,4,4,4,4,4,4,4,4,4,4,4,4,4,4,4,4,4,4,4,4,4,4,4,4,4,4,4,4,4,4,4,4,4,4,4,4,4,4,4,4,4,4,4,4,4,4,4,4,4,4,4,4,4,4,57,4,4,4,4,4,4,4,4,4,4,4,4,4,4,4,4,4,4,4,4,4,4,4,4,4,4,39,39,39,4,2,2,1,1,1,1,1,1,1,0,0,92,92,92,92,92,92,92,92,92,92,92,0,92,92,92,92,92,0,92,92,0,92,92,92,92,92,92,92,0,92,0,92,92,92,92,0,0,92,92,92,92,0,92,0,92,92,92,92,92,92,92,92,92,92,0,0,0,92,92,92,92,92,92,92,92,92,92,92,92,92,92,92,92,0,0,0,1,1,4,4,4,4,4,4,1,1,1,4,4,4,1,1,1,1,1,1,1,1,1,1,1,1,1,1,0,0,0,0,0,0,0,0,0,0,0,92,92,92,92,92,92,92,92,92,92,92,92,92,92,92,92,92,92,0,0,0,0,92,92,92,92,92,92,92,92,92,92,92,0,92,92,92,92,92,92,92,92,92,92,0,0,0,92,92,92,92,92,92,92,92,92,92,92,92,92,92,92,92,0,0,0,0,0,0,0,0,0,92,92,92,92,92,92,92,0,0,92,92,92,0,0,0,0,0,92,0,92,92,92,92,92,92,92,92,92,92,92,92,92,92,92,0,0,0,0,0,0,92,92,92,92,0,92,92,92,92,92,92,0,1,1,1,1,1,2,4,22,22,4,4,4,4,4,50,50,50,50,4,4,4,4,4,4,4,4,4,50,50,50,50,4,4,4,4,4,4,4,4,4,4,2,4,4,4,4,31,31,4,4,4,4,4,4,50,4,4,4,4,4,4,4,4,4,4,50,50,4,50,50,50,4,4,4,4,4,4,4,4,4,4,4,4,4,4,4,4,4,4,4,4,4,4,4,2,4,2,1,1,1,1,1,1,1,1,0,92,92,92,0,0
92,92,0,92,92,92,0,0,1,1,1,1,1,1,1,2,4,4,4,4,31,31,31,4,4,4,4,4,4,4,4,4,4,4,4,4,4,4,4,4,4,4,4,4,4,4,4,4,4,4,4,4,4,4,2,2,2,4,4,4,4,4,4,4,4,4,4,2,4,4,4,4,4,4,4,4,4,4,4,4,57,57,4,4,4,4,4,4,4,4,4,4,4,4,4,4,4,4,4,4,4,4,4,4,4,4,4,39,39,39,39,2,2,1,1,1,1,1,1,1,0,0,92,92,92,92,92,92,92,92,92,92,92,92,92,92,92,92,92,92,92,92,92,92,92,92,92,92,92,92,92,92,92,92,92,92,92,92,0,0,92,0,0,92,92,92,92,92,92,0,0,92,92,92,92,92,92,92,0,92,92,92,0,92,92,92,92,92,92,92,92,92,92,0,92,92,92,0,1,4,4,4,4,4,4,4,4,4,1,1,1,1,1,1,1,1,0,0,0,0,0,0,0,0,0,0,0,0,92,92,92,92,92,92,0,0,0,92,92,92,92,92,92,92,92,0,92,92,0,92,92,92,0,92,92,0,0,0,0,92,92,92,92,92,92,92,92,92,92,92,0,0,92,92,92,92,92,92,92,92,0,0,0,0,92,92,92,92,92,92,92,92,0,92,92,92,92,92,92,92,0,0,0,0,0,0,0,0,92,92,92,92,92,92,92,92,0,92,92,92,92,92,92,92,0,0,0,0,0,92,92,92,92,92,92,92,92,92,92,92,92,0,0,0,0,0,0,0,0,92,92,92,92,92,92,92,92,92,92,92,0,1,1,1,1,1,2,4,22,50,50,50,4,4,4,4,4,50,4,4,4,4,4,4,4,4,4,4,4,4,50,4,4,4,4,4,4,4,4,4,4,4,4,31,4,4,4,31,4,4,4,4,4,50,50,50,50,4,4,4,4,4,4,4,4,50,50,50,50,4,4,50,4,4,4,50,50,4,4,4,4,4,4,4,4,4,4,4,4,4,4,4,4,4,4,4,4,4,89,1,1,1,1,1,1,0,0,92,92,92,92,92
92,92,92,92,92,92,92,0,1,1,1,1,1,1,1,2,4,4,4,2,4,31,4,4,2,4,4,4,4,4,4,4,4,4,4,4,4,4,4,4,4,4,4,4,4,4,4,4,2,2,2,2,2,2,4,4,4,2,4,4,4,4,4,4,4,4,4,4,4,4,4,4,4,4,4,4,4,4,4,4,4,4,4,4,4,4,4,4,4,4,50,50,4,4,4,4,4,4,50,4,4,4,4,4,4,4,4,4,39,39,39,39,2,1,1,1,1,1,1,1,0,0,92,92,92,92,0,92,92,92,92,92,92,92,92,92,92,92,0,0,92,92,92,92,92,92,92,92,92,92,92,0,92,92,92,92,92,92,92,92,92,92,92,92,92,92,92,92,92,92,0,0,0,92,92,92,92,92,92,92,92,92,92,92,92,92,92,92,92,92,92,92,92,92,92,92,92,0,1,4,4,4,4,4,4,4,4,4,4,1,1,1,0,0,0,0,0,0,92,92,92,92,92,92,0,0,0,0,92,92,92,92,92,0,0,92,92,92,92,92,92,92,92,92,92,92,92,92,92,92,92,92,92,92,0,0,0,92,92,92,92,92,0,92,92,92,92,92,92,92,92,0,0,92,92,92,92,92,92,0,0,0,0,0,92,92,92,92,92,92,92,92,0,0,0,92,92,92,92,92,92,92,0,0,92,92,92,92,92,92,92,92,0,0,92,92,92,92,92,92,92,92,92,92,92,0,0,92,92,92,92,92,92,92,92,92,0,92,92,92,0,0,0,0,95,95,95,0,0,0,92,92,92,92,92,92,92,92,92,92,0,1,1,1,1,1,89,4,22,50,50,50,4,4,4,4,4,4,4,4,4,4,4,4,4,4,4,4,4,4,4,4,4,4,4,4,4,4,4,4,4,4,4,31,31,4,4,31,4,4,4,4,4,4,4,50,4,4,4,4,4,4,4,4,4,4,4,4,4,4,4,4,4,4,50,50,50,50,4,4,4,4,4,4,4,4,4,4,4,4,4,4,57,2,2,4,4,4,89,1,1,1,1,1,1,0,92,92,92,92,92,92
92,92,92,92,92,92,92,0,1,1,1,1,1,1,1,89,4,4,4,4,4,4,4,4,4,4,4,4,4,4,4,4,4,4,4,4,4,4,4,4,4,4,4,4,4,2,2,2,4,4,4,4,4,2,4,4,4,4,4,4,4,4,4,50,50,50,50,50,4,4,4,4,4,4,4,4,4,4,4,4,4,4,4,4,4,4,4,4,4,4,4,4,4,4,4,4,4,4,4,4,4,4,4,4,4,4,4,4,4,4,39,39,39,2,1,1,1,1,1,1,0,0,92,92,92,92,92,92,92,92,92,92,92,92,92,92,92,92,92,92,92,92,0,92,92,92,92,92,92,0,0,0,92,92,92,92,92,92,92,92,92,0,0,92,92,92,92,0,0,0,0,92,92,0,92,92,92,92,92,92,92,92,0,92,92,92,92,92,92,92,92,92,92,0,92,92,92,0,0,0,4,4,0,0,0,0,0,4,0,0,0,0,0,0,92,92,92,92,92,92,92,92,92,92,92,92,92,0,92,92,92,92,92,92,0,92,92,92,92,92,0,92,92,92,92,0,0,92,92,92,92,92,92,92,0,0,92,92,0,92,92,92,0,0,92,92,92,92,92,92,92,92,92,92,92,92,92,92,92,92,92,92,0,0,92,92,92,92,0,92,92,0,0,0,0,92,92,92,92,92,92,92,0,0,0,92,92,92,92,92,92,92,0,92,92,0,92,92,92,0,0,92,92,92,92,92,0,92,92,92,92,92,92,92,0,92,92,92,92,92,0,0,0,0,0,0,0,0,0,0,0,92,92,92,92,92,92,92,92,92,0,1,1,1,1,1,89,4,50,50,50,50,4,4,4,4,4,4,4,4,4,4,4,4,4,4,4,4,4,4,4,4,4,4,4,4,4,4,4,4,4,4,4,4,4,4,4,4,50,4,4,4,4,4,4,4,4,4,4,4,4,4,4,4,4,4,4,4,4,4,4,4,4,4,4,4,4,4,4,4,4,4,4,4,4,4,4,4,4,4,4,4,57,4,2,4,4,4,1,1,1,1,1,1,0,0,0,0,0,92,92,92
92,92,92,92,92,92,0,0,0,1,1,1,1,1,1,1,2,4,4,4,4,4,4,4,4,4,4,4,4,4,4,4,4,4,4,4,4,4,4,4,4,4,2,2,2,4,4,4,4,4,4,4,4,4,4,4,4,4,4,4,4,4,4,4,4,50,4,4,4,4,4,4,4,4,4,4,4,4,4,4,4,4,4,4,4,4,4,4,4,4,4,4,4,4,4,4,4,4,4,4,4,4,50,4,4,4,4,4,4,4,4,39,39,39,1,1,1,1,1,1,0,0,92,92,92,92,0,92,92,92,92,92,92,92,92,92,92,92,92,92,92,92,92,92,92,0,0,92,92,92,92,0,92,92,92,92,92,92,0,92,0,0,0,0,92,92,92,0,0,92,92,92,92,0,92,92,0,92,92,92,92,92,92,0,0,0,92,92,92,92,0,0,0,0,92,92,92,92,0,0,0,0,0,0,0,0,0,0,0,92,92,92,92,92,92,92,92,92,92,92,92,92,92,92,92,92,92,92,92,92,92,92,92,92,92,92,92,92,92,92,0,92,92,92,92,92,92,92,92,92,92,92,92,92,0,92,92,92,92,92,92,92,92,0,0,0,92,92,92,92,92,0,92,92,92,92,92,92,92,92,92,92,92,92,92,92,92,92,92,92,92,92,92,92,92,92,92,92,92,92,92,92,92,92,0,92,92,92,92,92,92,92,92,92,92,92,92,92,92,0,0,92,92,92,92,92,92,92,92,92,92,0,92,92,0,92,92,92,92,92,92,92,92,92,92,0,0,0,0,0,92,92,92,0,92,92,92,92,92,92,0,1,1,97,1,1,89,2,4,50,50,4,4,4,4,4,4,4,4,4,4,4,4,4,4,4,4,4,4,4,4,4,4,4,4,4,4,4,4,4,4,4,4,4,4,4,4,31,50,50,50,4,4,4,4,4,4,4,4,4,4,4,57,57,4,4,4,4,4,4,4,4,4,4,4,4,4,4,4,4,4,4,4,4,4,4,4,4,57,4,4,4,4,4,4,2,2,1,1,1,1,1,1,1,0,0,0,92,92,92,92,0
92,92,92,92,92,0,0,0,0,1,1,1,1,1,1,1,4,4,4,4,4,4,4,4,4,4,4,4,4,4,4,4,4,4,4,4,4,4,4,4,2,2,2,4,4,50,4,4,4,4,4,4,4,4,4,4,4,4,4,4,4,4,4,4,4,4,4,4,4,4,4,4,4,4,4,4,4,4,4,4,4,4,4,4,4,4,4,4,4,4,4,4,4,4,4,4,4,50,4,4,4,50,50,50,50,4,4,4,4,4,4,3,3,3,1,1,1,1,1,1,0,0,92,92,92,92,92,92,92,92,92,92,92,92,92,92,92,92,92,92,92,92,92,92,92,0,92,92,92,92,92,92,92,92,92,92,92,92,92,92,92,92,0,0,92,92,92,92,92,92,92,92,92,92,92,92,0,92,92,92,92,92,0,0,0,0,92,92,92,92,92,0,0,0,92,92,92,92,92,0,0,0,0,0,0,0,0,0,0,92,0,0,0,92,92,92,92,92,92,92,92,92,92,92,92,92,92,92,92,92,0,92,92,92,92,92,92,92,92,92,92,92,92,92,92,92,92,92,92,92,92,92,92,92,0,92,92,92,92,92,92,92,0,0,92,92,92,92,92,92,92,92,92,92,92,92,92,92,92,92,92,92,92,92,92,92,92,92,92,92,92,92,0,0,92,92,92,92,92,92,92,92,92,92,92,92,92,92,92,92,92,92,92,92,92,92,92,92,92,0,0,0,92,92,92,0,0,92,92,92,0,0,92,0,92,92,92,92,92,92,92,92,92,92,0,0,0,0,0,0,92,0,0,92,92,92,92,92,92,92,0,1,1,97,97,1,1,1,2,2,50,4,4,4,4,4,4,4,4,4,4,4,4,4,4,4,4,4,4,4,4,4,4,4,4,4,4,2,2,4,4,4,4,4,4,4,31,31,50,50,4,4,4,4,4,4,4,4,4,4,4,4,57,31,4,4,4,4,4,4,4,4,4,4,4,4,4,4,4,4,4,4,4,4,4,4,4,57,57,4,4,4,4,4,4,4,2,1,1,1,1,1,1,1,0,0,92,92,0,92,0,0
92,92,92,92,92,92,92,0,0,1,1,1,1,1,1,1,1,4,4,4,4,4,4,4,4,4,4,4,4,4,4,4,4,4,4,4,4,4,2,2,4,4,4,50,50,50,50,57,57,4,4,4,4,4,4,4,4,4,4,4,4,4,4,4,4,4,4,4,4,4,4,4,4,4,4,4,4,4,4,4,4,4,4,4,4,4,4,4,3,3,3,3,3,3,3,50,50,50,50,3,3,3,3,50,31,31,31,31,3,3,3,3,3,3,1,1,1,1,1,1,0,0,0,0,92,92,92,92,92,92,92,92,92,92,92,92,92,0,92,92,92,92,92,0,92,92,92,92,92,92,92,92,92,92,92,92,92,92,92,92,92,92,92,0,0,92,92,92,92,92,92,92,92,92,92,92,92,92,92,92,92,92,92,92,0,92,92,92,0,0,0,0,0,0,92,92,92,92,0,0,0,0,0,0,0,0,0,0,0,92,92,92,92,92,92,92,92,92,92,92,92,92,92,92,92,92,92,92,92,92,92,92,92,92,92,92,92,92,0,0,92,92,92,92,0,0,92,92,92,92,92,92,92,0,92,92,92,92,92,92,0,0,0,92,92,92,92,92,92,92,92,92,92,92,92,92,92,92,0,92,92,0,0,92,92,92,92,92,92,92,92,92,0,0,92,92,92,92,92,92,92,92,92,92,92,92,92,92,0,92,92,92,92,92,92,0,92,92,0,0,0,0,92,92,92,0,0,92,92,92,92,92,0,92,92,92,92,92,92,92,92,92,92,0,0,0,92,0,0,0,0,0,0,92,0,92,92,0,92,0,0,1,1,1,1,1,98,1,1,2,2,4,2,2,4,2,2,2,4,4,4,4,4,4,4,50,4,4,4,4,4,4,4,4,4,4,4,4,4,4,4,50,4,4,4,4,4,31,31,4,4,4,4,4,4,4,4,4,4,4,4,4,4,31,31,4,4,4,4,4,4,4,4,4,4,4,4,4,4,4,4,4,4,4,4,4,4,4,4,4,4,4,4,4,4,4,2,1,1,1,1,1,1,1,0,0,92,92,92,92,0,0
92,92,92,92,92,92,92,92,0,1,1,1,1,1,1,1,89,89,2,4,4,4,4,4,4,4,4,4,4,4,4,4,4,4,4,4,4,2,2,4,4,4,4,4,50,4,4,4,57,4,4,4,4,4,4,4,4,4,50,4,4,4,4,4,4,4,4,4,4,4,4,4,4,4,4,4,4,3,50,3,3,3,3,3,3,3,3,3,3,3,3,3,50,3,3,3,3,50,3,3,3,3,3,3,3,3,31,31,31,3,3,3,3,3,1,1,1,1,1,1,0,0,92,92,92,92,92,92,92,92,92,92,92,92,92,92,92,92,92,92,92,92,0,0,0,0,92,92,92,92,0,92,92,92,92,92,92,92,92,92,92,92,92,92,92,0,92,92,92,92,0,92,92,92,92,92,92,92,92,92,92,92,0,0,0,0,92,0,0,0,0,0,92,0,92,92,92,92,0,0,0,0,0,0,0,0,0,0,0,92,0,92,92,92,0,92,92,92,92,92,92,92,92,92,0,92,92,92,92,92,92,0,0,0,92,92,92,92,92,92,92,92,92,92,92,92,0,92,92,92,92,0,0,92,92,92,92,92,92,92,92,0,0,92,92,92,92,92,92,0,92,92,92,92,92,92,92,92,0,0,0,0,0,0,92,92,92,92,92,92,92,92,0,0,92,92,92,92,92,92,92,92,92,92,92,92,92,92,92,92,92,92,92,92,92,92,92,92,0,0,92,92,92,92,92,0,0,92,92,92,92,92,0,0,92,92,0,95,0,92,92,92,92,92,92,92,92,0,0,0,0,0,92,92,92,92,92,0,92,0,0,1,1,1,1,1,98,98,98,1,89,2,2,2,2,2,2,2,4,4,4,4,4,4,4,50,4,4,4,4,4,4,4,4,4,4,4,4,4,50,50,50,50,50,50,50,31,31,31,31,4,4,4,4,4,4,4,4,4,4,4,4,4,4,31,31,31,31,4,4,4,4,4,4,4,4,4,4,4,4,4,4,4,4,4,4,4,4,4,4,4,4,4,4,4,4,4,1,1,1,1,1,1,1,0,92,92,92,92,92,92,0
92,92,92,92,92,92,92,92,0,0,1,1,1,1,1,1,89,89,2,2,2,2,2,2,4,4,4,4,50,50,4,4,4,4,4,4,2,4,4,4,4,4,4,4,4,4,4,4,4,4,4,4,4,4,4,4,4,50,50,50,4,4,4,4,4,4,4,3,3,3,3,3,3,3,3,3,3,50,50,50,3,50,3,3,3,3,50,50,3,3,50,50,50,3,3,3,3,3,3,3,3,3,3,2,3,3,3,3,3,3,3,3,3,2,1,1,1,1,1,1,0,95,92,92,0,92,0,0,92,0,0,0,0,92,92,92,92,92,92,92,92,92,0,92,92,92,92,92,92,92,92,92,92,92,92,92,92,95,92,92,0,92,92,92,92,92,92,92,92,0,0,0,0,0,0,0,92,92,0,92,92,92,92,92,92,92,92,92,92,0,0,0,92,92,92,92,92,92,0,0,0,0,0,0,0,0,0,0,0,0,92,92,92,92,92,92,92,92,92,92,92,92,92,0,0,92,92,0,92,92,92,92,92,0,92,92,92,0,92,92,92,92,92,92,92,92,0,92,92,0,0,0,92,92,92,92,92,92,92,92,92,92,92,92,92,92,92,92,92,0,92,92,92,92,92,92,92,92,0,0,92,0,0,0,92,92,92,92,92,92,92,92,92,92,92,92,0,92,92,92,92,92,92,92,92,92,92,92,92,92,92,92,92,92,92,92,92,92,92,92,92,92,92,92,0,0,0,92,92,92,92,92,0,92,0,92,95,95,0,0,0,92,92,0,92,92,92,0,92,92,0,0,92,92,92,92,92,0,92,92,0,1,1,1,1,1,1,1,1,89,89,89,89,2,2,2,2,2,4,4,4,4,4,4,4,50,50,50,4,4,4,4,4,4,4,4,4,4,4,4,4,50,4,2,50,50,31,31,31,31,31,31,31,4,4,4,4,4,4,4,31,31,4,4,4,4,4,4,4,4,4,4,4,4,4,4,4,4,4,4,4,4,50,50,4,4,4,4,4,2,4,4,4,4,4,4,4,89,1,1,1,1,1,0,0,92,92,92,92,92,92,0
92,92,92,92,92,92,92,92,92,0,1,1,1,1,1,89,1,89,89,2,2,2,2,2,2,4,4,4,50,50,50,4,4,4,4,4,4,4,4,4,4,4,4,50,50,4,4,4,4,4,4,4,4,4,4,4,4,50,50,4,3,3,3,3,3,3,3,3,3,3,3,3,50,50,50,3,50,50,50,50,50,50,3,3,3,50,50,3,3,3,3,50,50,3,3,3,3,3,3,3,3,3,3,3,3,3,3,3,3,3,3,3,3,2,1,1,1,1,1,1,95,95,92,92,92,0,0,0,0,0,0,0,92,92,92,92,92,92,92,92,92,92,92,92,92,0,92,92,92,92,92,92,92,92,92,92,92,92,92,92,92,92,92,92,92,92,0,92,0,0,0,0,0,0,0,92,0,0,0,92,92,92,92,92,92,0,0,92,92,92,0,0,0,92,0,92,92,92,0,0,0,0,0,0,0,0,0,0,0,0,0,92,92,92,92,92,92,92,92,0,92,92,92,0,92,92,92,92,92,92,92,92,0,92,92,92,92,0,92,92,92,92,92,0,92,92,92,92,0,0,0,0,0,0,0,0,92,0,92,92,92,92,92,92,92,92,92,0,0,92,92,92,92,92,92,92,92,0,0,92,92,92,0,0,92,92,92,92,92,92,92,92,92,92,92,92,0,92,92,92,92,92,92,92,92,92,0,92,92,92,92,92,92,92,92,92,92,92,92,92,92,92,92,92,92,92,92,0,92,92,92,92,92,92,92,0,92,0,0,0,0,92,92,92,92,92,92,92,92,92,0,0,92,92,92,92,92,92,92,92,0,1,1,1,1,1,1,1,1,1,89,89,89,89,2,2,4,4,4,4,4,4,4,4,2,2,50,4,4,4,4,4,4,4,4,4,4,4,4,4,4,4,4,4,50,4,31,31,31,31,4,4,31,31,4,4,4,4,4,4,4,31,31,4,4,4,4,4,4,4,4,4,4,4,4,4,4,4,4,4,4,4,50,50,4,4,4,4,4,4,2,2,4,2,2,4,4,89,1,1,1,1,1,0,0,92,92,92,92,92,92,0
95,92,92,92,92,92,92,92,0,0,1,1,1,1,1,1,1,89,89,2,2,2,2,2,2,2,4,4,50,4,4,4,4,2,4,4,4,4,4,4,4,50,50,50,50,50,50,4,4,4,4,4,4,50,50,3,3,3,3,3,3,3,3,3,3,3,3,3,3,3,3,3,50,50,50,3,3,3,3,3,3,50,3,3,3,50,50,3,3,3,3,3,3,3,3,3,3,3,3,3,3,3,3,3,3,3,3,3,3,3,3,3,3,2,1,1,1,1,1,1,0,0,92,92,92,92,92,92,92,0,92,0,92,92,92,92,92,92,92,92,92,92,92,92,92,92,92,0,92,92,92,92,0,92,92,92,92,92,92,92,92,92,92,92,92,92,92,92,0,0,0,0,0,92,92,92,92,92,92,92,92,92,92,92,0,0,0,92,92,92,0,0,0,92,92,92,92,0,0,0,0,0,0,0,0,0,0,0,0,0,0,0,0,0,92,92,92,92,92,92,92,92,92,92,92,92,92,92,92,92,92,0,0,0,92,92,92,0,92,0,92,92,92,92,92,92,92,92,0,0,0,0,0,0,0,0,92,92,92,92,92,92,92,92,0,92,92,0,0,0,92,0,0,0,0,92,92,92,92,92,92,92,92,0,92,0,92,92,92,92,92,92,92,0,92,92,92,92,92,92,92,92,92,92,0,92,92,92,92,92,92,92,92,92,92,92,92,92,92,92,92,92,92,92,92,92,92,92,92,92,92,92,92,92,92,92,92,92,92,0,0,92,92,92,92,92,92,92,92,92,0,92,92,92,92,92,92,92,92,92,0,1,1,1,1,1,1,1,1,1,1,1,89,89,89,2,4,4,4,4,4,4,4,50,50,4,4,4,4,4,4,4,4,4,4,4,4,4,4,4,4,4,4,4,4,31,31,31,31,4,4,4,4,31,31,31,31,31,31,4,4,31,4,4,4,4,4,4,4,4,4,4,4,4,4,4,4,4,4,4,4,4,50,50,4,4,4,4,4,4,4,2,2,2,2,2,2,89,1,1,1,1,1,0,0,92,92,92,92,92,92,92
95,92,92,0,92,92,92,92,0,0,0,1,1,1,1,1,1,1,89,2,2,2,2,2,2,2,4,4,4,4,2,2,2,2,4,50,50,4,4,4,4,4,4,4,4,50,50,50,4,4,3,3,3,3,50,50,50,3,3,3,3,3,3,3,3,3,3,3,3,3,3,3,3,3,3,3,3,3,3,3,3,3,3,3,3,3,3,3,3,3,3,3,3,3,3,3,3,3,3,3,3,3,3,3,3,3,3,3,3,3,3,3,31,1,1,1,1,1,1,1,0,0,92,92,92,92,92,92,92,92,92,92,92,92,92,92,92,92,92,92,92,92,92,92,92,92,92,0,92,92,92,92,92,92,92,92,92,92,92,92,92,92,0,92,92,92,92,0,0,0,0,0,0,92,92,92,92,92,95,92,92,92,92,92,92,92,92,92,92,92,0,0,0,92,92,92,92,0,0,0,0,0,0,0,0,0,0,0,0,0,0,0,0,92,92,92,92,92,92,92,92,92,92,92,92,92,92,92,92,92,0,0,92,92,92,92,92,92,92,92,92,0,92,92,0,92,92,92,0,0,92,0,0,0,0,92,92,92,92,92,92,92,92,92,92,92,0,0,0,0,0,0,0,0,92,92,92,92,92,92,92,92,92,0,92,92,92,92,92,92,92,92,92,92,92,0,92,92,92,92,92,92,92,92,0,92,92,0,0,92,92,92,92,92,92,92,92,92,92,92,92,92,92,92,92,92,92,92,92,92,92,92,92,92,92,92,92,92,92,92,95,92,92,92,92,92,92,92,92,0,0,92,92,92,92,92,92,92,92,92,0,0,1,1,1,1,1,1,1,1,1,1,1,89,89,2,4,4,4,4,4,50,4,50,50,50,4,2,4,4,4,4,4,4,4,4,4,4,4,4,4,4,4,4,4,4,4,4,4,4,2,4,4,31,4,4,4,4,31,4,4,4,4,4,4,4,4,4,4,4,4,4,4,4,4,4,4,4,4,4,4,4,4,4,4,4,4,4,4,4,4,4,4,2,2,2,2,89,1,1,1,1,1,0,0,92,92,92,92,0,92,92
92,92,92,92,92,92,92,92,0,0,0,1,1,1,1,1,1,1,89,89,2,2,2,2,2,4,4,4,4,2,2,2,2,2,4,50,50,50,4,4,4,4,4,4,4,4,50,3,3,3,3,3,3,3,50,3,3,3,3,3,3,3,3,3,3,3,3,3,3,3,3,3,3,3,3,50,50,3,3,3,50,3,3,3,3,3,3,3,3,3,3,3,3,3,50,50,3,3,3,3,3,3,3,50,3,3,3,3,3,3,3,3,2,1,1,1,1,1,1,1,0,92,92,92,92,92,92,92,92,92,92,92,0,92,92,92,92,92,92,92,92,92,92,92,92,92,92,0,92,92,92,0,0,92,92,92,92,92,92,92,92,92,0,0,92,92,92,92,92,92,92,0,0,92,92,92,92,92,92,92,92,92,92,92,0,0,0,92,92,0,0,92,92,92,92,92,92,0,0,0,0,0,0,0,0,0,0,0,0,0,92,0,0,0,92,92,92,92,92,92,92,92,92,92,92,92,0,0,0,0,0,0,0,92,92,92,92,92,92,92,92,92,92,92,92,92,92,0,92,92,92,92,92,0,92,92,92,92,92,92,92,92,92,92,92,92,0,0,0,0,0,0,92,92,92,92,92,92,92,92,92,92,92,92,92,92,92,92,92,92,92,92,92,92,92,92,92,92,92,92,92,92,92,92,92,92,0,92,92,92,92,92,92,92,92,92,92,92,92,92,92,92,92,92,92,92,92,92,0,92,92,0,92,92,92,92,92,92,92,92,92,92,92,92,92,0,92,92,0,0,92,92,92,92,92,92,92,92,92,92,92,0,0,1,1,1,1,1,1,1,1,1,1,1,1,1,1,1,1,2,4,50,4,50,4,4,4,2,4,4,4,4,4,4,4,4,4,4,4,4,4,4,4,4,4,50,4,4,4,4,4,4,4,4,4,4,4,4,4,4,4,4,4,2,4,4,4,4,4,4,4,4,4,4,4,4,4,4,4,4,4,4,4,4,4,4,4,4,4,4,4,4,4,4,2,2,2,1,1,1,1,1,1,0,0,92,92,92,92,92,92,92
92,92,92,0,92,92,92,92,0,0,0,0,1,1,1,1,1,1,89,1,2,2,2,57,57,57,4,4,4,4,2,2,2,2,2,4,50,2,4,4,4,3,3,3,3,3,3,3,3,3,3,3,3,3,3,3,3,3,3,3,3,3,3,3,3,3,3,3,3,3,3,3,3,3,50,50,50,50,50,50,50,50,3,3,3,3,3,3,3,3,3,3,3,50,50,50,3,3,3,3,3,3,3,50,50,3,3,3,3,3,3,31,1,1,1,1,1,1,1,1,0,0,92,92,92,92,92,92,92,92,92,92,92,92,92,92,92,92,92,92,0,92,92,92,92,92,92,92,92,92,0,0,0,92,92,92,92,92,92,92,92,92,92,92,92,92,92,92,92,92,92,92,0,92,92,92,92,92,92,92,92,92,92,92,0,92,92,92,92,92,0,92,0,92,92,92,92,0,0,0,0,0,0,0,0,0,0,0,0,92,92,0,92,92,92,92,92,92,0,92,92,92,92,92,92,92,92,92,0,92,92,92,92,92,92,92,92,92,92,92,92,92,92,0,92,92,92,0,92,92,92,92,92,92,92,92,92,92,92,92,92,92,92,92,92,92,92,92,92,92,0,92,92,92,92,92,92,0,92,92,92,92,92,92,92,92,92,92,92,92,92,92,0,92,92,92,0,92,92,92,92,92,92,92,92,92,92,92,92,0,92,92,92,0,92,92,92,92,92,92,0,92,92,92,92,92,0,92,92,92,92,92,92,92,92,92,92,92,92,92,0,92,92,92,92,92,92,92,0,0,0,92,92,92,92,92,92,92,0,0,0,0,0,0,1,1,1,1,1,1,1,1,1,1,1,1,1,1,1,89,1,1,1,1,1,1,2,2,2,4,4,4,4,4,50,4,4,4,4,4,4,4,4,4,4,50,4,4,4,4,4,4,4,4,4,4,50,50,4,4,4,4,4,4,31,31,31,31,31,31,31,4,4,4,4,4,4,4,4,4,4,4,4,4,4,4,4,4,4,4,4,4,4,4,4,2,2,1,1,1,1,1,1,95,95,92,92,92,92,92,92,92
92,92,92,92,92,92,92,92,92,0,0,0,1,1,1,1,1,1,89,1,2,2,2,4,4,4,4,2,4,2,2,2,2,2,2,2,2,2,4,4,3,3,3,3,3,3,3,3,3,3,3,3,3,3,3,3,3,3,3,3,3,3,3,3,3,3,3,3,3,3,3,3,3,3,3,3,3,3,3,3,50,3,3,3,3,3,3,3,3,3,3,3,3,3,3,50,3,3,3,3,3,3,3,50,3,3,3,3,3,50,3,2,1,1,1,1,1,1,1,0,0,0,92,0,0,92,0,92,0,0,92,92,0,92,92,92,92,92,92,92,0,92,92,92,92,92,92,92,92,0,0,0,0,92,92,92,92,0,92,92,92,92,92,92,92,92,92,92,92,92,92,92,92,92,92,92,92,92,92,92,0,0,0,92,92,92,92,92,92,92,0,92,92,0,92,92,0,0,0,0,0,0,0,0,0,0,0,0,92,92,92,0,92,92,92,92,92,92,92,92,92,92,92,92,92,92,92,0,0,92,92,92,92,92,92,92,92,92,92,92,92,92,92,92,92,92,92,92,92,92,92,92,92,92,92,92,92,92,92,92,92,92,92,92,92,92,92,0,0,92,92,92,92,92,92,92,92,0,92,92,92,0,92,92,92,0,0,92,92,92,92,92,92,92,92,92,92,0,92,92,92,0,92,92,92,92,92,92,0,92,92,92,92,92,92,92,0,92,92,92,92,92,92,92,0,0,92,92,92,92,92,92,92,92,92,92,92,92,92,92,92,92,92,92,92,92,92,92,0,0,0,92,92,92,0,92,92,92,92,92,0,92,0,0,0,1,1,1,1,1,1,1,1,1,1,1,1,1,1,1,1,1,1,1,1,89,89,89,2,2,4,4,4,4,50,50,50,4,4,50,50,50,50,50,4,50,50,4,4,4,4,4,4,4,4,50,50,50,4,4,4,4,4,31,31,31,31,31,31,31,31,31,31,31,31,31,31,31,31,4,4,4,4,4,4,4,4,50,4,4,4,4,4,4,4,4,2,89,1,1,1,1,1,95,0,92,92,92,92,92,92,92
92,92,92,92,92,92,92,92,92,92,0,0,1,1,1,1,1,1,89,89,2,2,2,2,4,4,2,2,2,2,2,2,2,2,2,2,2,4,3,3,3,3,50,3,3,3,3,3,3,3,3,3,3,3,3,3,3,3,3,3,3,3,3,3,3,3,3,3,3,3,3,3,3,2,3,3,3,3,3,3,3,3,3,3,3,3,3,3,3,3,3,3,2,50,50,50,3,3,3,3,3,3,50,50,3,3,3,3,50,50,50,1,1,1,1,1,1,1,1,0,0,0,0,0,92,92,92,92,92,92,92,92,0,92,92,95,92,92,92,92,92,92,92,92,92,92,92,92,92,0,92,0,0,92,92,92,92,92,92,92,92,0,0,0,92,0,0,0,92,92,92,92,0,92,92,92,92,92,92,92,0,0,92,92,92,92,92,92,92,92,92,92,92,92,92,0,0,0,0,0,0,0,0,0,0,0,0,0,0,92,92,92,92,92,92,92,92,92,92,92,92,92,92,92,92,92,92,0,0,92,92,92,92,92,92,92,92,0,92,92,92,92,92,92,92,92,92,92,92,92,92,92,92,92,92,92,92,92,92,0,0,92,0,92,92,92,92,92,0,92,92,92,92,92,92,92,92,92,0,0,0,0,92,92,92,92,92,92,92,92,92,92,92,92,92,92,92,92,92,92,92,92,92,92,92,92,92,92,92,92,92,92,0,0,92,92,92,0,92,92,92,92,0,0,0,0,0,92,92,92,92,92,92,92,92,92,92,92,92,92,92,92,92,92,92,92,92,92,0,0,92,92,92,0,0,92,92,92,92,92,92,92,92,92,0,0,0,1,1,1,1,1,1,1,1,1,1,1,1,1,1,1,1,1,1,1,89,89,2,2,4,4,4,4,50,50,4,50,50,50,50,4,50,50,4,4,50,4,4,4,4,4,4,4,4,4,50,4,4,4,2,2,4,4,4,4,4,31,4,4,31,4,4,4,4,4,4,4,4,2,4,4,4,4,4,4,50,50,4,4,4,4,4,31,4,4,1,89,1,1,1,1,1,0,0,92,92,92,0,0,0,0
92,92,92,92,92,92,92,92,92,92,0,0,0,1,1,1,1,1,1,89,89,2,2,2,2,2,2,2,2,2,2,2,2,2,2,2,2,2,2,2,2,3,50,3,3,3,3,3,3,3,3,50,3,3,3,3,3,3,3,3,3,3,3,3,3,3,3,3,3,3,3,3,3,3,3,3,3,3,3,3,3,3,3,3,3,3,3,3,3,3,3,3,3,50,50,3,3,3,3,3,3,3,3,3,3,3,3,3,50,50,1,1,1,1,1,1,1,1,1,0,0,92,92,92,92,92,92,92,92,92,92,92,92,92,92,92,92,92,92,92,92,92,92,92,92,92,92,92,92,92,92,92,0,92,92,92,92,92,92,92,92,0,0,0,92,0,0,92,92,92,92,92,0,92,92,92,92,92,92,92,0,0,92,92,0,92,92,92,92,92,92,92,92,92,92,0,0,0,0,0,0,0,0,0,0,0,0,0,92,92,92,92,92,92,0,0,92,92,92,92,92,92,0,0,92,92,92,92,92,92,92,92,92,92,92,92,92,92,0,92,92,92,92,92,92,92,92,92,92,92,92,92,92,92,92,0,0,92,92,92,0,0,0,92,92,92,92,92,92,92,92,92,92,92,92,92,92,0,0,0,0,0,92,92,0,92,0,92,92,92,92,92,92,92,92,92,92,92,92,92,92,0,92,92,92,92,92,92,92,92,0,92,92,92,92,92,0,0,92,92,92,92,92,0,0,0,0,92,92,92,92,92,92,92,92,92,92,92,0,0,92,92,92,0,0,92,92,92,92,92,92,92,92,92,92,0,0,92,92,92,92,92,92,92,92,0,94,1,1,1,1,1,1,1,1,1,1,1,1,1,97,97,1,1,1,1,1,89,89,2,4,4,4,4,4,4,4,4,4,50,4,4,4,4,4,4,4,4,4,4,4,4,4,4,4,4,4,4,4,4,4,4,4,4,4,4,4,4,4,4,4,4,4,4,4,4,4,4,4,2,2,2,4,4,4,4,50,4,31,31,31,31,31,31,4,2,2,89,89,1,1,1,1,0,95,95,95,92,0,0,0,92
92,92,92,92,92,92,92,92,92,92,0,0,0,1,1,1,1,1,1,89,89,89,2,2,2,2,2,2,2,2,2,2,2,2,2,2,2,2,2,2,2,2,3,3,3,3,3,3,3,50,50,50,3,3,3,3,3,3,3,3,3,3,3,3,3,3,3,50,3,3,3,3,3,3,3,3,3,3,3,3,3,3,50,50,3,3,3,3,3,3,3,3,3,50,3,3,3,3,3,3,3,3,3,3,3,3,3,3,3,2,1,1,1,1,1,1,1,1,1,0,92,92,92,0,92,92,92,92,92,92,92,92,92,92,92,92,92,92,92,92,92,92,92,0,0,0,92,92,92,92,92,92,0,92,92,0,92,92,92,92,92,0,0,0,92,92,92,92,92,92,92,92,92,92,92,92,92,92,92,92,0,92,92,92,92,92,0,92,92,0,92,92,92,92,92,0,0,0,0,0,0,0,0,0,0,0,0,0,0,92,0,92,92,92,92,0,92,92,92,92,92,92,92,92,92,92,92,92,92,92,92,0,92,92,92,92,92,0,0,92,92,92,92,92,92,92,92,92,92,92,0,0,92,92,92,92,0,0,92,92,0,0,0,92,92,92,92,92,92,92,92,92,92,92,92,92,0,0,0,0,92,92,92,92,92,92,0,92,92,92,92,92,92,92,92,92,92,92,92,92,92,92,92,92,92,92,92,92,92,92,92,92,92,92,92,92,0,0,92,92,92,92,0,0,0,0,0,92,92,92,92,92,0,0,0,0,0,92,0,0,92,92,92,0,0,92,92,92,92,92,0,0,92,92,92,92,92,92,92,92,92,92,92,92,92,92,94,0,1,1,1,1,1,1,1,1,1,1,1,1,1,1,1,1,1,1,1,1,89,2,4,4,4,4,4,4,4,4,4,4,4,3,3,3,3,3,3,3,3,3,3,3,3,3,3,3,3,3,3,4,4,4,4,4,4,4,4,4,4,4,4,4,4,4,4,4,4,4,4,4,4,2,2,4,4,50,50,2,4,4,50,4,4,4,4,4,1,1,1,1,1,1,1,0,0,0,0,0,0,0,0,0
92,92,92,92,92,92,92,92,92,92,92,0,0,1,1,1,1,1,1,1,89,1,1,1,1,1,1,1,1,2,2,2,2,2,2,2,2,2,2,2,3,3,3,3,3,3,3,3,3,50,50,50,3,3,3,3,3,3,3,3,3,3,3,3,3,3,50,50,3,3,3,3,3,2,3,3,3,3,3,3,50,50,50,50,3,3,3,3,3,3,3,3,3,3,3,3,3,3,3,3,3,3,3,3,3,3,3,3,3,2,1,1,1,1,1,1,1,1,0,0,92,92,92,92,92,92,92,92,92,92,92,92,92,92,92,92,92,92,0,92,92,92,0,0,0,0,92,92,92,92,92,92,92,92,92,92,92,92,92,92,0,0,0,0,92,92,92,92,92,92,92,92,92,92,92,92,92,92,92,92,0,92,92,92,92,92,92,92,0,0,92,92,92,92,0,0,0,0,0,0,0,0,0,0,0,0,0,92,0,0,92,92,92,92,92,92,92,92,92,92,92,92,0,92,92,92,92,92,92,92,92,0,92,92,92,0,92,92,92,92,92,92,92,92,92,92,0,92,92,0,0,74,74,74,74,74,74,74,0,92,92,0,92,92,92,92,92,92,92,0,0,92,92,92,92,92,92,92,0,0,0,92,0,92,92,92,92,92,92,92,92,92,92,92,92,92,92,92,92,0,0,92,92,92,92,92,92,92,92,0,92,0,92,92,92,92,0,0,0,0,92,0,95,95,95,92,0,92,92,92,0,0,0,0,0,0,0,92,0,0,0,0,0,0,92,92,92,92,92,92,0,0,92,92,92,0,92,92,92,92,92,92,92,92,92,92,0,0,0,0,0,0,0,1,1,1,1,1,1,1,1,1,1,1,1,1,1,1,89,89,2,4,39,39,39,3,3,3,3,3,50,3,3,3,3,3,3,3,2,31,3,3,3,3,3,3,3,3,3,3,3,3,4,4,4,4,4,4,4,4,4,4,4,4,4,4,4,4,4,4,4,4,2,2,2,2,2,4,4,4,4,4,4,4,4,2,1,98,1,1,1,1,1,0,0,0,0,0,0,0,0,0
92,92,92,0,92,92,92,92,92,92,0,0,0,1,1,1,1,1,1,1,1,1,1,1,1,1,1,1,1,1,1,1,1,2,2,2,2,2,2,2,3,3,3,3,3,3,3,2,50,50,50,3,3,3,3,3,3,3,3,3,3,3,3,3,3,50,50,50,3,3,3,3,3,3,50,50,3,3,3,3,3,3,3,3,3,3,3,3,3,3,3,3,3,3,3,3,3,3,3,3,3,3,3,3,3,3,3,3,3,1,1,1,1,1,1,1,1,1,0,0,0,92,92,92,92,92,92,92,92,92,0,0,0,0,0,92,92,92,92,92,92,0,92,92,0,0,92,92,92,0,0,92,92,92,92,0,92,92,92,92,0,0,0,0,0,92,92,92,92,92,92,92,92,92,92,92,92,92,92,92,0,92,92,92,92,92,92,92,92,92,92,92,92,92,0,0,0,0,0,0,0,0,0,0,0,0,0,92,92,0,92,92,0,92,92,92,92,92,92,92,92,92,0,92,0,92,92,0,92,92,92,0,92,92,92,92,92,92,92,92,92,92,92,0,0,92,92,0,0,74,74,74,74,74,74,74,74,74,74,92,92,92,92,92,0,92,92,92,0,0,0,92,92,0,92,92,92,0,92,0,0,0,0,92,92,92,92,92,92,92,0,92,92,92,92,92,0,0,0,92,92,92,92,92,92,0,92,92,92,0,92,0,92,92,92,0,95,0,0,0,92,0,0,92,92,92,92,92,92,0,0,0,0,0,0,92,92,92,92,0,0,92,92,92,92,92,92,92,92,92,92,92,92,92,92,0,0,92,92,92,92,92,92,92,92,92,92,0,92,92,0,0,0,0,0,0,0,0,0,1,1,1,1,1,1,1,1,1,1,89,89,2,39,3,3,3,3,3,3,3,50,50,3,3,3,3,50,3,3,3,3,3,3,3,3,3,3,3,50,3,3,3,3,3,4,4,4,4,4,4,4,4,4,4,4,4,4,4,4,4,4,4,4,4,2,4,4,57,57,4,4,4,2,2,1,1,98,98,1,1,1,1,1,0,0,0,0,0,0,0,0,0
92,92,92,92,92,92,92,92,92,0,0,92,0,1,1,1,1,1,1,1,1,1,1,1,1,1,1,1,1,1,1,1,1,1,1,1,2,2,2,2,3,3,3,3,3,3,3,3,3,3,50,50,3,3,3,3,3,3,3,3,3,3,3,3,3,2,2,3,50,50,50,50,50,50,50,50,50,50,3,3,3,3,3,3,3,3,3,3,3,3,3,3,50,50,3,3,3,3,3,3,3,3,3,3,3,3,3,3,3,1,1,1,1,1,1,1,1,0,0,0,0,92,92,92,92,95,92,0,0,92,92,92,92,92,0,92,0,92,92,92,92,92,92,92,0,92,92,92,92,0,0,92,92,92,92,92,92,92,92,0,0,0,0,0,0,0,92,92,92,92,92,92,92,92,92,92,92,92,92,92,0,92,92,92,92,92,92,92,92,92,92,92,92,92,0,0,0,0,0,0,0,0,0,0,0,0,0,92,92,92,92,92,92,92,92,92,92,92,92,92,0,92,92,92,92,92,92,92,92,92,92,92,92,92,92,0,92,92,92,92,92,92,92,92,92,92,92,74,74,74,74,74,74,74,74,74,74,74,74,92,92,92,92,92,92,92,0,92,92,92,0,92,92,0,92,92,92,92,92,92,92,92,92,0,92,92,92,0,92,92,92,92,92,92,92,92,92,92,92,95,95,92,92,92,92,92,92,92,92,92,0,0,92,92,0,0,95,95,0,0,92,92,92,92,92,92,92,92,92,92,92,92,0,0,92,92,92,92,92,92,92,92,92,92,92,92,92,92,92,92,92,92,92,0,92,92,92,92,0,0,92,92,92,92,92,92,92,0,92,92,92,92,92,92,92,92,0,0,0,0,0,1,1,1,1,1,1,1,1,1,1,2,39,3,3,3,3,3,3,3,50,50,3,3,50,50,50,50,3,3,3,3,3,3,3,3,3,3,50,50,50,3,50,3,3,3,4,4,4,4,4,4,4,4,4,4,4,4,4,4,4,4,4,4,4,4,4,57,4,2,2,1,1,1,1,1,1,98,1,1,1,1,1,0,0,92,0,0,92,0,0,0
92,92,92,92,92,0,0,92,92,92,92,92,0,0,1,1,1,1,1,1,1,1,1,1,1,1,1,1,1,1,1,1,1,1,1,1,1,1,89,1,2,2,2,2,2,3,3,3,3,3,2,2,2,2,2,2,2,2,2,2,2,1,1,1,1,1,89,89,89,89,2,2,3,3,3,3,3,3,3,3,3,3,3,3,3,3,3,3,3,3,3,3,3,50,3,3,3,3,3,50,3,3,3,3,3,3,3,3,2,1,1,1,1,1,1,1,1,0,0,0,0,92,92,92,92,92,92,0,0,0,92,92,0,92,92,92,92,92,92,92,92,92,0,92,92,92,92,92,92,0,92,92,92,92,92,92,92,92,0,0,0,0,0,0,92,92,92,92,92,92,92,92,92,92,92,92,92,92,92,92,0,0,92,92,92,92,92,92,92,92,92,92,92,0,0,0,0,0,0,0,0,0,0,0,0,0,0,92,92,92,92,92,92,92,92,92,92,92,92,92,92,92,92,92,0,0,92,0,92,92,92,0,0,92,92,0,92,92,92,92,92,92,92,92,92,92,92,74,74,74,74,74,74,74,74,74,74,74,92,92,92,95,95,95,92,92,92,92,92,92,92,92,0,92,92,92,92,92,92,92,92,92,92,92,92,92,92,0,92,92,92,92,0,92,92,92,92,92,92,92,92,92,92,92,92,92,92,92,92,92,0,0,92,92,92,0,92,92,92,0,92,92,92,92,92,92,92,92,92,92,92,92,92,92,92,92,92,92,0,92,92,92,92,92,92,0,92,92,92,92,92,92,92,92,92,92,92,92,92,0,0,92,0,0,92,92,92,92,92,92,92,92,92,92,92,92,92,92,92,92,0,0,1,1,1,1,1,1,1,1,1,1,2,31,3,3,3,3,31,31,31,50,3,3,3,3,50,3,50,3,3,31,31,3,3,3,3,3,50,50,3,50,50,50,3,3,50,50,4,4,4,4,4,4,4,4,4,4,2,4,50,50,4,4,4,4,4,2,2,1,1,1,1,1,1,1,1,1,1,1,1,1,1,0,0,92,92,92,92,0,0,0
92,92,92,92,92,0,0,92,92,92,92,92,0,0,1,1,1,1,1,1,1,1,1,1,1,1,1,1,1,1,1,1,1,1,98,98,98,1,89,89,89,1,1,1,1,1,1,1,1,1,1,1,1,1,1,1,1,1,1,1,1,1,1,1,1,1,1,1,1,89,1,1,1,2,2,89,2,2,2,2,3,3,3,3,3,3,3,3,3,2,2,2,50,50,50,3,50,50,50,50,50,3,2,2,2,2,2,2,1,1,1,1,1,1,1,1,0,0,0,0,92,92,0,92,92,0,0,0,92,92,0,0,92,92,92,92,92,92,92,92,92,92,92,92,92,92,92,92,92,0,92,92,92,92,92,92,92,92,92,0,92,0,92,92,92,92,92,92,92,92,92,92,92,92,92,92,0,0,0,0,0,0,92,92,92,92,0,92,0,92,0,0,0,0,0,0,0,0,0,0,0,0,0,0,0,0,92,92,92,92,92,92,92,92,92,0,92,92,92,92,92,92,92,92,92,92,92,92,92,92,92,0,92,92,92,92,92,92,92,92,92,92,92,92,92,92,92,74,74,74,74,74,74,74,74,74,74,92,92,92,92,92,0,92,92,92,92,92,92,92,92,92,92,92,92,92,0,92,92,92,92,92,92,92,92,92,92,0,0,92,92,92,92,92,92,92,92,92,92,92,92,0,0,92,0,92,92,92,92,92,92,0,92,92,92,92,92,92,92,92,92,92,92,92,92,92,92,92,92,92,92,92,92,92,92,92,0,92,92,92,92,92,92,92,92,0,92,92,92,92,92,92,92,92,92,92,92,92,92,0,0,0,0,0,92,92,92,92,92,92,92,92,92,92,92,92,92,92,92,0,92,0,1,1,1,1,1,1,1,1,1,1,1,2,31,3,3,3,3,2,3,3,3,3,3,3,3,50,50,3,3,31,3,3,3,3,3,3,3,3,3,50,50,3,3,3,50,50,50,4,4,4,4,4,4,4,4,4,4,4,50,50,4,4,4,2,2,89,89,1,1,1,1,1,1,1,1,1,1,1,1,1,1,0,0,92,92,92,92,0,0,0
92,92,92,92,92,92,0,0,92,92,92,92,0,0,0,1,1,1,1,1,1,1,1,1,1,1,1,1,1,1,1,1,1,1,1,1,1,1,1,1,1,1,1,1,1,1,1,1,1,1,1,1,1,1,1,1,1,1,1,1,1,1,1,1,1,1,1,1,1,1,1,1,1,1,1,1,1,1,1,1,1,2,2,2,2,2,2,2,1,1,1,1,1,2,2,2,2,2,2,2,2,1,1,1,98,1,1,1,1,1,1,102,1,1,1,1,0,0,0,0,92,92,92,92,92,92,92,0,92,92,0,0,92,92,92,92,92,92,0,92,0,0,92,92,92,92,92,92,0,0,0,92,92,92,0,92,92,92,92,92,92,92,92,0,92,92,92,92,92,92,92,92,92,92,92,92,92,92,92,92,0,92,92,92,92,92,92,92,92,92,0,0,0,0,0,0,0,0,0,0,0,0,0,0,0,0,0,92,92,92,92,92,92,92,0,92,92,92,92,92,0,0,92,92,92,92,92,92,92,92,0,92,92,92,92,92,92,92,92,92,92,92,92,92,92,0,92,92,74,74,74,74,74,74,74,0,0,92,92,92,92,0,92,92,92,92,92,0,92,0,92,92,92,92,92,92,0,92,92,92,92,92,92,92,92,0,92,92,92,92,92,0,92,92,92,92,92,92,92,92,92,92,92,92,92,92,92,92,92,0,92,92,0,0,92,92,92,92,95,92,92,92,0,92,92,92,92,92,92,92,92,92,92,0,0,0,92,92,92,92,92,92,92,92,92,92,92,92,92,92,92,92,92,92,0,92,92,92,92,92,0,0,0,92,92,92,92,92,92,0,0,0,92,92,92,92,92,0,92,92,92,0,0,1,1,1,1,1,1,1,1,1,1,1,2,3,3,3,3,3,2,3,3,3,3,3,3,50,50,3,3,3,3,3,2,3,3,3,3,3,3,3,3,3,3,3,3,50,3,3,4,4,4,4,4,4,4,4,2,2,4,50,50,2,2,1,89,89,1,1,1,1,1,1,1,1,1,1,1,1,1,1,0,0,0,0,0,92,92,92,92,0
92,92,92,92,0,0,0,0,92,92,92,0,0,0,0,0,0,0,0,0,0,0,1,1,1,1,1,1,1,1,1,1,1,1,1,1,1,1,1,1,1,1,1,1,1,1,1,1,1,1,1,1,1,1,1,1,1,1,1,1,1,1,1,1,1,1,1,1,1,1,1,1,1,1,1,1,1,1,1,1,1,1,1,1,1,1,1,1,1,1,1,1,1,1,1,1,1,1,1,1,1,1,1,1,1,1,1,1,1,1,1,102,1,1,1,0,0,0,0,0,92,92,92,92,92,92,92,0,92,92,92,0,0,0,92,92,92,92,92,92,0,0,92,92,92,92,0,0,92,92,92,92,0,0,0,0,92,92,92,92,92,92,92,92,92,92,92,92,92,92,92,92,92,92,92,92,92,92,92,0,0,92,92,92,92,92,92,92,92,92,0,0,0,0,0,0,0,0,0,0,0,0,0,0,0,0,92,92,92,92,92,92,92,0,0,0,0,92,92,92,92,0,92,92,92,92,92,92,92,92,0,0,92,92,92,92,92,92,92,92,92,92,92,92,92,92,92,92,92,92,92,0,92,0,0,0,92,92,92,92,92,92,92,92,92,92,92,92,0,92,92,92,92,92,92,92,92,92,0,92,0,92,92,92,92,92,0,0,0,0,92,92,0,92,92,92,92,92,92,92,92,92,0,92,0,92,92,92,92,0,92,92,0,0,92,92,92,92,95,92,92,92,92,92,92,92,92,92,92,92,92,92,92,92,0,92,92,92,92,0,92,92,92,92,92,0,92,0,92,92,92,92,92,0,92,92,92,92,0,92,92,92,92,92,92,92,92,0,0,92,92,92,92,92,92,92,0,0,92,92,92,92,0,0,1,1,1,1,1,1,1,1,1,1,1,2,3,3,3,3,2,3,3,3,3,3,3,50,3,3,3,3,3,2,2,2,3,3,3,3,3,3,3,3,3,3,3,3,2,3,4,4,4,4,4,4,4,2,4,4,2,2,2,1,1,1,1,1,1,1,1,1,1,1,1,1,1,1,1,1,1,1,0,0,0,0,92,92,92,92,92,92
92,92,0,92,92,92,92,92,92,92,92,92,0,0,92,92,92,92,0,0,0,95,0,0,0,0,1,1,1,1,1,1,1,1,1,1,1,1,1,1,1,1,1,1,1,1,1,1,1,1,1,1,1,1,1,1,1,1,1,1,1,1,1,1,1,1,1,1,1,1,1,1,1,1,1,1,1,1,1,1,1,1,1,1,1,1,1,1,1,1,1,1,1,1,1,1,1,1,1,1,1,1,1,1,1,1,1,1,1,1,1,1,1,1,1,0,0,92,92,92,92,92,0,92,92,92,92,92,92,92,92,0,0,92,0,92,92,92,92,92,92,0,0,92,92,92,0,92,92,92,92,92,0,0,0,92,92,92,92,92,92,92,92,92,92,0,92,92,92,92,92,92,92,92,92,92,92,92,92,92,0,92,92,92,92,92,92,92,92,92,92,0,0,0,0,0,0,0,0,0,0,0,0,0,0,0,92,92,92,92,92,92,92,0,0,0,0,0,92,92,92,92,92,92,92,92,92,92,92,92,0,0,92,92,92,92,92,0,92,92,92,92,92,92,92,0,92,92,92,92,92,92,92,92,92,0,0,92,92,92,92,92,92,92,92,92,92,92,92,0,92,92,92,92,92,92,92,92,0,92,92,92,92,92,92,92,0,0,92,0,92,92,0,0,92,92,92,0,0,92,92,0,92,92,92,92,0,0,92,92,92,92,92,92,92,92,92,92,92,92,92,92,92,92,0,92,92,92,92,0,92,0,0,92,92,92,92,92,92,92,92,0,0,0,0,0,0,92,92,92,92,92,92,0,0,0,0,0,92,92,92,92,92,92,92,92,92,92,92,92,92,92,92,92,92,92,92,92,92,0,92,92,0,0,1,1,1,1,1,1,1,1,1,1,1,1,2,3,3,3,2,2,3,3,3,3,3,3,3,3,3,3,3,3,2,2,2,2,2,2,2,3,3,3,3,3,3,3,2,2,4,4,4,4,4,50,50,4,4,4,4,2,1,1,1,1,1,1,1,1,1,1,1,1,1,1,1,1,1,1,1,0,0,92,0,0,92,92,92,92,92,92
92,92,92,92,92,92,0,0,0,0,92,92,0,92,92,92,92,92,92,0,92,92,92,92,0,0,0,95,95,95,1,1,1,1,1,1,1,1,1,1,1,1,1,1,1,1,1,1,1,1,1,1,1,1,1,1,1,1,1,1,1,1,1,1,1,1,1,1,102,102,102,102,1,1,1,1,1,1,1,1,1,1,1,1,1,1,1,1,1,1,1,1,1,1,1,1,1,1,1,1,1,1,1,1,1,1,1,1,1,1,1,1,1,1,1,0,0,0,95,92,92,92,0,92,92,92,92,92,92,92,92,92,0,92,92,0,0,92,92,92,92,0,0,0,92,92,92,0,92,92,92,92,92,92,92,92,92,92,92,92,92,92,92,92,92,92,92,92,92,92,92,92,92,92,92,92,92,92,92,92,0,92,0,0,92,92,92,92,92,92,0,0,0,0,0,0,0,0,0,0,0,0,0,0,92,92,92,92,92,92,0,92,92,92,92,92,0,0,92,92,92,92,92,92,92,92,92,92,92,92,92,0,92,92,92,92,92,92,92,92,92,92,92,92,92,92,92,0,95,95,92,92,92,92,0,0,0,92,92,0,92,92,92,92,92,92,92,92,92,0,92,92,92,92,92,92,92,92,92,92,92,92,92,92,92,92,92,92,92,92,92,92,0,0,92,0,92,92,92,92,92,92,0,92,92,0,0,0,0,92,92,92,92,92,92,92,92,92,92,0,92,0,0,92,92,0,92,92,92,92,92,92,92,92,92,92,92,92,92,92,92,0,0,0,0,0,92,92,92,92,0,92,0,0,0,0,0,0,92,92,92,92,92,92,92,92,92,92,0,92,92,92,92,92,0,0,0,92,92,92,92,92,92,0,0,1,1,1,1,1,1,1,1,1,1,1,1,3,3,3,2,2,3,3,3,3,3,3,3,3,3,3,3,3,3,3,3,3,2,2,2,2,2,2,2,3,3,2,2,2,3,3,3,3,4,4,50,50,50,50,50,1,1,1,1,1,1,1,1,1,1,1,1,1,1,1,1,1,0,0,0,0,92,92,0,0,92,92,92,92,92,92
92,92,0,0,92,92,92,92,0,92,92,92,92,0,92,92,92,92,92,92,92,92,92,92,92,92,92,92,0,0,0,0,0,1,1,1,1,1,1,1,1,1,1,1,1,102,1,1,1,1,1,1,1,1,1,0,0,0,0,0,0,0,0,0,1,1,1,1,1,1,102,1,1,1,1,1,1,1,1,1,1,1,1,1,1,1,1,1,1,1,1,1,1,1,1,1,1,1,1,1,1,1,1,1,1,1,1,102,1,1,1,1,1,1,0,0,0,0,92,92,92,92,92,92,92,92,92,0,92,92,92,92,92,92,92,0,0,92,92,92,92,92,92,92,92,92,0,0,92,0,0,92,92,92,92,92,0,92,92,92,92,92,92,92,92,92,92,92,92,92,92,92,92,92,92,92,92,92,92,92,92,92,92,92,0,92,92,92,92,92,0,92,92,0,0,0,0,0,0,0,0,0,0,0,92,92,92,92,92,92,0,92,92,92,92,92,92,92,92,92,92,0,0,92,0,95,92,0,92,92,92,0,92,92,92,92,92,92,92,92,92,92,92,92,92,92,92,0,92,92,92,92,0,0,0,92,0,92,92,92,92,92,92,92,92,92,92,92,92,0,92,92,92,92,92,92,92,92,92,92,92,92,92,92,92,92,92,92,92,92,92,92,92,92,92,92,92,92,92,92,92,92,92,92,92,92,0,0,0,0,92,92,92,92,92,0,0,92,92,0,92,92,92,92,92,92,0,0,92,92,92,92,92,92,92,92,92,92,92,92,92,92,92,92,92,92,92,92,92,92,92,92,0,92,0,92,92,92,92,92,92,92,92,92,0,92,92,92,92,92,0,0,0,92,92,92,92,92,92,92,0,92,92,92,0,0,1,1,1,1,1,1,1,1,1,1,1,2,3,3,2,3,3,3,3,3,3,3,3,3,3,3,3,3,3,3,3,3,3,3,3,2,2,2,2,2,2,2,2,3,3,3,3,3,3,4,50,2,2,89,1,1,1,1,1,1,1,1,1,1,1,1,1,1,1,0,0,0,0,0,92,92,92,92,0,0,92,92,0,92,92,92
92,92,92,92,92,92,92,92,0,92,92,92,92,0,0,92,92,92,92,92,92,92,92,92,92,92,92,92,92,92,92,0,0,0,0,0,0,0,0,0,0,0,0,0,102,102,102,0,0,0,0,0,0,0,0,0,0,0,0,0,0,0,0,0,0,0,0,0,0,0,0,0,0,1,1,1,1,1,1,1,1,1,1,1,1,1,1,1,1,1,1,1,1,1,1,1,1,1,1,1,1,1,1,1,1,1,102,102,1,95,95,0,0,0,95,0,0,92,92,92,92,92,92,92,92,0,92,0,0,92,92,92,92,92,92,0,0,92,92,92,92,92,92,92,92,92,92,92,92,0,0,0,92,92,92,92,0,0,0,0,92,92,92,92,92,92,92,92,92,92,92,92,92,0,92,92,92,92,92,92,92,92,92,92,92,92,92,92,92,92,0,92,92,0,0,0,0,0,0,0,0,0,0,92,92,92,92,92,92,0,92,0,92,92,0,0,92,92,92,92,92,92,0,0,0,95,95,0,92,92,92,92,92,92,92,92,92,92,92,92,92,92,92,92,92,92,92,0,92,92,92,92,0,92,92,92,92,92,92,92,92,92,92,92,92,92,92,92,92,92,92,92,92,92,92,92,92,92,92,92,92,92,92,92,92,92,92,92,92,92,92,92,92,92,92,0,0,92,92,92,92,92,92,92,92,0,0,92,92,92,92,92,0,92,92,0,92,92,92,92,92,92,92,92,92,92,0,92,92,92,92,92,92,92,92,92,92,92,92,92,92,92,92,92,92,92,92,92,92,92,92,92,92,92,92,92,92,92,92,92,92,92,92,0,92,92,92,92,92,92,92,92,92,92,92,92,92,92,92,92,92,92,0,92,92,0,0,1,1,1,1,1,1,1,1,1,1,1,2,3,3,3,3,3,3,3,3,3,3,3,3,3,3,3,3,3,3,3,3,3,3,2,2,2,2,2,2,2,2,3,3,3,3,3,2,2,1,1,1,1,1,1,1,1,1,1,1,1,1,1,1,1,1,0,0,0,0,92,92,92,92,92,92,92,92,92,92,0,0,92,92,92
92,0,92,92,92,92,92,92,0,92,92,92,92,92,0,92,92,92,92,92,92,92,92,92,92,92,92,92,92,92,92,92,92,92,92,92,92,92,92,92,0,0,0,92,92,92,92,92,92,92,92,92,92,92,92,92,92,92,92,92,92,92,92,92,92,0,0,0,0,0,0,0,0,0,0,0,0,0,0,0,0,0,0,0,0,0,0,0,0,0,0,0,0,0,0,0,0,0,0,0,0,0,0,0,0,0,102,102,0,95,0,0,0,95,95,0,0,92,92,92,92,92,92,92,92,92,92,92,0,92,92,92,92,92,92,92,0,0,92,92,0,0,0,0,0,92,92,92,92,92,92,92,92,92,92,92,0,0,0,92,92,0,92,92,92,0,92,92,92,92,92,92,92,92,92,92,92,92,92,92,92,92,92,92,92,92,92,92,92,92,92,92,92,0,0,0,0,0,0,92,0,92,92,92,92,92,92,92,92,92,92,92,92,92,0,0,0,92,0,92,92,0,92,92,92,0,0,0,92,92,92,92,92,92,0,92,92,92,92,92,92,92,92,92,92,92,0,0,92,92,92,92,92,92,92,0,92,92,92,92,92,92,92,92,92,92,92,92,92,0,92,92,92,92,92,92,92,92,92,95,92,92,92,92,92,92,92,92,92,92,92,0,92,92,92,92,92,92,92,92,92,92,92,92,92,92,92,92,92,92,0,92,92,92,92,0,0,92,92,92,92,92,92,92,92,92,92,92,92,92,92,92,92,92,92,92,0,0,92,0,92,92,92,92,92,92,92,92,92,92,92,92,92,92,92,92,92,92,0,0,92,92,92,92,92,92,92,92,92,92,0,0,0,92,92,92,92,0,92,92,92,0,0,0,92,92,0,0,1,1,1,1,1,1,1,1,1,1,3,3,3,3,3,3,3,3,3,3,3,3,3,3,3,3,3,2,2,2,2,3,2,2,2,2,2,2,2,2,2,3,3,2,2,2,1,1,1,1,1,1,1,1,1,1,1,1,1,1,1,1,1,0,0,0,0,92,92,92,92,92,92,92,92,92,92,92,92,92,92,92,92,92
92,0,92,92,92,92,92,92,92,92,92,92,92,92,0,92,92,92,0,92,92,92,92,92,92,0,92,92,92,92,92,92,92,92,92,92,92,92,92,0,0,0,0,0,92,92,92,92,92,0,92,92,92,92,92,92,92,92,92,92,0,92,92,92,92,92,92,92,0,0,0,0,92,92,92,92,0,0,0,0,0,0,0,0,0,0,0,0,0,95,95,95,0,0,0,0,102,0,0,0,0,0,0,0,0,0,92,92,92,0,0,92,92,0,0,0,0,0,92,92,92,92,0,92,92,92,92,92,92,92,92,92,92,0,0,0,0,0,92,92,92,0,92,92,92,92,92,92,92,92,92,92,92,92,92,92,92,0,0,92,92,92,92,92,92,92,92,92,92,92,92,92,92,92,92,92,0,0,92,92,92,92,92,92,92,92,92,92,92,92,92,92,0,0,0,0,0,0,0,92,92,92,92,92,92,92,0,0,92,92,92,92,0,92,92,0,0,92,92,92,92,92,92,92,92,92,0,0,92,92,92,92,92,92,92,92,92,92,92,92,0,92,92,92,0,92,92,92,92,92,92,92,92,0,92,92,92,92,92,92,92,92,92,92,92,92,92,92,92,0,92,92,92,0,92,92,92,92,92,92,92,92,92,92,92,92,92,92,92,92,92,0,0,0,92,92,92,92,92,92,92,92,92,92,92,92,92,92,92,92,92,92,92,0,92,92,0,92,92,92,92,92,92,92,92,0,0,92,92,92,92,92,92,92,0,92,92,92,92,92,92,92,92,92,92,92,92,92,92,92,92,92,92,92,92,92,0,92,92,92,92,92,92,92,92,92,92,92,92,92,92,92,0,92,92,92,92,0,0,92,92,92,92,92,92,92,92,0,0,1,1,1,1,1,1,1,1,1,1,3,3,3,3,3,3,3,3,3,3,3,3,3,3,3,3,2,2,2,3,3,2,2,2,2,2,2,2,2,2,2,2,1,98,98,1,1,1,1,1,1,1,1,1,1,1,1,1,1,1,0,0,0,0,92,92,92,92,92,92,92,92,92,92,92,92,92,92,92,92,92,92,92
0,0,0,0,92,92,92,92,92,92,92,92,92,92,92,92,92,92,92,92,0,0,92,92,92,0,0,92,0,92,0,92,92,92,92,92,92,92,92,0,92,0,92,0,0,92,92,92,92,0,92,92,92,92,92,92,0,0,92,92,0,92,92,92,92,92,92,92,0,0,0,92,92,92,92,92,92,92,92,92,92,92,92,92,92,92,92,92,92,0,0,0,0,0,0,92,92,92,92,92,92,92,92,92,92,92,92,92,92,92,92,92,92,92,0,0,0,0,0,92,0,92,0,92,92,92,92,92,92,92,92,92,92,0,0,0,0,0,0,0,92,92,92,92,92,92,92,92,0,0,92,92,92,92,92,92,92,92,92,92,92,92,92,92,92,92,92,92,92,92,92,92,92,92,0,92,0,0,92,92,92,92,92,92,92,92,92,92,92,92,92,92,0,0,0,92,92,92,92,92,92,92,92,0,0,92,0,92,0,92,92,92,92,92,92,92,92,92,92,92,92,92,92,92,92,0,92,0,92,92,92,92,92,92,92,92,92,92,0,92,92,92,92,92,92,92,92,92,92,92,92,92,92,92,0,0,92,92,92,92,92,92,92,92,0,92,92,92,92,92,92,92,92,92,92,92,92,92,92,92,92,92,92,92,0,92,92,92,92,92,92,92,0,0,0,92,92,92,92,0,0,92,92,92,92,92,92,92,92,92,92,92,92,92,92,92,92,92,92,92,92,92,92,92,92,92,0,92,92,92,92,92,92,92,0,92,92,92,92,92,92,92,92,92,92,92,92,92,92,92,92,92,92,92,92,92,92,92,92,92,92,92,92,92,92,92,92,92,92,92,92,92,92,0,92,92,92,0,92,92,92,92,92,92,92,92,92,92,0,0,1,1,1,1,1,1,1,98,1,1,3,3,3,3,3,3,3,3,2,3,3,3,3,3,3,3,3,3,3,3,3,2,2,2,2,2,2,2,2,1,1,1,98,1,1,1,1,1,1,1,1,1,1,1,1,1,1,1,0,0,0,0,92,92,92,92,92,92,92,0,92,92,92,92,92,92,92,92,0,0,92,92
0,0,92,92,92,92,92,92,92,92,92,92,92,92,92,92,92,92,92,92,92,0,92,92,92,0,0,0,0,92,92,92,0,92,92,92,92,92,92,92,92,92,92,92,92,92,92,92,92,92,92,92,92,92,92,92,92,92,92,92,92,92,92,92,92,92,92,92,92,0,92,92,92,92,92,92,92,92,0,92,92,92,92,92,92,92,92,92,92,92,92,92,92,0,92,92,92,92,92,92,92,92,92,92,92,0,92,92,92,92,92,92,92,92,92,92,92,0,0,92,92,92,92,92,92,92,92,92,92,0,0,0,0,92,92,92,92,0,0,0,92,92,92,92,92,92,92,92,92,92,92,92,92,92,92,92,92,92,92,92,92,92,92,92,92,92,92,92,92,92,92,92,92,92,92,0,0,0,92,92,92,92,92,92,0,0,0,92,0,0,92,0,0,0,0,0,92,92,92,92,0,92,92,92,92,92,92,92,0,92,92,92,92,0,92,0,92,92,92,92,92,92,92,92,92,92,92,92,0,92,92,92,92,92,92,92,92,0,0,0,0,0,92,92,0,92,92,92,92,92,92,92,92,92,92,92,92,92,92,92,92,92,92,92,92,92,92,92,92,0,92,92,92,92,92,92,0,92,92,92,92,92,92,92,0,0,92,92,92,92,92,92,92,92,92,92,92,92,92,92,0,0,92,92,92,0,92,92,92,92,92,92,92,92,92,92,92,92,92,92,92,92,92,92,92,92,92,92,92,92,0,92,92,92,92,92,92,92,92,92,92,92,92,92,0,0,0,92,92,92,92,92,0,92,92,92,92,92,92,92,92,92,92,92,0,0,92,92,92,92,92,92,92,92,92,92,92,92,92,92,92,92,92,92,92,92,92,92,92,0,0,1,1,1,1,1,1,1,1,1,2,3,3,3,3,3,3,3,3,3,3,3,3,3,3,3,3,3,3,3,2,2,2,2,2,2,2,2,89,89,89,1,98,1,1,1,1,1,1,1,1,1,1,1,1,1,0,0,0,92,92,92,92,92,92,92,92,92,92,92,92,0,0,92,92,92,92,92,92,92,92,92
0,0,92,92,92,92,92,92,92,92,92,0,92,92,92,92,92,92,92,92,0,0,92,92,0,0,0,0,92,92,92,92,92,92,92,92,92,92,92,92,0,92,92,92,92,92,0,92,92,92,92,92,92,92,0,92,92,92,92,92,92,92,92,92,92,92,92,92,92,92,92,92,92,92,92,92,0,0,0,0,92,92,92,92,92,92,92,92,92,92,92,92,0,0,0,92,92,92,92,92,92,92,92,92,92,92,92,92,92,92,95,95,95,92,92,92,92,92,92,92,92,92,92,92,92,92,92,92,0,0,0,92,92,92,92,92,92,92,0,0,92,92,92,0,0,0,0,92,92,92,92,92,92,92,92,92,92,92,92,92,92,92,92,92,0,92,92,92,0,92,92,92,92,92,0,0,0,0,0,0,92,92,92,92,0,0,0,92,92,92,92,0,0,0,0,92,92,92,92,92,0,92,0,92,92,92,92,92,92,92,92,92,0,0,0,0,92,92,92,92,92,0,92,92,92,92,92,92,92,92,92,92,92,92,92,92,0,92,92,92,0,92,92,92,92,92,92,0,0,0,92,92,92,92,92,92,92,92,92,0,92,92,92,92,92,92,92,92,92,92,92,92,92,92,92,92,0,92,92,92,92,92,92,92,0,0,0,0,92,92,92,92,92,92,92,92,92,92,92,92,92,92,92,92,0,0,0,92,92,92,92,92,92,92,92,92,92,92,92,92,92,92,92,92,92,92,92,0,0,92,92,0,92,92,92,92,92,92,92,92,92,92,92,92,0,0,0,92,92,92,92,0,0,92,92,92,92,92,92,92,92,92,92,92,0,0,92,92,92,92,92,92,92,92,92,92,92,92,92,92,92,92,92,92,0,92,92,92,92,92,0,1,1,1,1,102,1,1,1,1,1,2,3,3,3,3,3,3,3,3,3,1,1,1,1,1,1,1,1,1,1,1,1,1,1,89,89,89,89,1,1,1,1,1,1,1,1,1,1,1,1,1,1,1,0,0,0,0,92,92,0,92,92,92,92,92,0,0,92,92,92,0,0,0,92,92,92,92,92,92,92,92
0,0,92,92,92,92,92,92,92,92,92,92,92,92,92,92,92,92,92,92,0,0,0,92,92,0,0,0,0,0,92,92,92,92,92,92,92,92,92,92,92,92,92,92,92,92,92,92,92,92,92,92,92,92,92,92,92,92,92,92,92,0,92,92,92,92,92,92,92,92,92,92,0,0,92,0,95,95,95,92,92,92,92,92,92,92,92,92,92,92,92,92,92,92,92,0,92,92,92,92,92,92,92,92,92,92,92,92,92,92,0,0,0,92,92,92,92,0,92,92,92,92,92,92,92,92,92,92,92,92,92,92,92,92,92,0,92,0,0,92,92,92,92,0,0,0,92,92,92,92,92,92,92,92,92,92,92,92,92,92,92,92,92,92,92,92,92,0,92,0,92,92,92,0,0,0,0,0,0,0,0,92,92,92,92,0,0,92,92,92,92,0,0,0,92,92,92,92,92,92,0,0,92,92,92,92,92,92,92,92,92,92,92,92,0,0,92,92,92,92,0,92,92,92,92,92,92,92,92,92,92,92,92,92,92,92,92,92,92,92,92,92,92,92,92,92,92,92,0,0,92,92,92,92,92,92,0,92,92,92,92,92,92,92,92,92,92,92,92,92,92,92,92,92,92,92,92,92,92,92,92,92,92,92,92,92,92,92,92,92,92,92,92,92,92,92,92,92,92,92,92,92,92,92,92,92,0,0,92,92,92,92,92,92,92,92,92,92,92,92,92,0,92,92,92,92,92,92,92,0,0,0,92,92,92,92,0,0,92,92,0,92,92,92,92,92,0,92,0,92,92,0,0,92,92,92,92,92,92,92,92,92,92,92,92,92,92,0,92,92,92,92,92,92,92,92,92,92,0,92,92,92,92,92,0,92,92,92,92,92,0,0,1,1,1,102,102,1,1,1,1,89,89,2,2,1,3,3,1,1,1,1,1,1,1,1,1,1,1,1,1,1,1,1,1,1,1,1,1,1,1,1,1,1,1,1,1,1,1,1,1,1,0,0,0,0,92,92,92,92,92,92,92,92,92,92,0,0,0,92,92,92,0,0,0,92,0,0,0,92,92,92
92,92,92,92,92,0,92,92,92,92,92,92,92,92,0,0,92,92,92,92,92,92,92,92,92,0,0,0,0,0,92,92,92,92,92,0,92,92,92,92,0,92,92,92,0,92,92,92,92,92,92,92,92,92,0,92,92,92,92,92,92,92,92,92,92,92,92,92,92,92,0,0,92,0,92,0,0,0,0,92,92,92,92,92,92,92,92,0,92,92,0,0,0,92,92,0,0,0,92,92,92,0,92,92,92,92,92,92,92,92,92,0,0,92,92,92,92,92,92,92,92,92,92,92,92,92,92,92,92,92,92,92,92,92,92,92,92,92,92,92,92,92,92,92,92,92,92,92,0,92,0,92,92,92,0,92,92,92,92,92,92,92,92,92,92,92,92,92,92,92,92,92,92,0,0,0,0,0,92,92,92,0,92,92,92,92,92,92,92,92,92,92,92,92,92,92,92,92,92,92,92,92,92,92,92,0,92,92,92,92,92,92,0,0,92,92,92,92,92,0,0,92,92,0,92,92,92,92,92,92,92,92,92,0,92,92,92,92,92,92,92,92,92,92,92,92,92,92,0,92,92,92,92,92,92,92,92,92,92,92,92,92,92,0,0,0,92,0,92,92,92,0,92,92,0,92,92,92,92,92,92,92,92,92,92,92,92,92,92,92,92,92,92,0,0,92,0,0,92,92,92,92,92,92,0,92,0,95,95,92,92,92,92,92,92,92,92,92,92,92,92,0,92,92,92,92,92,92,92,92,92,92,92,92,0,92,92,92,92,92,92,92,0,92,92,92,92,92,92,92,92,92,0,0,0,92,92,92,92,0,92,92,92,92,0,0,92,0,92,92,0,92,92,92,92,92,92,92,92,92,92,0,0,0,92,92,92,92,92,92,92,0,0,1,102,102,1,1,1,1,98,98,98,98,1,1,1,1,1,1,1,1,1,1,1,1,1,1,1,1,1,1,1,1,1,1,1,1,1,1,1,1,1,1,1,1,1,1,1,0,0,0,0,0,0,0,92,92,92,92,92,92,0,92,92,92,92,0,92,92,92,92,92,0,92,92,92,92,0,92,92,92
92,92,92,92,92,92,92,92,92,92,0,92,92,92,92,92,92,92,92,92,92,92,92,92,92,92,92,92,92,92,92,92,92,92,92,92,92,92,92,92,0,92,92,92,92,92,92,92,92,92,92,92,92,92,92,0,92,92,92,92,92,92,92,92,92,92,92,92,92,0,0,0,92,92,92,92,0,0,0,92,92,92,92,92,0,0,95,95,92,92,0,92,92,92,92,92,92,92,0,0,0,0,92,92,92,92,92,92,92,92,92,0,0,92,92,92,92,92,92,92,92,92,0,92,92,92,92,92,92,92,92,92,92,92,92,92,92,92,92,92,92,92,92,92,92,92,92,92,92,92,0,0,0,92,92,92,92,0,92,92,0,92,92,0,0,0,92,92,92,92,92,92,92,0,0,0,0,0,92,92,92,92,0,92,92,92,0,0,92,92,92,92,92,92,92,92,92,92,92,92,92,92,92,92,92,92,92,92,92,92,92,92,0,0,92,92,92,92,92,92,92,92,92,0,92,92,92,0,92,92,0,92,92,92,92,92,92,92,92,0,92,92,92,92,92,92,92,92,92,92,92,92,92,92,92,92,92,92,92,92,92,92,92,0,0,0,92,92,0,0,0,92,92,92,92,92,92,0,92,92,92,92,92,92,0,92,92,92,0,92,92,92,92,0,0,0,0,92,92,92,92,92,92,92,92,0,92,0,95,92,92,92,92,92,92,92,92,92,92,92,92,92,92,92,92,92,92,92,92,92,92,92,92,92,92,92,92,92,92,92,92,92,0,92,92,92,92,92,92,92,92,92,92,0,0,0,92,92,92,92,92,92,92,92,0,92,0,0,0,0,0,0,92,92,92,92,92,92,92,92,92,0,0,92,92,92,92,92,92,92,92,0,0,1,1,1,1,1,1,1,1,1,1,1,1,1,1,1,1,1,1,1,1,1,1,1,1,1,1,1,1,1,1,1,1,1,1,1,1,1,1,1,1,1,1,1,1,0,0,0,0,92,92,0,0,0,92,92,92,92,92,92,92,92,92,92,92,92,0,92,92,92,92,92,92,92,92,92,92,92,92,92
92,92,92,92,92,92,92,92,92,92,0,0,0,92,92,92,92,92,92,92,92,92,92,92,0,92,92,92,92,92,92,92,92,92,92,92,92,92,92,92,92,92,92,92,92,92,92,92,0,92,92,92,92,92,92,0,92,92,92,92,0,0,92,92,0,0,92,92,92,0,92,92,92,92,92,92,0,0,92,92,92,92,92,92,92,0,95,92,92,92,92,92,92,92,92,92,92,92,92,92,0,0,92,92,92,92,92,92,92,92,92,92,0,0,92,92,92,0,92,0,92,92,0,92,92,92,92,0,92,92,92,92,92,92,92,92,92,92,92,92,92,92,92,92,0,92,92,92,92,92,92,92,92,92,92,92,92,0,0,0,92,92,92,92,0,0,0,0,92,92,92,92,92,0,0,0,0,92,92,92,92,92,92,92,92,92,0,0,0,92,92,92,92,0,92,0,92,92,92,92,92,92,92,92,92,92,92,92,92,92,92,92,0,0,92,92,92,92,92,92,92,92,92,92,92,92,92,92,92,92,92,92,92,92,0,92,92,92,92,92,92,92,92,92,92,92,92,92,92,92,92,92,92,0,0,0,92,0,92,92,92,92,0,0,92,92,92,92,92,0,0,92,92,92,92,92,0,92,92,92,92,92,0,0,92,92,92,92,92,92,92,92,92,92,92,92,92,92,92,92,92,92,92,92,92,92,92,92,92,92,92,92,92,92,92,92,92,92,92,92,92,92,92,92,92,92,92,0,92,92,92,92,92,92,92,92,92,92,92,0,92,92,92,92,92,92,92,92,0,92,92,92,92,0,0,0,92,92,0,0,92,92,92,92,92,92,92,0,92,92,92,92,92,92,0,92,0,92,92,92,92,0,0,92,92,92,92,92,92,92,92,0,0,0,1,1,1,1,1,1,1,1,1,1,1,1,1,1,1,1,1,1,1,1,1,1,1,1,1,1,1,1,1,1,1,1,1,1,1,1,1,1,1,1,1,1,0,0,102,0,92,92,92,0,0,0,92,92,0,92,92,92,92,92,0,92,92,92,0,0,92,92,92,92,92,92,92,92,92,92,92,92
92,92,92,92,0,92,92,92,92,92,0,0,0,92,92,92,92,92,92,92,92,92,0,0,0,92,92,92,92,92,92,92,92,92,92,0,92,92,92,92,92,92,92,92,92,92,92,92,0,92,0,0,92,92,92,92,92,92,92,0,0,0,92,92,92,92,92,92,0,0,0,92,92,92,92,92,92,92,92,92,92,92,92,92,92,92,92,92,92,92,92,92,92,92,92,92,92,92,92,92,0,0,0,92,92,92,92,92,92,92,92,92,92,92,92,92,92,92,92,92,92,92,92,92,92,92,92,92,0,0,0,92,92,92,92,92,92,92,92,92,92,92,92,92,92,92,92,0,92,92,92,92,0,0,92,92,0,0,0,0,0,92,92,92,0,0,0,0,92,92,92,92,92,92,92,92,92,92,92,92,0,92,92,92,92,92,92,92,92,92,92,92,92,92,92,92,92,92,92,92,92,0,0,92,92,92,92,92,92,92,92,92,92,92,92,92,92,92,92,92,92,92,92,92,0,0,92,92,92,92,92,92,92,92,0,92,92,92,92,92,92,92,92,92,92,92,92,92,92,0,92,92,92,92,0,0,92,92,92,92,92,92,92,92,92,92,92,92,92,92,92,92,92,92,92,92,92,92,92,92,92,92,92,92,92,92,92,92,92,92,92,92,0,92,92,92,92,92,92,92,92,92,92,92,92,92,92,92,92,0,92,92,92,92,92,92,92,92,92,92,92,92,92,92,92,92,92,92,92,92,92,92,0,0,0,0,92,92,92,0,92,92,92,92,92,92,92,92,0,0,92,92,92,92,0,92,92,92,0,0,0,92,0,92,92,92,92,92,92,92,92,92,92,92,0,0,0,92,92,92,92,0,0,92,92,92,92,92,92,0,0,0,0,0,1,1,1,1,1,1,1,1,1,1,1,1,1,1,1,1,1,1,1,1,1,1,1,1,1,1,1,1,1,1,1,1,1,1,1,1,1,1,1,1,0,0,0,0,0,92,92,0,92,92,0,0,0,92,92,92,92,92,92,0,0,92,92,92,0,92,0,92,92,92,92,92,92,92,92,0,0,0
92,92,92,74,74,74,74,74,74,74,74,74,74,92,92,92,92,92,92,92,92,92,92,92,92,92,92,92,92,92,92,92,92,0,0,0,0,92,92,92,92,92,92,92,92,92,92,92,92,92,92,92,92,92,92,92,92,92,92,0,92,92,92,92,92,92,92,92,0,0,92,92,92,92,92,92,92,92,92,92,0,92,92,92,92,92,92,92,92,92,92,92,0,92,92,92,0,0,92,0,0,0,0,92,92,92,0,92,92,92,92,92,92,92,92,92,92,92,92,92,92,92,92,92,92,92,92,92,0,0,0,0,92,92,92,92,92,92,92,92,92,92,0,0,0,92,92,92,92,92,92,92,0,92,92,92,0,0,0,92,92,92,92,92,92,0,0,0,92,92,92,92,92,92,92,92,92,92,92,92,0,92,92,92,92,92,0,92,92,92,0,92,92,92,92,92,0,92,92,92,92,0,92,92,92,92,92,92,92,92,0,0,92,95,92,92,92,0,92,92,0,0,92,92,92,92,92,92,92,92,92,92,92,92,92,92,92,92,92,92,92,92,92,0,0,92,92,92,92,92,92,92,92,92,92,0,92,92,92,92,92,92,92,0,92,92,92,92,92,92,92,92,92,0,92,92,92,92,92,92,92,92,92,92,92,92,92,92,92,92,92,92,0,92,92,92,92,92,92,92,92,92,92,92,92,92,92,92,92,92,92,92,92,92,92,92,92,92,92,92,92,92,92,92,92,92,92,92,92,92,92,92,92,0,0,0,92,92,92,0,92,92,92,92,92,92,92,92,0,92,92,92,92,92,92,92,92,0,92,0,0,0,0,0,92,92,92,92,92,92,92,92,92,92,0,0,0,92,92,92,92,92,92,92,92,92,92,92,92,92,92,92,92,0,0,1,1,1,1,1,1,1,1,1,1,1,1,1,1,1,1,1,1,1,1,1,0,0,0,0,0,0,0,0,0,0,0,0,95,95,95,0,95,0,0,0,0,0,92,92,92,92,92,92,92,0,92,92,92,92,92,92,0,92,92,92,92,92,92,92,92,92,92,92,0,92,92,0,92,92,92,92
92,0,74,74,74,74,74,74,74,74,74,74,74,74,74,92,92,92,92,92,92,0,92,92,0,0,0,92,92,92,92,92,0,0,0,0,92,0,92,0,92,92,92,92,92,92,92,92,92,92,92,0,92,92,92,92,92,92,92,92,92,92,92,92,92,0,92,92,92,0,0,92,92,92,92,92,92,92,92,92,92,92,92,92,92,92,92,92,92,0,92,92,0,92,92,92,92,0,92,92,92,0,92,92,92,92,92,0,92,92,92,92,92,92,92,0,92,0,0,92,92,92,92,92,92,92,92,0,92,0,0,0,0,92,92,92,92,95,92,92,92,92,92,0,0,92,92,0,92,92,92,92,92,92,92,92,92,0,0,92,92,92,92,92,0,0,0,0,92,92,0,0,0,0,92,92,92,92,92,92,0,92,92,92,92,92,0,0,92,92,0,0,0,92,92,92,92,92,92,92,92,92,0,92,92,92,92,92,92,92,92,92,92,92,0,92,92,92,92,92,92,92,92,92,92,92,92,92,0,92,92,92,92,92,92,0,92,92,92,92,92,92,92,92,92,92,92,92,92,92,92,92,92,92,92,92,92,92,92,92,92,92,92,0,92,92,92,92,92,92,92,92,0,92,0,92,92,92,92,92,92,0,92,92,92,92,0,92,92,92,92,92,92,92,92,92,0,92,92,92,92,92,0,0,92,92,92,92,0,92,92,92,92,92,92,92,92,92,92,92,92,92,92,92,92,92,92,92,92,92,0,0,92,92,0,0,0,0,92,92,92,92,92,92,92,92,92,0,0,0,92,92,92,92,0,0,0,92,92,92,92,92,0,0,0,0,0,0,92,92,92,92,92,92,92,0,0,92,92,92,92,92,92,92,92,92,92,0,0,92,92,92,92,92,0,0,0,0,0,0,0,0,0,0,0,0,95,95,95,0,0,0,0,0,0,0,0,0,0,0,0,0,0,0,0,0,0,0,0,0,0,95,95,92,0,92,0,0,0,92,92,0,92,0,92,0,92,92,92,92,92,92,92,92,92,92,92,92,0,0,92,92,92,0,95,95,92,92,92,92,92,92
74,74,74,74,74,74,74,74,74,74,74,74,74,74,74,74,92,92,92,92,92,92,92,92,92,92,92,92,92,92,92,92,0,0,0,0,92,0,0,92,92,92,92,92,92,92,95,92,92,92,92,92,92,92,92,92,0,0,92,0,92,92,92,92,92,92,0,92,92,92,92,92,92,92,0,92,92,0,0,0,0,92,92,92,92,92,92,92,92,92,92,92,92,92,92,92,92,92,92,92,92,0,92,92,92,92,0,92,0,92,92,92,92,0,92,0,92,0,92,92,92,0,0,92,92,92,92,92,92,0,0,92,92,92,92,92,92,95,92,92,92,92,92,92,0,0,92,0,92,92,92,92,0,0,92,92,92,92,0,92,92,92,92,0,0,0,0,0,92,92,0,0,0,92,0,0,92,92,92,92,92,92,92,92,92,92,92,92,92,92,0,0,0,92,92,92,0,92,92,92,92,92,92,92,92,92,92,92,92,92,92,92,92,92,92,92,92,92,92,92,92,92,92,92,92,92,92,0,0,0,92,92,92,92,92,92,0,92,92,92,92,92,0,0,92,92,0,0,92,92,92,92,92,92,92,92,92,92,92,92,92,92,92,92,92,92,0,92,0,0,92,92,92,92,92,92,92,92,92,0,92,0,0,92,92,92,0,92,92,92,92,92,92,92,92,92,0,0,92,92,92,92,92,92,92,0,92,92,0,0,92,92,92,92,92,92,92,92,92,92,92,0,92,92,92,92,92,92,92,92,92,92,92,92,92,92,0,0,92,92,92,92,92,92,92,0,92,92,0,0,92,92,92,0,0,0,92,92,92,92,92,92,0,0,0,0,0,0,92,92,0,92,92,92,92,92,92,92,92,92,92,92,92,92,92,92,92,92,92,92,92,92,92,95,0,0,0,0,0,0,0,0,0,0,0,0,0,0,0,0,0,0,0,0,92,92,0,0,0,0,92,92,92,92,92,0,0,0,0,0,0,0,92,92,92,92,92,92,0,0,0,0,0,0,0,0,0,92,0,92,0,92,92,92,92,92,92,92,92,0,0,0,0,95,95,95,92,92,92,92,92,0
74,74,74,74,74,74,74,74,74,74,74,74,74,74,74,74,74,92,92,92,92,92,92,92,92,92,92,0,0,92,92,95,0,0,92,92,92,0,92,0,92,92,92,0,0,0,0,0,92,92,92,92,92,92,92,92,0,92,92,92,92,92,92,92,92,92,0,0,0,0,92,92,92,92,92,92,92,0,0,0,0,92,92,92,92,92,92,92,92,92,92,92,92,92,92,92,92,92,92,92,92,0,92,92,92,0,0,92,92,92,92,0,0,0,92,92,92,92,92,92,92,92,92,92,92,92,92,0,0,0,0,92,92,92,92,92,92,92,92,92,92,92,92,92,92,0,0,0,92,92,92,92,92,92,92,92,92,0,92,92,92,92,92,92,0,92,92,0,92,92,0,0,92,92,0,0,92,92,92,92,92,92,92,92,92,92,0,92,92,92,92,92,92,92,92,0,0,0,92,92,92,92,0,0,92,92,92,92,92,92,92,92,92,92,92,92,92,92,92,92,92,92,92,92,92,92,92,92,92,92,92,0,92,92,0,0,92,92,92,92,92,92,0,92,0,92,92,0,92,92,92,92,92,92,92,92,92,92,0,92,92,92,92,92,92,92,92,92,92,0,0,92,92,92,92,92,92,92,0,92,92,0,0,92,92,92,92,0,92,92,92,92,92,92,92,92,92,92,92,92,0,92,92,0,92,92,92,92,0,0,92,0,92,92,92,92,0,0,92,92,92,92,0,92,0,0,92,92,92,92,92,92,92,92,92,0,92,92,92,92,0,92,92,92,0,92,92,92,0,0,0,92,92,92,92,92,0,0,92,92,92,92,0,92,92,92,0,0,0,92,92,92,92,92,92,92,0,92,92,92,92,0,92,92,92,92,92,92,92,92,92,92,92,95,95,0,92,92,92,0,92,92,92,92,92,0,0,0,0,0,0,0,92,92,92,92,92,92,92,92,92,92,92,92,92,92,92,92,92,0,0,92,92,92,92,92,92,92,92,0,0,0,0,0,0,0,0,92,92,92,92,92,92,92,92,92,92,92,0,92,92,95,95,95,95,0,0,92,92,92,92,0
74,74,74,74,74,74,74,74,74,74,74,74,74,74,74,74,74,92,92,92,92,92,92,92,92,92,0,0,0,92,92,0,0,0,0,0,92,92,92,92,92,92,92,0,92,0,0,92,92,92,92,92,92,92,92,92,92,92,92,92,92,92,92,0,0,92,92,0,0,0,92,92,92,92,92,92,92,0,0,92,92,92,92,92,92,92,92,92,92,92,92,0,92,92,92,92,92,92,92,92,92,92,92,92,92,92,0,92,92,92,92,92,92,92,92,92,92,92,92,92,92,92,92,0,92,92,92,0,92,0,0,92,92,92,92,92,0,92,0,0,0,92,92,92,92,92,92,92,92,92,92,92,92,92,92,92,92,92,92,92,92,92,92,92,0,92,92,92,92,92,0,92,92,92,92,92,0,92,0,0,92,92,92,92,92,92,92,92,92,92,92,92,92,92,0,0,92,0,92,92,92,92,92,92,92,92,92,92,92,92,92,92,92,92,92,92,92,92,92,92,92,0,92,92,92,92,92,92,92,92,92,92,92,92,92,92,92,92,92,92,92,92,92,92,92,92,92,92,92,92,92,92,92,92,92,92,92,92,0,0,92,92,92,92,92,0,0,92,92,92,92,92,0,92,92,0,0,0,0,0,92,92,92,92,92,92,92,92,92,92,0,92,92,92,92,92,92,92,92,92,92,0,92,0,0,92,92,92,92,92,0,92,92,0,92,92,92,92,0,92,92,92,92,0,0,92,92,92,92,92,92,92,92,92,92,92,92,92,92,92,0,92,92,92,92,92,92,92,0,0,92,92,92,0,92,92,0,0,92,92,92,0,92,92,92,0,0,0,0,92,92,92,92,92,92,92,92,92,92,0,0,0,0,92,92,92,92,92,92,92,92,92,92,0,0,92,92,92,92,0,92,92,92,92,0,0,0,92,92,92,92,92,92,92,92,92,92,92,92,0,0,92,92,92,92,92,92,92,92,0,0,92,92,92,92,92,92,92,92,0,0,0,0,0,0,0,0,0,92,92,92,92,92,92,92,0,92,92,92,92,92,92,92,92,92,0,0,92,92,92,92,0
0,74,74,74,74,74,74,74,74,74,74,74,74,74,74,92,0,0,92,92,0,92,92,92,92,92,92,0,0,92,92,92,92,0,0,0,92,0,92,92,92,92,92,0,92,92,92,92,92,92,92,92,92,92,92,92,92,92,92,92,92,92,92,92,92,92,92,92,92,92,92,92,92,92,92,92,92,92,92,92,92,92,92,92,92,92,92,92,92,92,92,92,92,92,92,92,92,92,92,92,92,92,92,92,92,92,92,92,92,92,92,92,92,92,92,92,92,92,92,92,92,92,92,92,92,92,92,0,92,0,92,92,92,92,0,92,92,92,0,0,0,0,92,92,92,92,92,92,92,92,92,92,92,92,92,0,92,92,92,92,92,92,92,92,0,92,92,92,92,92,92,0,92,92,92,0,0,92,92,92,92,92,92,0,92,92,0,92,92,92,92,0,92,92,92,92,92,92,92,92,92,92,92,92,92,92,92,92,0,0,0,92,92,92,92,92,92,92,92,92,92,0,92,92,92,0,92,92,92,92,92,92,92,92,92,92,92,92,92,92,0,0,92,92,0,92,92,92,92,92,92,92,92,92,92,92,92,92,0,0,92,92,92,92,92,92,92,92,92,92,92,92,92,92,92,92,92,92,92,92,92,92,92,92,92,92,92,0,0,92,92,92,92,92,92,92,92,92,92,92,92,92,92,92,0,92,92,92,92,92,92,92,92,92,92,92,92,92,92,0,92,92,92,92,0,0,92,92,92,92,92,92,92,92,92,92,92,92,92,92,92,92,92,92,92,92,92,92,92,92,92,92,92,92,92,92,0,92,92,92,92,92,92,92,92,0,0,92,0,92,92,92,92,0,0,0,0,0,0,92,0,0,92,92,92,92,92,92,92,0,92,92,92,92,92,92,92,92,92,0,92,92,92,0,0,0,0,92,92,0,0,0,92,92,92,92,92,0,92,92,92,92,92,92,92,92,92,92,92,92,92,92,92,92,92,0,0,92,92,0,0,0,92,0,0,0,0,92,92,92,0,92,92,92,92,92,0,92,92,0,92,92,92,92,92,92,0,0,92,92,92,92
