-4846.1,-4842.2,-4838.4,-4835.1,-4831.5,-4829.0,-4824.9,-4821.2,-4817.5,-4813.5,-4810.5,-4807.7,-4804.1,-4801.4,-4798.4,-4795.2,-4792.1,-4789.7,-4786.8,-4784.0,-4780.8,-4778.2,-4775.6,-4773.2,-4770.9,-4768.6,-4766.4,-4764.2,-4762.1,-4760.1,-4758.1,-4756.2,-4754.3,-4752.5,-4750.8,-4749.1,-4747.4,-4745.8,-4744.3,-4742.8,-4741.3,-4739.9,-4738.7,-4737.8,-4736.5,-4735.5,-4734.5,-4733.5,-4732.6,-4731.3,-4730.6,-4729.5,-4728.3,-4727.5,-4726.6,-4725.8,-4725.1,-4725.4,-4724.8,-4724.2,-4723.1,-4723.0,-4723.2,-4723.0,-4723.5,-4722.3,-4722.5,-4721.3,-4721.2,-4721.4,-4721.9,-4721.0,-4721.0,-4721.4,-4720.9,-4720.8,-4722.6,-4722.5,-4722.3,-4720.2,-4719.2,-4719.3,-4719.2,-4720.3,-4719.2,-4719.4,-4719.0,-4718.5,-4718.6,-4719.0,-4718.8,-4717.8,-4717.6,-4717.5,-4717.6,-4716.2,-4716.7,-4716.0,-4715.6,-4715.5,-4715.5,-4714.6,-4714.8,-4714.0,-4713.0,-4712.2,-4712.0,-4711.6,-4710.7,-4710.6,-4710.0,-4709.9,-4709.1,-4708.2,-4707.5,-4707.0,-4706.3,-4706.0,-4705.6,-4706.0,-4705.1,-4704.2,-4703.7,-4703.2,-4702.8,-4701.4,-4713.0,-4700.4,-4699.8,-4699.2,-4698.6,-4698.8,-4698.9,-4699.7,-4697.1,-4697.4,-4696.9,-4696.2,-4695.6,-4694.6,-4694.4,-4694.2,-4694.0,-4693.8,-4693.8,-4694.3,-4693.3,-4693.6,-4693.2,-4692.8,-4692.8,-4693.3,-4692.9,-4692.8,-4693.1,-4692.9,-4692.6,-4692.5,-4692.2,-4692.1,-4692.1,-4692.2,-4692.2,-4692.1,-4692.0,-4692.3,-4692.2,-4691.6,-4695.4,-4693.6,-4684.4,-4669.1,-4633.6,-4578.7,-4497.6,-4408.2,-4309.1,-4245.3,-4197.3,-4184.3,-4183.5,-4183.2,-4184.0,-4183.9,-4183.4,-4182.2,-4182.4,-4181.1,-4180.8,-4181.5,-4180.9,-4181.8,-4179.5,-4182.4,-4181.2,-4178.4,-4179.4,-4176.3,-4177.0,-4181.4,-4214.5,-4275.1,-4366.4,-4457.5,-4527.6,-4582.3,-4632.7,-4667.0,-4676.1,-4673.3,-4673.9,-4673.4,-4672.9,-4672.6,-4672.4,-4672.2,-4672.1,-4672.0,-4672.0,-4672.0,-4672.1,-4672.2,-4672.4,-4672.8,-4674.8,-4674.5,-4674.8,-4674.6,-4675.7,-4676.7,-4676.8,-4677.1,-4678.2,-4679.4,-4680.1,-4680.4,-4681.8,-4682.3,-4683.1,-4684.6,-4686.2,-4687.1,-4688.5,-4689.4,-4690.5,-4691.7,-4746.9,-4717.2,-4694.6,-4697.1,-4698.1,-4699.4,-4699.9,-4701.9,-4703.2,-4704.9,-4706.5,-4707.7,-4708.3,-4708.9,-4710.9,-4712.3,-4713.5,-4713.8,-4716.1,-4718.5,-4719.2,-4720.0,-4720.9,-4722.7,-4724.4,-4725.2,-4726.7,-4727.9,-4729.7,-4730.4,-4731.6,-4733.2,-4733.7,-4735.1,-4736.6,-4737.2,-4737.4,-4739.4,-4740.2,-4741.8,-4744.3,-4744.1,-4745.3,-4745.6,-4747.4,-4747.8,-4748.8,-4749.7,-4750.7,-4752.1,-4752.8,-4754.5,-4755.2,-4756.4,-4757.4,-4772.0,-4759.7,-4760.5,-4761.5,-4762.6,-4763.7,-4764.8,-4765.9,-4767.1,-4769.0,-4770.5,-4770.8,-4771.2,-4772.4,-4773.5,-4774.1,-4775.0,-4775.9,-4777.5,-4776.9,-4777.4,-4778.1,-4778.8,-4779.7,-4779.8,-4794.5,-4781.0,-4781.3,-4782.1,-4782.2,-4782.0,-4782.2,-4782.4,-4783.1,-4782.7,-4794.9,-4783.2,-4783.7,-4784.0,-4783.2,-4783.5,-4783.3,-4782.7,-4782.6,-4782.5,-4782.8,-4783.0,-4782.2,-4782.1,-4781.9,-4781.9,-4781.6,-4780.9,-4780.8,-4780.5,-4779.9,-4779.5,-4779.8,-4779.1,-4778.1,-4777.9,-4777.3,-4776.7,-4776.2,-4775.6,-4775.1,-4774.7,-4774.9,-4774.1,-4773.2,-4772.4,-4773.0,-4772.4,-4770.6,-4769.5,-4768.7,-4768.1,-4767.8,-4766.5,-4765.7,-4765.8,-4764.2,-4764.1,-4762.9,-4762.1,-4761.2,-4760.6,-4759.2,-4758.7,-4758.0,-4756.8,-4756.0,-4755.6,-4754.7,-4753.8,-4751.8,-4750.8,-4750.1,-4749.3,-4748.6,-4759.0,-4746.4,-4745.8,-4744.9,-4745.7,-4744.2,-4742.3,-4741.5,-4741.5,-4741.1,-4739.7,-4738.6,-4738.3,-4748.2,-4736.9,-4736.3,-4735.7,-4735.5,-4735.9,-4750.5,-4734.1,-4734.1,-4733.7,-4733.2,-4733.3,-4733.5,-4732.8,-4732.7,-4732.7,-4732.7,-4733.3,-4733.0,-4733.6,-4733.4,-4733.4,-4734.4,-4734.1,-4735.2,-4784.7,-4735.8,-4735.6,-4735.7,-4737.0,-4736.8,-4737.8,-4738.2,-4738.5,-4739.1,-4740.4,-4740.9,-4741.5,-4742.0,-4743.7,-4744.7,-4744.2,-4745.1,-4746.0,-4746.9,-4747.9,-4749.2,-4749.7,-4750.9,-4752.0,-4753.0,-4753.8,-4755.2,-4757.1,-4758.6,-4759.7,-4760.2,-4761.8
-4839.5,-4835.7,-4831.9,-4828.4,-4825.2,-4822.2,-4818.3,-4814.5,-4811.2,-4808.0,-4804.2,-4801.4,-4798.3,-4795.1,-4792.0,-4788.8,-4786.0,-4784.1,-4780.7,-4777.7,-4774.8,-4772.3,-4769.5,-4767.0,-4764.6,-4762.3,-4760.1,-4757.9,-4755.8,-4753.8,-4751.8,-4749.9,-4748.0,-4746.2,-4744.4,-4742.7,-4741.1,-4739.4,-4737.9,-4736.4,-4734.9,-4733.6,-4732.6,-4731.5,-4729.7,-4729.3,-4728.1,-4727.4,-4726.3,-4725.1,-4724.4,-4722.9,-4722.4,-4721.8,-4720.5,-4719.7,-4718.9,-4718.9,-4718.3,-4717.1,-4716.7,-4716.6,-4716.4,-4715.8,-4716.2,-4716.3,-4715.6,-4714.1,-4714.5,-4715.2,-4715.3,-4714.8,-4714.2,-4714.2,-4714.3,-4714.8,-4715.3,-4714.1,-4714.8,-4727.2,-4712.3,-4712.8,-4712.4,-4712.2,-4711.6,-4712.2,-4711.3,-4711.7,-4711.4,-4711.6,-4710.6,-4710.0,-4710.0,-4709.7,-4709.7,-4708.7,-4708.4,-4708.2,-4710.8,-4709.7,-4720.2,-4735.7,-4706.7,-4706.3,-4705.2,-4704.9,-4704.7,-4704.2,-4703.4,-4702.9,-4702.5,-4702.6,-4701.7,-4700.9,-4700.1,-4699.6,-4699.1,-4699.0,-4698.2,-4698.8,-4696.9,-4696.5,-4696.5,-4696.3,-4695.0,-4693.9,-4706.6,-4693.1,-4692.4,-4691.7,-4691.1,-4690.7,-4690.7,-4690.7,-4690.3,-4689.7,-4689.4,-4688.8,-4687.9,-4687.1,-4686.9,-4687.1,-4686.9,-4686.4,-4687.0,-4686.6,-4686.1,-4686.5,-4685.8,-4685.3,-4685.2,-4685.5,-4685.4,-4685.6,-4685.6,-4685.7,-4685.1,-4685.0,-4684.8,-4684.7,-4684.7,-4684.8,-4684.8,-4685.0,-4685.1,-4685.6,-4684.3,-4688.8,-4680.6,-4672.3,-4652.1,-4621.2,-4572.2,-4487.1,-4394.0,-4263.3,-4137.6,-4011.5,-3929.6,-3876.0,-3860.0,-3861.9,-3861.5,-3860.5,-3860.9,-3860.9,-3860.5,-3858.8,-3858.6,-3859.4,-3859.3,-3858.1,-3858.2,-3858.1,-3877.4,-3856.1,-3856.1,-3853.8,-3859.9,-3900.7,-3970.7,-4091.1,-4213.0,-4319.5,-4418.9,-4511.4,-4593.1,-4641.4,-4664.4,-4665.1,-4666.4,-4666.0,-4665.6,-4665.4,-4665.1,-4664.9,-4664.8,-4664.7,-4664.7,-4664.7,-4664.8,-4664.9,-4665.1,-4665.4,-4666.6,-4667.7,-4668.4,-4668.1,-4668.3,-4669.1,-4669.7,-4669.6,-4670.9,-4671.8,-4672.8,-4673.5,-4674.1,-4674.8,-4675.7,-4676.9,-4677.6,-4679.1,-4680.9,-4682.4,-4682.9,-4685.2,-4685.9,-4686.1,-4687.2,-4689.0,-4690.4,-4691.4,-4692.2,-4695.4,-4695.6,-4698.5,-4699.0,-4700.0,-4701.2,-4702.1,-4704.1,-4705.1,-4706.5,-4707.4,-4709.5,-4710.6,-4712.2,-4713.1,-4714.1,-4715.0,-4716.7,-4717.9,-4719.7,-4720.3,-4722.2,-4723.1,-4725.1,-4726.6,-4727.7,-4729.4,-4730.1,-4730.2,-4730.8,-4732.3,-4733.4,-4735.0,-4737.2,-4737.1,-4738.1,-4738.7,-4740.6,-4740.6,-4741.7,-4742.7,-4743.7,-4745.0,-4745.8,-4747.4,-4748.2,-4749.3,-4750.4,-4765.9,-4752.5,-4753.3,-4754.2,-4755.3,-4756.4,-4757.5,-4758.7,-4759.9,-4770.8,-4763.6,-4763.0,-4763.5,-4765.2,-4766.1,-4766.6,-4767.2,-4768.6,-4769.9,-4769.6,-4769.8,-4770.4,-4771.2,-4772.0,-4772.1,-4787.8,-4773.2,-4773.7,-4774.5,-4774.5,-4774.2,-4774.5,-4774.7,-4775.3,-4775.0,-4788.2,-4775.5,-4775.9,-4776.3,-4775.3,-4775.8,-4775.6,-4775.0,-4774.9,-4774.8,-4775.1,-4775.3,-4774.8,-4774.1,-4773.9,-4773.7,-4773.2,-4773.2,-4772.7,-4772.3,-4772.2,-4772.1,-4771.3,-4771.9,-4771.3,-4771.3,-4769.6,-4769.1,-4768.6,-4768.1,-4767.6,-4767.1,-4767.4,-4766.7,-4765.7,-4764.9,-4765.6,-4765.0,-4763.1,-4762.1,-4761.4,-4760.7,-4760.4,-4759.1,-4758.4,-4758.6,-4756.9,-4756.6,-4756.0,-4754.8,-4754.2,-4753.8,-4752.3,-4751.4,-4750.5,-4749.9,-4749.7,-4747.9,-4747.4,-4746.9,-4744.9,-4743.9,-4743.1,-4742.3,-4741.7,-4753.1,-4739.4,-4738.6,-4737.9,-4738.7,-4749.4,-4735.3,-4734.4,-4734.3,-4734.0,-4733.0,-4731.7,-4731.4,-4742.3,-4730.0,-4729.3,-4728.8,-4728.5,-4728.9,-4744.5,-4727.0,-4727.2,-4726.7,-4726.1,-4726.2,-4726.4,-4725.6,-4725.6,-4725.5,-4725.5,-4726.1,-4725.8,-4726.4,-4726.1,-4726.1,-4726.8,-4726.8,-4728.8,-4729.8,-4728.5,-4728.5,-4728.3,-4729.8,-4729.3,-4730.6,-4730.8,-4730.9,-4731.5,-4732.8,-4733.4,-4733.9,-4734.3,-4736.2,-4747.2,-4736.5,-4737.3,-4738.2,-4739.1,-4740.0,-4741.2,-4742.4,-4743.6,-4744.3,-4744.9,-4745.8,-4747.8,-4749.4,-4750.1,-4751.2,-4752.2,-4754.0
-4833.7,-4829.7,-4826.2,-4822.8,-4823.3,-4816.1,-4812.5,-4808.5,-4805.4,-4802.5,-4798.5,-4795.6,-4792.4,-4789.4,-4786.0,-4782.9,-4780.3,-4777.6,-4774.4,-4771.8,-4769.4,-4766.6,-4763.5,-4761.0,-4758.6,-4756.3,-4754.1,-4751.9,-4749.8,-4747.7,-4745.7,-4743.8,-4741.9,-4740.1,-4738.3,-4736.6,-4734.9,-4733.3,-4731.7,-4730.2,-4728.9,-4727.7,-4726.2,-4725.3,-4724.4,-4723.4,-4722.0,-4721.1,-4719.5,-4718.3,-4718.1,-4716.6,-4716.1,-4715.4,-4714.4,-4714.2,-4712.7,-4711.5,-4711.4,-4710.6,-4710.3,-4710.3,-4709.7,-4710.0,-4709.2,-4708.5,-4708.3,-4707.9,-4707.6,-4708.0,-4707.5,-4706.6,-4707.0,-4707.3,-4707.0,-4707.6,-4707.7,-4706.6,-4706.9,-4705.6,-4705.3,-4705.0,-4704.7,-4704.7,-4704.6,-4703.9,-4703.9,-4704.4,-4703.5,-4703.4,-4702.5,-4702.6,-4702.7,-4702.4,-4702.1,-4702.1,-4701.8,-4729.8,-4715.4,-4714.8,-4702.3,-4732.4,-4699.8,-4699.1,-4698.7,-4699.1,-4697.8,-4696.5,-4696.5,-4695.8,-4695.4,-4694.6,-4693.9,-4693.5,-4692.7,-4692.2,-4691.8,-4691.4,-4691.4,-4690.8,-4689.8,-4689.6,-4689.3,-4688.9,-4687.7,-4686.4,-4700.2,-4685.4,-4684.8,-4684.2,-4683.6,-4683.2,-4683.5,-4683.4,-4683.1,-4682.5,-4681.9,-4681.7,-4680.7,-4679.6,-4679.3,-4679.3,-4679.0,-4678.8,-4678.7,-4678.7,-4678.7,-4678.9,-4678.4,-4677.8,-4677.8,-4678.8,-4678.4,-4677.8,-4677.8,-4678.4,-4677.5,-4677.6,-4677.3,-4677.3,-4677.2,-4677.3,-4677.4,-4677.8,-4677.5,-4681.9,-4682.1,-4672.3,-4655.9,-4629.2,-4591.2,-4542.8,-4474.5,-4384.7,-4255.4,-4123.7,-3951.2,-3799.0,-3652.3,-3557.3,-3494.9,-3481.9,-3482.3,-3484.6,-3482.1,-3482.2,-3482.3,-3481.0,-3480.8,-3482.2,-3483.3,-3481.8,-3481.3,-3480.6,-3478.8,-3478.6,-3480.4,-3480.7,-3528.5,-3609.7,-3750.0,-3897.4,-4033.1,-4155.3,-4307.3,-4422.6,-4539.3,-4622.3,-4656.5,-4658.0,-4659.2,-4658.8,-4658.4,-4658.1,-4657.9,-4657.7,-4657.6,-4657.5,-4657.4,-4657.4,-4657.5,-4657.6,-4657.8,-4658.2,-4659.0,-4659.3,-4659.6,-4660.3,-4660.1,-4660.7,-4662.2,-4662.6,-4663.7,-4664.3,-4665.0,-4666.0,-4667.0,-4667.6,-4668.4,-4669.9,-4671.4,-4672.0,-4673.8,-4674.2,-4675.7,-4678.3,-4678.9,-4678.5,-4680.1,-4681.5,-4682.6,-4684.0,-4685.7,-4687.3,-4688.3,-4689.4,-4691.0,-4692.6,-4694.1,-4695.8,-4697.0,-4698.2,-4698.9,-4700.4,-4702.4,-4703.2,-4704.4,-4706.1,-4707.8,-4708.7,-4709.1,-4710.9,-4712.4,-4713.4,-4715.1,-4716.4,-4717.4,-4718.7,-4720.9,-4721.8,-4722.8,-4723.1,-4724.5,-4725.3,-4726.2,-4727.6,-4729.5,-4729.9,-4730.5,-4731.5,-4733.4,-4733.6,-4734.7,-4735.6,-4736.6,-4737.8,-4738.6,-4740.2,-4740.9,-4742.2,-4742.9,-4759.7,-4745.1,-4745.9,-4746.9,-4747.9,-4749.0,-4750.0,-4751.1,-4752.3,-4753.4,-4755.2,-4755.5,-4755.9,-4757.1,-4758.6,-4759.7,-4760.7,-4760.4,-4761.7,-4761.7,-4762.0,-4762.7,-4763.3,-4764.2,-4764.2,-4781.0,-4765.7,-4766.2,-4766.4,-4766.6,-4766.4,-4766.6,-4766.8,-4767.4,-4767.1,-4781.4,-4767.6,-4768.1,-4768.5,-4767.6,-4767.9,-4767.9,-4767.1,-4767.1,-4767.0,-4767.3,-4767.5,-4767.5,-4767.4,-4768.9,-4766.7,-4765.7,-4765.1,-4764.9,-4765.3,-4764.5,-4764.4,-4763.8,-4763.6,-4763.8,-4763.1,-4762.2,-4761.4,-4760.9,-4760.4,-4759.9,-4759.5,-4759.9,-4759.1,-4758.2,-4757.0,-4757.1,-4756.7,-4754.9,-4753.8,-4753.1,-4752.5,-4752.3,-4750.9,-4750.2,-4750.6,-4748.8,-4748.8,-4747.5,-4746.8,-4745.4,-4744.7,-4743.7,-4743.1,-4742.7,-4742.8,-4742.4,-4740.2,-4747.2,-4738.9,-4737.1,-4736.0,-4735.3,-4734.5,-4733.7,-4747.1,-4732.4,-4731.6,-4730.9,-4731.4,-4729.5,-4728.3,-4727.8,-4727.4,-4726.4,-4725.8,-4724.6,-4724.6,-4736.3,-4722.9,-4722.2,-4721.7,-4721.4,-4770.9,-4738.5,-4719.9,-4720.0,-4719.5,-4718.9,-4719.0,-4719.1,-4718.4,-4718.3,-4718.2,-4718.2,-4718.8,-4718.5,-4719.0,-4718.7,-4718.8,-4719.4,-4719.5,-4720.7,-4735.8,-4720.9,-4720.3,-4720.7,-4722.3,-4721.7,-4723.0,-4723.2,-4723.2,-4723.8,-4725.1,-4725.7,-4726.5,-4726.4,-4728.4,-4739.3,-4728.6,-4729.5,-4730.3,-4731.2,-4732.2,-4733.6,-4733.9,-4736.1,-4737.0,-4737.6,-4738.0,-4741.5,-4741.0,-4741.6,-4743.1,-4744.3,-4746.3
-4828.5,-4824.8,-4822.3,-4819.3,-4816.1,-4809.9,-4806.0,-4802.9,-4800.1,-4796.6,-4793.0,-4790.3,-4787.3,-4783.5,-4780.3,-4777.6,-4775.0,-4772.2,-4768.7,-4766.2,-4764.3,-4761.3,-4757.9,-4755.2,-4752.8,-4750.5,-4748.3,-4746.1,-4744.0,-4741.9,-4739.9,-4737.9,-4736.0,-4734.2,-4732.4,-4730.6,-4728.9,-4727.3,-4725.7,-4724.4,-4723.2,-4721.8,-4720.5,-4719.1,-4718.3,-4716.6,-4715.7,-4714.5,-4713.6,-4713.0,-4711.6,-4711.4,-4710.7,-4709.8,-4707.1,-4707.1,-4706.0,-4705.3,-4704.8,-4705.1,-4721.8,-4703.7,-4702.8,-4702.9,-4702.9,-4702.1,-4701.3,-4702.0,-4702.3,-4702.1,-4700.8,-4700.1,-4701.0,-4700.6,-4700.1,-4699.9,-4699.7,-4699.6,-4699.9,-4698.9,-4698.3,-4698.2,-4698.1,-4697.3,-4697.2,-4697.3,-4696.7,-4696.5,-4696.5,-4696.4,-4695.5,-4695.1,-4695.0,-4694.8,-4694.5,-4694.5,-4695.0,-4695.1,-4693.2,-4693.0,-4693.5,-4702.2,-4692.5,-4691.6,-4691.1,-4690.3,-4690.6,-4689.2,-4689.1,-4688.2,-4687.5,-4688.0,-4686.8,-4686.1,-4685.3,-4684.7,-4684.2,-4683.9,-4683.4,-4683.4,-4683.0,-4681.7,-4681.5,-4681.2,-4680.2,-4678.9,-4693.7,-4678.0,-4677.3,-4676.6,-4676.1,-4675.7,-4675.1,-4674.9,-4675.4,-4675.0,-4673.5,-4673.8,-4673.2,-4672.3,-4671.8,-4671.6,-4671.6,-4671.4,-4671.0,-4670.7,-4671.5,-4671.1,-4670.8,-4670.2,-4670.2,-4671.2,-4670.7,-4670.5,-4670.7,-4670.3,-4670.1,-4670.1,-4669.8,-4669.8,-4669.8,-4669.9,-4670.0,-4669.0,-4672.8,-4668.8,-4661.8,-4647.7,-4610.1,-4563.2,-4495.4,-4425.5,-4343.3,-4237.5,-4116.0,-3947.1,-3782.4,-3581.1,-3408.0,-3244.9,-3138.1,-3075.8,-3066.5,-3066.3,-3067.1,-3066.0,-3065.7,-3064.1,-3064.0,-3065.4,-3064.8,-3065.3,-3065.4,-3063.0,-3064.6,-3063.5,-3066.8,-3113.1,-3202.7,-3357.6,-3519.2,-3683.4,-3835.5,-3998.4,-4170.3,-4356.1,-4519.8,-4615.6,-4649.4,-4650.8,-4652.0,-4651.6,-4651.3,-4651.0,-4650.8,-4650.6,-4650.4,-4650.3,-4650.3,-4650.3,-4650.4,-4650.5,-4650.7,-4651.8,-4651.7,-4652.4,-4652.1,-4652.7,-4653.0,-4653.7,-4655.0,-4655.4,-4656.8,-4656.8,-4657.5,-4658.5,-4659.5,-4660.6,-4661.2,-4662.5,-4663.3,-4665.3,-4665.8,-4667.2,-4696.9,-4742.1,-4671.0,-4672.9,-4674.3,-4674.6,-4675.3,-4677.0,-4678.6,-4679.7,-4680.9,-4682.5,-4684.0,-4685.5,-4686.9,-4687.6,-4690.1,-4691.8,-4692.4,-4693.4,-4694.9,-4696.3,-4697.6,-4699.8,-4701.0,-4701.7,-4702.6,-4703.9,-4705.2,-4705.9,-4707.3,-4708.8,-4710.1,-4711.1,-4712.7,-4713.7,-4714.9,-4716.5,-4717.2,-4718.8,-4719.8,-4721.1,-4723.6,-4723.6,-4724.5,-4724.6,-4727.0,-4726.6,-4727.4,-4728.4,-4729.4,-4730.6,-4731.3,-4732.9,-4734.1,-4734.6,-4735.7,-4753.3,-4737.7,-4738.5,-4739.4,-4740.4,-4741.4,-4742.4,-4743.4,-4744.9,-4745.3,-4746.5,-4747.5,-4747.9,-4749.2,-4750.9,-4751.3,-4751.9,-4752.7,-4753.6,-4753.6,-4754.1,-4754.7,-4755.4,-4756.2,-4756.2,-4774.1,-4757.4,-4758.2,-4758.6,-4758.6,-4758.4,-4758.6,-4758.8,-4759.4,-4759.1,-4774.4,-4759.6,-4760.1,-4760.6,-4759.5,-4760.0,-4759.9,-4759.2,-4759.2,-4759.1,-4759.2,-4759.2,-4759.0,-4759.2,-4760.6,-4761.2,-4758.5,-4757.4,-4757.9,-4758.0,-4757.9,-4757.7,-4757.4,-4756.3,-4756.1,-4755.1,-4754.3,-4753.9,-4753.1,-4752.7,-4752.3,-4751.9,-4752.5,-4750.9,-4749.0,-4752.1,-4755.7,-4751.2,-4747.8,-4747.2,-4746.6,-4745.9,-4749.4,-4744.4,-4743.7,-4746.5,-4741.7,-4741.7,-4741.2,-4740.2,-4739.9,-4739.1,-4737.4,-4736.9,-4735.8,-4736.3,-4737.0,-4734.0,-4733.0,-4731.3,-4730.4,-4729.7,-4728.9,-4727.9,-4731.1,-4739.0,-4723.5,-4723.9,-4724.2,-4724.6,-4722.9,-4721.2,-4721.2,-4719.9,-4719.7,-4718.8,-4717.6,-4717.6,-4730.3,-4715.8,-4715.1,-4714.5,-4714.2,-4714.6,-4732.4,-4712.7,-4712.7,-4712.2,-4711.6,-4711.7,-4711.8,-4711.0,-4710.9,-4710.9,-4710.8,-4711.4,-4711.0,-4711.7,-4711.2,-4711.4,-4712.2,-4711.9,-4733.9,-4752.1,-4712.8,-4713.0,-4713.1,-4714.6,-4714.0,-4715.4,-4715.6,-4715.5,-4716.0,-4717.2,-4717.9,-4718.0,-4718.7,-4720.6,-4731.4,-4720.7,-4721.5,-4722.3,-4723.1,-4724.6,-4725.3,-4725.8,-4727.6,-4728.8,-4729.6,-4730.3,-4733.3,-4732.7,-4733.7,-4735.0,-4736.7,-4738.4
-4823.1,-4819.6,-4815.7,-4811.4,-4809.1,-4805.0,-4801.9,-4797.7,-4796.1,-4790.7,-4787.6,-4784.9,-4782.2,-4778.4,-4775.0,-4772.4,-4769.2,-4766.3,-4763.3,-4760.4,-4757.4,-4754.9,-4752.4,-4749.7,-4747.3,-4745.0,-4742.7,-4740.5,-4738.3,-4736.3,-4734.2,-4732.3,-4730.3,-4728.5,-4726.7,-4724.9,-4723.2,-4721.6,-4720.1,-4719.0,-4717.6,-4716.5,-4714.8,-4713.6,-4712.0,-4710.6,-4709.9,-4708.5,-4707.3,-4706.9,-4704.9,-4704.3,-4703.6,-4703.4,-4702.3,-4701.3,-4699.7,-4699.8,-4698.9,-4698.2,-4698.2,-4697.7,-4696.8,-4696.5,-4696.0,-4696.5,-4695.8,-4695.2,-4694.6,-4712.3,-4694.2,-4693.9,-4694.5,-4694.4,-4692.8,-4693.1,-4693.1,-4692.5,-4692.9,-4691.9,-4692.4,-4691.6,-4690.8,-4690.3,-4690.6,-4691.1,-4689.9,-4689.6,-4689.5,-4688.3,-4688.1,-4688.1,-4688.0,-4688.3,-4687.5,-4687.4,-4688.5,-4687.2,-4687.1,-4686.5,-4685.7,-4685.8,-4685.8,-4685.7,-4683.1,-4682.9,-4682.1,-4682.3,-4681.4,-4681.0,-4680.4,-4680.0,-4679.1,-4678.6,-4677.8,-4677.2,-4676.7,-4676.0,-4676.3,-4675.8,-4675.1,-4674.3,-4673.8,-4673.0,-4672.5,-4671.4,-4687.2,-4670.3,-4669.8,-4669.1,-4668.5,-4668.1,-4668.2,-4667.8,-4667.6,-4666.7,-4666.0,-4666.1,-4665.1,-4664.5,-4664.4,-4664.8,-4663.9,-4663.8,-4662.9,-4663.3,-4663.8,-4663.8,-4663.2,-4662.6,-4662.6,-4663.9,-4663.0,-4662.5,-4662.7,-4662.6,-4662.3,-4661.7,-4661.6,-4661.6,-4661.6,-4661.6,-4660.6,-4664.8,-4660.8,-4650.5,-4631.5,-4601.9,-4551.0,-4468.2,-4376.5,-4273.4,-4172.6,-4061.5,-3929.9,-3778.5,-3576.7,-3391.0,-3169.6,-2987.8,-2801.6,-2699.9,-2636.6,-2627.2,-2627.2,-2625.1,-2625.5,-2624.4,-2624.3,-2625.8,-2624.1,-2625.4,-2625.8,-2625.7,-2623.5,-2628.2,-2676.0,-2767.3,-2927.2,-3101.5,-3278.2,-3438.9,-3623.0,-3844.9,-4091.7,-4333.9,-4513.4,-4608.7,-4642.3,-4643.7,-4644.9,-4644.5,-4644.2,-4644.0,-4643.8,-4643.6,-4643.5,-4643.4,-4643.4,-4643.4,-4643.5,-4643.6,-4643.8,-4644.5,-4644.8,-4645.3,-4645.1,-4646.2,-4646.2,-4646.5,-4649.2,-4649.2,-4649.3,-4649.7,-4650.6,-4651.8,-4652.8,-4653.5,-4654.2,-4655.4,-4657.0,-4658.0,-4659.2,-4660.1,-4662.5,-4663.3,-4664.6,-4667.0,-4667.7,-4668.3,-4668.0,-4670.1,-4671.7,-4672.2,-4673.9,-4674.8,-4676.3,-4678.0,-4679.3,-4680.4,-4682.3,-4684.1,-4685.0,-4686.8,-4688.3,-4689.2,-4690.7,-4693.2,-4694.0,-4695.7,-4696.0,-4697.2,-4698.7,-4700.1,-4701.3,-4702.0,-4703.3,-4704.2,-4705.1,-4706.4,-4707.6,-4708.8,-4711.1,-4712.6,-4713.4,-4715.0,-4716.0,-4716.8,-4716.8,-4717.5,-4719.4,-4719.4,-4720.3,-4721.1,-4722.1,-4723.3,-4724.0,-4725.6,-4726.6,-4727.2,-4728.1,-4746.9,-4730.1,-4730.9,-4731.8,-4732.8,-4733.8,-4734.6,-4735.8,-4736.8,-4738.2,-4738.6,-4739.4,-4740.2,-4741.1,-4742.4,-4743.5,-4744.2,-4744.2,-4745.4,-4745.8,-4746.0,-4746.7,-4747.3,-4748.1,-4748.1,-4767.0,-4749.1,-4750.1,-4750.3,-4750.5,-4750.2,-4750.5,-4750.7,-4751.4,-4751.0,-4767.4,-4751.5,-4752.0,-4752.6,-4751.6,-4751.9,-4751.8,-4751.2,-4751.1,-4751.0,-4751.0,-4751.2,-4750.9,-4751.9,-4752.0,-4762.1,-4753.5,-4751.1,-4750.0,-4750.3,-4750.1,-4749.1,-4749.3,-4749.2,-4749.0,-4747.4,-4746.1,-4746.1,-4745.4,-4744.6,-4743.6,-4743.4,-4753.7,-4746.9,-4743.7,-4736.4,-4734.5,-4720.8,-4715.5,-4715.2,-4714.6,-4713.9,-4718.5,-4712.6,-4711.8,-4710.6,-4709.9,-4710.0,-4709.5,-4708.1,-4708.4,-4707.1,-4706.8,-4706.0,-4704.5,-4707.4,-4703.1,-4702.5,-4701.5,-4701.0,-4698.9,-4698.3,-4697.3,-4697.3,-4704.3,-4720.6,-4716.5,-4716.8,-4717.4,-4719.5,-4713.5,-4713.3,-4713.0,-4712.4,-4711.7,-4711.2,-4709.6,-4718.4,-4724.0,-4707.8,-4707.1,-4706.5,-4706.2,-4755.2,-4726.1,-4704.6,-4704.6,-4704.3,-4704.3,-4704.3,-4704.4,-4703.6,-4703.5,-4703.4,-4703.4,-4704.0,-4703.5,-4704.1,-4703.7,-4704.0,-4736.1,-4704.0,-4705.0,-4719.2,-4705.6,-4706.1,-4705.3,-4707.0,-4706.3,-4707.8,-4707.9,-4707.6,-4708.1,-4709.4,-4710.1,-4710.1,-4711.1,-4712.6,-4723.4,-4712.7,-4713.5,-4714.3,-4715.2,-4716.6,-4717.1,-4717.6,-4719.5,-4720.4,-4720.9,-4722.2,-4724.0,-4724.4,-4725.5,-4727.5,-4729.0,-4730.0
-4817.7,-4813.9,-4810.2,-4806.7,-4803.5,-4799.5,-4796.3,-4793.4,-4798.9,-4786.1,-4782.5,-4779.1,-4776.4,-4773.2,-4770.1,-4767.2,-4764.4,-4761.1,-4758.0,-4755.4,-4752.6,-4750.5,-4747.5,-4744.6,-4742.0,-4739.6,-4737.3,-4735.1,-4732.9,-4730.8,-4728.8,-4726.8,-4724.9,-4723.0,-4721.2,-4719.4,-4717.7,-4716.3,-4715.2,-4713.4,-4712.6,-4710.5,-4709.4,-4708.0,-4706.7,-4705.2,-4704.0,-4704.3,-4701.8,-4699.9,-4699.2,-4698.3,-4697.4,-4696.9,-4696.0,-4695.8,-4693.7,-4693.6,-4692.7,-4691.6,-4691.5,-4691.1,-4690.8,-4690.5,-4689.7,-4690.1,-4689.1,-4688.1,-4688.7,-4688.1,-4687.7,-4687.2,-4687.4,-4687.7,-4687.1,-4686.4,-4686.5,-4686.2,-4686.0,-4684.8,-4684.7,-4684.4,-4684.0,-4683.5,-4683.7,-4684.0,-4683.4,-4683.4,-4683.3,-4681.6,-4681.2,-4680.7,-4680.8,-4680.3,-4680.9,-4680.2,-4680.9,-4679.2,-4679.9,-4679.9,-4678.9,-4678.3,-4677.6,-4677.2,-4676.0,-4675.1,-4675.0,-4675.1,-4673.9,-4673.3,-4672.9,-4673.3,-4672.0,-4671.2,-4670.3,-4669.8,-4669.5,-4668.9,-4668.9,-4667.8,-4666.8,-4667.3,-4665.6,-4665.7,-4664.8,-4663.8,-4680.7,-4662.9,-4662.2,-4661.5,-4660.9,-4660.9,-4660.3,-4659.6,-4659.6,-4659.0,-4658.6,-4658.1,-4657.9,-4656.8,-4656.9,-4657.1,-4656.6,-4656.6,-4656.6,-4656.0,-4656.3,-4656.2,-4655.5,-4655.0,-4655.0,-4655.9,-4655.0,-4655.3,-4654.9,-4653.5,-4656.8,-4654.7,-4654.6,-4654.8,-4654.9,-4654.9,-4654.1,-4648.2,-4634.2,-4607.5,-4570.6,-4522.6,-4453.6,-4363.1,-4232.0,-4107.4,-3973.9,-3848.0,-3719.7,-3560.7,-3386.4,-3164.8,-2965.7,-2734.4,-2529.0,-2355.0,-2251.4,-2192.8,-2181.4,-2179.5,-2179.4,-2178.2,-2177.9,-2179.5,-2179.0,-2181.3,-2182.6,-2179.4,-2181.3,-2230.1,-2321.9,-2482.1,-2662.7,-2847.3,-3019.0,-3221.5,-3468.4,-3759.1,-4066.6,-4327.9,-4506.8,-4601.7,-4635.3,-4636.8,-4638.1,-4637.7,-4637.5,-4637.3,-4637.2,-4637.1,-4637.1,-4637.0,-4637.1,-4637.1,-4637.2,-4637.3,-4637.5,-4637.9,-4638.3,-4638.6,-4638.6,-4639.2,-4639.7,-4640.1,-4642.9,-4651.9,-4642.6,-4642.8,-4643.6,-4644.6,-4646.1,-4646.5,-4647.2,-4648.5,-4649.3,-4650.9,-4651.8,-4652.3,-4654.0,-4656.4,-4658.7,-4660.5,-4659.7,-4661.2,-4661.2,-4663.1,-4664.8,-4665.8,-4666.5,-4668.3,-4669.3,-4670.8,-4672.4,-4673.7,-4674.8,-4676.7,-4678.5,-4679.0,-4681.1,-4682.4,-4683.8,-4685.0,-4686.3,-4688.1,-4689.7,-4690.6,-4691.9,-4692.9,-4694.4,-4698.2,-4696.2,-4697.1,-4698.4,-4699.5,-4701.1,-4702.1,-4703.1,-4704.7,-4705.5,-4706.7,-4707.4,-4708.4,-4709.5,-4710.0,-4712.1,-4711.9,-4712.9,-4713.7,-4714.7,-4715.9,-4716.5,-4718.1,-4719.5,-4719.6,-4720.7,-4740.3,-4722.5,-4723.2,-4724.0,-4725.0,-4726.0,-4726.9,-4727.9,-4728.9,-4729.7,-4731.0,-4731.6,-4732.0,-4733.4,-4735.1,-4735.7,-4735.7,-4736.3,-4737.6,-4737.5,-4737.8,-4738.5,-4739.1,-4739.9,-4739.9,-4759.9,-4741.1,-4741.3,-4742.1,-4742.2,-4742.0,-4742.2,-4742.4,-4743.2,-4742.7,-4760.2,-4743.2,-4743.8,-4744.5,-4743.3,-4743.9,-4743.8,-4743.1,-4743.1,-4743.0,-4743.1,-4743.2,-4742.9,-4742.8,-4743.7,-4743.5,-4750.9,-4754.7,-4742.5,-4742.9,-4742.4,-4741.2,-4742.0,-4740.1,-4739.5,-4739.5,-4738.1,-4737.4,-4736.3,-4740.5,-4737.9,-4736.2,-4738.1,-4731.1,-4721.1,-4703.4,-4684.3,-4659.4,-4635.4,-4628.9,-4628.8,-4628.3,-4633.9,-4626.9,-4626.3,-4625.1,-4624.4,-4624.5,-4624.0,-4622.7,-4621.0,-4622.3,-4620.5,-4619.7,-4619.7,-4621.3,-4618.0,-4618.7,-4615.7,-4615.9,-4613.9,-4613.1,-4613.1,-4632.3,-4654.3,-4673.3,-4682.4,-4685.3,-4693.8,-4702.2,-4706.4,-4706.4,-4707.8,-4706.3,-4705.5,-4703.7,-4703.0,-4709.5,-4714.1,-4701.0,-4700.3,-4699.8,-4699.1,-4702.9,-4716.0,-4697.5,-4698.5,-4701.1,-4695.0,-4696.0,-4696.3,-4696.2,-4695.6,-4695.0,-4695.0,-4695.7,-4695.2,-4695.8,-4695.3,-4695.7,-4716.5,-4695.7,-4696.2,-4697.1,-4697.6,-4697.6,-4696.8,-4698.5,-4697.6,-4699.3,-4699.4,-4699.0,-4699.5,-4700.6,-4701.4,-4701.5,-4702.4,-4712.3,-4704.2,-4703.9,-4704.6,-4705.4,-4706.4,-4707.9,-4708.6,-4708.8,-4710.6,-4711.6,-4712.4,-4713.1,-4714.9,-4715.4,-4716.8,-4718.4,-4719.7,-4721.8
-4813.0,-4809.4,-4805.2,-4802.0,-4798.5,-4794.6,-4790.7,-4787.1,-4783.8,-4780.6,-4777.6,-4774.6,-4771.0,-4767.7,-4765.0,-4761.5,-4759.5,-4756.4,-4753.1,-4750.8,-4748.5,-4745.1,-4741.9,-4739.5,-4736.8,-4734.5,-4732.2,-4729.9,-4727.8,-4725.6,-4723.6,-4721.6,-4719.6,-4717.7,-4715.9,-4714.1,-4712.7,-4710.7,-4709.5,-4707.9,-4706.9,-4705.0,-4703.7,-4702.1,-4701.6,-4700.2,-4699.1,-4698.5,-4696.7,-4694.8,-4693.4,-4692.2,-4691.3,-4691.0,-4690.3,-4689.4,-4688.2,-4688.1,-4686.9,-4685.9,-4685.3,-4684.9,-4685.4,-4684.8,-4683.5,-4683.7,-4682.8,-4682.0,-4681.9,-4681.9,-4681.4,-4681.3,-4680.7,-4680.3,-4680.0,-4679.5,-4679.7,-4679.8,-4678.9,-4678.8,-4677.9,-4677.7,-4677.7,-4677.4,-4677.0,-4676.4,-4676.4,-4675.3,-4677.0,-4675.4,-4674.6,-4674.1,-4674.1,-4673.7,-4673.6,-4673.1,-4673.0,-4672.1,-4672.6,-4672.7,-4671.8,-4670.4,-4670.0,-4669.0,-4668.5,-4668.3,-4667.8,-4667.2,-4666.9,-4666.2,-4665.8,-4665.0,-4664.2,-4663.7,-4662.9,-4662.3,-4662.2,-4661.7,-4661.2,-4659.9,-4659.4,-4658.5,-4658.2,-4658.0,-4656.8,-4656.2,-4674.1,-4655.2,-4654.6,-4653.9,-4653.3,-4653.1,-4652.7,-4651.9,-4651.8,-4650.9,-4650.7,-4651.0,-4650.1,-4649.2,-4649.5,-4649.0,-4649.3,-4648.7,-4648.4,-4648.0,-4647.9,-4648.1,-4647.8,-4647.4,-4647.5,-4648.2,-4648.2,-4646.8,-4649.1,-4646.4,-4641.6,-4634.8,-4626.0,-4622.8,-4623.2,-4623.1,-4621.0,-4612.8,-4584.2,-4541.9,-4474.1,-4407.6,-4322.6,-4216.5,-4093.3,-3922.6,-3770.5,-3613.0,-3474.8,-3323.7,-3148.3,-2960.6,-2729.4,-2516.3,-2274.6,-2083.0,-1907.3,-1808.7,-1750.2,-1740.5,-1741.9,-1742.2,-1740.8,-1742.3,-1744.0,-1746.9,-1745.7,-1744.2,-1789.5,-1876.4,-2034.0,-2217.6,-2401.4,-2577.3,-2786.7,-3052.8,-3374.7,-3732.2,-4061.2,-4321.8,-4500.0,-4594.9,-4628.5,-4630.3,-4631.7,-4631.5,-4631.4,-4631.3,-4631.3,-4631.3,-4631.3,-4631.3,-4631.4,-4631.5,-4631.6,-4631.7,-4631.8,-4632.2,-4632.8,-4633.5,-4632.7,-4633.4,-4633.9,-4634.6,-4661.3,-4665.8,-4636.2,-4636.6,-4637.1,-4638.7,-4638.9,-4639.6,-4640.4,-4641.8,-4643.0,-4643.7,-4645.1,-4646.2,-4647.2,-4648.7,-4651.0,-4652.5,-4653.6,-4654.3,-4654.7,-4656.1,-4658.1,-4658.8,-4660.2,-4661.4,-4662.9,-4664.5,-4665.9,-4667.6,-4667.8,-4669.7,-4670.8,-4672.7,-4674.0,-4676.0,-4676.9,-4677.4,-4679.1,-4680.8,-4682.1,-4683.5,-4685.1,-4686.9,-4687.6,-4689.7,-4689.1,-4690.8,-4691.5,-4693.3,-4694.0,-4695.3,-4695.8,-4697.4,-4698.4,-4699.3,-4699.8,-4701.4,-4701.9,-4702.6,-4704.5,-4704.6,-4705.6,-4706.3,-4707.2,-4708.4,-4709.0,-4710.5,-4711.6,-4712.0,-4712.8,-4733.7,-4714.8,-4715.4,-4716.2,-4717.2,-4718.1,-4719.1,-4720.1,-4720.7,-4721.8,-4722.4,-4723.5,-4724.1,-4725.0,-4726.5,-4727.6,-4727.6,-4728.2,-4729.6,-4729.4,-4729.6,-4730.2,-4730.8,-4731.6,-4731.6,-4752.6,-4732.4,-4732.8,-4733.7,-4733.9,-4733.6,-4733.7,-4734.1,-4734.8,-4734.4,-4752.9,-4735.2,-4735.5,-4736.0,-4734.3,-4735.1,-4734.8,-4734.2,-4734.2,-4734.1,-4734.2,-4734.4,-4734.1,-4734.7,-4734.0,-4734.0,-4734.1,-4744.5,-4733.3,-4734.0,-4734.4,-4732.1,-4737.5,-4733.4,-4732.5,-4733.3,-4730.9,-4730.3,-4729.4,-4725.2,-4717.6,-4707.0,-4700.0,-4710.8,-4674.4,-4639.8,-4593.9,-4548.8,-4505.5,-4470.1,-4461.3,-4461.3,-4468.2,-4460.3,-4459.6,-4458.5,-4457.9,-4459.1,-4457.0,-4456.0,-4456.6,-4454.5,-4454.2,-4453.5,-4453.8,-4457.0,-4450.9,-4451.6,-4451.1,-4449.4,-4447.6,-4448.8,-4477.0,-4518.8,-4559.1,-4585.3,-4601.1,-4623.0,-4644.8,-4663.6,-4671.3,-4674.4,-4676.5,-4675.9,-4674.9,-4673.1,-4671.4,-4679.0,-4683.6,-4669.4,-4668.8,-4668.2,-4667.6,-4672.3,-4685.1,-4667.5,-4674.9,-4685.3,-4687.6,-4688.4,-4691.4,-4691.6,-4690.7,-4688.7,-4687.9,-4687.6,-4688.8,-4688.1,-4687.8,-4689.3,-4698.7,-4688.6,-4688.8,-4689.0,-4689.0,-4689.3,-4689.8,-4692.6,-4690.0,-4694.1,-4693.2,-4691.8,-4692.3,-4692.8,-4699.9,-4694.0,-4695.7,-4700.5,-4696.0,-4696.7,-4697.5,-4698.3,-4699.1,-4701.0,-4703.7,-4701.1,-4703.0,-4703.6,-4703.9,-4705.0,-4706.9,-4707.4,-4708.4,-4711.7,-4715.0,-4712.2
-4807.8,-4804.6,-4800.7,-4797.3,-4793.4,-4789.9,-4786.3,-4782.8,-4779.0,-4776.1,-4773.0,-4769.7,-4766.1,-4763.0,-4759.7,-4756.7,-4753.9,-4751.7,-4747.9,-4745.8,-4743.4,-4740.9,-4737.3,-4734.6,-4731.9,-4729.6,-4727.2,-4725.0,-4722.8,-4720.6,-4718.6,-4716.5,-4714.6,-4712.6,-4710.8,-4709.2,-4707.4,-4705.8,-4704.0,-4703.4,-4701.9,-4699.8,-4698.7,-4697.1,-4695.8,-4695.1,-4692.7,-4692.7,-4690.8,-4689.1,-4687.9,-4686.8,-4686.2,-4685.1,-4684.5,-4683.2,-4682.5,-4682.4,-4681.5,-4679.8,-4679.8,-4679.3,-4678.8,-4678.4,-4678.0,-4677.4,-4677.4,-4676.0,-4675.6,-4676.2,-4675.8,-4674.5,-4674.2,-4673.9,-4673.8,-4673.2,-4673.4,-4673.0,-4671.9,-4671.3,-4671.0,-4670.8,-4670.5,-4671.4,-4671.0,-4669.5,-4669.5,-4669.9,-4669.3,-4668.0,-4667.8,-4667.2,-4667.1,-4666.6,-4666.7,-4666.7,-4665.7,-4665.6,-4665.6,-4664.5,-4663.9,-4663.4,-4662.5,-4662.0,-4661.7,-4661.1,-4660.8,-4659.6,-4659.7,-4658.7,-4658.0,-4658.4,-4657.1,-4656.3,-4655.5,-4654.9,-4654.6,-4654.4,-4653.8,-4652.8,-4651.7,-4652.8,-4650.8,-4650.3,-4649.6,-4648.7,-4667.6,-4647.7,-4647.0,-4646.3,-4645.7,-4645.3,-4644.8,-4644.8,-4644.4,-4643.3,-4642.7,-4642.7,-4642.3,-4641.6,-4641.9,-4641.7,-4641.0,-4640.8,-4640.8,-4640.9,-4640.4,-4640.5,-4640.3,-4639.7,-4639.7,-4640.4,-4639.3,-4642.0,-4635.0,-4624.6,-4608.0,-4587.1,-4565.7,-4543.7,-4537.9,-4538.5,-4537.5,-4527.8,-4502.8,-4441.5,-4357.2,-4259.3,-4152.5,-4041.0,-3906.9,-3754.9,-3554.5,-3381.6,-3214.8,-3055.5,-2894.9,-2710.1,-2515.6,-2275.1,-2065.8,-1834.3,-1648.6,-1483.1,-1390.9,-1339.1,-1329.6,-1330.4,-1329.1,-1331.6,-1334.9,-1333.7,-1332.3,-1372.0,-1453.1,-1602.0,-1772.8,-1960.6,-2130.3,-2340.9,-2614.3,-2954.8,-3347.0,-3727.4,-4055.7,-4315.5,-4493.7,-4588.6,-4622.3,-4624.4,-4625.9,-4625.9,-4625.8,-4625.9,-4625.9,-4625.9,-4626.0,-4626.0,-4626.1,-4626.2,-4626.3,-4626.4,-4626.6,-4627.0,-4627.2,-4627.5,-4628.1,-4628.4,-4628.9,-4628.5,-4629.1,-4629.3,-4629.6,-4630.0,-4630.9,-4631.7,-4632.4,-4633.1,-4633.7,-4634.8,-4635.4,-4636.9,-4638.0,-4639.5,-4640.7,-4642.3,-4643.9,-4645.1,-4645.9,-4647.1,-4648.8,-4649.4,-4651.2,-4653.6,-4653.9,-4654.6,-4656.2,-4657.5,-4658.8,-4660.2,-4661.4,-4663.7,-4665.2,-4665.9,-4667.6,-4701.4,-4704.3,-4672.1,-4672.6,-4674.4,-4675.5,-4677.3,-4677.9,-4678.7,-4681.1,-4682.3,-4682.0,-4684.2,-4685.0,-4686.3,-4686.8,-4687.8,-4689.0,-4690.4,-4691.2,-4692.1,-4692.5,-4693.8,-4694.7,-4695.4,-4697.1,-4697.3,-4698.0,-4698.8,-4699.7,-4700.8,-4701.3,-4702.9,-4704.2,-4704.2,-4705.2,-4726.9,-4706.9,-4707.6,-4708.3,-4709.2,-4710.1,-4711.1,-4712.0,-4713.1,-4713.5,-4714.4,-4715.4,-4715.7,-4716.9,-4718.4,-4719.7,-4720.2,-4720.1,-4720.8,-4720.8,-4721.2,-4721.7,-4722.4,-4723.2,-4723.1,-4745.1,-4723.8,-4724.3,-4725.2,-4725.4,-4725.1,-4725.2,-4725.6,-4726.4,-4725.9,-4745.6,-4726.7,-4726.1,-4734.2,-4727.6,-4729.5,-4726.7,-4725.8,-4726.6,-4726.4,-4726.7,-4726.6,-4727.3,-4727.3,-4727.2,-4727.2,-4728.0,-4730.6,-4729.7,-4728.2,-4727.9,-4725.3,-4724.8,-4714.7,-4702.3,-4704.6,-4700.7,-4699.1,-4695.5,-4687.9,-4669.6,-4646.2,-4621.1,-4608.5,-4583.0,-4538.8,-4472.8,-4397.0,-4324.0,-4265.4,-4219.9,-4209.4,-4217.9,-4209.2,-4208.6,-4207.6,-4207.1,-4207.7,-4207.3,-4206.3,-4206.7,-4205.0,-4204.0,-4205.9,-4202.6,-4204.6,-4200.0,-4202.5,-4203.4,-4198.9,-4201.3,-4236.5,-4292.1,-4356.3,-4401.7,-4432.0,-4468.1,-4507.4,-4549.7,-4576.5,-4588.5,-4590.3,-4589.4,-4589.9,-4590.1,-4588.3,-4586.6,-4595.2,-4599.8,-4584.6,-4583.9,-4583.3,-4582.7,-4587.9,-4602.2,-4602.5,-4624.6,-4644.4,-4655.4,-4665.8,-4673.9,-4676.1,-4674.2,-4668.7,-4657.7,-4655.4,-4656.9,-4656.2,-4655.9,-4657.4,-4664.7,-4656.2,-4657.4,-4658.0,-4658.1,-4657.2,-4657.8,-4659.4,-4657.9,-4658.8,-4659.2,-4659.6,-4660.1,-4660.6,-4667.8,-4662.7,-4664.1,-4669.2,-4663.6,-4664.3,-4665.1,-4665.9,-4666.3,-4667.9,-4669.4,-4669.7,-4671.4,-4672.4,-4671.4,-4672.5,-4673.7,-4674.4,-4677.3,-4688.1,-4700.0,-4707.1
-4803.6,-4800.3,-4797.0,-4793.3,-4789.0,-4785.2,-4781.9,-4778.6,-4775.1,-4771.3,-4768.2,-4764.6,-4761.5,-4758.3,-4755.3,-4751.9,-4749.7,-4746.8,-4743.4,-4741.2,-4738.4,-4735.9,-4733.1,-4730.0,-4727.2,-4724.8,-4722.5,-4720.2,-4718.0,-4715.9,-4713.7,-4711.7,-4709.7,-4707.8,-4706.3,-4704.5,-4703.1,-4701.6,-4699.4,-4698.1,-4697.0,-4694.8,-4693.2,-4692.3,-4690.7,-4690.0,-4687.9,-4686.6,-4685.3,-4683.6,-4683.1,-4681.8,-4681.5,-4680.6,-4678.8,-4678.5,-4677.8,-4676.4,-4675.5,-4674.9,-4673.7,-4674.1,-4672.7,-4672.3,-4671.4,-4671.0,-4670.8,-4670.4,-4669.7,-4669.6,-4669.8,-4668.9,-4668.2,-4667.8,-4667.6,-4667.3,-4666.9,-4666.6,-4666.1,-4664.9,-4664.4,-4663.9,-4663.9,-4664.6,-4663.9,-4663.3,-4662.9,-4662.5,-4662.6,-4661.6,-4661.1,-4660.4,-4659.8,-4659.8,-4660.2,-4659.2,-4658.3,-4658.6,-4659.6,-4657.9,-4656.5,-4656.8,-4655.3,-4654.6,-4654.8,-4654.3,-4653.0,-4652.7,-4652.0,-4651.6,-4650.9,-4650.4,-4649.4,-4648.9,-4648.1,-4647.4,-4647.1,-4647.1,-4646.3,-4645.8,-4645.8,-4667.7,-4657.9,-4643.9,-4642.4,-4641.2,-4661.1,-4640.1,-4639.5,-4638.7,-4638.2,-4637.8,-4637.1,-4637.0,-4636.6,-4635.7,-4635.0,-4635.0,-4635.1,-4634.0,-4634.3,-4634.2,-4633.6,-4634.5,-4634.1,-4633.5,-4633.2,-4633.0,-4632.7,-4632.2,-4631.1,-4635.8,-4636.9,-4625.1,-4610.3,-4581.7,-4545.9,-4501.3,-4456.5,-4415.3,-4380.9,-4372.8,-4373.7,-4370.7,-4348.8,-4300.3,-4205.1,-4088.2,-3954.6,-3828.2,-3696.4,-3538.1,-3365.6,-3144.0,-2965.9,-2778.6,-2614.6,-2448.5,-2259.5,-2064.5,-1830.0,-1630.6,-1410.1,-1238.1,-1092.4,-1012.8,-968.1,-959.4,-958.7,-959.8,-961.7,-963.5,-994.7,-1066.3,-1200.0,-1355.8,-1528.3,-1697.1,-1900.1,-2168.8,-2515.5,-2927.2,-3343.0,-3722.7,-4050.1,-4309.8,-4487.9,-4582.9,-4616.7,-4619.0,-4620.6,-4620.6,-4620.6,-4620.7,-4620.7,-4620.7,-4620.8,-4620.9,-4621.0,-4621.1,-4621.2,-4621.3,-4621.5,-4621.6,-4622.0,-4622.4,-4623.1,-4622.7,-4623.4,-4622.9,-4624.0,-4624.3,-4624.6,-4624.8,-4625.3,-4625.7,-4626.2,-4626.9,-4627.4,-4628.7,-4630.1,-4630.4,-4631.8,-4633.6,-4634.5,-4635.4,-4637.7,-4638.2,-4639.3,-4640.4,-4641.8,-4643.0,-4645.3,-4646.2,-4646.8,-4648.1,-4650.0,-4650.5,-4651.9,-4653.4,-4655.2,-4656.9,-4658.6,-4659.7,-4660.6,-4662.2,-4663.6,-4664.4,-4665.7,-4666.9,-4668.8,-4670.6,-4671.2,-4671.5,-4673.6,-4674.6,-4675.3,-4677.5,-4679.3,-4679.6,-4679.9,-4680.6,-4682.3,-4683.1,-4684.1,-4685.1,-4685.9,-4686.7,-4687.7,-4688.4,-4689.2,-4689.9,-4690.6,-4691.3,-4692.1,-4693.1,-4693.6,-4695.2,-4695.8,-4696.5,-4697.2,-4720.1,-4699.0,-4699.6,-4700.3,-4701.2,-4702.1,-4702.8,-4704.1,-4704.7,-4706.4,-4706.1,-4707.0,-4707.6,-4708.3,-4709.6,-4710.4,-4711.4,-4711.2,-4712.2,-4712.5,-4712.7,-4713.2,-4713.8,-4714.6,-4714.6,-4737.6,-4715.5,-4715.7,-4716.7,-4716.8,-4716.6,-4716.9,-4717.0,-4717.8,-4717.4,-4738.2,-4716.7,-4721.0,-4715.3,-4707.6,-4695.8,-4693.7,-4693.0,-4694.0,-4693.8,-4694.9,-4699.3,-4695.9,-4696.0,-4694.8,-4695.7,-4695.2,-4696.4,-4695.2,-4693.8,-4694.7,-4691.1,-4683.7,-4664.8,-4641.4,-4617.4,-4613.1,-4613.3,-4612.0,-4599.5,-4577.0,-4536.0,-4492.6,-4454.0,-4424.0,-4381.3,-4312.2,-4220.0,-4114.6,-4022.5,-3951.0,-3897.7,-3895.3,-3886.2,-3886.0,-3885.1,-3884.6,-3884.4,-3885.0,-3885.7,-3883.8,-3885.5,-3882.7,-3882.1,-3880.9,-3882.5,-3879.1,-3878.5,-3882.0,-3880.9,-3923.4,-3989.7,-4070.5,-4135.2,-4179.2,-4227.1,-4283.3,-4345.2,-4394.6,-4420.8,-4425.9,-4425.0,-4424.3,-4423.6,-4422.9,-4423.0,-4421.4,-4431.1,-4434.7,-4419.4,-4418.7,-4418.1,-4416.7,-4427.4,-4459.7,-4489.1,-4529.0,-4559.0,-4591.2,-4616.1,-4633.4,-4638.6,-4636.3,-4620.8,-4597.2,-4576.0,-4571.3,-4571.2,-4570.9,-4573.4,-4576.5,-4574.2,-4572.1,-4570.7,-4571.8,-4572.2,-4572.4,-4573.0,-4572.5,-4573.4,-4573.7,-4574.1,-4574.6,-4575.0,-4581.4,-4577.1,-4578.5,-4583.5,-4577.9,-4578.6,-4579.3,-4580.0,-4580.1,-4581.8,-4584.3,-4583.9,-4584.8,-4585.9,-4585.7,-4586.6,-4587.1,-4590.8,-4612.5,-4647.3,-4678.9,-4695.6
-4799.7,-4797.8,-4793.0,-4788.5,-4785.5,-4781.7,-4778.7,-4774.7,-4771.2,-4767.5,-4764.6,-4760.8,-4757.3,-4754.5,-4751.3,-4748.4,-4745.5,-4742.2,-4739.5,-4736.4,-4734.0,-4731.1,-4728.4,-4725.4,-4722.7,-4720.3,-4718.0,-4715.7,-4713.4,-4711.2,-4709.1,-4707.0,-4705.0,-4703.4,-4701.6,-4699.7,-4698.3,-4696.5,-4695.1,-4692.8,-4691.5,-4689.5,-4688.4,-4687.5,-4685.9,-4684.7,-4682.7,-4681.2,-4679.8,-4678.5,-4677.3,-4676.7,-4675.6,-4675.0,-4673.1,-4672.3,-4671.9,-4670.8,-4669.5,-4669.5,-4668.7,-4667.7,-4667.1,-4666.7,-4665.5,-4665.3,-4665.3,-4664.5,-4663.8,-4663.4,-4663.0,-4663.2,-4662.8,-4661.7,-4662.0,-4660.7,-4660.7,-4660.2,-4659.7,-4658.7,-4658.5,-4657.8,-4657.8,-4657.5,-4656.4,-4656.8,-4657.2,-4656.0,-4655.3,-4654.7,-4655.5,-4654.6,-4653.5,-4653.5,-4653.6,-4652.7,-4652.0,-4651.5,-4653.0,-4650.0,-4649.4,-4649.0,-4648.4,-4648.2,-4647.8,-4646.8,-4646.0,-4645.8,-4644.7,-4644.0,-4643.5,-4643.9,-4642.5,-4641.6,-4640.7,-4640.1,-4639.5,-4639.0,-4638.6,-4638.5,-4637.9,-4682.9,-4658.4,-4636.6,-4634.8,-4633.7,-4654.7,-4632.7,-4631.9,-4631.2,-4630.6,-4630.3,-4629.9,-4629.6,-4629.0,-4628.0,-4627.8,-4627.5,-4627.9,-4626.4,-4626.4,-4626.4,-4625.9,-4625.6,-4625.8,-4626.6,-4625.7,-4625.1,-4624.5,-4622.8,-4626.8,-4620.8,-4613.3,-4592.8,-4561.1,-4516.2,-4450.8,-4381.2,-4306.5,-4236.0,-4178.6,-4134.2,-4124.4,-4125.5,-4120.1,-4087.0,-4019.7,-3894.3,-3753.0,-3594.3,-3451.3,-3301.9,-3127.5,-2941.1,-2710.4,-2519.4,-2331.0,-2164.1,-2000.9,-1819.0,-1634.2,-1410.7,-1225.7,-1027.8,-875.0,-749.6,-683.0,-650.4,-643.5,-646.1,-648.9,-672.1,-729.2,-841.7,-978.1,-1132.8,-1283.6,-1473.9,-1732.5,-2072.6,-2488.8,-2923.9,-3339.1,-3717.9,-4045.1,-4304.7,-4482.7,-4577.6,-4611.4,-4613.8,-4615.4,-4615.4,-4615.5,-4615.5,-4615.6,-4615.6,-4615.7,-4615.8,-4615.9,-4616.0,-4616.1,-4616.2,-4616.4,-4616.8,-4617.3,-4617.6,-4617.9,-4618.0,-4618.2,-4618.2,-4618.6,-4619.2,-4619.1,-4619.8,-4619.7,-4620.3,-4621.0,-4621.1,-4621.6,-4622.5,-4623.0,-4624.5,-4626.3,-4627.5,-4629.3,-4629.5,-4630.2,-4631.0,-4632.5,-4633.7,-4635.5,-4637.5,-4640.2,-4639.7,-4640.0,-4642.0,-4643.2,-4644.3,-4645.3,-4647.1,-4648.2,-4650.5,-4651.2,-4652.8,-4654.1,-4654.8,-4656.1,-4657.8,-4659.0,-4660.3,-4661.8,-4663.0,-4663.7,-4664.9,-4666.7,-4667.6,-4668.3,-4669.6,-4671.3,-4672.8,-4673.0,-4674.1,-4675.0,-4675.8,-4677.0,-4678.0,-4679.0,-4679.8,-4681.0,-4682.2,-4681.7,-4682.1,-4682.9,-4683.6,-4684.4,-4685.4,-4685.9,-4687.6,-4687.8,-4688.7,-4689.5,-4713.2,-4691.0,-4691.6,-4692.3,-4693.1,-4693.8,-4694.8,-4695.6,-4696.4,-4697.2,-4697.8,-4698.9,-4699.1,-4700.1,-4701.5,-4702.5,-4703.1,-4703.3,-4704.4,-4703.9,-4704.1,-4704.7,-4705.2,-4706.0,-4706.0,-4730.1,-4706.8,-4707.5,-4708.0,-4708.2,-4708.0,-4708.2,-4708.4,-4709.2,-4709.0,-4730.3,-4711.5,-4702.7,-4688.5,-4661.1,-4633.9,-4613.0,-4606.3,-4607.8,-4607.6,-4607.9,-4610.1,-4609.9,-4606.7,-4607.7,-4609.8,-4607.5,-4610.0,-4609.1,-4607.5,-4606.3,-4605.3,-4595.2,-4571.0,-4530.5,-4488.0,-4453.6,-4444.9,-4445.9,-4441.8,-4418.9,-4376.4,-4311.9,-4253.2,-4202.9,-4157.7,-4099.1,-4010.9,-3892.6,-3767.4,-3659.8,-3578.7,-3530.4,-3507.3,-3507.7,-3507.2,-3506.8,-3508.6,-3507.4,-3506.0,-3506.7,-3504.9,-3505.0,-3504.9,-3504.4,-3505.8,-3503.7,-3500.4,-3505.3,-3553.0,-3628.0,-3721.3,-3798.5,-3856.6,-3913.7,-3980.6,-4062.0,-4126.6,-4167.9,-4180.3,-4177.2,-4176.0,-4176.6,-4174.8,-4173.1,-4175.4,-4172.6,-4183.3,-4184.8,-4170.5,-4169.9,-4169.1,-4172.3,-4216.9,-4271.4,-4326.4,-4376.5,-4431.9,-4480.7,-4520.5,-4549.7,-4562.4,-4560.6,-4533.1,-4487.8,-4447.3,-4411.7,-4405.4,-4405.5,-4409.1,-4410.2,-4407.1,-4405.7,-4405.3,-4407.2,-4406.3,-4406.7,-4407.3,-4406.7,-4407.5,-4407.8,-4408.2,-4408.6,-4409.0,-4415.7,-4410.4,-4412.4,-4419.4,-4412.1,-4412.2,-4412.9,-4413.2,-4414.6,-4415.9,-4418.0,-4418.2,-4417.7,-4419.4,-4419.1,-4419.2,-4423.4,-4455.9,-4527.3,-4611.8,-4664.3,-4686.0
-4796.3,-4803.3,-4790.2,-4786.7,-4782.1,-4777.9,-4774.1,-4770.2,-4767.2,-4763.2,-4759.7,-4757.5,-4753.5,-4749.8,-4747.6,-4744.6,-4740.8,-4737.7,-4734.8,-4732.3,-4729.5,-4727.1,-4724.3,-4721.4,-4718.4,-4716.0,-4713.6,-4711.3,-4709.0,-4706.8,-4704.7,-4702.7,-4700.7,-4699.1,-4697.5,-4695.6,-4693.9,-4692.3,-4690.3,-4688.3,-4687.4,-4685.0,-4683.6,-4682.2,-4680.5,-4678.8,-4677.4,-4676.4,-4675.0,-4673.5,-4672.1,-4671.1,-4670.6,-4671.7,-4669.2,-4667.4,-4666.0,-4665.6,-4664.2,-4663.9,-4663.7,-4662.2,-4662.4,-4661.8,-4660.3,-4659.7,-4659.9,-4693.7,-4658.8,-4658.0,-4657.7,-4657.3,-4656.7,-4655.8,-4655.8,-4654.9,-4655.4,-4654.6,-4653.9,-4652.9,-4653.1,-4651.3,-4651.3,-4650.7,-4650.3,-4650.2,-4650.6,-4650.2,-4649.4,-4649.5,-4649.6,-4650.3,-4647.8,-4646.7,-4646.2,-4645.5,-4644.6,-4644.8,-4645.4,-4644.3,-4642.8,-4641.8,-4641.3,-4642.1,-4640.2,-4639.8,-4639.0,-4638.2,-4637.7,-4637.1,-4636.6,-4635.7,-4634.9,-4634.3,-4633.4,-4632.8,-4632.1,-4632.3,-4631.8,-4631.1,-4630.5,-4630.8,-4629.6,-4628.5,-4627.9,-4626.2,-4648.3,-4625.1,-4624.5,-4623.7,-4623.2,-4622.5,-4622.5,-4621.5,-4642.2,-4621.6,-4620.2,-4620.2,-4620.2,-4618.8,-4618.6,-4618.5,-4618.3,-4618.1,-4617.8,-4617.9,-4616.9,-4616.1,-4621.0,-4616.9,-4609.9,-4596.2,-4567.7,-4534.3,-4484.5,-4415.6,-4333.1,-4230.5,-4131.0,-4029.0,-3938.5,-3868.3,-3816.1,-3805.1,-3806.4,-3798.8,-3755.8,-3677.1,-3526.5,-3364.6,-3191.5,-3034.7,-2875.1,-2690.8,-2501.1,-2265.5,-2071.8,-1885.8,-1723.1,-1570.1,-1395.9,-1223.1,-1024.6,-863.2,54.4,59.4,54.4,30.5,32.1,30.5,-419.3,-459.5,-546.1,-655.5,-785.8,-915.6,-1084.4,-1320.9,-1642.2,-2047.7,-2486.3,-2920.8,-3335.0,-3713.6,-4040.5,-4299.7,-4477.6,-4572.4,-4606.3,-4608.6,-4610.3,-4610.3,-4610.3,-4610.4,-4610.5,-4610.5,-4610.6,-4610.7,-4610.8,-4610.9,-4611.1,-4611.2,-4611.4,-4611.7,-4611.8,-4613.1,-4612.7,-4613.3,-4613.7,-4613.3,-4613.5,-4614.0,-4614.2,-4614.4,-4614.9,-4615.2,-4615.6,-4616.1,-4616.2,-4617.0,-4618.1,-4618.3,-4619.7,-4620.0,-4621.7,-4623.5,-4623.1,-4624.9,-4626.4,-4627.5,-4628.5,-4630.2,-4631.3,-4632.8,-4633.7,-4635.4,-4636.5,-4638.1,-4638.9,-4640.9,-4642.0,-4643.5,-4645.2,-4646.5,-4647.6,-4649.3,-4650.0,-4651.3,-4652.9,-4654.0,-4654.5,-4656.0,-4657.1,-4658.4,-4659.7,-4661.0,-4661.8,-4662.4,-4664.5,-4719.3,-4717.8,-4667.2,-4667.6,-4668.4,-4669.3,-4670.6,-4671.7,-4673.5,-4674.5,-4674.0,-4673.9,-4674.6,-4675.3,-4676.0,-4676.7,-4677.7,-4678.1,-4679.8,-4680.1,-4680.7,-4681.4,-4706.3,-4683.0,-4683.5,-4684.2,-4685.0,-4685.7,-4686.6,-4687.5,-4688.1,-4688.6,-4689.1,-4690.3,-4690.9,-4691.5,-4692.8,-4693.8,-4694.0,-4694.2,-4695.4,-4695.4,-4695.5,-4696.0,-4696.6,-4697.3,-4697.3,-4722.4,-4698.0,-4698.7,-4699.4,-4699.5,-4699.2,-4699.5,-4699.8,-4700.2,-4698.4,-4718.8,-4695.1,-4677.7,-4641.5,-4593.5,-4529.0,-4482.3,-4446.9,-4440.1,-4440.5,-4442.9,-4444.9,-4441.9,-4440.8,-4441.0,-4441.9,-4441.2,-4443.3,-4442.8,-4441.0,-4439.5,-4439.9,-4435.5,-4413.0,-4375.2,-4307.4,-4249.8,-4203.2,-4194.8,-4194.3,-4188.2,-4152.9,-4092.9,-4011.1,-3940.7,-3878.2,-3821.9,-3753.0,-3646.0,-3511.2,-3370.9,-3252.3,-3176.5,-3103.0,-3090.1,-3090.5,-3090.2,-3091.8,-3090.4,-3090.5,-3089.8,-3090.9,-3089.1,-3088.9,-3089.5,-3088.8,-3091.1,-3090.4,-3140.3,-3222.3,-3325.1,-3411.3,-3477.5,-3544.3,-3618.8,-3712.5,-3791.6,-3842.6,-3858.8,-3858.4,-3858.2,-3855.9,-3858.3,-3855.1,-3854.1,-3853.4,-3852.5,-3865.4,-3866.9,-3850.5,-3849.7,-3852.2,-3895.7,-3972.2,-4045.2,-4111.4,-4187.7,-4254.8,-4318.0,-4368.1,-4418.1,-4439.5,-4437.4,-4405.8,-4337.1,-4267.8,-4209.1,-4164.5,-4155.6,-4156.9,-4158.6,-4157.2,-4157.6,-4158.2,-4157.9,-4157.0,-4157.3,-4157.9,-4157.2,-4157.9,-4158.2,-4158.5,-4158.8,-4159.1,-4164.0,-4160.4,-4161.3,-4171.3,-4161.4,-4161.9,-4162.5,-4163.1,-4165.1,-4166.4,-4165.4,-4168.0,-4167.0,-4168.6,-4167.4,-4171.8,-4214.4,-4309.2,-4436.0,-4556.0,-4641.1,-4678.2
-4791.9,-4787.8,-4784.3,-4781.5,-4778.3,-4773.6,-4769.6,-4765.8,-4762.7,-4759.4,-4757.3,-4754.5,-4750.1,-4746.1,-4744.1,-4740.6,-4737.3,-4734.1,-4731.3,-4729.0,-4726.6,-4722.9,-4720.3,-4717.3,-4714.3,-4711.8,-4709.4,-4707.1,-4704.8,-4702.6,-4700.4,-4698.6,-4696.5,-4694.8,-4692.8,-4691.2,-4690.0,-4688.6,-4686.0,-4683.8,-4682.1,-4680.9,-4678.7,-4677.4,-4675.9,-4674.4,-4672.7,-4671.8,-4669.7,-4668.5,-4667.3,-4666.0,-4665.3,-4664.5,-4664.3,-4663.8,-4662.6,-4661.3,-4659.7,-4658.9,-4658.1,-4658.0,-4657.7,-4657.2,-4655.3,-4654.4,-4653.9,-4674.2,-4653.7,-4651.9,-4652.3,-4651.4,-4651.4,-4650.4,-4650.2,-4649.2,-4648.1,-4648.0,-4647.0,-4647.2,-4646.8,-4645.7,-4646.0,-4645.0,-4643.8,-4643.4,-4644.0,-4643.7,-4643.6,-4643.0,-4642.0,-4642.1,-4640.5,-4640.0,-4639.4,-4638.6,-4637.9,-4637.4,-4637.2,-4636.3,-4635.8,-4634.9,-4634.3,-4634.9,-4634.0,-4633.1,-4632.4,-4630.9,-4630.8,-4629.8,-4629.1,-4629.3,-4628.0,-4627.1,-4626.2,-4625.6,-4624.9,-4624.7,-4624.0,-4624.3,-4622.6,-4622.1,-4621.3,-4620.5,-4619.9,-4618.9,-4642.0,-4617.9,-4617.1,-4616.4,-4615.8,-4615.2,-4614.5,-4614.5,-4660.6,-4639.4,-4613.4,-4613.4,-4612.2,-4611.4,-4611.0,-4611.5,-4611.1,-4610.3,-4610.3,-4609.2,-4611.5,-4608.7,-4604.7,-4595.7,-4577.8,-4547.2,-4502.4,-4436.4,-4368.1,-4285.7,-4181.0,-4066.2,-3934.2,-3808.8,-3686.1,-3580.3,-3500.6,-3442.9,-3431.0,-3433.7,-3422.2,-3371.6,-3279.6,-3115.8,-2943.4,-2759.2,-2595.9,-2431.4,-2248.7,-2057.3,-1823.5,-1639.0,-1463.2,-1311.7,-1167.6,-1013.7,-862.2,54.4,69.6,75.7,69.6,54.4,37.0,35.2,-246.4,-323.2,-404.2,-501.7,-606.5,-747.3,-950.0,-1240.0,-1619.8,-2045.9,-2483.8,-2917.4,-3331.2,-3709.3,-4035.9,-4294.9,-4472.5,-4567.3,-4601.1,-4603.5,-4605.1,-4605.2,-4605.2,-4605.3,-4605.4,-4605.5,-4605.5,-4605.7,-4605.8,-4605.9,-4606.0,-4606.2,-4606.4,-4606.6,-4606.9,-4607.9,-4608.3,-4608.3,-4609.2,-4609.0,-4609.1,-4608.8,-4609.5,-4609.6,-4610.4,-4610.1,-4610.4,-4610.9,-4611.1,-4611.6,-4612.1,-4613.4,-4613.6,-4614.6,-4616.3,-4616.3,-4617.8,-4618.6,-4619.8,-4621.5,-4622.8,-4624.2,-4625.2,-4626.1,-4627.5,-4628.4,-4629.5,-4631.5,-4632.5,-4634.1,-4635.3,-4636.6,-4639.4,-4639.3,-4641.2,-4642.5,-4643.6,-4644.8,-4645.7,-4647.0,-4648.0,-4649.4,-4650.6,-4652.6,-4653.1,-4654.0,-4654.9,-4655.8,-4657.7,-4658.2,-4658.8,-4659.5,-4660.2,-4661.1,-4661.8,-4663.0,-4664.6,-4665.1,-4665.4,-4667.4,-4666.9,-4667.5,-4668.1,-4668.3,-4669.0,-4669.9,-4670.3,-4671.6,-4672.5,-4672.8,-4673.6,-4699.3,-4675.0,-4675.5,-4676.1,-4676.8,-4677.7,-4679.0,-4679.4,-4680.0,-4680.7,-4680.7,-4681.5,-4682.8,-4683.2,-4684.5,-4685.0,-4685.8,-4686.4,-4687.1,-4686.5,-4686.8,-4687.3,-4687.9,-4688.6,-4688.6,-4714.7,-4689.6,-4690.5,-4690.6,-4690.7,-4690.5,-4690.7,-4690.1,-4694.4,-4690.7,-4697.4,-4670.2,-4632.0,-4580.8,-4496.2,-4405.4,-4309.1,-4241.6,-4197.3,-4188.7,-4190.4,-4193.2,-4189.6,-4189.6,-4190.9,-4190.3,-4190.6,-4192.2,-4191.4,-4191.6,-4187.9,-4188.0,-4188.6,-4182.2,-4151.2,-4093.5,-4007.0,-3936.4,-3883.6,-3871.2,-3871.8,-3863.5,-3817.1,-3745.1,-3650.4,-3569.3,-3500.0,-3436.3,-3355.2,-3238.0,-3091.3,-2941.3,-2829.1,-2726.1,-2663.3,-2650.6,-2651.0,-2651.7,-2654.1,-2654.3,-2650.6,-2652.4,-2649.6,-2650.3,-2649.3,-2648.9,-2651.2,-2703.6,-2787.8,-2896.0,-2989.8,-3061.2,-3131.9,-3214.1,-3316.2,-3404.2,-3465.9,-3487.3,-3484.8,-3483.0,-3483.8,-3481.0,-3481.6,-3479.9,-3478.5,-3479.3,-3477.7,-3491.6,-3493.1,-3475.4,-3479.3,-3524.9,-3601.6,-3705.0,-3781.6,-3872.2,-3953.9,-4033.3,-4103.1,-4179.0,-4240.1,-4273.4,-4274.6,-4244.2,-4161.7,-4060.6,-3968.6,-3898.1,-3845.7,-3836.3,-3837.5,-3840.1,-3838.2,-3839.5,-3836.6,-3837.2,-3836.8,-3837.3,-3836.6,-3837.2,-3837.3,-3837.5,-3837.8,-3838.0,-3840.6,-3839.1,-3840.0,-3849.9,-3839.8,-3840.3,-3840.8,-3841.5,-3843.6,-3842.5,-3844.9,-3845.0,-3844.6,-3845.4,-3848.7,-3899.2,-4016.4,-4178.0,-4369.8,-4536.0,-4633.6,-4671.4
-4788.4,-4784.4,-4780.7,-4777.6,-4773.6,-4769.9,-4766.1,-4763.0,-4759.5,-4755.9,-4752.6,-4749.5,-4746.0,-4742.4,-4739.2,-4736.7,-4733.3,-4730.3,-4727.4,-4724.9,-4721.6,-4718.8,-4716.3,-4713.0,-4710.3,-4707.9,-4705.4,-4703.1,-4700.8,-4698.5,-4696.6,-4694.8,-4692.4,-4690.7,-4688.7,-4686.4,-4685.4,-4683.8,-4681.1,-4679.4,-4678.0,-4676.5,-4675.1,-4673.6,-4671.7,-4670.0,-4668.7,-4666.7,-4665.7,-4664.1,-4662.5,-4661.5,-4660.4,-4659.2,-4658.5,-4658.2,-4657.3,-4656.6,-4655.1,-4654.0,-4653.1,-4652.6,-4652.1,-4650.9,-4649.9,-4649.6,-4648.8,-4648.3,-4647.9,-4647.4,-4647.5,-4646.5,-4645.3,-4644.8,-4644.1,-4643.3,-4642.7,-4642.1,-4641.5,-4641.9,-4641.0,-4640.0,-4640.0,-4639.4,-4639.0,-4638.1,-4637.6,-4636.9,-4636.4,-4636.7,-4635.4,-4634.8,-4633.8,-4632.8,-4632.3,-4632.3,-4631.8,-4631.2,-4630.2,-4629.1,-4628.8,-4628.2,-4627.8,-4627.5,-4626.2,-4625.6,-4624.8,-4624.3,-4623.4,-4623.0,-4622.2,-4621.6,-4620.7,-4620.1,-4619.1,-4618.5,-4617.7,-4617.4,-4617.2,-4617.9,-4616.1,-4614.7,-4614.1,-4613.2,-4612.3,-4611.6,-4635.7,-4610.5,-4609.8,-4609.1,-4608.4,-4608.0,-4607.7,-4628.0,-4608.0,-4607.4,-4605.5,-4605.0,-4604.4,-4604.0,-4604.0,-4603.7,-4602.9,-4601.1,-4605.4,-4601.5,-4596.4,-4587.4,-4571.8,-4549.7,-4517.7,-4469.9,-4402.1,-4319.0,-4217.6,-4116.7,-4006.9,-3872.2,-3732.9,-3576.2,-3432.0,-3294.3,-3177.7,-3091.6,-3030.8,-3019.6,-3021.2,-3009.7,-2952.6,-2852.4,-2681.6,-2501.9,-2314.7,-2150.3,-1992.6,-1809.7,-1624.5,-1402.9,-1230.5,-1071.8,-940.0,-817.1,-684.2,59.4,75.7,85.3,75.7,59.4,35.2,37.0,32.1,-206.3,-287.4,-367.7,-471.6,-635.0,-881.3,-1220.6,-1618.4,-2043.9,-2480.9,-2914.1,-3327.4,-3705.1,-4031.3,-4290.0,-4467.5,-4562.1,-4595.9,-4598.3,-4600.0,-4600.0,-4600.1,-4600.2,-4600.3,-4600.4,-4600.5,-4600.6,-4600.7,-4600.9,-4601.0,-4601.2,-4601.4,-4601.5,-4601.8,-4602.6,-4602.2,-4603.3,-4603.1,-4603.5,-4603.8,-4603.6,-4604.1,-4605.4,-4605.3,-4604.8,-4605.5,-4605.9,-4606.1,-4606.6,-4607.8,-4607.3,-4608.0,-4608.9,-4609.6,-4610.1,-4611.5,-4612.8,-4614.7,-4615.1,-4616.6,-4618.8,-4619.6,-4619.9,-4621.2,-4622.8,-4623.6,-4625.5,-4626.9,-4627.9,-4629.3,-4630.9,-4632.1,-4634.4,-4635.2,-4636.3,-4637.0,-4637.8,-4638.9,-4639.9,-4641.1,-4642.5,-4643.7,-4644.9,-4646.3,-4646.9,-4647.8,-4648.7,-4650.6,-4650.6,-4652.3,-4652.3,-4653.2,-4653.9,-4654.8,-4656.3,-4656.8,-4657.1,-4658.0,-4660.6,-4660.2,-4661.3,-4660.5,-4660.7,-4661.5,-4662.5,-4662.8,-4663.5,-4664.3,-4664.9,-4665.5,-4692.4,-4667.0,-4667.4,-4668.0,-4668.7,-4669.5,-4670.3,-4670.6,-4671.4,-4672.7,-4672.6,-4673.4,-4674.4,-4674.7,-4675.8,-4676.5,-4677.5,-4678.6,-4678.4,-4678.1,-4678.1,-4678.7,-4679.2,-4679.9,-4679.8,-4707.0,-4680.9,-4681.6,-4681.9,-4682.0,-4681.6,-4685.7,-4683.8,-4678.0,-4668.0,-4654.7,-4621.0,-4571.5,-4488.2,-4392.7,-4259.6,-4135.8,-4009.1,-3927.8,-3875.7,-3866.8,-3871.9,-3874.3,-3867.9,-3867.3,-3868.0,-3868.4,-3869.2,-3869.2,-3866.8,-3866.4,-3866.8,-3867.2,-3867.7,-3859.9,-3812.8,-3741.0,-3646.2,-3565.8,-3505.7,-3493.8,-3494.4,-3483.3,-3430.2,-3349.6,-3242.9,-3156.1,-3084.5,-3012.2,-2925.9,-2802.0,-2649.0,-2508.7,-2368.6,-2278.4,-2215.9,-2204.8,-2208.9,-2209.1,-2208.1,-2208.1,-2207.2,-2205.4,-2205.3,-2204.0,-2206.9,-2256.1,-2340.6,-2450.3,-2548.1,-2624.1,-2696.0,-2779.6,-2889.2,-2982.7,-3049.4,-3071.2,-3070.7,-3069.7,-3069.2,-3069.8,-3067.4,-3068.3,-3067.5,-3065.8,-3065.1,-3064.2,-3079.3,-3080.5,-3066.6,-3115.7,-3195.8,-3299.1,-3403.8,-3500.0,-3594.4,-3686.0,-3768.5,-3863.5,-3948.8,-4039.5,-4075.5,-4073.6,-4041.5,-3955.6,-3840.7,-3716.0,-3609.6,-3529.5,-3472.6,-3461.6,-3464.8,-3464.7,-3464.1,-3461.8,-3463.7,-3461.4,-3461.4,-3461.0,-3461.5,-3461.5,-3461.7,-3461.8,-3461.9,-3463.5,-3462.9,-3463.7,-3475.5,-3464.0,-3463.6,-3464.0,-3466.0,-3465.1,-3466.4,-3467.4,-3467.5,-3466.3,-3470.6,-3527.1,-3655.9,-3855.8,-4102.2,-4347.3,-4530.9,-4627.0,-4662.4
-4784.1,-4780.8,-4776.8,-4774.0,-4769.7,-4765.9,-4762.3,-4758.8,-4755.4,-4751.7,-4748.7,-4745.4,-4742.0,-4739.1,-4737.8,-4734.0,-4730.2,-4727.1,-4723.7,-4720.8,-4717.6,-4715.2,-4712.6,-4709.6,-4706.5,-4704.1,-4701.6,-4699.2,-4696.9,-4694.8,-4693.2,-4690.9,-4689.0,-4687.0,-4685.1,-4682.7,-4680.4,-4678.6,-4677.1,-4675.6,-4674.0,-4672.8,-4670.7,-4669.0,-4668.0,-4666.8,-4664.0,-4662.6,-4661.1,-4659.3,-4658.3,-4657.0,-4655.6,-4655.0,-4653.2,-4652.5,-4652.0,-4650.6,-4650.2,-4649.3,-4647.7,-4647.0,-4646.9,-4645.8,-4645.1,-4643.9,-4643.3,-4643.5,-4642.4,-4641.7,-4641.1,-4640.3,-4639.6,-4638.9,-4637.9,-4638.0,-4637.8,-4636.9,-4636.0,-4636.0,-4635.2,-4634.8,-4634.1,-4634.2,-4633.7,-4632.2,-4631.2,-4630.7,-4630.2,-4629.9,-4629.0,-4628.9,-4627.7,-4627.1,-4625.9,-4625.4,-4624.8,-4625.6,-4624.4,-4623.4,-4622.7,-4621.7,-4621.1,-4620.4,-4619.9,-4618.7,-4617.9,-4617.5,-4616.6,-4615.8,-4615.1,-4614.7,-4613.8,-4613.1,-4612.2,-4611.5,-4610.7,-4610.3,-4609.6,-4609.8,-4609.0,-4607.2,-4606.7,-4606.1,-4604.9,-4604.5,-4629.6,-4603.4,-4602.6,-4601.9,-4601.3,-4600.8,-4600.1,-4599.6,-4600.7,-4601.1,-4598.8,-4598.3,-4598.0,-4596.7,-4596.4,-4595.0,-4597.4,-4594.6,-4589.4,-4580.3,-4563.6,-4541.6,-4510.7,-4466.0,-4417.2,-4354.4,-4272.9,-4168.4,-4054.1,-3920.2,-3795.7,-3663.5,-3506.8,-3347.3,-3173.8,-3016.9,-2869.7,-2746.8,-2656.8,-2594.8,-2585.4,-2586.3,-2575.7,-2512.8,-2411.2,-2236.5,-2057.4,-1873.4,-1720.5,-1563.9,-1390.6,-1217.5,-1019.9,-867.4,-732.8,-624.1,-526.5,80.6,90.5,94.6,92.5,85.3,156.1,96.5,30.5,-114.1,-187.2,-267.9,-388.9,-581.9,-865.9,-1219.4,-1616.6,-2041.2,-2477.9,-2910.6,-3323.5,-3700.9,-4026.7,-4285.1,-4462.4,-4557.0,-4590.7,-4593.2,-4594.9,-4594.9,-4595.0,-4595.1,-4595.2,-4595.3,-4595.5,-4595.6,-4595.7,-4595.9,-4596.0,-4596.2,-4596.4,-4596.3,-4597.1,-4597.2,-4597.6,-4597.6,-4598.0,-4598.5,-4598.8,-4599.8,-4599.9,-4600.5,-4600.4,-4601.1,-4600.5,-4601.1,-4601.2,-4601.7,-4602.1,-4603.4,-4602.6,-4603.9,-4603.8,-4605.0,-4605.8,-4607.7,-4607.9,-4609.2,-4610.4,-4612.3,-4613.6,-4613.8,-4616.0,-4617.2,-4618.3,-4619.1,-4621.1,-4622.8,-4623.1,-4624.4,-4626.5,-4627.6,-4630.3,-4629.9,-4630.2,-4630.9,-4632.3,-4633.9,-4635.2,-4636.4,-4637.7,-4638.6,-4638.7,-4640.3,-4640.9,-4641.3,-4642.5,-4643.2,-4644.4,-4644.8,-4645.5,-4645.8,-4646.9,-4647.9,-4648.9,-4648.7,-4649.7,-4651.8,-4651.6,-4652.8,-4652.1,-4652.3,-4653.1,-4654.1,-4654.5,-4655.3,-4655.8,-4656.8,-4657.1,-4685.4,-4658.3,-4658.7,-4659.2,-4659.9,-4660.7,-4661.1,-4661.3,-4663.3,-4674.6,-4664.5,-4664.7,-4665.2,-4666.3,-4667.5,-4668.8,-4668.8,-4669.4,-4670.0,-4669.2,-4669.5,-4670.0,-4670.5,-4671.2,-4671.1,-4699.3,-4671.8,-4672.6,-4673.1,-4672.3,-4676.1,-4673.5,-4665.7,-4652.2,-4623.8,-4588.2,-4541.6,-4472.7,-4384.9,-4253.3,-4119.3,-3949.9,-3796.1,-3648.6,-3556.2,-3499.8,-3491.1,-3493.0,-3493.4,-3492.2,-3490.5,-3491.1,-3492.9,-3491.9,-3489.7,-3489.0,-3489.5,-3489.8,-3490.0,-3491.3,-3481.1,-3426.2,-3346.2,-3240.0,-3152.0,-3088.9,-3077.1,-3077.4,-3066.1,-3008.6,-2920.7,-2808.6,-2720.1,-2643.9,-2569.6,-2480.3,-2354.2,-2215.2,-2048.1,-1924.5,-1836.8,-1778.8,-1771.5,-1773.4,-1771.8,-1772.4,-1771.8,-1770.2,-1769.4,-1773.6,-1817.7,-1897.7,-2008.3,-2103.5,-2180.0,-2252.5,-2334.6,-2444.5,-2543.1,-2612.3,-2634.6,-2635.6,-2635.2,-2636.7,-2636.0,-2634.7,-2631.4,-2633.2,-2630.1,-2630.6,-2631.6,-2628.3,-2643.6,-2644.8,-2681.1,-2764.6,-2871.2,-2971.9,-3098.6,-3193.1,-3292.2,-3383.8,-3490.5,-3591.1,-3716.3,-3816.4,-3858.7,-3854.4,-3782.3,-3699.8,-3596.5,-3462.4,-3323.5,-3206.2,-3120.7,-3059.7,-3051.3,-3053.4,-3050.9,-3049.5,-3047.4,-3047.4,-3047.3,-3046.9,-3047.2,-3047.1,-3047.1,-3047.0,-3047.1,-3048.8,-3048.0,-3048.9,-3059.3,-3047.9,-3048.2,-3048.4,-3049.4,-3052.4,-3051.3,-3050.3,-3050.8,-3053.8,-3109.8,-3251.4,-3474.3,-3766.7,-4077.3,-4340.8,-4521.4,-4620.2,-4654.7
-4781.1,-4777.6,-4774.6,-4770.3,-4766.4,-4762.4,-4758.7,-4756.2,-4751.8,-4748.5,-4745.4,-4741.5,-4739.9,-4736.6,-4733.4,-4729.3,-4725.5,-4723.0,-4719.8,-4716.8,-4713.8,-4712.2,-4708.9,-4706.2,-4703.2,-4700.4,-4698.0,-4695.5,-4693.5,-4691.7,-4689.2,-4687.3,-4685.2,-4683.5,-4681.0,-4678.9,-4677.1,-4675.4,-4673.6,-4671.9,-4670.4,-4669.2,-4666.7,-4664.3,-4663.1,-4662.7,-4660.6,-4658.5,-4656.7,-4655.5,-4653.9,-4652.9,-4651.7,-4650.3,-4648.8,-4647.9,-4646.6,-4646.5,-4644.8,-4644.7,-4644.3,-4643.0,-4641.9,-4640.5,-4640.2,-4639.7,-4638.5,-4637.9,-4638.1,-4637.2,-4636.0,-4634.7,-4634.4,-4633.5,-4633.3,-4633.9,-4632.7,-4631.5,-4630.3,-4649.9,-4648.0,-4628.9,-4628.0,-4627.7,-4627.7,-4626.5,-4625.4,-4624.9,-4624.3,-4623.8,-4623.1,-4621.7,-4621.1,-4620.6,-4619.9,-4619.3,-4618.6,-4618.8,-4618.8,-4617.7,-4617.7,-4615.6,-4614.6,-4613.8,-4613.5,-4612.4,-4611.6,-4611.2,-4610.1,-4609.2,-4608.9,-4608.1,-4607.0,-4606.3,-4605.4,-4604.6,-4604.0,-4603.1,-4603.1,-4602.4,-4601.9,-4600.4,-4600.4,-4599.1,-4598.3,-4597.5,-4623.7,-4596.3,-4595.6,-4594.8,-4594.2,-4593.6,-4593.1,-4592.7,-4594.0,-4592.1,-4591.5,-4590.6,-4590.4,-4589.7,-4587.8,-4591.0,-4584.8,-4573.4,-4556.7,-4534.8,-4502.7,-4458.2,-4410.7,-4347.2,-4271.8,-4196.0,-4105.0,-3994.2,-3860.5,-3719.4,-3563.3,-3420.2,-3272.7,-3098.6,-2926.6,-2743.1,-2579.4,-2428.1,-2302.9,-2215.8,-2152.9,-2143.5,-2145.4,-2131.4,-2071.3,-1968.8,-1797.8,-1625.2,-1458.9,-1308.7,-1165.3,-1011.4,-857.0,-689.1,-564.8,-462.1,79.5,91.6,97.5,98.0,95.1,181.0,220.9,143.5,57.1,-48.0,-135.8,-227.8,-370.6,-584.4,-876.9,-1229.2,-1624.4,-2047.5,-2482.4,-2913.5,-3324.8,-3700.6,-4025.0,-4282.2,-4458.2,-4551.8,-4585.6,-4588.1,-4589.7,-4589.8,-4589.9,-4590.0,-4590.2,-4590.3,-4590.4,-4590.6,-4590.7,-4590.9,-4591.0,-4591.2,-4591.3,-4591.6,-4592.2,-4593.1,-4593.0,-4592.9,-4592.5,-4592.9,-4593.6,-4594.8,-4594.5,-4595.2,-4595.8,-4595.8,-4595.0,-4595.4,-4595.5,-4596.2,-4596.4,-4597.1,-4597.5,-4597.8,-4597.8,-4598.6,-4599.6,-4600.5,-4601.6,-4602.8,-4604.3,-4605.2,-4607.3,-4607.4,-4609.5,-4611.2,-4611.3,-4612.0,-4614.6,-4615.7,-4617.7,-4618.6,-4619.5,-4622.1,-4623.0,-4623.3,-4623.8,-4625.0,-4626.1,-4627.9,-4628.9,-4629.6,-4630.6,-4631.9,-4632.3,-4632.8,-4633.2,-4639.5,-4636.4,-4637.5,-4637.4,-4639.4,-4639.1,-4640.9,-4642.7,-4642.1,-4643.2,-4642.7,-4645.4,-4646.1,-4645.6,-4646.3,-4644.6,-4644.9,-4645.9,-4646.3,-4648.7,-4648.4,-4650.0,-4649.8,-4650.4,-4674.9,-4652.4,-4652.0,-4651.6,-4652.2,-4653.1,-4654.7,-4654.3,-4658.1,-4660.6,-4655.8,-4658.2,-4660.9,-4656.0,-4658.4,-4659.1,-4660.6,-4661.0,-4661.3,-4660.8,-4660.8,-4661.3,-4661.8,-4662.5,-4662.4,-4691.6,-4663.3,-4664.2,-4669.3,-4667.5,-4660.8,-4650.8,-4632.2,-4601.7,-4556.9,-4491.7,-4423.4,-4340.7,-4237.0,-4113.2,-3942.2,-3780.6,-3579.4,-3406.0,-3242.9,-3144.4,-3084.0,-3071.8,-3075.8,-3076.9,-3076.2,-3079.4,-3083.4,-3075.1,-3074.1,-3073.0,-3073.6,-3075.2,-3074.3,-3073.9,-3076.8,-3062.1,-3003.8,-2917.1,-2805.2,-2713.9,-2651.2,-2640.7,-2640.0,-2628.1,-2565.3,-2474.8,-2363.3,-2272.4,-2198.2,-2123.5,-2034.4,-1926.4,-1761.8,-1616.4,-1499.1,-1419.1,-1368.1,-1360.8,-1360.7,-1358.9,-1359.4,-1361.0,-1363.2,-1407.1,-1477.6,-1578.9,-1671.5,-1744.8,-1814.2,-1895.0,-2001.3,-2098.2,-2170.5,-2197.1,-2193.5,-2192.2,-2191.3,-2191.1,-2192.9,-2192.3,-2189.0,-2193.1,-2189.1,-2188.2,-2187.8,-2185.7,-2203.7,-2238.0,-2320.9,-2429.9,-2531.3,-2652.7,-2768.3,-2866.0,-2965.0,-3079.1,-3186.7,-3337.7,-3488.5,-3595.8,-3611.5,-3582.3,-3510.0,-3399.5,-3308.1,-3191.6,-3046.6,-2897.9,-2775.3,-2685.8,-2622.4,-2612.6,-2611.5,-2612.6,-2611.3,-2610.9,-2610.7,-2610.2,-2610.3,-2610.2,-2609.6,-2610.9,-2610.5,-2611.2,-2610.6,-2611.1,-2620.5,-2610.1,-2610.2,-2610.2,-2610.4,-2615.8,-2617.7,-2612.0,-2614.5,-2669.8,-2820.3,-3062.4,-3379.6,-3740.1,-4071.4,-4334.1,-4513.9,-4610.5,-4646.0
-4777.8,-4773.6,-4771.0,-4767.2,-4763.5,-4759.3,-4755.4,-4752.3,-4748.7,-4745.1,-4741.9,-4738.4,-4735.6,-4733.4,-4729.4,-4725.5,-4722.6,-4720.2,-4716.7,-4713.3,-4710.5,-4708.1,-4705.7,-4703.0,-4699.9,-4697.0,-4694.4,-4692.1,-4690.0,-4688.0,-4685.7,-4683.8,-4681.6,-4679.6,-4677.5,-4675.0,-4672.8,-4671.0,-4669.1,-4667.7,-4666.1,-4664.9,-4663.0,-4660.6,-4658.9,-4658.0,-4655.8,-4654.5,-4653.2,-4652.3,-4650.2,-4648.1,-4646.9,-4645.7,-4645.1,-4643.6,-4642.3,-4641.1,-4640.5,-4639.4,-4639.0,-4637.7,-4636.5,-4635.8,-4635.4,-4635.2,-4633.7,-4633.2,-4633.0,-4631.6,-4630.9,-4629.7,-4628.8,-4630.5,-4647.6,-4638.6,-4627.1,-4626.1,-4625.2,-4637.6,-4624.8,-4623.7,-4622.6,-4621.8,-4621.8,-4620.8,-4619.9,-4618.8,-4617.8,-4617.1,-4616.7,-4615.7,-4615.1,-4614.0,-4613.8,-4613.7,-4613.2,-4612.0,-4611.3,-4610.5,-4610.4,-4609.0,-4608.1,-4606.9,-4606.5,-4605.6,-4606.1,-4604.6,-4603.8,-4602.5,-4601.9,-4601.8,-4600.5,-4599.7,-4598.7,-4598.0,-4597.3,-4597.1,-4596.7,-4596.0,-4594.8,-4593.9,-4593.1,-4592.9,-4591.5,-4590.7,-4617.9,-4589.6,-4588.8,-4588.0,-4587.3,-4586.8,-4586.9,-4586.2,-4586.9,-4586.1,-4584.1,-4583.9,-4583.4,-4581.4,-4584.1,-4574.9,-4559.7,-4531.3,-4495.7,-4451.6,-4403.9,-4340.9,-4266.0,-4189.4,-4098.1,-3996.7,-3898.7,-3784.2,-3653.7,-3495.3,-3335.0,-3162.2,-3007.5,-2848.5,-2664.9,-2486.8,-2300.1,-2135.6,-1987.4,-1864.0,-1778.4,-1721.1,-1711.3,-1711.4,-1700.6,-1640.7,-1542.3,-1380.7,-1229.9,-1071.0,-938.7,-816.4,-687.8,-556.0,-428.5,84.7,95.6,101.5,91.6,112.1,199.4,252.0,233.6,168.4,46.4,-89.1,-185.9,-286.6,-412.7,-604.1,-869.2,-1215.9,-1612.3,-2036.0,-2471.6,-2903.4,-3315.4,-3692.0,-4017.2,-4275.2,-4452.2,-4546.7,-4580.4,-4582.9,-4584.6,-4584.7,-4584.8,-4584.9,-4585.1,-4585.2,-4585.4,-4585.5,-4585.7,-4585.9,-4586.0,-4586.3,-4586.7,-4586.4,-4586.4,-4587.3,-4586.1,-4584.2,-4587.7,-4587.0,-4587.7,-4587.9,-4588.2,-4590.7,-4591.0,-4591.3,-4589.5,-4589.9,-4590.3,-4591.7,-4592.0,-4592.4,-4594.7,-4594.0,-4592.3,-4594.8,-4597.4,-4597.5,-4598.1,-4595.8,-4597.6,-4599.3,-4601.0,-4602.7,-4603.7,-4604.9,-4604.8,-4608.1,-4606.1,-4608.7,-4610.3,-4611.5,-4612.6,-4614.1,-4615.3,-4616.1,-4617.2,-4618.5,-4619.2,-4620.3,-4621.2,-4622.4,-4623.6,-4624.9,-4622.8,-4625.7,-4628.2,-4623.9,-4615.6,-4607.7,-4606.6,-4607.9,-4608.5,-4609.2,-4673.7,-4616.3,-4616.2,-4614.7,-4617.0,-4617.0,-4614.2,-4616.7,-4613.1,-4613.4,-4614.3,-4614.7,-4617.1,-4617.8,-4618.3,-4619.1,-4618.6,-4644.1,-4620.5,-4620.1,-4619.6,-4620.5,-4621.0,-4621.7,-4624.3,-4623.8,-4625.2,-4628.6,-4636.7,-4643.2,-4648.3,-4648.6,-4650.1,-4653.1,-4651.3,-4652.8,-4652.6,-4652.3,-4652.8,-4653.2,-4653.9,-4653.8,-4684.2,-4653.8,-4658.7,-4656.2,-4648.1,-4635.0,-4606.7,-4570.3,-4522.7,-4455.0,-4372.4,-4270.9,-4169.6,-4060.5,-3925.7,-3773.2,-3574.7,-3388.9,-3167.7,-2980.6,-2809.5,-2705.4,-2644.8,-2643.4,-2639.4,-2636.9,-2636.6,-2636.2,-2635.9,-2634.6,-2634.6,-2635.2,-2635.4,-2635.2,-2635.3,-2635.8,-2637.8,-2624.3,-2562.6,-2471.6,-2358.0,-2267.5,-2205.0,-2200.7,-2195.8,-2182.2,-2121.1,-2031.0,-1919.1,-1832.9,-1762.3,-1689.8,-1621.0,-1487.3,-1348.7,-1214.8,-1110.3,-1041.3,-997.1,-991.0,-991.8,-989.5,-992.4,-1026.7,-1093.1,-1183.1,-1266.7,-1337.8,-1400.2,-1474.5,-1575.4,-1667.1,-1736.8,-1760.7,-1777.6,-1759.5,-1758.7,-1759.2,-1759.0,-1760.9,-1758.7,-1756.0,-1757.8,-1755.1,-1754.3,-1754.4,-1756.8,-1806.3,-1881.8,-1988.2,-2089.7,-2208.6,-2314.8,-2431.8,-2529.4,-2645.4,-2755.9,-2913.5,-3089.6,-3257.0,-3333.7,-3336.5,-3297.9,-3200.0,-3100.2,-2982.1,-2882.0,-2759.8,-2608.3,-2456.5,-2331.1,-2240.2,-2178.9,-2170.0,-2170.0,-2168.2,-2167.9,-2167.6,-2167.1,-2167.0,-2166.3,-2169.5,-2181.8,-2182.3,-2171.9,-2166.0,-2167.1,-2175.3,-2165.8,-2165.8,-2166.1,-2166.1,-2167.6,-2169.0,-2169.0,-2222.8,-2386.1,-2621.1,-2957.3,-3352.4,-3735.1,-4066.4,-4328.0,-4506.5,-4605.6,-4639.7
-4775.2,-4770.9,-4767.5,-4763.9,-4760.5,-4755.9,-4752.5,-4749.5,-4745.8,-4742.1,-4738.2,-4735.3,-4732.3,-4730.8,-4726.7,-4723.1,-4719.9,-4716.7,-4713.9,-4710.6,-4707.4,-4705.1,-4702.2,-4699.5,-4696.5,-4693.7,-4691.4,-4688.8,-4687.3,-4685.0,-4682.9,-4680.2,-4678.0,-4675.8,-4674.0,-4671.7,-4669.8,-4667.8,-4665.5,-4663.7,-4662.7,-4661.3,-4659.6,-4658.1,-4655.7,-4653.5,-4652.5,-4650.8,-4648.8,-4647.4,-4645.6,-4644.2,-4642.8,-4641.5,-4640.6,-4639.4,-4638.0,-4637.1,-4635.9,-4634.9,-4634.1,-4633.4,-4632.3,-4631.2,-4630.9,-4630.8,-4630.5,-4628.2,-4627.3,-4627.1,-4625.6,-4624.4,-4624.3,-4624.1,-4623.3,-4623.7,-4621.8,-4620.5,-4620.0,-4619.8,-4629.7,-4618.7,-4617.1,-4616.5,-4615.4,-4615.5,-4614.4,-4613.5,-4612.4,-4611.9,-4611.0,-4610.1,-4609.2,-4608.6,-4607.7,-4606.9,-4607.0,-4606.2,-4605.0,-4604.1,-4603.3,-4602.8,-4601.7,-4600.8,-4599.9,-4599.2,-4599.3,-4598.6,-4598.2,-4596.6,-4595.7,-4595.0,-4594.0,-4593.3,-4592.3,-4591.5,-4590.8,-4591.0,-4590.5,-4589.8,-4588.5,-4587.3,-4586.5,-4585.7,-4584.7,-4584.1,-4612.3,-4582.8,-4582.1,-4581.3,-4580.6,-4580.0,-4580.2,-4579.4,-4580.4,-4579.0,-4577.8,-4577.1,-4574.8,-4576.6,-4569.5,-4553.1,-4515.0,-4466.9,-4402.2,-4333.2,-4266.4,-4230.1,-4092.8,-3990.6,-3892.5,-3778.5,-3656.7,-3540.8,-3410.2,-3262.0,-3087.1,-2915.5,-2733.8,-2571.4,-2407.9,-2221.6,-2043.8,-1860.5,-1700.3,-1559.2,-1443.3,-1364.4,-1311.9,-1306.0,-1305.7,-1294.3,-1238.0,-1146.9,-1010.8,-867.9,53.9,58.7,53.9,-419.4,89.2,100.6,106.4,91.6,154.3,222.6,254.0,268.2,217.4,119.4,-34.3,-164.5,-278.7,-375.3,-499.8,-666.2,-908.8,-1222.7,-1608.8,-2032.9,-2467.9,-2899.0,-3310.5,-3686.5,-4011.3,-4269.1,-4445.9,-4540.3,-4574.1,-4577.7,-4579.4,-4579.5,-4579.6,-4579.8,-4579.9,-4580.1,-4580.3,-4580.4,-4580.6,-4580.8,-4581.0,-4581.1,-4580.1,-4578.9,-4582.2,-4581.9,-4580.2,-4576.3,-4570.8,-4560.4,-4559.7,-4561.5,-4561.8,-4563.1,-4562.6,-4563.7,-4562.0,-4562.3,-4561.7,-4565.1,-4564.4,-4563.7,-4562.1,-4563.3,-4563.7,-4564.0,-4565.5,-4569.7,-4569.0,-4567.0,-4571.1,-4572.0,-4574.2,-4572.9,-4574.0,-4576.0,-4584.8,-4594.1,-4599.7,-4602.5,-4604.3,-4606.3,-4607.7,-4608.8,-4611.5,-4610.7,-4611.8,-4613.5,-4614.1,-4614.5,-4617.2,-4617.7,-4618.7,-4617.4,-4612.7,-4607.5,-4598.5,-4587.0,-4569.6,-4548.8,-4527.4,-4523.4,-4523.6,-4525.2,-4529.6,-4526.6,-4526.2,-4526.8,-4529.0,-4528.4,-4530.1,-4529.7,-4529.0,-4529.2,-4530.0,-4530.4,-4532.8,-4534.5,-4533.8,-4533.6,-4534.0,-4560.6,-4535.9,-4535.4,-4534.9,-4535.7,-4536.4,-4539.0,-4540.5,-4538.5,-4539.6,-4559.0,-4583.0,-4602.9,-4613.5,-4621.7,-4627.9,-4637.1,-4645.2,-4642.2,-4643.2,-4643.2,-4643.5,-4644.0,-4644.7,-4644.5,-4674.9,-4647.2,-4642.5,-4632.6,-4614.1,-4584.8,-4540.1,-4474.1,-4405.0,-4323.7,-4218.9,-4105.1,-3970.9,-3847.0,-3715.4,-3555.4,-3384.3,-3162.8,-2963.5,-2730.0,-2537.3,-2361.6,-2258.6,-2201.4,-2189.6,-2189.3,-2190.2,-2190.3,-2192.8,-2191.1,-2189.8,-2190.6,-2191.2,-2191.5,-2190.7,-2191.9,-2193.6,-2193.6,-2182.1,-2117.3,-2026.5,-1915.1,-1827.0,-1769.2,-1766.7,-1763.1,-1757.4,-1688.3,-1600.2,-1495.7,-1416.2,-1351.9,-1302.3,-1205.4,-1099.9,-975.9,-861.0,-773.9,-717.1,-683.0,-679.0,-679.4,-707.4,-758.0,-837.0,-910.1,-969.8,-1025.1,-1090.3,-1180.4,-1265.6,-1330.0,-1351.9,-1353.1,-1369.7,-1351.2,-1350.8,-1350.5,-1350.3,-1350.7,-1350.9,-1348.2,-1349.5,-1347.6,-1346.4,-1354.1,-1390.1,-1463.2,-1562.8,-1659.7,-1775.1,-1876.4,-1983.5,-2089.5,-2203.2,-2314.6,-2473.1,-2653.2,-2832.9,-2948.8,-3011.3,-3015.3,-2966.0,-2879.6,-2768.5,-2667.1,-2542.6,-2440.5,-2315.9,-2164.5,-2013.1,-1890.1,-1802.7,-1745.0,-1735.8,-1735.8,-1734.3,-1733.9,-1733.4,-1732.5,-1737.0,-1769.7,-1792.4,-1792.7,-1777.9,-1825.4,-1736.8,-1739.5,-1730.9,-1730.8,-1731.3,-1731.2,-1732.5,-1735.7,-1784.8,-1932.6,-2170.2,-2516.0,-2930.4,-3348.1,-3731.2,-4059.8,-4320.8,-4499.5,-4595.9,-4631.4
-4772.4,-4768.6,-4764.7,-4760.9,-4757.1,-4753.1,-4749.8,-4746.3,-4742.9,-4740.2,-4736.1,-4732.0,-4728.9,-4725.7,-4722.6,-4719.4,-4716.8,-4713.4,-4710.4,-4708.3,-4704.7,-4701.6,-4698.8,-4696.5,-4693.6,-4691.0,-4688.4,-4686.4,-4684.1,-4681.6,-4679.1,-4677.2,-4674.9,-4672.5,-4670.3,-4669.2,-4666.7,-4664.2,-4662.0,-4660.7,-4659.3,-4657.0,-4655.6,-4653.5,-4651.9,-4650.1,-4649.6,-4646.4,-4645.3,-4644.0,-4641.6,-4640.2,-4639.0,-4637.6,-4636.0,-4635.3,-4634.1,-4633.3,-4631.7,-4630.9,-4629.5,-4628.6,-4627.7,-4627.5,-4626.9,-4625.7,-4624.4,-4623.5,-4622.7,-4622.1,-4621.1,-4620.3,-4619.3,-4618.6,-4618.1,-4618.0,-4616.7,-4616.1,-4615.9,-4614.8,-4629.8,-4629.4,-4612.9,-4611.4,-4610.5,-4609.9,-4608.7,-4608.0,-4607.2,-4606.9,-4605.9,-4604.2,-4603.2,-4603.1,-4602.6,-4601.5,-4600.1,-4600.2,-4599.7,-4598.7,-4598.0,-4597.6,-4596.0,-4595.1,-4594.3,-4593.4,-4594.3,-4592.4,-4591.2,-4590.7,-4589.8,-4588.9,-4587.8,-4587.1,-4586.0,-4585.3,-4584.5,-4584.1,-4584.6,-4583.7,-4582.2,-4581.1,-4579.7,-4579.4,-4578.4,-4577.6,-4606.8,-4576.4,-4575.5,-4574.8,-4574.1,-4573.7,-4573.5,-4573.0,-4572.2,-4571.5,-4570.6,-4568.8,-4571.5,-4562.2,-4545.7,-4510.0,-4458.3,-4373.9,-4287.3,-4185.9,-4087.4,-3985.7,-3888.9,-3772.8,-3651.1,-3535.9,-3404.7,-3268.2,-3140.0,-2998.4,-2838.1,-2654.7,-2478.1,-2292.1,-2128.8,-1966.8,-1784.4,-1613.3,-1439.2,-1293.0,-1161.1,-1057.9,-990.0,-944.2,-939.1,-939.8,-930.7,-878.5,-808.8,53.9,68.8,74.8,68.8,91.4,102.4,108.6,108.7,197.0,242.1,271.5,262.5,228.3,146.8,18.8,-130.4,-268.6,-376.1,-493.2,-615.3,-779.8,-986.2,-1270.9,-1619.1,-2029.8,-2464.7,-2897.5,-3306.8,-3682.3,-4006.6,-4264.0,-4440.7,-4535.0,-4568.8,-4572.7,-4574.5,-4574.3,-4574.8,-4574.6,-4575.1,-4575.0,-4575.4,-4575.3,-4575.8,-4575.8,-4575.2,-4572.3,-4575.6,-4571.1,-4563.6,-4559.3,-4550.2,-4542.8,-4525.7,-4503.6,-4482.3,-4478.9,-4480.6,-4482.2,-4480.4,-4479.6,-4481.0,-4480.3,-4480.6,-4481.0,-4483.5,-4482.2,-4482.1,-4482.4,-4482.8,-4484.3,-4490.3,-4487.4,-4487.9,-4487.7,-4487.2,-4489.4,-4489.9,-4492.0,-4494.2,-4512.7,-4537.5,-4557.8,-4568.4,-4572.3,-4575.7,-4575.7,-4577.1,-4580.1,-4581.9,-4579.1,-4580.7,-4582.1,-4585.8,-4587.7,-4590.9,-4597.0,-4595.0,-4588.3,-4579.2,-4560.9,-4538.1,-4507.3,-4479.2,-4441.8,-4402.2,-4368.4,-4361.7,-4369.0,-4369.1,-4363.3,-4363.9,-4363.2,-4365.6,-4364.1,-4365.5,-4365.9,-4365.2,-4365.4,-4366.1,-4366.4,-4368.9,-4370.5,-4369.7,-4370.4,-4369.8,-4397.4,-4371.6,-4371.1,-4370.5,-4372.4,-4372.0,-4374.3,-4373.4,-4375.2,-4404.7,-4447.0,-4488.1,-4515.1,-4530.9,-4553.4,-4577.9,-4607.5,-4626.5,-4632.9,-4636.4,-4635.4,-4635.7,-4636.0,-4636.3,-4636.7,-4657.0,-4629.6,-4616.0,-4588.8,-4552.5,-4506.1,-4438.6,-4355.3,-4253.2,-4153.3,-4043.4,-3909.7,-3768.0,-3612.4,-3468.7,-3318.6,-3145.4,-2958.7,-2725.9,-2519.6,-2283.4,-2089.1,-1920.0,-1818.9,-1762.0,-1753.2,-1754.5,-1754.0,-1755.6,-1753.7,-1754.6,-1755.6,-1756.2,-1756.2,-1756.6,-1755.9,-1757.1,-1756.8,-1760.0,-1745.3,-1683.7,-1596.5,-1490.9,-1410.6,-1363.1,-1354.6,-1371.4,-1341.0,-1282.1,-1201.8,-1107.8,-1038.2,-999.6,-923.0,-853.9,-763.1,-661.4,-570.9,-502.1,-459.6,-434.7,-452.5,-491.0,-550.8,-608.2,-661.5,-704.7,-756.9,-833.1,-906.2,-966.0,-985.1,-986.3,-985.2,-1003.5,-984.3,-983.9,-983.4,-983.2,-982.7,-982.3,-981.6,-984.4,-981.7,-982.5,-1020.0,-1079.8,-1169.5,-1258.0,-1364.4,-1459.2,-1558.2,-1654.9,-1772.4,-1879.8,-2032.5,-2210.0,-2390.7,-2511.9,-2580.6,-2603.0,-2603.7,-2589.5,-2528.9,-2437.8,-2327.0,-2223.2,-2099.9,-1998.3,-1876.9,-1729.1,-1583.0,-1467.3,-1388.8,-1337.6,-1326.1,-1326.0,-1325.5,-1324.7,-1328.0,-1369.4,-1429.8,-1474.9,-1477.0,-1442.7,-1381.4,-1332.1,-1328.7,-1322.5,-1321.2,-1321.2,-1321.5,-1322.6,-1367.8,-1501.8,-1739.6,-2071.7,-2490.1,-2926.9,-3344.6,-3723.7,-4052.8,-4313.9,-4492.4,-4589.0,-4624.4
-4770.4,-4765.3,-4761.7,-4758.2,-4754.3,-4750.9,-4747.0,-4744.0,-4739.8,-4737.0,-4733.5,-4729.6,-4726.3,-4722.7,-4719.9,-4716.5,-4713.8,-4710.4,-4707.5,-4705.8,-4701.8,-4699.1,-4695.7,-4693.5,-4690.4,-4687.8,-4685.7,-4683.5,-4680.5,-4679.0,-4676.8,-4674.4,-4671.9,-4669.0,-4667.3,-4665.4,-4664.2,-4661.6,-4659.4,-4657.2,-4655.7,-4654.3,-4651.6,-4649.8,-4647.9,-4646.8,-4645.7,-4642.7,-4641.9,-4640.1,-4638.4,-4636.9,-4635.0,-4633.8,-4633.0,-4631.1,-4629.8,-4629.0,-4627.9,-4627.4,-4625.9,-4625.0,-4623.7,-4622.8,-4622.5,-4621.9,-4620.3,-4618.8,-4618.0,-4617.4,-4618.3,-4617.6,-4614.8,-4613.8,-4613.3,-4612.8,-4611.7,-4611.1,-4610.4,-4610.4,-4621.7,-4610.0,-4608.1,-4606.6,-4605.5,-4604.9,-4603.7,-4603.5,-4602.8,-4601.3,-4601.4,-4636.7,-4598.6,-4597.8,-4596.7,-4595.6,-4595.1,-4595.1,-4593.3,-4592.8,-4592.5,-4591.1,-4590.3,-4589.7,-4612.5,-4587.9,-4644.7,-4587.8,-4585.8,-4584.3,-4584.0,-4582.9,-4581.8,-4581.1,-4580.0,-4579.2,-4578.5,-4578.0,-4578.4,-4577.0,-4576.0,-4574.7,-4574.1,-4573.1,-4572.0,-4571.4,-4601.6,-4570.0,-4569.6,-4568.6,-4567.5,-4566.5,-4566.2,-4564.9,-4566.2,-4565.2,-4565.8,-4562.6,-4555.4,-4540.0,-4503.9,-4452.3,-4368.2,-4273.9,-4145.5,-4022.7,-3891.0,-3767.3,-3645.9,-3530.6,-3399.5,-3262.9,-3135.6,-2992.1,-2847.0,-2712.7,-2562.5,-2398.8,-2213.7,-2036.3,-1853.8,-1695.7,-1540.9,-1369.1,-1210.3,-1055.1,-923.4,-809.1,-722.1,-666.1,-633.8,-628.0,-630.1,-619.6,-592.2,58.7,74.8,83.9,93.5,101.8,91.4,124.4,210.7,251.1,261.3,264.4,224.8,148.7,23.5,-114.0,-260.5,-374.8,-495.9,-618.2,-770.0,-924.2,-1121.8,-1357.8,-1668.3,-2038.5,-2461.3,-2893.9,-3303.8,-3678.4,-4003.0,-4260.2,-4435.5,-4530.8,-4563.4,-4567.5,-4569.1,-4569.4,-4569.2,-4569.7,-4569.5,-4570.1,-4569.9,-4570.5,-4570.6,-4569.7,-4573.3,-4568.7,-4556.7,-4541.7,-4520.4,-4500.7,-4474.9,-4460.1,-4438.3,-4399.0,-4358.2,-4326.9,-4319.1,-4321.0,-4319.6,-4318.8,-4321.1,-4320.1,-4320.5,-4321.9,-4322.3,-4324.9,-4322.2,-4321.7,-4322.9,-4325.2,-4358.2,-4325.5,-4325.8,-4325.9,-4326.7,-4328.4,-4329.1,-4332.9,-4361.2,-4404.7,-4446.3,-4474.4,-4487.5,-4492.1,-4492.3,-4493.3,-4494.8,-4495.2,-4496.1,-4498.8,-4498.6,-4499.3,-4503.0,-4522.2,-4541.3,-4547.1,-4544.1,-4533.5,-4498.3,-4470.9,-4432.9,-4388.9,-4333.7,-4284.1,-4224.6,-4170.7,-4123.6,-4114.6,-4117.6,-4117.1,-4118.9,-4120.3,-4119.3,-4117.0,-4117.7,-4119.2,-4118.4,-4118.6,-4119.2,-4119.5,-4122.0,-4123.5,-4122.6,-4122.3,-4122.6,-4151.2,-4124.3,-4123.7,-4123.1,-4124.1,-4125.4,-4124.7,-4129.0,-4164.9,-4221.2,-4284.5,-4332.8,-4363.7,-4397.9,-4442.0,-4502.9,-4555.0,-4588.2,-4598.5,-4602.5,-4603.3,-4603.5,-4603.8,-4604.1,-4604.2,-4613.8,-4593.5,-4566.4,-4522.7,-4456.7,-4389.0,-4307.9,-4202.4,-4088.0,-3955.4,-3830.8,-3699.5,-3540.5,-3381.9,-3209.5,-3051.0,-2892.6,-2707.8,-2515.6,-2279.0,-2074.2,-1841.9,-1655.0,-1493.3,-1402.3,-1350.9,-1347.3,-1344.2,-1343.7,-1345.8,-1344.7,-1345.5,-1347.5,-1345.9,-1346.8,-1347.2,-1346.6,-1346.9,-1348.4,-1351.1,-1336.7,-1277.7,-1197.3,-1103.1,-1033.8,-994.0,-1004.7,-986.8,-973.1,-921.1,-850.8,-771.1,-730.5,-671.0,-620.0,-562.9,-493.5,-414.9,-338.3,-291.9,-265.1,-287.8,-331.5,-376.5,-417.4,-454.9,-369.3,-363.6,-608.3,-657.9,-675.3,-675.5,-674.6,-674.0,-693.7,-673.4,-673.0,-672.6,-672.3,-672.5,-671.5,-670.3,-669.7,-672.2,-698.1,-750.7,-823.9,-904.1,-993.5,-1076.8,-1165.3,-1255.2,-1359.5,-1459.8,-1605.1,-1775.6,-1952.0,-2071.6,-2141.9,-2163.0,-2163.9,-2163.0,-2162.8,-2150.0,-2086.4,-1997.5,-1886.8,-1787.4,-1668.7,-1572.4,-1457.6,-1318.5,-1184.8,-1081.5,-1010.3,-965.3,-958.5,-957.8,-959.1,-994.7,-1058.4,-1147.7,-1198.9,-1200.3,-1165.6,-1075.5,-1008.4,-969.9,-955.4,-952.8,-952.7,-954.1,-991.5,-1104.3,-1331.1,-1640.5,-2047.6,-2487.4,-2923.1,-3340.9,-3719.0,-4046.8,-4308.3,-4487.0,-4583.3,-4618.7
-4767.1,-4763.6,-4759.2,-4755.5,-4751.9,-4748.5,-4745.1,-4741.8,-4737.5,-4733.8,-4730.9,-4727.2,-4723.9,-4720.4,-4717.2,-4713.9,-4710.7,-4708.0,-4704.8,-4702.5,-4699.4,-4696.3,-4692.9,-4690.5,-4687.9,-4685.2,-4682.8,-4679.8,-4677.9,-4675.6,-4673.1,-4670.9,-4668.5,-4666.7,-4664.1,-4662.7,-4660.5,-4658.9,-4655.9,-4653.7,-4651.7,-4649.8,-4648.7,-4646.6,-4644.8,-4643.0,-4641.8,-4639.1,-4638.1,-4636.4,-4634.1,-4633.0,-4632.0,-4630.4,-4629.4,-4627.2,-4625.9,-4625.1,-4624.3,-4622.8,-4622.2,-4620.6,-4619.8,-4618.4,-4617.8,-4616.5,-4615.5,-4614.7,-4614.0,-4613.0,-4612.7,-4614.6,-4610.7,-4609.5,-4608.9,-4608.1,-4606.9,-4606.3,-4605.4,-4605.6,-4603.4,-4604.1,-4602.8,-4601.2,-4600.5,-4600.6,-4600.0,-4598.7,-4597.0,-4596.4,-4596.4,-4594.7,-4593.6,-4592.2,-4591.3,-4591.3,-4676.3,-4589.2,-4588.1,-4586.8,-4586.6,-4585.2,-4584.9,-4584.5,-4635.4,-4582.6,-4582.5,-4581.8,-4580.1,-4578.9,-4577.8,-4577.5,-4576.4,-4575.3,-4574.2,-4573.4,-4572.7,-4572.1,-4572.6,-4571.7,-4570.9,-4569.0,-4568.3,-4567.4,-4566.4,-4565.4,-4565.2,-4564.3,-4563.7,-4561.6,-4558.1,-4560.4,-4559.1,-4555.0,-4547.5,-4538.4,-4534.5,-4530.2,-4523.9,-4496.4,-4446.9,-4363.5,-4269.4,-4139.2,-4008.1,-3840.7,-3691.8,-3537.0,-3394.3,-3257.9,-3130.9,-2988.1,-2841.0,-2708.1,-2557.8,-2408.3,-2270.7,-2121.2,-1960.0,-1777.8,-1607.1,-1434.7,-1287.5,-1145.8,-990.2,-853.0,-720.0,-612.5,-521.6,-452.7,-408.9,-371.3,-368.0,-389.6,-402.1,53.9,68.8,94.3,99.4,91.4,174.8,238.1,238.4,229.9,234.3,217.2,145.1,19.2,-114.7,-256.0,-370.9,-489.6,-614.9,-771.1,-927.2,-1113.4,-1291.1,-1508.8,-1765.9,-2093.1,-2469.4,-2889.2,-3301.1,-3674.7,-3998.2,-4254.9,-4430.3,-4528.1,-4558.2,-4562.4,-4564.3,-4564.1,-4564.4,-4564.6,-4564.6,-4564.9,-4565.3,-4564.3,-4567.5,-4563.7,-4557.1,-4543.8,-4516.0,-4481.2,-4437.6,-4395.7,-4357.6,-4315.5,-4288.5,-4246.1,-4184.5,-4127.7,-4085.5,-4076.7,-4077.9,-4077.6,-4076.6,-4077.7,-4077.9,-4078.2,-4078.5,-4080.0,-4079.2,-4079.7,-4082.5,-4083.3,-4082.6,-4083.2,-4083.3,-4082.7,-4086.5,-4084.3,-4088.1,-4125.7,-4182.8,-4249.8,-4294.8,-4321.9,-4330.4,-4330.8,-4332.3,-4333.3,-4334.4,-4335.3,-4336.0,-4336.7,-4336.8,-4342.7,-4371.9,-4413.2,-4448.4,-4457.4,-4452.5,-4428.0,-4382.0,-4326.2,-4276.6,-4217.9,-4154.7,-4076.1,-4009.3,-3931.7,-3863.9,-3809.1,-3798.1,-3799.4,-3800.8,-3804.2,-3801.6,-3800.4,-3802.4,-3801.9,-3801.4,-3801.2,-3801.7,-3802.0,-3804.5,-3804.6,-3804.9,-3805.4,-3804.7,-3834.3,-3806.4,-3805.7,-3805.1,-3805.9,-3807.5,-3810.2,-3854.3,-3924.0,-4001.3,-4066.6,-4111.0,-4160.7,-4219.4,-4311.1,-4401.8,-4470.5,-4503.1,-4514.6,-4518.5,-4518.6,-4518.8,-4519.1,-4519.3,-4519.7,-4518.8,-4508.4,-4482.8,-4422.2,-4338.7,-4237.8,-4138.2,-4027.7,-3893.4,-3753.3,-3597.1,-3454.9,-3305.2,-3132.0,-2959.7,-2775.2,-2613.2,-2448.2,-2261.7,-2069.9,-1839.1,-1641.2,-1422.0,-1250.5,-1105.1,-1026.5,-980.7,-975.6,-976.0,-976.5,-977.1,-977.8,-978.0,-978.6,-977.7,-978.6,-979.1,-978.6,-978.9,-981.7,-979.9,-969.6,-916.6,-846.4,-767.6,-714.4,-696.1,-674.6,-672.7,-662.5,-618.5,-561.3,-514.7,-455.0,-409.3,-367.8,-325.3,-259.0,-190.7,-147.6,-145.0,-166.3,-199.2,-232.3,-256.3,-287.4,-237.1,-255.5,-414.7,-429.3,-429.4,-428.5,-428.0,-427.5,-448.0,-426.7,-426.3,-425.6,-426.5,-426.2,-421.0,-408.7,-410.4,-439.7,-483.3,-543.9,-602.4,-682.1,-745.9,-821.1,-897.1,-991.4,-1078.3,-1208.7,-1363.8,-1532.5,-1658.8,-1732.5,-1745.3,-1738.1,-1732.6,-1732.3,-1733.0,-1732.4,-1718.3,-1658.0,-1570.3,-1466.8,-1374.3,-1265.7,-1176.3,-1071.1,-947.4,-833.7,-745.1,-687.8,-652.2,-648.7,-674.4,-726.0,-802.3,-876.5,-931.2,-934.0,-891.1,-818.7,-743.4,-690.8,-652.7,-639.5,-643.1,-670.2,-760.1,-950.4,-1240.5,-1618.8,-2045.7,-2484.4,-2919.2,-3333.5,-3712.2,-4039.9,-4306.1,-4479.3,-4575.6,-4611.0
-4764.8,-4761.2,-4756.9,-4753.1,-4749.5,-4745.6,-4742.3,-4738.8,-4735.0,-4731.5,-4728.3,-4725.3,-4722.1,-4719.1,-4715.1,-4711.5,-4708.5,-4705.7,-4702.9,-4699.8,-4696.4,-4693.1,-4690.8,-4687.4,-4685.3,-4682.7,-4680.6,-4678.2,-4675.1,-4673.1,-4670.3,-4668.4,-4665.9,-4663.6,-4661.2,-4658.9,-4657.2,-4654.7,-4653.8,-4651.3,-4648.9,-4647.2,-4644.7,-4642.8,-4642.2,-4640.3,-4638.6,-4636.4,-4634.6,-4633.1,-4631.2,-4630.2,-4628.1,-4627.1,-4625.8,-4624.1,-4622.3,-4621.1,-4620.5,-4619.1,-4618.0,-4616.7,-4615.9,-4615.1,-4614.0,-4612.6,-4611.9,-4610.6,-4609.7,-4608.8,-4608.6,-4609.1,-4608.3,-4606.3,-4605.1,-4603.8,-4602.5,-4601.8,-4600.6,-4600.1,-4599.1,-4599.0,-4598.3,-4597.4,-4596.0,-4595.7,-4594.7,-4593.3,-4592.1,-4591.6,-4590.9,-4590.3,-4588.8,-4587.3,-4586.5,-4585.9,-4585.1,-4584.3,-4583.8,-4581.9,-4581.6,-4580.5,-4579.9,-4579.0,-4578.4,-4577.4,-4577.3,-4576.7,-4575.0,-4574.1,-4572.6,-4572.1,-4571.1,-4569.7,-4568.7,-4567.8,-4567.1,-4566.8,-4566.2,-4565.4,-4565.3,-4563.8,-4562.2,-4561.4,-4562.1,-4559.4,-4558.8,-4557.7,-4556.1,-4557.4,-4552.0,-4542.1,-4530.8,-4519.1,-4501.4,-4478.5,-4456.2,-4449.2,-4440.6,-4414.5,-4354.0,-4265.7,-4134.0,-4004.2,-3837.3,-3675.9,-3479.3,-3310.2,-3139.4,-2982.9,-2837.6,-2703.5,-2554.6,-2404.8,-2269.0,-2118.0,-1969.2,-1834.2,-1690.3,-1535.2,-1363.6,-1206.1,-1050.4,-920.0,-796.3,-668.6,-560.6,-455.9,-367.1,-283.7,-211.2,-152.2,-137.3,-193.3,-235.3,36.1,94.6,96.5,106.8,210.3,256.2,213.0,172.9,164.2,157.7,113.5,10.6,-114.4,-256.2,-370.5,-488.3,-611.6,-766.0,-925.4,-1116.2,-1302.3,-1518.4,-1700.1,-1926.5,-2194.2,-2524.2,-2896.3,-3297.3,-3671.3,-3994.0,-4249.1,-4425.2,-4582.5,-4554.0,-4556.9,-4559.0,-4559.2,-4559.3,-4560.0,-4560.1,-4559.5,-4558.6,-4562.5,-4556.9,-4545.0,-4527.8,-4498.1,-4454.0,-4390.1,-4322.2,-4248.7,-4182.6,-4123.2,-4073.9,-4031.0,-3973.5,-3893.9,-3824.3,-3774.9,-3762.8,-3763.8,-3765.7,-3763.9,-3765.1,-3765.3,-3766.7,-3770.4,-3772.7,-3769.1,-3768.6,-3769.3,-3769.9,-3769.7,-3768.8,-3769.4,-3854.3,-3855.6,-3817.6,-3887.0,-3969.3,-4035.0,-4074.3,-4088.4,-4088.6,-4088.7,-4088.9,-4090.1,-4091.4,-4092.9,-4093.4,-4096.4,-4096.5,-4135.7,-4192.9,-4254.5,-4301.2,-4311.9,-4307.4,-4275.4,-4210.4,-4148.3,-4070.2,-4001.5,-3926.2,-3846.6,-3752.2,-3689.4,-3584.6,-3495.6,-3438.6,-3427.3,-3428.4,-3432.8,-3434.2,-3431.9,-3430.5,-3430.3,-3429.8,-3429.3,-3429.7,-3429.9,-3432.4,-3431.4,-3432.7,-3432.3,-3432.4,-3463.0,-3433.9,-3433.2,-3432.8,-3432.6,-3439.6,-3485.0,-3561.9,-3655.6,-3733.6,-3790.4,-3847.1,-3918.7,-4036.9,-4155.6,-4263.8,-4322.6,-4348.2,-4353.9,-4354.4,-4354.6,-4354.8,-4355.0,-4355.2,-4355.5,-4355.9,-4351.9,-4330.4,-4284.4,-4187.2,-4073.5,-3941.2,-3816.0,-3684.1,-3526.7,-3367.5,-3195.7,-3038.7,-2881.7,-2697.9,-2517.5,-2331.9,-2167.0,-2004.6,-1822.1,-1638.7,-1421.1,-1236.3,-1038.8,-888.8,-766.3,-700.6,-668.4,-663.3,-664.5,-666.1,-664.1,-665.5,-666.7,-666.5,-665.9,-667.0,-667.5,-667.0,-667.0,-670.3,-669.9,-658.0,-614.2,-583.3,-502.8,-465.7,-416.6,-411.2,-410.6,-402.9,-367.4,-334.7,-256.0,-199.4,-159.5,-122.9,-79.7,-43.5,29.9,27.6,-85.5,-105.8,-120.0,-136.8,-167.6,-142.2,-165.3,-245.2,-246.3,-243.5,-242.6,-242.2,-241.4,-260.9,-238.1,-237.2,-235.8,-235.0,-228.2,-200.9,-174.2,-193.6,-204.9,-162.6,-360.8,-425.3,-495.2,-539.0,-599.4,-674.3,-744.3,-854.8,-991.3,-1143.8,-1278.7,-1379.8,-1417.4,-1406.4,-1371.8,-1335.8,-1326.7,-1326.8,-1327.0,-1325.6,-1314.1,-1255.0,-1174.9,-1081.4,-1000.6,-904.5,-826.5,-735.8,-635.1,-543.6,-475.2,-426.5,-416.3,-458.8,-518.2,-577.0,-625.8,-644.6,-644.7,-633.8,-587.6,-533.8,-472.1,-433.4,24.2,-411.6,-487.1,-632.5,-879.3,-1219.3,-1617.5,-2043.4,-2481.3,-2914.7,-3328.2,-3706.6,-4034.2,-4294.2,-4473.2,-4569.3,-4604.6
-4762.3,-4758.6,-4754.8,-4751.1,-4747.5,-4743.4,-4739.9,-4737.0,-4733.1,-4728.9,-4725.5,-4722.6,-4719.9,-4715.8,-4714.2,-4710.2,-4705.6,-4703.1,-4700.9,-4697.3,-4693.7,-4690.7,-4688.6,-4685.5,-4682.5,-4680.1,-4677.4,-4675.0,-4672.4,-4670.5,-4667.9,-4666.0,-4663.1,-4660.5,-4658.1,-4655.9,-4653.9,-4652.1,-4651.2,-4649.3,-4646.6,-4644.3,-4642.1,-4640.6,-4638.8,-4637.8,-4636.5,-4633.7,-4661.1,-4659.5,-4627.9,-4627.1,-4625.1,-4624.1,-4623.3,-4621.3,-4618.9,-4617.9,-4617.1,-4615.5,-4614.5,-4613.3,-4612.1,-4611.3,-4609.8,-4609.6,-4607.8,-4606.6,-4605.5,-4604.6,-4603.9,-4604.1,-4606.0,-4619.2,-4601.9,-4599.6,-4598.3,-4597.2,-4596.8,-4595.6,-4594.8,-4594.1,-4593.0,-4618.1,-4617.7,-4617.0,-4590.4,-4588.7,-4587.2,-4586.1,-4585.5,-4585.1,-4583.6,-4582.8,-4581.4,-4580.5,-4579.9,-4579.0,-4578.5,-4577.4,-4576.5,-4575.4,-4573.9,-4573.6,-4573.6,-4572.2,-4571.0,-4572.4,-4569.5,-4568.8,-4566.9,-4566.3,-4565.1,-4564.4,-4563.3,-4562.5,-4561.5,-4561.1,-4560.5,-4559.6,-4558.4,-4556.8,-4556.3,-4555.5,-4553.7,-4556.4,-4553.5,-4552.7,-4551.4,-4542.9,-4529.3,-4500.6,-4474.3,-4442.5,-4412.8,-4373.1,-4332.8,-4297.3,-4286.2,-4265.2,-4217.2,-4123.9,-4000.1,-3831.6,-3673.7,-3476.6,-3293.4,-3076.2,-2893.5,-2711.8,-2549.8,-2400.4,-2264.1,-2113.4,-1966.5,-1831.1,-1686.3,-1543.2,-1418.1,-1283.1,-1141.2,-986.8,-848.7,-716.3,-608.6,-512.1,-410.8,-321.2,-210.4,-114.2,-21.6,58.0,72.7,11.1,-36.9,-58.8,1.3,104.1,201.2,236.0,184.2,126.1,83.5,60.4,35.0,-26.5,-128.5,-255.8,-370.3,-490.0,-610.7,-764.2,-920.9,-1105.3,-1287.4,-1539.4,-1698.6,-1916.3,-2128.4,-2358.6,-2627.1,-2949.4,-3303.7,-3666.5,-3990.3,-4245.3,-4426.3,-4578.9,-4547.7,-4551.5,-4553.3,-4553.7,-4554.3,-4554.8,-4554.1,-4551.0,-4552.8,-4546.2,-4533.0,-4505.3,-4470.6,-4424.3,-4357.7,-4276.5,-4175.9,-4078.7,-3978.1,-3890.0,-3820.2,-3759.9,-3706.9,-3636.6,-3542.9,-3463.7,-3406.5,-3397.0,-3401.4,-3398.8,-3397.8,-3398.0,-3399.6,-3400.6,-3400.5,-3400.0,-3400.4,-3402.4,-3402.0,-3400.8,-3401.2,-3402.5,-3410.6,-3453.6,-3530.3,-3625.9,-3705.0,-3756.4,-3772.1,-3774.0,-3774.5,-3774.8,-3776.3,-3778.8,-3778.2,-3779.3,-3780.6,-3784.0,-3825.2,-3894.8,-3976.5,-4039.3,-4080.6,-4091.0,-4086.2,-4084.5,-4020.8,-3921.8,-3842.9,-3742.7,-3661.8,-3571.6,-3482.5,-3375.1,-3280.6,-3175.8,-3089.7,-3028.5,-3017.6,-3023.9,-3021.8,-3023.5,-3023.0,-3021.1,-3019.9,-3018.9,-3019.3,-3019.4,-3021.9,-3021.1,-3022.1,-3022.4,-3021.6,-3053.3,-3023.1,-3022.4,-3021.3,-3028.2,-3078.1,-3158.1,-3261.6,-3348.7,-3415.1,-3479.4,-3559.7,-3697.1,-3840.6,-3977.5,-4072.7,-4117.0,-4123.6,-4112.9,-4107.3,-4107.9,-4108.1,-4108.3,-4108.5,-4108.7,-4109.1,-4108.9,-4105.0,-4071.3,-4003.7,-3880.5,-3740.1,-3583.2,-3440.5,-3292.2,-3118.5,-2947.9,-2764.0,-2603.5,-2438.9,-2251.3,-2074.4,-1890.2,-1731.6,-1576.5,-1405.7,-1237.5,-1037.4,-877.4,-712.1,-588.9,-493.2,-445.9,-446.5,-444.9,-445.2,-448.2,-449.8,-450.0,-452.3,-453.8,-454.4,-456.1,-447.9,-410.5,-409.0,-408.0,-407.0,-400.0,-367.4,-324.2,-265.1,-202.6,-166.9,-163.8,-163.0,-154.1,-125.4,-60.0,12.9,50.9,74.2,97.5,68.0,17.5,29.9,20.4,-57.0,-60.2,-70.3,-88.4,-79.8,-89.8,-121.7,-122.2,-118.7,-116.6,-114.5,-112.2,-127.0,-108.0,-100.4,-97.8,-92.2,-64.8,15.2,59.5,-40.4,-39.9,22.8,23.7,22.8,-323.4,-368.0,-427.0,-480.1,-563.9,-672.6,-802.4,-931.5,-1046.7,-1124.2,-1148.4,-1133.2,-1078.5,-1014.8,-970.0,-962.1,-961.8,-962.3,-962.1,-948.8,-896.4,-826.0,-747.6,-680.2,-601.7,-541.2,-469.1,-388.1,-305.6,-233.4,-222.2,-278.3,-331.7,-368.4,-381.8,-395.8,-401.9,-399.4,-374.8,-377.2,23.7,25.3,26.0,25.3,23.7,-581.7,-867.0,-1218.4,-1615.8,-2042.0,-2479.1,-2910.8,-3323.5,-3701.9,-4028.8,-4288.7,-4467.3,-4563.3,-4598.6
-4760.1,-4756.3,-4752.7,-4748.9,-4745.4,-4741.1,-4737.8,-4734.7,-4731.2,-4727.1,-4723.5,-4720.3,-4716.6,-4714.1,-4710.3,-4707.4,-4703.7,-4701.4,-4698.3,-4694.9,-4691.4,-4688.1,-4685.6,-4683.0,-4680.6,-4677.9,-4675.0,-4672.7,-4671.1,-4668.5,-4665.0,-4663.4,-4660.8,-4658.6,-4655.7,-4653.2,-4651.2,-4649.6,-4647.5,-4645.1,-4643.6,-4642.2,-4639.0,-4637.7,-4635.9,-4635.8,-4662.7,-4661.0,-4659.2,-4657.8,-4655.6,-4623.4,-4622.3,-4620.4,-4618.9,-4617.9,-4616.4,-4614.8,-4614.1,-4612.7,-4610.7,-4609.6,-4608.3,-4607.5,-4606.6,-4605.2,-4604.4,-4603.6,-4602.2,-4600.9,-4600.0,-4599.3,-4598.9,-4613.2,-4610.0,-4597.7,-4596.2,-4593.9,-4592.5,-4591.8,-4590.8,-4589.2,-4615.5,-4615.6,-4614.8,-4613.4,-4612.5,-4610.5,-4583.2,-4581.9,-4581.5,-4579.9,-4579.0,-4578.2,-4577.2,-4576.5,-4575.4,-4574.8,-4573.8,-4572.6,-4572.1,-4569.9,-4569.3,-4568.4,-4567.6,-4566.7,-4566.1,-4567.2,-4564.2,-4563.1,-4562.3,-4560.9,-4560.5,-4559.4,-4558.2,-4557.4,-4556.4,-4555.6,-4554.8,-4552.2,-4549.5,-4553.3,-4549.9,-4550.6,-4547.3,-4543.8,-4535.1,-4524.5,-4519.4,-4510.0,-4483.4,-4436.8,-4377.1,-4324.5,-4268.6,-4219.0,-4157.8,-4101.0,-4055.8,-4040.9,-4006.5,-3941.3,-3819.3,-3667.9,-3472.5,-3291.8,-3074.1,-2876.5,-2647.7,-2457.7,-2272.9,-2110.1,-1962.4,-1827.7,-1682.2,-1541.0,-1415.1,-1278.6,-1149.8,-1036.1,-916.4,-793.4,-662.8,-550.8,-448.8,-364.6,-276.3,-167.9,-52.4,51.7,136.3,199.5,200.7,171.4,121.0,111.9,154.6,204.0,229.6,183.1,115.2,54.2,0.9,-33.7,-85.2,-157.8,-264.1,-368.8,-486.1,-610.9,-763.6,-919.7,-1103.1,-1284.5,-1490.7,-1690.1,-1914.1,-2120.2,-2351.9,-2569.5,-2789.2,-3048.9,-3352.3,-3671.5,-3987.3,-4241.6,-4417.2,-4508.9,-4542.5,-4546.3,-4548.1,-4548.6,-4549.2,-4548.2,-4551.7,-4544.9,-4534.1,-4523.1,-4488.5,-4443.3,-4379.6,-4312.0,-4232.5,-4129.5,-4016.3,-3885.6,-3762.9,-3645.0,-3538.4,-3459.2,-3392.7,-3331.1,-3251.3,-3147.6,-3063.3,-3003.4,-2991.3,-2992.6,-2992.1,-2992.3,-2993.7,-2993.9,-2994.1,-2994.3,-2996.5,-2996.0,-2994.6,-2994.9,-2996.1,-2999.6,-3051.6,-3131.6,-3235.4,-3325.4,-3384.1,-3404.8,-3406.8,-3409.1,-3407.8,-3409.9,-3407.4,-3432.7,-3431.9,-3411.1,-3417.8,-3461.9,-3537.4,-3632.5,-3708.7,-3760.8,-3777.2,-3779.1,-3778.1,-3771.3,-3727.0,-3656.8,-3569.2,-3477.5,-3364.9,-3273.2,-3173.5,-3074.2,-2958.0,-2856.4,-2747.9,-2658.8,-2596.3,-2589.5,-2589.4,-2587.8,-2588.6,-2588.7,-2587.4,-2586.1,-2586.3,-2586.4,-2588.9,-2588.1,-2587.7,-2588.5,-2588.4,-2621.1,-2589.9,-2588.6,-2594.0,-2643.3,-2728.5,-2835.2,-2931.8,-3003.3,-3076.2,-3158.6,-3307.5,-3471.3,-3630.5,-3760.8,-3856.2,-3878.2,-3873.8,-3840.3,-3801.2,-3790.5,-3791.1,-3791.4,-3791.5,-3791.7,-3791.9,-3792.5,-3793.8,-3787.1,-3740.4,-3661.2,-3515.3,-3354.8,-3182.2,-3026.8,-2868.2,-2686.0,-2507.2,-2324.3,-2160.0,-1995.7,-1814.2,-1642.0,-1469.1,-1321.5,-1180.7,-878.7,-875.8,-709.0,-578.9,-450.2,-359.5,-286.7,-246.7,-228.7,-229.4,-231.8,-230.5,-233.4,-231.5,-231.9,-231.5,-229.5,-217.2,-197.4,-183.3,-171.6,-172.6,-171.2,-163.7,-123.2,-69.2,12.9,56.2,74.0,72.9,70.9,71.1,102.4,127.9,136.7,115.3,107.7,54.3,29.9,20.4,0.7,20.4,-6.9,-11.4,-49.2,-48.3,-44.3,-64.6,-63.1,-59.8,-54.0,-48.3,-3.7,-51.3,13.5,16.0,15.1,29.7,58.0,106.4,142.0,84.4,-38.8,23.7,6.5,23.7,-148.8,-213.0,-271.5,-343.3,-424.9,-521.6,-625.6,-739.2,-819.4,-882.4,-906.3,-892.2,-830.5,-751.2,-693.6,-658.2,-651.9,-651.7,-653.4,-652.0,-639.9,-595.2,-538.9,-477.7,-422.9,-352.8,-300.2,-228.1,-132.2,-50.7,-30.6,-75.3,-121.2,-134.1,-148.3,-179.1,-193.3,-189.6,-155.3,-159.9,24.2,26.0,25.3,26.0,24.2,-569.5,-866.0,-1217.4,-1614.2,-2038.6,-2477.5,-2907.7,-3320.1,-3698.2,-4024.6,-4283.7,-4462.1,-4557.9,-4593.1
-4758.4,-4754.9,-4751.1,-4747.6,-4743.3,-4739.4,-4735.9,-4732.4,-4729.1,-4725.0,-4721.6,-4718.6,-4714.3,-4711.1,-4708.1,-4705.2,-4702.3,-4699.1,-4695.8,-4692.5,-4689.6,-4686.6,-4683.7,-4680.8,-4678.7,-4675.4,-4673.0,-4671.2,-4668.8,-4666.0,-4662.8,-4660.6,-4659.3,-4656.0,-4653.4,-4650.9,-4648.7,-4646.6,-4644.4,-4642.3,-4641.0,-4640.1,-4636.9,-4635.9,-4633.7,-4662.1,-4660.5,-4660.3,-4656.9,-4654.6,-4652.5,-4620.4,-4619.0,-4617.5,-4616.2,-4615.2,-4613.7,-4611.6,-4610.2,-4609.5,-4607.6,-4607.1,-4605.3,-4604.2,-4603.1,-4601.7,-4601.0,-4599.9,-4599.3,-4598.0,-4596.7,-4595.3,-4594.2,-4593.4,-4593.0,-4592.8,-4592.1,-4592.6,-4589.6,-4588.0,-4617.9,-4586.3,-4612.8,-4612.1,-4612.1,-4610.2,-4609.3,-4609.1,-4608.0,-4578.1,-4577.3,-4576.2,-4574.4,-4573.8,-4573.7,-4572.5,-4570.3,-4569.7,-4568.7,-4567.7,-4566.8,-4565.1,-4564.9,-4564.1,-4563.9,-4564.3,-4562.5,-4564.8,-4560.0,-4559.2,-4557.5,-4556.4,-4555.5,-4554.5,-4553.4,-4552.5,-4551.8,-4550.0,-4550.8,-4548.3,-4543.8,-4537.3,-4524.7,-4520.0,-4516.9,-4510.2,-4491.0,-4467.9,-4446.3,-4428.2,-4403.4,-4340.5,-4258.8,-4163.0,-4090.6,-4014.9,-3946.2,-3865.8,-3796.7,-3744.9,-3725.6,-3681.6,-3601.9,-3457.7,-3286.6,-3070.6,-2875.5,-2646.7,-2441.4,-2208.4,-2018.8,-1837.4,-1692.2,-1537.6,-1411.8,-1276.0,-1146.5,-1032.5,-913.4,-801.0,-704.7,-605.8,-507.9,-406.9,-326.8,-216.7,-107.5,-2.4,100.1,181.3,228.5,240.2,239.6,228.7,215.8,216.9,223.6,238.6,207.7,144.2,65.6,1.3,-49.5,-110.1,-179.5,-273.1,-368.7,-485.5,-608.4,-765.1,-918.5,-1102.4,-1283.0,-1488.0,-1686.8,-1906.5,-2115.4,-2342.9,-2551.0,-2777.0,-2988.5,-3202.8,-3446.2,-3716.0,-3989.3,-4236.3,-4412.2,-4504.8,-4538.2,-4541.1,-4543.1,-4544.0,-4542.9,-4546.9,-4538.6,-4524.1,-4495.4,-4464.0,-4416.8,-4347.3,-4266.2,-4166.0,-4067.9,-3960.6,-3827.9,-3702.9,-3539.4,-3394.0,-3258.9,-3142.5,-3058.2,-2987.1,-2919.6,-2833.4,-2724.0,-2635.8,-2574.9,-2562.7,-2563.8,-2564.0,-2565.4,-2565.6,-2565.7,-2568.0,-2567.4,-2565.8,-2566.2,-2569.9,-2572.9,-2628.0,-2708.5,-2815.6,-2912.5,-2977.6,-2997.0,-3001.5,-3001.8,-3000.7,-3002.2,-3003.7,-3002.2,-3002.7,-3001.4,-3006.4,-3057.0,-3137.4,-3240.5,-3330.2,-3390.0,-3413.3,-3474.8,-3409.1,-3411.1,-3413.5,-3400.2,-3349.4,-3276.2,-3171.1,-3070.2,-2950.8,-2852.3,-2746.7,-2643.1,-2521.5,-2417.8,-2307.8,-2218.0,-2156.8,-2147.6,-2150.6,-2149.3,-2150.3,-2149.3,-2146.6,-2146.8,-2146.9,-2149.3,-2148.5,-2148.6,-2149.5,-2148.7,-2182.4,-2149.6,-2151.3,-2202.1,-2285.2,-2394.4,-2494.4,-2568.0,-2640.4,-2727.7,-2886.8,-3060.9,-3234.7,-3393.8,-3532.6,-3612.6,-3631.6,-3621.8,-3565.9,-3488.5,-3430.9,-3419.0,-3420.2,-3420.4,-3420.5,-3420.7,-3419.9,-3423.5,-3423.7,-3411.3,-3361.1,-3270.0,-3107.6,-2935.6,-2753.1,-2591.0,-2429.0,-2242.0,-2067.8,-1883.1,-1723.9,-1570.1,-1397.2,-1239.2,-1083.2,-953.4,-830.6,-580.6,-578.6,-449.0,-352.6,-253.7,-181.2,-128.8,-107.7,-104.1,-106.1,-106.6,-106.5,-107.0,-107.2,-62.5,-79.5,-77.1,-39.1,-1.2,27.8,53.1,40.7,44.9,69.9,108.0,150.8,170.7,157.3,141.5,135.1,121.5,113.6,105.9,102.7,100.8,79.7,19.8,19.8,19.8,41.0,42.0,35.1,23.3,14.0,-3.4,-43.6,31.7,-7.8,-6.2,18.4,20.4,39.9,59.8,70.1,75.7,72.2,79.1,100.1,124.0,121.6,83.5,-39.8,-110.2,72.7,97.2,33.4,-60.4,-125.6,-222.0,-308.6,-388.2,-483.6,-582.9,-619.0,-648.4,-658.6,-645.8,-600.1,-543.6,-481.8,-435.1,-399.1,-388.1,-391.1,-388.1,-386.5,-378.7,-346.9,-302.8,-239.9,-176.8,-108.5,-28.7,50.4,133.2,162.2,121.4,102.4,100.3,77.8,39.8,21.3,26.0,63.2,111.0,147.2,167.7,108.9,25.3,23.7,-567.0,-863.1,-1214.6,-1610.4,-2034.3,-2470.3,-2902.7,-3315.7,-3693.3,-4019.7,-4279.0,-4457.4,-4553.2,-4588.3
-4757.1,-4753.0,-4748.8,-4745.5,-4741.6,-4737.9,-4734.1,-4731.5,-4727.3,-4723.8,-4721.0,-4717.3,-4713.4,-4709.7,-4706.4,-4703.8,-4700.0,-4696.8,-4694.2,-4690.6,-4687.5,-4684.8,-4682.6,-4679.2,-4676.7,-4673.9,-4671.3,-4668.5,-4666.1,-4663.5,-4661.4,-4658.8,-4655.8,-4653.2,-4651.5,-4648.7,-4646.4,-4644.4,-4642.1,-4640.1,-4638.0,-4636.5,-4634.7,-4635.0,-4630.4,-4659.9,-4658.5,-4657.5,-4654.3,-4652.3,-4619.8,-4618.1,-4617.2,-4614.6,-4613.1,-4612.3,-4610.6,-4608.9,-4607.5,-4606.4,-4605.3,-4604.1,-4603.6,-4600.8,-4600.6,-4598.8,-4597.8,-4596.7,-4595.8,-4594.0,-4594.1,-4592.6,-4591.0,-4590.8,-4590.9,-4589.6,-4588.8,-4587.5,-4585.4,-4584.7,-4602.5,-4616.2,-4625.5,-4608.9,-4606.5,-4606.2,-4609.0,-4606.8,-4601.3,-4582.1,-4574.1,-4571.9,-4571.7,-4570.3,-4569.3,-4568.9,-4566.6,-4565.6,-4564.6,-4563.2,-4562.9,-4561.1,-4560.5,-4560.5,-4559.4,-4558.3,-4557.6,-4559.0,-4555.4,-4555.2,-4553.1,-4551.7,-4551.3,-4550.0,-4548.8,-4548.0,-4545.7,-4546.4,-4540.7,-4528.7,-4511.4,-4491.1,-4468.2,-4444.8,-4437.2,-4427.9,-4403.8,-4363.5,-4323.1,-4284.0,-4254.9,-4207.0,-4111.9,-3997.1,-3873.9,-3785.7,-3690.0,-3607.5,-3515.3,-3435.6,-3378.6,-3356.8,-3306.6,-3215.5,-3056.1,-2870.9,-2642.7,-2440.5,-2205.8,-2003.7,-1774.6,-1591.1,-1419.9,-1273.8,-1144.5,-1030.4,-910.3,-799.1,-702.5,-603.2,-513.9,-438.4,-373.9,-284.5,-165.8,-44.4,67.9,148.5,209.3,220.0,208.9,195.6,192.4,191.3,185.7,189.3,191.0,204.8,176.0,95.1,11.1,-54.7,-115.4,-180.9,-273.8,-368.7,-484.8,-608.6,-761.0,-918.3,-1100.1,-1281.4,-1487.0,-1684.6,-1903.2,-2111.6,-2336.9,-2547.8,-2770.6,-2975.4,-3190.6,-3381.4,-3584.4,-3797.8,-4024.1,-4235.0,-4404.7,-4498.7,-4533.3,-4536.4,-4538.2,-4537.0,-4538.7,-4533.3,-4516.5,-4480.5,-4433.6,-4393.0,-4314.4,-4222.2,-4119.6,-4006.5,-3876.4,-3754.0,-3624.5,-3494.1,-3329.3,-3151.7,-2987.7,-2840.9,-2719.2,-2631.8,-2558.8,-2488.1,-2400.0,-2289.3,-2203.1,-2140.1,-2128.1,-2130.2,-2132.3,-2131.5,-2132.5,-2132.9,-2131.1,-2131.7,-2132.7,-2139.0,-2188.5,-2268.0,-2378.1,-2475.7,-2549.9,-2569.8,-2574.8,-2673.6,-2572.3,-2571.9,-2573.2,-2573.0,-2573.2,-2573.6,-2578.5,-2627.8,-2712.6,-2819.4,-2912.6,-2981.0,-3002.5,-3003.1,-3003.2,-3003.0,-3003.1,-3004.8,-3005.8,-2992.1,-2937.1,-2859.5,-2746.5,-2639.0,-2516.2,-2414.5,-2307.2,-2204.3,-2083.0,-1978.9,-1869.8,-1783.7,-1728.0,-1716.4,-1717.9,-1720.0,-1718.5,-1716.3,-1716.4,-1716.5,-1718.9,-1718.7,-1718.3,-1718.2,-1718.0,-1752.5,-1721.2,-1766.4,-1847.3,-1955.4,-2052.2,-2127.4,-2199.6,-2288.1,-2445.9,-2625.7,-2809.4,-2975.4,-3123.6,-3247.0,-3331.1,-3353.5,-3343.0,-3275.3,-3169.0,-3082.7,-3021.1,-3010.3,-3011.0,-3011.2,-3011.3,-3012.4,-3012.7,-3014.5,-3014.6,-3002.0,-2945.4,-2846.0,-2675.7,-2497.6,-2311.8,-2150.1,-1987.3,-1809.6,-1636.8,-1462.3,-1316.2,-1173.5,-1018.9,-880.5,-748.9,-640.8,-543.0,-353.5,-352.6,-252.4,-177.8,-109.5,-68.3,-42.9,-50.8,-53.5,-59.5,-54.1,-51.4,-54.6,-34.3,-36.6,-34.8,21.7,35.9,88.3,140.6,163.6,145.2,147.6,141.5,138.2,122.4,118.6,106.3,100.9,98.7,95.5,98.6,97.5,73.6,63.4,42.7,58.6,72.2,88.7,86.5,79.2,60.8,54.2,13.6,31.7,20.7,34.5,47.7,63.1,77.3,75.4,89.9,105.1,107.0,109.7,103.2,124.6,130.3,118.9,83.4,-37.6,-38.2,98.3,120.0,136.6,115.5,40.8,-89.0,-181.7,-281.6,-372.2,-461.2,-464.7,-465.0,-439.7,-399.6,-382.9,-349.9,-303.9,-240.6,-181.2,-140.0,-129.4,-127.9,-133.1,-135.7,-132.8,-103.8,-30.8,-17.3,37.4,117.1,137.0,178.6,188.2,186.6,184.7,198.9,206.7,171.0,153.8,156.7,195.9,237.3,265.4,221.5,100.5,23.7,-332.9,-569.8,-863.2,-1214.7,-1610.3,-2033.7,-2469.4,-2901.3,-3313.9,-3691.1,-4017.2,-4276.3,-4454.5,-4550.2,-4585.3
-4755.5,-4752.1,-4747.9,-4743.4,-4739.9,-4736.5,-4733.4,-4729.9,-4726.1,-4749.6,-4718.9,-4715.7,-4711.4,-4708.4,-4704.5,-4701.4,-4697.8,-4695.1,-4691.9,-4689.3,-4685.7,-4682.8,-4680.5,-4677.1,-4675.8,-4672.4,-4669.9,-4666.3,-4663.7,-4661.1,-4659.2,-4657.4,-4654.2,-4652.4,-4650.0,-4646.9,-4644.6,-4642.1,-4640.1,-4638.0,-4635.9,-4634.5,-4632.5,-4631.3,-4660.9,-4659.6,-4657.2,-4654.7,-4652.6,-4650.1,-4617.8,-4615.7,-4614.0,-4612.3,-4610.6,-4609.5,-4608.0,-4606.1,-4604.8,-4603.5,-4602.4,-4601.3,-4600.1,-4598.6,-4598.4,-4596.6,-4594.9,-4593.4,-4592.7,-4591.5,-4590.1,-4589.1,-4588.3,-4587.0,-4587.2,-4585.6,-4584.1,-4583.1,-4582.1,-4580.7,-4579.7,-4579.2,-4578.0,-4603.4,-4602.1,-4605.6,-4605.3,-4548.4,-4508.2,-4595.5,-4577.3,-4569.1,-4567.8,-4566.4,-4566.2,-4565.2,-4562.2,-4561.7,-4561.7,-4559.8,-4558.7,-4557.4,-4556.2,-4555.9,-4554.6,-4553.6,-4554.5,-4553.4,-4550.6,-4551.0,-4548.4,-4547.9,-4547.0,-4545.8,-4544.7,-4542.4,-4543.7,-4534.0,-4518.3,-4489.5,-4454.5,-4409.8,-4363.9,-4321.6,-4287.2,-4275.8,-4252.7,-4211.1,-4150.0,-4091.3,-4042.1,-3997.0,-3932.3,-3808.1,-3668.2,-3523.4,-3422.2,-3313.7,-3223.8,-3120.7,-3033.9,-2975.2,-2950.4,-2896.4,-2796.9,-2629.2,-2436.5,-2203.4,-2000.8,-1773.2,-1578.0,-1360.8,-1193.6,-1038.8,-911.4,-796.3,-701.8,-601.5,-512.2,-436.6,-357.7,-287.7,-210.9,-112.0,-3.2,111.9,189.7,221.7,195.0,180.3,168.8,158.1,156.2,157.3,154.3,155.0,157.8,160.2,101.5,16.4,-72.3,-144.0,-204.1,-278.9,-365.5,-483.1,-605.7,-758.8,-916.7,-1100.4,-1279.7,-1484.2,-1682.6,-1901.8,-2109.0,-2333.1,-2543.5,-2766.2,-2971.6,-3183.8,-3376.6,-3572.1,-3739.3,-3917.1,-4092.5,-4265.0,-4402.8,-4494.4,-4527.3,-4530.7,-4529.1,-4531.2,-4524.7,-4511.4,-4474.4,-4424.9,-4341.9,-4266.3,-4178.1,-4060.9,-3950.9,-3818.6,-3680.2,-3526.8,-3386.1,-3240.2,-3068.3,-2898.1,-2717.4,-2556.7,-2406.7,-2283.2,-2196.0,-2123.7,-2051.3,-1964.1,-1854.6,-1769.1,-1712.3,-1702.0,-1705.8,-1708.2,-1705.2,-1703.9,-1705.8,-1705.2,-1707.4,-1754.9,-1833.9,-1942.7,-2039.1,-2109.7,-2133.7,-2137.0,-2133.6,-2137.4,-2136.2,-2136.4,-2135.6,-2137.8,-2135.7,-2139.7,-2188.6,-2276.3,-2398.8,-2489.6,-2550.2,-2572.3,-2573.6,-2573.8,-2573.9,-2574.9,-2575.5,-2577.1,-2577.6,-2577.7,-2563.8,-2504.9,-2420.5,-2309.7,-2207.5,-2077.0,-1975.7,-1870.4,-1770.6,-1654.3,-1553.5,-1451.0,-1373.6,-1320.3,-1312.4,-1314.5,-1311.8,-1310.8,-1310.8,-1310.9,-1313.3,-1312.3,-1313.2,-1312.3,-1311.7,-1347.7,-1356.3,-1429.8,-1533.0,-1624.4,-1697.0,-1767.2,-1849.8,-2006.2,-2184.6,-2370.6,-2540.5,-2693.0,-2824.2,-2918.3,-2984.3,-3005.8,-2995.9,-2938.2,-2851.4,-2741.7,-2651.4,-2590.8,-2578.5,-2579.6,-2579.9,-2580.2,-2580.1,-2582.3,-2583.0,-2581.6,-2570.0,-2509.2,-2407.3,-2234.2,-2056.5,-1875.3,-1716.5,-1566.3,-1391.8,-1233.2,-1078.7,-947.2,-824.5,-693.9,-582.4,-479.9,-397.7,-326.0,-177.9,-177.0,-109.1,-70.3,-38.0,-37.2,-36.8,-38.1,-38.4,-37.8,-37.4,-38.0,-33.6,-42.3,-34.8,22.2,3.8,54.4,107.3,120.5,120.7,121.6,106.0,103.7,101.4,99.4,93.8,93.8,93.8,88.5,88.5,88.5,77.9,104.7,99.5,97.6,111.0,114.3,113.0,110.8,103.1,90.1,59.9,-42.1,68.4,77.5,87.7,97.2,116.9,118.3,120.6,122.7,125.5,129.2,131.3,134.1,135.4,133.8,113.5,87.8,-38.9,-39.4,101.4,119.4,148.9,143.3,69.7,-50.5,-157.3,-253.8,-315.0,-324.8,-305.4,-241.1,-179.2,-140.2,-126.8,-90.1,-32.3,63.7,106.8,132.1,137.0,123.3,117.1,76.9,33.7,-18.0,7.3,77.1,103.1,111.7,129.2,148.2,146.6,148.3,159.5,175.1,170.8,162.9,164.2,186.4,227.2,259.8,219.4,87.3,-112.2,-334.4,-572.2,-865.0,-1216.4,-1611.4,-2034.1,-2468.9,-2899.9,-3311.4,-3687.7,-4013.0,-4271.7,-4449.7,-4545.3,-4580.4
-4755.4,-4750.7,-4746.9,-4742.3,-4739.3,-4735.7,-4732.2,-4728.1,-4725.1,-4720.8,-4717.1,-4713.6,-4710.3,-4706.6,-4702.8,-4699.9,-4696.3,-4693.5,-4690.3,-4687.6,-4684.4,-4681.5,-4678.9,-4676.3,-4674.3,-4671.4,-4667.9,-4664.5,-4662.3,-4659.6,-4657.6,-4655.0,-4653.2,-4650.5,-4648.2,-4645.7,-4642.9,-4641.5,-4639.7,-4636.4,-4634.0,-4631.7,-4630.7,-4661.7,-4659.9,-4657.9,-4656.3,-4653.1,-4650.4,-4617.1,-4615.1,-4614.1,-4611.4,-4609.8,-4608.6,-4606.7,-4605.6,-4603.8,-4602.1,-4601.3,-4599.9,-4599.1,-4597.4,-4595.7,-4594.5,-4593.3,-4592.3,-4590.6,-4589.3,-4588.2,-4587.1,-4586.4,-4585.2,-4585.1,-4584.6,-4583.3,-4582.1,-4580.0,-4579.0,-4578.1,-4577.0,-4576.3,-4575.6,-4574.8,-4599.1,-4601.3,-4542.3,-4288.9,-4233.6,-4488.5,-4593.8,-4572.5,-4565.6,-4563.3,-4561.5,-4560.4,-4558.7,-4558.0,-4556.8,-4556.4,-4555.3,-4553.5,-4552.6,-4552.0,-4551.3,-4549.3,-4548.5,-4548.7,-4547.3,-4549.4,-4547.0,-4545.5,-4542.6,-4540.9,-4538.9,-4540.7,-4532.0,-4513.9,-4477.6,-4428.0,-4363.1,-4293.9,-4218.5,-4148.4,-4091.5,-4047.5,-4030.2,-3997.4,-3939.6,-3858.4,-3789.3,-3728.1,-3673.3,-3593.6,-3448.3,-3291.0,-3130.4,-3020.6,-2908.8,-2804.7,-2694.9,-2606.2,-2545.8,-2525.0,-2464.2,-2364.3,-2192.6,-2001.5,-1770.6,-1576.3,-1360.9,-1181.9,-987.2,-837.8,-706.9,-599.6,-511.8,-434.2,-356.6,-273.0,-203.0,-105.9,-9.5,65.8,145.8,211.1,212.3,177.9,154.3,131.1,139.9,128.6,132.7,148.6,146.1,132.2,115.9,108.7,25.9,-79.2,-170.6,-247.1,-318.2,-395.0,-488.8,-604.3,-757.4,-913.3,-1097.2,-1279.8,-1483.1,-1680.5,-1898.5,-2106.5,-2331.3,-2540.4,-2762.0,-2967.1,-3179.0,-3371.2,-3564.7,-3735.0,-3904.6,-4048.4,-4186.8,-4315.2,-4421.8,-4489.7,-4523.5,-4525.9,-4522.2,-4512.5,-4496.5,-4468.0,-4420.1,-4337.3,-4244.6,-4122.6,-4020.0,-3869.5,-3745.6,-3619.9,-3460.4,-3303.0,-3133.1,-2979.5,-2823.5,-2642.0,-2465.6,-2281.5,-2119.8,-1971.1,-1850.2,-1766.2,-1697.2,-1626.9,-1542.9,-1439.8,-1360.5,-1308.2,-1306.8,-1303.6,-1303.3,-1301.1,-1301.5,-1304.4,-1348.0,-1420.1,-1522.9,-1617.2,-1683.8,-1706.0,-1708.3,-1709.5,-1708.4,-1710.6,-1707.6,-1709.6,-1710.4,-1708.7,-1713.1,-1758.4,-1843.4,-1986.0,-2108.4,-2169.2,-2172.5,-2148.2,-2136.0,-2137.2,-2137.4,-2138.8,-2138.7,-2143.7,-2213.2,-2139.8,-2140.8,-2124.7,-2064.4,-1976.5,-1868.5,-1769.0,-1650.8,-1551.8,-1453.1,-1360.4,-1249.9,-1159.2,-1066.7,-997.9,-953.5,-947.9,-946.3,-945.8,-945.8,-945.8,-948.2,-947.3,-946.5,-946.9,-949.8,-999.0,-1047.5,-1138.2,-1223.2,-1291.4,-1356.7,-1433.4,-1580.2,-1749.4,-1931.0,-2103.0,-2269.3,-2397.3,-2482.9,-2553.9,-2576.3,-2578.9,-2577.8,-2563.6,-2504.1,-2413.7,-2301.2,-2213.1,-2152.7,-2140.9,-2141.9,-2142.0,-2142.3,-2144.5,-2144.7,-2143.7,-2144.1,-2131.0,-2070.3,-1968.7,-1799.0,-1629.1,-1455.9,-1314.4,-1169.9,-1013.7,-876.7,-743.4,-635.6,-537.8,-438.4,-355.2,-275.5,-213.1,-158.1,-68.3,-67.8,-37.3,-36.4,-34.4,-33.3,-33.8,-33.5,-35.7,-32.7,-34.6,-39.1,-14.7,-34.9,21.7,22.2,-35.4,-2.6,57.5,17.8,-39.8,-78.5,84.1,99.4,98.2,96.6,100.7,101.6,102.8,107.2,108.0,109.4,112.2,114.8,115.6,118.4,116.1,114.7,113.8,105.4,108.8,-42.7,-8.4,95.0,104.7,111.0,122.0,124.9,124.0,125.5,127.7,131.7,135.8,138.6,139.8,141.1,136.1,134.1,113.1,103.7,-37.0,-38.6,103.5,111.9,138.1,147.9,88.8,18.5,-81.1,-128.3,-128.9,-99.6,-39.0,63.5,112.8,132.1,141.2,169.3,206.2,230.8,228.4,224.1,203.6,161.9,111.0,59.3,30.2,-17.3,39.9,71.4,103.5,111.4,135.9,127.2,118.5,131.6,134.5,132.1,123.6,124.1,142.7,179.3,224.3,206.8,19.4,-119.1,-325.4,-569.0,-866.1,-1217.8,-1613.4,-2036.8,-2472.4,-2903.3,-3313.7,-3689.0,-4013.3,-4270.6,-4447.3,-4541.7,-4576.7
-4753.7,-4749.0,-4745.0,-4741.4,-4737.4,-4734.1,-4731.0,-4727.0,-4723.3,-4719.4,-4715.9,-4712.6,-4709.0,-4705.7,-4701.7,-4698.6,-4695.6,-4692.7,-4689.1,-4685.8,-4683.1,-4680.2,-4677.2,-4674.9,-4672.4,-4670.4,-4666.8,-4663.1,-4660.9,-4658.1,-4655.7,-4652.9,-4651.0,-4648.8,-4646.4,-4644.6,-4642.3,-4639.7,-4638.2,-4635.8,-4633.0,-4630.4,-4628.7,-4660.7,-4658.1,-4656.3,-4654.3,-4650.2,-4616.7,-4615.1,-4612.8,-4612.1,-4609.6,-4607.9,-4606.4,-4605.0,-4603.0,-4601.3,-4599.8,-4599.1,-4597.8,-4597.2,-4595.8,-4593.5,-4592.5,-4591.2,-4589.9,-4588.8,-4587.2,-4585.5,-4584.5,-4583.7,-4582.8,-4581.9,-4581.2,-4579.7,-4579.5,-4577.3,-4576.3,-4575.9,-4574.3,-4573.5,-4572.4,-4571.2,-4571.4,-4564.7,-4500.0,-4228.1,-4174.2,-4434.2,-4533.4,-4592.1,-4572.8,-4559.6,-4558.3,-4556.8,-4555.5,-4554.4,-4553.9,-4551.7,-4551.9,-4550.4,-4548.8,-4547.9,-4547.4,-4546.7,-4546.0,-4545.1,-4543.9,-4543.7,-4543.1,-4542.1,-4535.6,-4537.4,-4534.6,-4528.2,-4512.4,-4473.9,-4422.1,-4338.6,-4250.5,-4149.1,-4050.4,-3949.3,-3859.5,-3788.8,-3736.0,-3718.3,-3674.5,-3602.0,-3509.1,-3428.6,-3362.8,-3297.9,-3208.0,-3048.1,-2877.0,-2706.4,-2597.3,-2470.7,-2369.3,-2259.9,-2170.5,-2112.6,-2088.9,-2029.6,-1929.1,-1759.0,-1574.8,-1359.4,-1179.3,-984.1,-826.0,-662.4,-542.3,-440.8,-354.9,-273.9,-202.3,-105.0,-4.3,79.3,152.8,207.6,225.6,197.6,156.3,106.4,16.0,-17.2,47.7,108.3,126.4,142.6,147.2,122.5,7.7,2.8,-46.6,-159.7,-268.7,-357.7,-449.6,-541.1,-642.2,-766.8,-911.5,-1094.0,-1275.1,-1484.1,-1678.8,-1897.1,-2103.9,-2327.5,-2537.4,-2759.6,-2963.2,-3174.3,-3366.0,-3559.6,-3731.2,-3899.2,-4040.4,-4215.2,-4282.9,-4374.4,-4448.0,-4490.8,-4511.1,-4512.9,-4500.2,-4473.9,-4439.6,-4394.4,-4327.4,-4241.2,-4112.5,-3983.7,-3825.8,-3676.4,-3523.9,-3380.8,-3233.3,-3060.8,-2890.8,-2710.9,-2550.6,-2393.7,-2205.5,-2029.3,-1848.5,-1691.7,-1549.6,-1435.7,-1358.1,-1295.1,-1230.3,-1151.4,-1058.6,-988.2,-945.2,-943.8,-939.6,-939.6,-941.3,-976.4,-1040.4,-1132.8,-1218.4,-1282.8,-1305.3,-1308.5,-1308.9,-1308.7,-1306.9,-1307.3,-1305.4,-1306.7,-1305.7,-1308.2,-1352.2,-1506.9,-1655.2,-1811.6,-1942.6,-1890.1,-1840.3,-1775.1,-1718.0,-1709.5,-1710.7,-1709.7,-1711.3,-1713.2,-1713.3,-1711.1,-1713.1,-1714.0,-1696.8,-1638.1,-1551.8,-1449.9,-1357.4,-1249.2,-1159.0,-1069.4,-991.8,-890.0,-811.2,-733.6,-675.6,-641.6,-636.5,-636.3,-636.4,-636.5,-638.8,-637.3,-639.6,-640.8,-666.6,-727.3,-793.0,-867.7,-928.5,-982.6,-1049.3,-1180.9,-1337.9,-1507.7,-1673.5,-1857.7,-2013.1,-2101.2,-2132.9,-2141.5,-2142.6,-2141.0,-2140.3,-2137.9,-2126.3,-2064.7,-1974.5,-1866.2,-1780.4,-1723.5,-1712.9,-1714.6,-1714.7,-1716.1,-1716.3,-1714.4,-1714.9,-1715.5,-1702.9,-1643.4,-1545.7,-1386.7,-1227.8,-1078.8,-943.5,-820.0,-690.8,-577.5,-475.2,-394.3,-321.7,-244.2,-177.7,-124.5,-86.4,-59.9,-25.5,-36.6,-34.5,-32.3,-31.2,-30.4,-30.1,-6.9,6.3,4.8,-4.8,-14.6,1.0,5.7,-33.3,-33.7,-35.3,-34.7,-37.2,48.4,-43.2,67.6,100.7,101.9,104.3,107.3,110.8,113.6,116.0,117.3,117.5,116.2,115.3,115.3,115.2,114.5,113.7,110.1,-41.2,-41.1,-42.2,-8.7,63.3,103.4,123.4,126.4,126.2,126.4,127.1,130.5,133.8,137.3,141.2,141.6,142.1,135.3,133.4,129.8,126.3,60.9,-36.3,-34.5,78.3,106.7,122.7,140.4,135.3,116.8,113.1,114.5,122.3,152.3,193.2,220.5,212.8,206.0,202.2,197.7,198.2,193.8,180.9,155.4,110.7,102.5,96.3,76.4,4.5,-22.7,55.4,103.2,113.5,132.9,127.7,118.1,117.5,127.7,117.7,114.2,111.2,120.7,151.7,185.8,161.5,25.2,-163.5,-359.5,-575.7,-866.2,-1217.0,-1612.5,-2034.9,-2468.3,-2899.1,-3309.4,-3685.7,-4010.9,-4268.2,-4445.0,-4540.4,-4575.4
-4752.4,-4748.7,-4744.5,-4740.5,-4736.5,-4732.9,-4729.4,-4725.8,-4722.4,-4718.2,-4714.8,-4711.7,-4707.7,-4704.5,-4701.4,-4698.6,-4695.0,-4691.8,-4689.5,-4686.0,-4683.0,-4679.5,-4676.2,-4673.6,-4672.2,-4669.2,-4666.4,-4662.7,-4659.6,-4657.5,-4655.3,-4651.9,-4649.9,-4647.6,-4645.7,-4643.2,-4640.1,-4638.0,-4636.4,-4633.7,-4631.6,-4629.0,-4626.9,-4658.5,-4656.9,-4653.9,-4651.2,-4647.5,-4615.2,-4613.6,-4611.7,-4609.5,-4608.5,-4605.8,-4604.7,-4603.2,-4601.1,-4599.5,-4598.6,-4598.2,-4595.6,-4594.4,-4592.9,-4591.5,-4590.3,-4588.1,-4587.8,-4587.2,-4585.1,-4583.8,-4582.3,-4581.4,-4580.5,-4579.7,-4578.4,-4576.7,-4576.4,-4574.8,-4575.5,-4572.9,-4571.0,-4570.4,-4569.3,-4567.7,-4566.0,-4573.3,-4562.9,-4481.0,-4432.6,-4450.9,-4478.4,-4481.2,-4577.9,-4572.6,-4556.0,-4553.8,-4552.8,-4552.2,-4550.6,-4549.4,-4549.1,-4547.2,-4545.5,-4544.8,-4543.9,-4542.8,-4541.8,-4540.8,-4541.3,-4539.0,-4536.5,-4538.4,-4531.7,-4521.5,-4509.1,-4497.0,-4469.6,-4419.9,-4336.4,-4243.3,-4112.9,-3991.7,-3860.3,-3736.1,-3614.8,-3508.5,-3428.1,-3373.7,-3350.9,-3297.3,-3218.5,-3113.8,-3028.4,-2956.4,-2888.3,-2793.6,-2622.4,-2443.1,-2275.3,-2156.1,-2035.0,-1934.5,-1826.4,-1741.0,-1685.4,-1663.1,-1607.3,-1514.0,-1347.2,-1178.9,-984.1,-827.3,-661.7,-531.7,-405.1,-309.3,-196.6,-102.3,-5.3,74.5,155.3,216.7,228.3,201.2,180.7,147.3,91.5,17.1,21.0,92.7,130.4,139.1,132.9,133.0,151.8,159.1,54.6,-7.7,-117.4,-259.7,-362.4,-480.1,-593.4,-714.4,-831.7,-957.7,-1104.0,-1271.4,-1476.7,-1677.6,-1894.4,-2101.7,-2325.6,-2534.4,-2755.4,-2959.8,-3171.4,-3362.0,-3554.6,-3725.7,-3892.6,-4036.1,-4168.4,-4318.2,-4368.2,-4430.2,-4470.8,-4492.1,-4498.0,-4491.0,-4458.7,-4411.0,-4348.0,-4281.0,-4201.5,-4100.6,-3980.5,-3814.4,-3658.8,-3467.3,-3302.2,-3130.4,-2973.6,-2818.6,-2635.4,-2459.2,-2275.9,-2114.7,-1955.3,-1774.6,-1604.9,-1433.9,-1288.7,-1159.0,-1055.4,-987.4,-932.8,-874.1,-806.2,-726.5,-671.1,-637.6,-632.3,-633.7,-660.5,-711.8,-788.1,40.9,41.9,43.3,44.7,46.2,47.6,49.1,50.1,50.4,-943.4,-943.6,-944.3,-980.3,-1046.1,-1178.5,-1336.2,-1500.0,-1578.1,-1580.2,-1542.2,-1445.9,-1365.1,-1313.7,-1306.6,-1307.5,-1306.2,-1308.0,-1308.8,-1307.5,-1306.9,-1306.4,-1308.2,-1295.8,-1238.1,-1157.4,-1065.5,-983.7,-887.9,-810.2,-742.9,46.0,46.8,47.3,47.6,-420.9,-394.8,-389.6,-390.2,-390.2,-390.6,-388.5,-391.5,-414.8,-453.1,-518.9,-569.3,-621.6,-665.2,-718.1,-829.0,-965.7,-1117.7,-1270.3,-1454.6,-1645.9,-1781.4,-1835.2,-1835.0,-1776.8,-1721.3,-1711.9,-1712.7,-1711.0,-1711.0,-1698.6,-1637.2,-1552.5,-1449.3,-1370.1,-1318.8,-1309.7,-1311.2,-1312.5,-1312.7,-1310.9,-1311.2,-1312.2,-1312.3,-1300.2,-1244.1,-1155.0,-1009.7,-877.7,-741.4,-631.8,-535.3,-433.9,-351.2,-273.0,-210.7,-155.5,-102.2,-66.4,-36.3,-33.2,-27.3,-27.1,-33.9,-31.8,-29.1,-30.4,-4.2,12.8,34.7,37.2,20.8,13.4,27.3,42.7,36.0,-33.1,-33.2,38.1,45.9,50.1,48.4,66.5,108.0,108.0,111.3,114.6,117.3,117.0,121.2,120.4,119.3,116.1,113.4,111.5,111.2,-42.2,-44.7,-40.4,-10.9,83.4,15.2,-39.7,30.4,77.2,109.0,127.1,125.2,126.0,126.9,130.8,135.9,140.0,142.5,143.1,142.4,138.7,131.6,125.8,124.3,75.0,-35.7,-35.1,-155.8,85.8,97.4,128.9,147.8,163.3,182.3,189.9,182.0,171.3,176.3,173.3,163.9,157.1,157.8,159.3,160.4,162.3,153.1,127.1,110.6,110.1,108.5,103.0,65.6,7.6,-19.5,111.2,134.7,133.4,127.1,124.1,117.1,116.5,107.4,111.2,112.8,115.3,132.2,162.8,121.3,-32.7,-229.1,-407.1,-606.0,-868.4,-1213.0,-1607.5,-2029.5,-2463.6,-2894.0,-3305.1,-3681.0,-4006.0,-4264.2,-4441.7,-4537.1,-4572.1
-4751.4,-4747.6,-4743.7,-4739.3,-4735.7,-4731.9,-4728.6,-4725.1,-4722.0,-4718.2,-4714.1,-4710.6,-4707.3,-4703.9,-4701.1,-4697.4,-4693.5,-4690.6,-4688.7,-4686.0,-4681.8,-4678.0,-4675.0,-4672.2,-4670.3,-4668.2,-4665.2,-4661.8,-4659.1,-4656.1,-4653.7,-4651.1,-4648.7,-4646.5,-4644.6,-4641.9,-4638.8,-4637.0,-4634.6,-4632.5,-4630.5,-4649.2,-4625.3,-4656.5,-4654.6,-4652.2,-4618.0,-4615.3,-4613.7,-4611.6,-4610.4,-4608.0,-4606.4,-4604.7,-4603.3,-4600.8,-4599.2,-4598.8,-4596.6,-4594.8,-4593.4,-4593.2,-4590.9,-4589.3,-4587.6,-4586.5,-4586.1,-4585.1,-4583.6,-4581.6,-4580.5,-4579.4,-4577.5,-4576.5,-4575.1,-4573.9,-4586.0,-4600.1,-4590.7,-4571.0,-4568.4,-4568.0,-4565.9,-4564.5,-4563.3,-4563.1,-4570.7,-4563.8,-4526.0,-4476.1,-4276.7,-4100.0,-4383.2,-4575.2,-4563.8,-4551.6,-4550.1,-4548.3,-4547.4,-4546.5,-4546.3,-4544.3,-4543.4,-4542.3,-4541.1,-4540.5,-4539.7,-4538.4,-4536.7,-4531.7,-4532.9,-4525.1,-4511.6,-4482.7,-4455.1,-4423.3,-4391.3,-4328.9,-4241.9,-4112.1,-3980.0,-3813.0,-3664.0,-3509.4,-3366.8,-3229.9,-3113.2,-3029.8,-2969.0,-2943.6,-2887.9,-2800.7,-2691.7,-2602.7,-2529.3,-2457.9,-2356.8,-2183.6,-2010.9,-1837.0,-1728.0,-1610.4,-1515.7,-1412.8,-1333.5,-1283.4,-1261.6,-1206.2,-1116.9,-974.1,-825.9,-660.5,-532.1,-405.8,-302.7,-163.0,-42.0,73.1,158.5,210.8,219.1,196.9,162.7,138.4,106.6,80.5,15.0,15.7,86.0,121.4,136.0,141.5,141.8,156.6,183.7,114.6,0.7,-114.5,-250.2,-361.7,-485.0,-602.2,-754.4,-897.6,-1043.0,-1181.2,-1323.3,-1490.0,-1671.7,-1890.9,-2098.4,-2322.4,-2531.7,-2753.0,-2956.3,-3166.8,-3358.1,-3551.2,-3721.3,-3887.3,-4030.4,-4162.6,-4270.6,-4363.1,-4424.3,-4463.7,-4479.9,-4485.8,-4482.4,-4453.0,-4403.5,-4321.1,-4234.9,-4137.1,-4039.9,-3931.3,-3801.0,-3653.9,-3458.7,-3282.4,-3067.0,-2886.1,-2706.6,-2549.2,-2384.9,-2201.0,-2023.9,-1845.1,-1687.7,-1535.1,-1364.8,-1207.9,-1053.4,-924.7,-811.1,-724.4,-670.4,-626.7,-577.0,-519.9,-459.5,-416.4,-391.2,-407.5,-449.4,-507.7,46.3,47.6,49.0,50.8,52.7,54.6,56.5,58.5,59.9,60.2,60.9,60.2,58.9,-716.2,-827.7,-964.7,-1114.5,-1218.3,-1279.3,-1282.2,-1236.4,-1155.7,-1062.3,-994.0,-949.9,-944.8,-942.7,-944.0,-946.2,-944.1,-947.6,-942.3,-944.7,-943.5,-931.1,-880.1,-810.0,54.8,55.2,55.8,56.2,56.8,57.1,57.2,57.0,56.1,54.8,53.1,-196.6,-196.1,-190.4,-186.9,-210.0,-247.3,-293.6,-357.0,-378.0,-412.5,-453.4,-538.0,-647.7,-775.6,-907.0,-1077.1,-1253.6,-1435.7,-1555.8,-1575.1,-1544.6,-1445.7,-1366.9,-1317.7,-1307.9,-1307.7,-1308.1,-1308.1,-1295.2,-1239.3,-1160.1,-1067.1,-997.7,-953.1,-947.9,-949.4,-949.7,-947.9,-948.2,-948.4,-949.5,-949.6,-938.5,-889.0,-809.0,-695.1,-575.2,-472.0,-392.2,-317.6,-241.2,-176.3,-123.1,-84.6,-56.0,-32.3,-32.9,-30.0,-26.6,-28.4,-29.2,-29.9,-8.7,-9.7,9.3,33.2,55.7,60.6,47.3,29.1,51.5,70.5,96.2,77.3,63.7,90.8,98.1,93.1,-37.1,69.1,113.0,113.7,116.4,117.8,116.9,117.6,119.6,116.1,116.4,112.9,-43.1,-42.3,-40.1,112.6,112.6,115.9,117.3,83.3,70.6,29.7,-40.7,16.4,110.9,111.1,124.2,124.8,127.7,134.0,139.6,143.4,144.7,144.9,142.5,137.8,131.6,113.8,107.2,91.8,83.3,61.0,-33.1,76.4,76.4,120.5,129.9,144.8,149.6,154.2,150.9,147.6,146.2,144.2,139.2,139.0,135.3,143.3,150.4,153.3,151.7,122.5,109.4,110.4,110.4,107.8,108.7,81.1,58.3,118.0,135.7,133.0,127.7,117.4,116.7,120.6,118.5,99.8,98.8,119.6,127.0,155.2,106.6,-72.8,-277.7,-463.3,-658.7,-907.8,-1220.2,-1613.0,-2036.5,-2470.1,-2899.1,-3308.7,-3683.2,-4006.8,-4263.6,-4439.9,-4534.2,-4569.0
-4750.4,-4746.5,-4743.5,-4739.2,-4735.1,-4731.0,-4728.4,-4724.9,-4720.9,-4717.0,-4713.3,-4709.9,-4706.6,-4702.8,-4700.0,-4696.0,-4693.1,-4690.0,-4686.7,-4684.1,-4680.7,-4677.0,-4674.3,-4671.5,-4668.7,-4666.6,-4664.3,-4660.3,-4657.6,-4655.3,-4653.5,-4650.3,-4647.5,-4645.1,-4642.9,-4640.8,-4638.3,-4635.7,-4633.3,-4631.8,-4628.9,-4627.0,-4624.4,-4622.4,-4620.3,-4618.6,-4618.0,-4614.9,-4612.3,-4611.2,-4608.7,-4606.7,-4604.9,-4603.1,-4602.3,-4600.2,-4598.1,-4597.0,-4595.0,-4593.2,-4592.7,-4590.6,-4589.5,-4588.4,-4585.8,-4584.7,-4583.6,-4582.6,-4581.6,-4580.6,-4578.6,-4577.5,-4576.2,-4574.2,-4573.1,-4571.7,-4572.7,-4584.4,-4583.7,-4567.6,-4566.0,-4564.8,-4564.0,-4563.0,-4562.0,-4560.2,-4560.2,-4565.3,-4560.5,-4474.6,-4098.7,-3688.3,-3980.3,-4428.8,-4556.7,-4553.7,-4547.4,-4545.9,-4545.1,-4543.8,-4543.7,-4541.5,-4541.3,-4539.3,-4538.7,-4538.9,-4538.5,-4533.8,-4539.3,-4526.4,-4516.4,-4496.9,-4465.8,-4421.6,-4359.8,-4309.1,-4253.2,-4197.9,-4101.8,-3979.3,-3812.1,-3651.8,-3455.7,-3286.5,-3115.3,-2959.7,-2812.6,-2691.9,-2603.5,-2541.3,-2517.5,-2456.5,-2367.6,-2256.2,-2168.0,-2095.3,-2022.3,-1923.3,-1752.4,-1581.3,-1424.3,-1323.5,-1212.7,-1126.2,-1034.8,-964.5,-920.8,-901.9,-852.1,-774.2,-652.6,-533.1,-404.9,-306.4,-187.4,-54.4,98.5,195.4,218.5,177.5,150.0,120.0,101.6,58.2,8.6,8.6,14.4,62.7,98.5,134.0,142.6,141.1,157.1,149.0,100.8,6.4,-109.8,-247.7,-360.9,-479.9,-608.1,-752.0,-907.7,-1090.5,-1256.3,-1420.5,-1570.7,-1726.9,-1901.6,-2098.0,-2321.2,-2528.0,-2749.4,-2953.2,-3163.9,-3354.2,-3546.2,-3717.0,-3883.4,-4025.7,-4157.2,-4264.9,-4354.4,-4419.1,-4458.3,-4475.8,-4479.5,-4473.7,-4447.0,-4398.3,-4316.0,-4223.9,-4097.0,-3976.9,-3850.6,-3728.2,-3597.4,-3444.4,-3277.1,-3061.5,-2867.1,-2641.1,-2454.2,-2271.6,-2110.1,-1950.4,-1771.4,-1600.6,-1430.4,-1284.8,-1145.0,-991.5,-853.9,-722.3,-615.1,-525.6,-460.0,-414.9,-370.9,-327.9,-291.7,-237.5,-201.3,-230.5,-286.2,50.6,52.3,54.0,55.9,58.1,60.3,62.6,65.0,67.3,69.2,72.3,72.0,70.7,69.6,67.6,65.1,62.4,60.5,-922.3,-942.4,-948.3,-931.2,-879.5,-808.8,-731.1,68.9,70.5,71.1,71.4,71.3,70.9,70.0,68.8,67.7,66.5,65.4,64.6,64.6,64.9,65.3,65.8,66.2,66.3,66.1,65.5,64.4,62.5,60.3,57.7,54.7,-38.7,-31.1,43.5,50.7,43.5,-151.4,-183.8,-213.2,-249.6,-318.7,-399.1,-496.7,-601.1,-739.7,-895.0,-1058.2,-1197.6,-1278.6,-1284.4,-1237.0,-1157.3,-1063.2,-996.9,-952.2,-944.0,-944.2,-945.3,-945.2,-934.7,-883.4,-814.0,-735.1,-677.6,-646.2,-641.7,-642.2,-640.5,-640.8,-641.1,-641.3,-642.4,-641.9,-633.8,-590.0,-536.2,-433.7,-348.4,-270.9,-206.9,-152.5,-100.9,-65.6,-43.3,-31.5,-28.0,-94.9,-5.8,-24.5,20.2,-4.8,2.8,13.0,12.2,37.7,56.9,85.0,82.8,65.4,53.1,71.7,83.1,101.1,105.4,109.4,110.8,111.4,110.4,-36.6,-16.8,114.2,116.3,116.9,117.0,116.5,115.7,117.5,113.4,-37.7,-40.1,-37.4,112.9,115.4,117.0,118.9,120.5,118.8,104.9,104.8,68.6,-39.2,78.8,110.0,111.4,125.3,129.6,125.5,138.8,142.3,144.6,144.9,144.2,141.7,123.7,121.8,114.0,114.3,114.5,113.0,113.5,100.5,99.7,76.4,99.8,121.4,130.9,136.0,139.4,135.9,141.1,139.6,137.7,136.1,135.1,134.9,139.3,142.4,146.7,148.3,131.0,110.0,108.6,108.0,107.8,108.4,103.4,105.0,127.7,134.0,130.6,127.0,118.7,121.6,123.8,116.3,96.2,96.8,118.3,124.1,150.9,103.5,-83.6,-310.6,-519.2,-733.1,-975.9,-1267.6,-1613.9,-2032.3,-2467.3,-2897.0,-3306.4,-3680.7,-4004.1,-4260.8,-4437.0,-4531.2,-4565.1
-4750.1,-4745.9,-4742.5,-4739.0,-4734.7,-4731.0,-4727.4,-4723.7,-4720.1,-4716.5,-4713.2,-4708.8,-4705.6,-4702.1,-4699.5,-4695.6,-4692.2,-4689.3,-4686.1,-4682.6,-4679.3,-4676.6,-4673.6,-4670.3,-4668.0,-4665.3,-4662.7,-4659.4,-4657.1,-4655.0,-4652.0,-4649.3,-4646.7,-4644.9,-4642.1,-4639.3,-4636.7,-4634.7,-4633.3,-4630.6,-4627.7,-4625.3,-4623.9,-4621.0,-4619.3,-4617.7,-4615.7,-4614.0,-4610.9,-4609.3,-4606.5,-4605.2,-4603.9,-4603.2,-4601.0,-4599.3,-4597.5,-4595.1,-4594.1,-4592.3,-4590.5,-4589.1,-4589.4,-4586.0,-4584.5,-4583.4,-4582.4,-4581.2,-4579.4,-4578.0,-4577.2,-4575.5,-4574.7,-4573.6,-4571.6,-4569.8,-4570.5,-4591.7,-4568.7,-4565.6,-4564.0,-4564.1,-4561.4,-4560.6,-4559.7,-4558.4,-4556.5,-4556.9,-4566.3,-4546.4,-4376.7,-3976.0,-4141.6,-4425.7,-4557.3,-4551.2,-4545.6,-4543.5,-4542.6,-4541.8,-4542.8,-4554.2,-4539.4,-4537.9,-4535.7,-4536.0,-4544.4,-4532.6,-4522.7,-4506.9,-4479.2,-4443.3,-4395.3,-4327.7,-4245.3,-4149.5,-4078.0,-3999.3,-3925.4,-3802.6,-3651.7,-3456.5,-3273.7,-3057.1,-2874.6,-2692.5,-2531.5,-2380.4,-2256.6,-2167.3,-2108.8,-2083.0,-2022.3,-1933.1,-1824.8,-1739.4,-1670.1,-1599.5,-1503.4,-1342.6,-1185.7,-1042.4,-951.2,-858.0,-782.8,-713.5,-645.6,-613.3,-598.0,-556.3,-492.4,-410.0,-322.4,-205.9,-96.4,45.0,169.8,204.8,147.5,113.6,87.6,63.2,29.5,8.6,8.6,8.6,74.9,117.2,138.4,137.6,142.1,150.7,108.1,40.9,-34.3,-138.7,-255.1,-359.3,-475.6,-598.2,-751.5,-905.0,-1086.4,-1267.5,-1471.1,-1654.8,-1828.5,-1989.6,-2149.7,-2332.3,-2523.0,-2746.2,-2951.0,-3160.7,-3353.9,-3546.2,-3712.7,-3878.2,-4021.1,-4152.9,-4260.3,-4349.0,-4414.8,-4454.0,-4470.3,-4474.1,-4468.4,-4441.4,-4391.9,-4310.7,-4219.1,-4092.2,-3964.2,-3799.8,-3653.7,-3503.4,-3362.6,-3215.5,-3045.5,-2865.0,-2638.0,-2436.5,-2206.4,-2019.9,-1843.6,-1688.0,-1531.9,-1361.1,-1204.5,-1052.8,-923.4,-799.7,-670.4,-558.5,-458.2,-371.7,-289.5,-218.6,-161.1,-123.8,-99.6,-68.2,-42.3,-70.5,51.6,53.7,55.9,58.2,60.6,63.0,65.5,68.1,70.8,73.4,75.7,78.4,78.9,78.5,77.3,75.7,73.6,72.0,71.0,70.8,71.4,71.9,72.6,73.3,75.0,77.2,79.5,81.2,82.4,82.7,82.5,81.8,80.8,79.5,78.2,76.9,75.8,74.7,74.2,74.2,74.2,74.3,74.0,73.5,72.3,70.5,60.3,60.3,72.6,82.4,78.2,79.2,88.3,87.5,54.2,50.7,-19.4,-45.8,-73.0,-131.6,-202.3,-283.4,-366.7,-468.5,-589.3,-727.9,-856.5,-926.7,-943.0,-943.5,-931.2,-880.8,-810.3,-732.7,-676.9,-642.6,-636.8,-637.2,-637.9,-638.5,-629.1,-585.6,-529.1,-467.3,-427.7,-403.0,-399.1,-397.5,-397.9,-398.3,-398.5,-398.7,-399.8,-401.4,-391.8,-371.7,-312.7,-239.2,-174.7,-119.3,-81.6,-53.6,-33.6,-5.2,5.1,6.4,6.1,-2.2,20.2,0.4,18.5,36.8,53.1,61.8,72.2,78.8,94.3,93.5,85.5,85.6,94.0,111.0,112.1,113.8,113.7,113.7,113.2,114.7,101.0,23.8,68.7,116.0,115.8,114.8,113.3,11.4,28.4,-38.9,77.8,112.8,115.6,118.5,118.7,123.9,125.9,125.6,124.1,125.5,119.2,99.2,87.5,122.1,122.6,125.5,129.5,133.0,137.8,142.0,144.1,145.4,144.3,142.9,140.5,126.0,134.9,133.5,134.1,136.7,129.4,130.5,127.3,123.9,-34.2,-35.7,123.5,114.3,131.5,131.0,137.6,136.1,136.5,132.7,125.1,134.3,132.9,131.5,138.6,142.4,147.1,148.8,133.4,131.4,139.3,142.3,123.9,117.9,120.3,136.3,135.7,129.4,125.2,125.6,122.4,121.9,16.5,-2.0,75.9,120.2,120.1,144.1,97.6,-86.2,-320.6,-559.4,-802.3,-1065.7,-1347.2,-1668.8,-2036.3,-2459.3,-2889.3,-3299.4,-3674.4,-3998.6,-4256.2,-4433.3,-4528.5,-4563.4
-4749.7,-4745.9,-4742.0,-4738.9,-4734.5,-4730.5,-4726.9,-4723.2,-4719.1,-4715.6,-4712.3,-4709.5,-4705.3,-4701.5,-4698.7,-4695.8,-4691.9,-4689.0,-4685.5,-4682.4,-4679.7,-4676.6,-4673.8,-4670.6,-4668.0,-4665.4,-4661.8,-4659.4,-4656.5,-4654.4,-4651.1,-4648.2,-4645.6,-4643.8,-4641.2,-4638.2,-4636.1,-4633.9,-4631.7,-4629.3,-4626.9,-4624.5,-4622.3,-4620.8,-4618.5,-4617.0,-4614.5,-4613.4,-4610.4,-4608.1,-4606.0,-4604.5,-4603.1,-4601.0,-4599.7,-4597.5,-4595.8,-4593.9,-4592.2,-4590.8,-4588.8,-4588.3,-4586.8,-4585.9,-4583.9,-4582.1,-4581.1,-4579.1,-4578.2,-4577.5,-4575.5,-4574.0,-4572.9,-4572.2,-4571.7,-4570.6,-4584.4,-4591.6,-4565.4,-4563.4,-4562.7,-4561.6,-4560.1,-4558.8,-4557.2,-4556.2,-4554.9,-4553.9,-4553.2,-4571.0,-4549.8,-4425.3,-4424.1,-4548.2,-4573.9,-4568.5,-4543.1,-4540.9,-4540.0,-4539.6,-4539.2,-4537.4,-4536.2,-4535.3,-4532.6,-4528.5,-4531.4,-4522.6,-4504.8,-4467.3,-4418.5,-4354.0,-4285.9,-4204.7,-4100.7,-3986.5,-3863.0,-3774.8,-3680.0,-3588.0,-3445.4,-3273.8,-3057.8,-2860.8,-2633.1,-2441.9,-2256.5,-2095.7,-1945.9,-1823.5,-1739.7,-1682.5,-1659.1,-1599.1,-1514.1,-1412.5,-1333.5,-1269.3,-1204.7,-1113.7,-970.6,-831.3,-709.7,-635.5,-558.8,-498.6,-438.9,-395.0,-382.2,-369.0,-335.4,-287.0,-218.2,-137.0,-36.9,73.9,144.2,132.5,88.7,57.2,42.9,23.7,8.6,8.6,55.2,63.0,120.7,145.1,147.3,148.6,149.9,100.5,4.9,-96.0,-206.6,-301.9,-388.0,-482.7,-597.1,-751.0,-905.5,-1087.9,-1265.8,-1470.1,-1666.8,-1884.2,-2075.4,-2256.0,-2420.1,-2579.1,-2760.1,-2946.8,-3156.3,-3349.2,-3539.4,-3709.6,-3876.4,-4017.4,-4147.4,-4255.9,-4350.6,-4411.7,-4449.7,-4463.9,-4468.7,-4464.0,-4436.0,-4386.6,-4305.5,-4214.9,-4087.2,-3959.5,-3798.0,-3640.0,-3448.3,-3279.3,-3114.1,-2962.7,-2803.6,-2624.7,-2436.1,-2204.0,-2006.0,-1779.7,-1597.9,-1429.0,-1285.1,-1142.9,-988.9,-852.6,-725.7,-613.4,-516.3,-416.8,-326.9,-221.6,-113.5,-19.9,26.2,50.0,47.4,46.6,62.3,39.0,1.5,-9.8,-4.9,-5.2,61.1,-5.7,-4.6,-1.9,-2.8,-7.1,77.7,80.2,81.9,82.7,82.5,81.6,81.1,80.7,80.7,81.0,81.5,82.1,82.8,83.5,84.6,86.2,88.0,87.3,90.9,91.2,90.7,89.7,88.6,87.2,85.8,84.4,83.3,82.3,81.4,80.7,80.2,79.4,78.2,76.5,16.8,68.5,101.7,111.3,122.5,123.5,121.0,126.8,129.8,120.1,50.7,14.5,86.3,77.0,46.7,-30.2,-100.8,-174.7,-261.1,-355.5,-460.6,-572.9,-648.6,-664.7,-660.8,-641.3,-635.7,-626.6,-583.1,-529.8,-466.8,-422.8,-398.5,-393.3,-393.4,-394.2,-394.4,-386.7,-353.8,-311.3,-267.3,-235.6,-218.8,-216.6,-216.9,-217.0,-217.2,-217.2,-216.8,-240.4,-220.7,-226.7,-189.4,-150.2,-101.6,-64.6,-42.6,-30.5,-1.7,19.1,36.2,42.5,27.7,6.2,-29.2,17.9,49.9,73.2,86.5,91.9,98.6,101.2,103.0,105.8,108.2,114.3,118.7,117.1,116.0,115.2,114.4,114.4,113.1,115.5,116.8,117.3,116.4,116.5,116.3,114.0,88.8,-17.3,72.6,77.8,102.2,114.0,119.1,120.9,123.1,124.7,126.4,127.1,126.2,125.5,127.4,126.9,126.9,126.6,128.3,131.8,135.2,139.1,142.5,144.1,147.1,146.6,144.8,142.3,139.3,140.5,140.5,140.5,141.7,141.6,140.5,134.3,132.1,108.7,67.3,-32.2,-33.5,69.2,107.0,129.9,133.5,132.2,133.6,134.3,111.2,111.0,127.1,134.1,134.8,138.9,144.3,148.4,150.6,153.1,156.4,153.6,147.8,140.9,140.7,139.1,133.5,128.7,124.5,120.4,123.5,120.3,1.4,-13.6,75.4,114.6,131.3,138.0,91.9,-89.0,-321.4,-570.1,-851.0,-1144.5,-1446.5,-1754.7,-2093.7,-2468.8,-2886.4,-3296.8,-3671.5,-3995.5,-4252.8,-4429.9,-4524.9,-4559.8
-4750.0,-4745.8,-4742.7,-4739.2,-4733.9,-4730.2,-4726.2,-4722.9,-4719.4,-4716.2,-4713.2,-4709.4,-4704.9,-4701.3,-4698.3,-4695.1,-4691.8,-4689.2,-4685.9,-4682.9,-4680.1,-4676.2,-4673.6,-4670.0,-4666.8,-4664.6,-4661.4,-4658.6,-4656.3,-4653.6,-4650.5,-4647.9,-4645.6,-4642.8,-4640.8,-4637.7,-4635.4,-4633.0,-4631.0,-4629.0,-4626.0,-4623.8,-4622.4,-4619.7,-4618.8,-4616.0,-4613.4,-4612.1,-4609.5,-4607.0,-4605.1,-4603.8,-4602.0,-4600.1,-4598.1,-4597.2,-4594.9,-4593.0,-4591.3,-4589.6,-4588.1,-4586.8,-4585.5,-4583.9,-4582.5,-4580.9,-4579.7,-4578.5,-4576.8,-4575.0,-4574.1,-4571.9,-4571.0,-4570.1,-4569.6,-4583.5,-4580.7,-4565.0,-4563.0,-4561.9,-4560.4,-4559.8,-4557.7,-4557.4,-4555.8,-4555.1,-4554.1,-4552.4,-4550.7,-4551.5,-4559.9,-4572.8,-4555.4,-4572.7,-4565.6,-4563.7,-4563.1,-4562.4,-4538.1,-4537.5,-4536.6,-4535.2,-4534.0,-4531.0,-4524.7,-4523.6,-4512.6,-4494.1,-4463.4,-4416.4,-4332.4,-4242.8,-4142.8,-4043.5,-3934.2,-3800.6,-3661.0,-3515.1,-3414.7,-3308.1,-3205.2,-3045.4,-2862.9,-2634.4,-2428.9,-2195.8,-2007.4,-1827.2,-1667.4,-1524.1,-1411.1,-1331.7,-1282.7,-1259.4,-1204.2,-1124.7,-1032.3,-962.9,-908.3,-849.6,-772.1,-649.0,-536.4,-443.8,-386.6,-341.9,-300.9,-241.4,-194.8,-174.6,-164.4,-142.0,-120.4,-67.5,-9.7,48.5,93.2,86.5,49.9,25.7,14.5,10.0,8.6,54.5,85.2,127.0,142.2,148.0,151.0,129.2,100.1,2.0,-107.0,-245.3,-349.8,-444.8,-534.9,-635.7,-758.1,-901.8,-1085.9,-1269.3,-1467.6,-1663.7,-1881.6,-2086.9,-2311.1,-2505.7,-2680.7,-2845.5,-2996.7,-3166.4,-3343.1,-3533.8,-3705.0,-3869.9,-4013.3,-4145.4,-4252.2,-4340.9,-4413.9,-4442.4,-4458.7,-4464.4,-4458.6,-4430.7,-4382.5,-4301.6,-4209.8,-4082.3,-3954.7,-3791.9,-3635.6,-3460.2,-3267.2,-3049.6,-2870.0,-2691.1,-2532.2,-2372.6,-2191.4,-2002.2,-1776.8,-1582.9,-1368.8,-1202.1,-1049.6,-918.9,-797.6,-669.1,-557.5,-455.2,-370.9,-284.8,-176.1,-61.3,28.5,109.8,153.9,138.9,114.8,111.3,111.4,99.0,93.0,88.0,90.1,89.5,73.3,80.5,80.8,83.1,84.7,77.8,50.5,-6.4,9.8,12.0,83.9,85.0,85.8,86.8,87.5,87.9,88.5,89.2,89.8,90.6,91.4,92.4,93.9,95.1,95.6,95.2,94.3,93.1,91.7,90.4,88.9,87.6,86.5,85.4,84.3,83.1,81.7,79.9,77.6,13.2,35.7,63.7,89.3,113.7,135.4,139.6,137.1,133.8,112.3,78.0,48.9,114.2,133.5,121.5,103.4,63.0,-79.0,-89.0,-167.3,-255.8,-354.5,-290.5,-292.4,-466.7,-452.2,-420.4,-395.9,-392.1,-384.9,-351.1,-310.1,-261.5,-228.8,-209.8,-206.8,-206.4,-205.4,-204.3,-202.7,-177.9,-149.6,-120.3,-103.9,-98.2,-97.8,-97.5,-97.1,-96.1,-94.3,-108.5,-99.8,-112.3,20.6,-74.7,-57.4,-28.3,-24.7,-21.4,14.0,46.3,72.4,74.8,57.7,41.6,-27.2,43.2,66.1,106.5,110.4,110.3,109.7,110.1,111.1,113.5,-42.9,119.7,120.3,117.1,115.5,111.8,112.3,113.0,113.0,114.1,117.4,114.2,120.1,118.6,117.9,117.1,114.5,99.3,92.9,72.6,77.8,55.4,118.2,114.4,122.1,122.9,125.4,127.3,128.4,129.3,130.1,131.3,132.4,131.5,133.7,136.4,140.3,143.3,144.9,147.1,147.9,147.8,145.1,143.5,142.0,141.9,144.1,144.7,143.9,144.2,142.0,134.7,128.0,93.1,19.6,-35.0,65.5,-30.6,84.6,105.0,118.2,129.3,128.1,114.8,110.6,97.4,114.7,128.1,130.0,135.9,142.4,146.5,150.7,154.1,155.7,154.3,151.5,145.8,143.5,139.8,133.6,128.3,91.9,91.9,118.9,113.9,-17.8,-13.9,58.9,117.8,126.1,140.5,84.1,-92.0,-322.0,-570.3,-863.3,-1198.9,-1532.6,-1860.5,-2183.5,-2527.5,-2896.8,-3294.8,-3669.9,-3993.6,-4250.7,-4427.6,-4522.6,-4557.4
-4749.9,-4745.6,-4741.3,-4737.2,-4733.5,-4729.5,-4725.9,-4722.6,-4719.2,-4716.1,-4712.6,-4708.7,-4704.3,-4700.9,-4697.5,-4694.7,-4691.3,-4688.9,-4685.7,-4683.4,-4679.4,-4676.2,-4672.8,-4669.7,-4666.6,-4663.7,-4661.0,-4658.3,-4655.1,-4652.6,-4650.3,-4647.6,-4644.8,-4642.0,-4656.0,-4637.7,-4635.0,-4632.7,-4630.3,-4628.0,-4626.0,-4623.3,-4621.3,-4620.2,-4618.2,-4615.5,-4613.4,-4611.2,-4608.7,-4606.9,-4604.4,-4602.7,-4601.4,-4599.0,-4597.1,-4596.4,-4593.8,-4592.4,-4590.9,-4588.5,-4586.9,-4585.6,-4584.4,-4583.2,-4581.2,-4580.2,-4578.1,-4577.3,-4575.1,-4574.4,-4572.3,-4571.1,-4569.9,-4568.1,-4567.9,-4566.7,-4565.1,-4563.2,-4561.7,-4560.3,-4559.1,-4557.7,-4557.0,-4556.4,-4555.9,-4553.2,-4552.0,-4550.4,-4549.4,-4548.0,-4547.7,-4554.8,-4572.2,-4564.8,-4562.7,-4561.8,-4563.2,-4563.2,-4537.5,-4535.7,-4534.4,-4531.8,-4527.8,-4530.8,-4519.7,-4506.3,-4477.1,-4441.2,-4392.4,-4325.3,-4238.8,-4108.5,-3984.6,-3854.4,-3730.9,-3599.7,-3443.2,-3284.7,-3124.9,-3014.6,-2898.4,-2788.2,-2620.4,-2430.0,-2196.7,-1993.9,-1764.2,-1583.8,-1411.6,-1263.3,-1134.3,-1030.7,-962.3,-919.2,-900.6,-849.9,-781.0,-702.0,-645.5,-604.4,-554.6,-489.8,-395.7,-314.0,-268.3,-228.5,-162.0,-86.7,-21.1,15.0,7.4,-17.3,-6.6,-2.5,9.3,26.8,65.2,73.2,38.9,9.5,9.2,-3.3,38.2,84.3,124.1,139.7,150.2,158.1,147.3,94.5,1.8,-108.2,-243.6,-357.7,-475.1,-587.0,-707.2,-824.2,-949.0,-1097.0,-1265.4,-1467.2,-1662.8,-1877.9,-2087.0,-2309.3,-2519.0,-2738.5,-2925.8,-3093.6,-3249.8,-3389.3,-3543.7,-3698.2,-3865.7,-4010.8,-4144.9,-4246.1,-4335.8,-4398.9,-4439.1,-4454.7,-4457.1,-4453.6,-4426.8,-4377.5,-4297.7,-4206.2,-4078.9,-3952.4,-3786.7,-3630.3,-3437.9,-3259.7,-3047.9,-2853.8,-2628.7,-2440.6,-2258.8,-2099.0,-1942.3,-1761.8,-1581.3,-1367.4,-1188.5,-995.2,-848.5,-717.9,-611.2,-514.4,-414.0,-325.8,-220.6,-122.9,-30.9,50.1,127.6,152.4,135.9,121.4,115.6,113.7,114.9,115.4,116.3,117.1,117.1,116.3,114.3,112.3,111.1,110.7,109.9,105.0,85.0,-6.7,-5.8,80.1,49.0,49.0,49.0,49.0,89.7,90.5,91.1,91.7,92.4,93.1,93.8,94.6,95.3,24.8,23.7,8.5,92.7,91.2,89.7,88.4,87.0,85.7,84.6,83.4,82.1,80.5,78.7,-10.0,-5.6,-4.9,17.0,34.6,60.4,91.5,121.5,138.1,137.8,133.8,118.7,119.6,128.7,130.2,135.0,135.9,131.5,94.9,47.6,-31.1,-95.1,-169.4,-239.3,25.3,-200.9,-321.5,-305.4,-257.6,-220.9,-198.9,-199.9,-198.7,-174.1,-186.7,-134.2,-86.2,-78.0,-76.4,-70.5,26.2,24.8,-78.0,-67.5,-54.8,-47.8,-45.5,-45.2,-43.6,-40.6,-34.4,-31.0,-31.8,-35.9,20.6,1.0,20.6,-38.0,-3.8,-4.7,-1.1,31.2,68.0,102.3,102.1,68.5,26.9,-25.1,-37.7,66.6,94.4,115.1,115.1,114.5,112.9,111.4,110.7,111.6,113.7,116.1,102.4,102.8,103.4,106.7,114.9,118.0,116.5,114.2,114.2,121.9,122.2,121.2,120.3,103.9,51.7,72.6,-35.8,-36.0,16.4,109.9,110.7,117.3,120.8,125.7,128.4,130.3,131.2,132.7,134.1,135.0,134.4,135.4,128.0,128.5,137.4,139.2,145.6,147.3,145.4,144.4,143.0,142.9,143.1,144.3,143.4,143.4,142.5,140.7,132.0,112.9,78.3,-30.9,65.5,80.5,65.5,-32.9,81.1,106.1,123.4,110.1,95.7,71.6,75.5,106.5,125.6,132.5,134.7,139.0,131.3,147.9,151.8,154.1,154.2,151.7,148.3,145.9,141.8,134.3,126.7,83.7,53.1,110.9,113.6,-16.0,-19.0,62.8,105.3,116.6,122.0,64.7,-103.7,-325.5,-571.3,-863.4,-1212.5,-1592.6,-1950.8,-2292.0,-2619.1,-2956.8,-3305.5,-3669.2,-3992.7,-4249.3,-4425.6,-4520.5,-4555.3
-4749.6,-4745.2,-4740.7,-4736.8,-4733.5,-4729.5,-4725.8,-4722.3,-4718.6,-4715.2,-4712.1,-4708.0,-4704.6,-4700.9,-4697.7,-4694.0,-4690.6,-4687.8,-4684.6,-4681.8,-4678.4,-4675.3,-4671.9,-4669.3,-4666.4,-4664.1,-4660.9,-4658.3,-4655.1,-4652.6,-4649.6,-4647.2,-4644.7,-4642.0,-4640.1,-4637.2,-4634.5,-4632.6,-4630.5,-4627.6,-4625.4,-4623.4,-4621.2,-4619.0,-4616.6,-4615.1,-4614.1,-4610.3,-4608.4,-4606.2,-4605.0,-4630.8,-4600.8,-4598.6,-4596.7,-4595.0,-4593.6,-4591.5,-4590.2,-4587.9,-4587.1,-4585.0,-4583.5,-4582.3,-4581.1,-4579.8,-4578.4,-4576.4,-4574.9,-4573.2,-4572.1,-4570.0,-4569.0,-4567.4,-4566.5,-4565.3,-4564.6,-4562.5,-4560.8,-4559.0,-4557.8,-4557.1,-4556.2,-4553.7,-4552.8,-4552.7,-4550.5,-4549.2,-4548.8,-4547.3,-4546.1,-4545.1,-4543.5,-4562.1,-4559.3,-4562.5,-4560.5,-4555.2,-4566.6,-4534.6,-4530.9,-4530.5,-4523.6,-4513.5,-4493.9,-4462.8,-4418.9,-4353.6,-4284.6,-4203.8,-4099.6,-3979.9,-3810.4,-3661.1,-3506.3,-3364.4,-3217.0,-3043.3,-2874.7,-2704.9,-2591.1,-2470.7,-2357.5,-2186.6,-1995.0,-1766.2,-1570.1,-1354.9,-1185.6,-1030.6,-901.2,-787.6,-702.4,-646.0,-614.4,-598.0,-560.0,-497.1,-434.9,-393.1,-379.5,-341.2,-293.3,-220.3,-167.4,-113.3,-33.6,47.5,127.2,166.5,132.7,70.2,35.9,8.7,12.0,10.4,63.0,82.1,43.6,10.8,8.9,3.0,34.4,71.7,106.6,147.0,158.2,158.7,96.9,4.9,-108.7,-244.1,-357.2,-473.5,-594.1,-747.8,-890.4,-1034.8,-1171.7,-1314.1,-1478.2,-1660.2,-1878.6,-2085.6,-2316.0,-2526.1,-2743.7,-2935.8,-3147.5,-3323.9,-3479.8,-3614.3,-3738.8,-3873.9,-4005.0,-4134.8,-4243.2,-4330.6,-4398.3,-4438.2,-4456.2,-4461.5,-4450.3,-4421.2,-4372.1,-4292.6,-4200.1,-4075.2,-3947.7,-3783.3,-3628.1,-3435.8,-3257.9,-3045.2,-2852.6,-2627.2,-2428.3,-2198.1,-2009.2,-1830.5,-1675.4,-1523.5,-1356.2,-1188.2,-995.0,-837.9,-673.6,-554.1,-453.1,-369.6,-284.3,-180.5,-73.3,3.5,67.2,111.6,116.9,112.9,108.4,109.0,113.7,115.2,115.6,116.1,116.8,116.6,116.5,116.9,114.9,113.7,114.3,114.8,113.2,107.9,87.1,-4.9,-4.9,86.7,98.8,94.2,94.5,89.2,79.5,71.1,61.3,59.2,45.4,35.0,35.0,35.0,50.8,40.8,25.8,10.4,8.5,-3.9,24.0,-7.2,-7.3,-6.9,-5.7,-6.6,-7.2,-7.4,-7.5,-7.8,-8.2,-6.7,-3.9,23.6,45.4,76.8,109.9,135.5,136.2,134.0,132.6,131.2,127.5,127.3,130.9,134.0,132.8,102.5,66.4,21.7,-41.6,-87.2,25.3,9.3,25.3,-196.9,-171.1,-132.8,-89.8,-63.2,-63.2,22.4,23.1,-57.6,-34.9,-21.1,-18.3,-14.5,26.2,11.0,26.2,22.0,22.6,-24.9,-32.4,-30.8,-27.3,-19.8,7.0,18.0,22.1,29.9,27.4,19.5,20.6,-1.6,19.3,25.0,18.9,28.3,49.6,83.4,103.2,84.9,46.4,-24.9,22.3,-25.3,60.6,87.8,106.7,101.6,94.9,107.8,106.1,95.8,95.3,95.3,100.3,102.5,118.2,109.3,122.5,121.1,122.1,123.5,115.7,114.7,124.8,123.6,119.4,99.6,-10.5,-34.8,52.2,-14.4,92.1,117.8,119.7,124.9,126.3,127.1,127.6,129.6,131.9,132.2,131.9,97.1,83.0,104.9,115.3,129.4,129.9,140.0,143.4,144.2,144.2,144.1,143.1,142.7,139.9,143.3,143.9,143.5,143.6,130.8,131.0,126.9,103.0,-30.8,24.9,71.8,94.9,84.3,-32.7,-33.5,27.6,60.3,44.6,19.8,31.9,81.2,112.0,120.0,134.9,133.9,133.6,130.3,142.3,150.1,152.2,152.7,151.6,149.8,146.9,140.8,132.1,124.3,106.3,20.7,87.2,106.8,37.0,-17.6,51.4,87.6,93.1,80.1,10.0,-143.9,-336.6,-571.1,-862.9,-1212.9,-1605.0,-2009.6,-2384.9,-2727.3,-3050.0,-3362.5,-3676.0,-3992.1,-4247.2,-4424.7,-4518.5,-4554.3
-4749.1,-4744.7,-4740.6,-4737.1,-4733.5,-4729.9,-4726.0,-4722.5,-4718.5,-4715.1,-4711.4,-4708.9,-4705.9,-4701.3,-4697.4,-4693.8,-4690.6,-4687.2,-4683.8,-4681.9,-4678.7,-4675.3,-4672.7,-4670.1,-4667.9,-4663.7,-4660.8,-4658.0,-4655.6,-4652.5,-4649.6,-4646.8,-4645.1,-4642.0,-4639.6,-4637.2,-4634.7,-4632.7,-4629.5,-4627.3,-4624.8,-4622.7,-4620.4,-4618.4,-4616.6,-4615.0,-4612.6,-4610.1,-4608.5,-4606.1,-4604.1,-4602.6,-4600.0,-4598.3,-4596.6,-4594.8,-4593.0,-4591.2,-4589.3,-4587.7,-4586.7,-4584.6,-4582.9,-4581.2,-4580.4,-4579.1,-4576.9,-4575.6,-4574.2,-4572.3,-4570.8,-4570.1,-4568.8,-4566.4,-4565.1,-4563.7,-4562.5,-4561.4,-4560.4,-4557.9,-4556.4,-4555.5,-4554.3,-4553.0,-4551.2,-4550.6,-4548.9,-4547.3,-4546.9,-4544.6,-4544.1,-4543.1,-4541.3,-4558.9,-4560.6,-4558.8,-4503.6,-4465.3,-4554.2,-4561.8,-4532.1,-4521.2,-4505.4,-4476.6,-4440.6,-4392.5,-4324.8,-4244.2,-4142.2,-4044.0,-3933.2,-3800.4,-3653.2,-3454.8,-3284.9,-3113.9,-2959.5,-2801.7,-2618.6,-2441.4,-2269.8,-2156.0,-2057.9,-1924.7,-1756.5,-1572.4,-1357.3,-1174.9,-981.1,-832.0,-701.4,-592.3,-508.9,-440.1,-398.5,-373.2,-379.6,-339.5,-291.9,-245.3,-216.0,-196.1,-166.7,-130.3,-71.6,-2.6,63.8,115.0,193.5,205.0,179.2,130.9,77.7,54.9,28.2,10.4,77.2,84.5,55.8,22.3,9.7,9.4,15.8,42.9,83.7,138.3,136.3,85.6,-0.8,-115.7,-243.7,-356.9,-473.2,-594.6,-746.4,-902.4,-1082.0,-1248.2,-1410.3,-1561.2,-1715.5,-1889.4,-2081.0,-2303.1,-2511.9,-2732.7,-2935.5,-3148.9,-3336.5,-3526.5,-3684.0,-3816.6,-3931.6,-4036.7,-4140.7,-4240.2,-4327.4,-4391.9,-4437.4,-4451.4,-4452.3,-4451.3,-4427.3,-4371.9,-4287.8,-4198.8,-4073.1,-3947.4,-3780.7,-3626.3,-3432.2,-3254.5,-3041.6,-2851.6,-2625.2,-2426.9,-2196.4,-1996.3,-1770.5,-1589.4,-1420.1,-1276.5,-1138.3,-984.4,-837.9,-673.6,-546.6,-418.9,-325.2,-224.8,-133.5,40.3,22.9,88.4,93.7,94.1,95.7,96.3,101.9,104.2,109.1,113.0,114.2,116.9,117.9,117.6,117.7,116.7,114.9,115.2,113.1,115.7,115.9,110.6,87.2,-4.1,-3.4,89.9,112.9,116.3,116.9,117.5,115.1,100.1,102.3,102.7,89.8,73.4,50.9,40.8,35.0,11.7,5.2,8.7,4.8,6.6,7.1,24.0,-6.4,-5.7,-4.7,-5.1,-5.9,-6.6,-6.6,-6.9,25.5,-6.0,-4.5,8.8,37.3,76.3,108.9,134.1,135.5,133.9,132.7,130.8,126.0,122.7,125.9,127.7,126.1,97.8,66.8,30.6,-8.0,23.7,24.0,25.3,-137.7,-80.5,-72.2,-46.5,-14.2,31.4,16.9,23.1,5.5,23.1,14.1,10.2,5.9,21.8,35.2,37.5,-44.0,22.6,4.5,22.6,-15.7,-18.3,9.3,24.2,45.2,61.0,64.4,-34.1,64.2,62.6,26.2,42.2,63.5,68.8,42.7,62.6,69.5,98.8,99.5,71.4,23.4,22.3,4.1,22.3,63.0,84.6,74.8,66.7,7.8,53.4,85.5,93.3,109.1,113.9,119.9,123.8,127.1,127.5,128.5,129.2,128.9,128.2,127.9,127.0,125.5,123.7,103.7,83.4,1.7,52.2,56.9,52.2,116.9,119.7,126.2,126.3,128.1,129.1,129.0,129.4,129.2,111.5,68.5,80.7,84.4,98.6,106.7,139.3,141.3,142.4,144.7,144.9,144.9,143.4,142.5,141.5,133.0,143.1,143.8,144.4,143.1,77.4,3.2,-30.8,-31.5,24.9,8.6,96.8,128.3,112.7,92.7,-36.9,-34.0,-28.1,-25.5,-25.3,61.6,102.1,134.7,120.7,121.6,126.7,128.2,130.6,142.9,148.1,151.3,152.3,151.7,149.6,144.7,125.4,106.4,95.0,83.0,11.1,64.0,81.5,50.4,-17.3,30.1,59.0,45.1,15.8,-74.8,-206.9,-371.8,-577.9,-865.4,-1213.7,-1605.8,-2025.5,-2442.3,-2813.8,-3147.8,-3449.7,-3727.0,-3996.5,-4244.2,-4422.1,-4517.8,-4551.4
-4749.2,-4744.9,-4741.1,-4737.2,-4733.2,-4729.7,-4726.1,-4722.4,-4718.5,-4715.1,-4711.4,-4708.8,-4705.2,-4701.5,-4697.7,-4693.8,-4690.5,-4687.3,-4683.7,-4681.1,-4678.7,-4675.4,-4672.4,-4669.2,-4668.5,-4664.3,-4660.4,-4657.8,-4655.4,-4652.6,-4649.2,-4647.6,-4644.5,-4641.8,-4639.4,-4637.2,-4634.5,-4632.1,-4629.6,-4626.8,-4624.5,-4622.2,-4620.2,-4618.2,-4616.4,-4614.4,-4611.9,-4609.9,-4607.7,-4605.3,-4603.7,-4601.8,-4600.1,-4597.8,-4596.4,-4594.2,-4592.5,-4591.0,-4589.6,-4587.0,-4585.4,-4584.4,-4583.1,-4581.1,-4578.8,-4578.3,-4575.9,-4574.9,-4573.4,-4571.9,-4570.9,-4568.7,-4567.4,-4566.2,-4565.1,-4562.8,-4560.9,-4559.8,-4558.2,-4557.3,-4555.7,-4554.2,-4553.5,-4551.8,-4549.9,-4550.0,-4548.5,-4546.8,-4546.1,-4543.8,-4542.3,-4540.9,-4540.3,-4540.9,-4557.7,-4501.0,-4247.1,-4193.5,-4444.6,-4545.6,-4523.9,-4504.7,-4468.9,-4418.3,-4353.5,-4284.7,-4203.1,-4099.2,-3987.0,-3854.7,-3731.3,-3599.4,-3446.8,-3274.8,-3057.1,-2873.8,-2692.9,-2530.9,-2368.6,-2185.0,-2008.0,-1841.2,-1729.8,-1612.7,-1506.0,-1346.3,-1176.2,-982.4,-823.9,-657.4,-538.1,-435.1,-356.8,-290.0,-257.5,-222.9,-204.5,-190.6,-158.0,-125.0,-96.1,-85.1,-72.9,-55.4,-13.9,49.6,103.0,138.7,156.8,162.0,155.4,135.6,116.6,107.4,72.3,10.4,90.3,102.2,75.6,49.7,25.6,9.1,7.7,14.1,65.3,87.1,31.3,-46.0,-140.7,-250.4,-355.8,-471.9,-594.4,-746.9,-901.3,-1081.5,-1260.3,-1463.1,-1645.0,-1818.3,-1977.5,-2136.8,-2317.1,-2508.3,-2730.0,-2933.7,-3142.4,-3333.0,-3525.9,-3696.4,-3858.8,-3990.3,-4096.7,-4184.1,-4260.8,-4332.7,-4388.6,-4427.9,-4446.9,-4445.9,-4449.3,-4430.8,-4389.7,-4307.6,-4200.6,-4067.7,-3943.8,-3782.7,-3621.9,-3430.8,-3252.3,-3040.5,-2848.4,-2624.3,-2422.8,-2194.8,-1995.2,-1769.8,-1576.0,-1363.6,-1197.2,-1043.0,-914.6,-794.8,-666.0,-547.7,-422.1,-325.5,-202.8,-95.5,40.3,35.8,71.1,85.5,92.4,93.3,101.6,103.7,103.5,104.3,106.1,109.6,112.0,114.3,116.0,116.9,115.8,117.1,114.3,97.8,58.6,45.0,45.0,3.8,-11.8,-4.3,0.1,96.0,118.2,120.4,121.6,121.4,119.9,119.1,119.4,120.1,106.3,75.5,75.9,58.7,36.4,11.1,5.9,4.8,4.9,6.8,5.0,23.1,-7.0,-7.0,-7.0,-5.8,-3.7,8.2,9.1,25.5,9.8,25.5,10.9,16.5,48.2,84.2,112.0,133.4,135.7,133.2,130.1,126.9,122.9,119.4,121.7,123.4,121.0,97.9,58.0,9.4,6.2,6.5,23.7,-15.7,25.0,26.5,-17.4,6.9,28.5,26.3,5.5,5.5,23.1,19.6,35.9,43.1,37.0,51.4,60.5,58.6,-26.1,9.4,22.6,8.7,-16.9,4.9,41.1,62.5,75.3,95.3,79.3,96.7,97.4,95.1,77.0,84.0,106.1,100.5,81.2,80.5,90.1,104.2,104.1,72.0,35.3,63.6,75.1,-25.6,-8.1,12.3,9.3,-26.5,-28.1,-28.4,69.6,84.3,112.6,118.6,125.6,132.1,134.7,135.2,135.3,136.1,135.1,132.6,133.7,130.7,127.9,126.7,123.7,122.0,-34.7,113.7,87.0,-33.6,-32.6,121.8,123.0,125.2,127.7,126.3,122.0,114.3,129.6,108.4,68.5,69.4,118.8,137.9,140.1,141.2,142.6,144.3,144.7,129.4,129.7,131.0,131.1,131.2,131.2,144.4,145.9,146.3,145.3,141.7,81.2,5.4,-29.9,-29.6,24.9,77.4,142.3,134.9,119.1,98.2,-27.5,-29.3,-25.8,-26.1,41.1,89.9,126.5,140.1,122.6,129.8,134.1,136.3,131.0,135.5,148.8,150.9,150.3,146.9,131.0,74.7,65.9,54.4,41.5,10.8,29.8,44.9,26.8,-16.9,15.5,32.3,19.4,-41.6,-134.0,-286.6,-414.8,-610.0,-872.6,-1212.8,-1606.0,-2024.4,-2458.3,-2871.2,-3227.3,-3536.5,-3799.8,-4039.4,-4251.0,-4421.3,-4516.3,-4549.1
-4749.6,-4744.9,-4741.2,-4737.3,-4733.2,-4729.3,-4725.3,-4721.7,-4718.2,-4714.9,-4711.2,-4707.5,-4704.1,-4701.8,-4698.0,-4694.0,-4691.0,-4687.4,-4683.7,-4681.1,-4678.6,-4675.3,-4672.0,-4668.8,-4667.5,-4664.6,-4660.7,-4657.9,-4654.9,-4651.9,-4649.6,-4648.2,-4645.0,-4642.1,-4639.2,-4636.4,-4634.3,-4631.6,-4629.9,-4629.4,-4624.4,-4622.0,-4620.0,-4617.8,-4616.4,-4614.0,-4612.0,-4609.2,-4607.4,-4605.4,-4603.5,-4601.9,-4599.4,-4597.8,-4596.1,-4594.6,-4592.6,-4590.6,-4588.7,-4587.0,-4585.3,-4583.7,-4582.8,-4580.7,-4579.1,-4577.2,-4575.9,-4574.5,-4573.3,-4571.2,-4569.5,-4568.3,-4566.9,-4566.3,-4565.1,-4562.7,-4560.7,-4558.8,-4557.9,-4556.3,-4554.7,-4554.1,-4552.7,-4551.0,-4550.1,-4549.3,-4548.2,-4546.7,-4545.1,-4542.7,-4541.5,-4540.2,-4539.2,-4541.0,-4555.7,-4461.1,-4192.8,-4124.7,-4377.2,-4493.2,-4518.0,-4470.0,-4416.3,-4332.8,-4244.7,-4143.7,-4045.4,-3933.7,-3800.2,-3662.8,-3506.1,-3364.3,-3218.3,-3046.3,-2862.8,-2633.0,-2443.1,-2258.9,-2096.9,-1936.7,-1755.6,-1585.2,-1426.4,-1323.1,-1216.0,-1116.7,-972.6,-829.8,-658.7,-529.7,-403.2,-312.8,-234.6,-188.4,-139.2,-106.4,-89.3,-79.1,-68.3,-50.2,-34.3,-26.4,-16.8,4.1,11.5,44.1,74.0,119.9,120.3,128.2,131.6,128.0,127.1,128.3,85.3,10.4,105.6,118.0,99.7,78.2,56.3,26.5,5.0,0.7,14.9,-10.5,-103.0,-207.9,-299.5,-386.6,-479.5,-594.5,-744.5,-900.0,-1080.0,-1259.7,-1461.6,-1659.5,-1874.7,-2065.3,-2243.4,-2405.0,-2666.6,-2815.4,-2929.7,-3143.5,-3337.7,-3526.1,-3692.9,-3856.0,-3997.5,-4128.9,-4227.6,-4299.5,-4355.6,-4398.6,-4429.5,-4455.2,-4499.8,-4455.6,-4422.7,-4385.0,-4322.2,-4231.6,-4099.9,-3947.2,-3777.9,-3621.7,-3428.8,-3252.3,-3038.7,-2845.6,-2620.5,-2422.2,-2192.2,-1995.9,-1768.6,-1576.3,-1363.3,-1185.2,-991.2,-844.8,-715.6,-610.3,-511.4,-412.3,-322.5,-215.0,-53.6,-5.6,-3.2,40.3,35.5,63.1,100.2,101.0,102.8,103.2,104.0,104.6,105.8,107.2,109.8,112.2,112.2,113.7,109.0,109.9,114.7,106.3,52.9,60.5,62.3,55.1,-3.5,-5.8,62.5,70.4,105.1,119.4,121.3,122.3,122.5,121.8,121.8,123.3,116.3,107.5,105.4,85.1,54.3,30.0,8.7,4.8,4.9,4.9,-2.1,-4.8,-5.3,-12.5,-5.5,-5.3,7.5,15.6,15.4,17.6,18.0,18.3,32.5,53.4,79.1,101.8,119.2,136.8,136.6,131.2,125.8,120.6,118.6,117.2,118.0,120.4,119.6,98.0,78.9,29.1,-10.6,23.7,37.4,27.1,26.5,11.5,23.6,35.5,29.1,19.6,10.1,5.5,20.6,39.5,64.4,80.0,72.9,89.2,92.7,83.7,61.7,24.2,37.7,44.2,44.8,26.8,73.0,91.8,97.5,115.1,94.8,99.8,112.6,100.4,105.0,116.1,121.4,112.3,111.4,110.7,113.1,111.6,96.0,59.8,55.0,99.6,104.2,37.0,-27.7,-27.0,-28.3,-28.6,-27.0,13.7,58.6,92.8,95.0,122.5,128.3,133.3,136.8,137.0,138.0,137.2,137.8,137.8,136.3,133.1,130.7,130.4,127.9,125.7,124.1,125.2,12.6,-34.0,46.4,-32.9,103.6,102.6,104.6,75.3,72.1,54.1,14.1,31.1,53.5,97.7,140.6,139.9,138.6,119.4,119.9,122.0,125.3,128.4,131.0,133.0,138.4,142.0,141.2,145.2,148.0,149.3,147.9,146.5,147.1,137.1,136.5,-29.1,-29.9,91.4,113.0,144.3,144.7,110.5,89.1,56.1,49.9,-26.2,10.2,84.1,117.6,142.4,142.3,131.0,134.5,132.8,131.9,136.3,147.6,149.6,148.5,145.0,126.5,59.7,21.6,14.9,16.6,2.0,5.1,14.6,11.9,-17.8,-3.3,8.5,-5.4,-59.9,-217.9,-309.0,-471.7,-662.9,-911.4,-1222.4,-1604.9,-2026.8,-2457.5,-2887.5,-3282.7,-3610.6,-3881.5,-4101.0,-4283.6,-4423.7,-4512.5,-4548.5
-4748.4,-4744.5,-4741.5,-4737.2,-4733.3,-4729.1,-4725.6,-4721.8,-4718.0,-4714.9,-4711.0,-4707.9,-4704.1,-4700.4,-4697.4,-4694.0,-4690.7,-4687.1,-4684.4,-4681.4,-4678.1,-4675.1,-4672.0,-4669.1,-4666.9,-4664.3,-4660.5,-4657.3,-4654.7,-4652.1,-4649.7,-4647.5,-4645.1,-4641.9,-4638.9,-4636.4,-4634.0,-4632.2,-4630.1,-4645.0,-4624.5,-4622.0,-4619.9,-4617.7,-4616.2,-4613.8,-4612.3,-4610.2,-4607.8,-4605.5,-4603.0,-4601.0,-4599.4,-4597.9,-4595.9,-4594.5,-4592.4,-4590.2,-4588.7,-4586.9,-4585.1,-4583.9,-4581.8,-4580.7,-4579.2,-4576.7,-4575.6,-4573.9,-4572.8,-4570.7,-4568.8,-4567.4,-4566.6,-4568.2,-4564.8,-4562.3,-4560.2,-4558.5,-4557.8,-4555.8,-4554.4,-4552.9,-4552.0,-4550.4,-4548.9,-4547.6,-4545.7,-4544.9,-4544.0,-4543.1,-4541.1,-4539.6,-4539.6,-4600.0,-4549.0,-4545.7,-4436.9,-4362.0,-4463.7,-4485.6,-4470.3,-4417.5,-4333.3,-4238.4,-4109.8,-3987.4,-3855.5,-3734.0,-3600.0,-3443.7,-3287.5,-3118.5,-2964.1,-2803.2,-2621.7,-2431.8,-2198.0,-2008.4,-1830.0,-1670.7,-1516.9,-1347.2,-1189.7,-1045.4,-954.6,-861.0,-773.3,-653.9,-532.0,-404.4,-308.5,-208.5,-157.6,-102.6,-66.4,21.2,21.3,-30.3,-25.2,-21.5,3.0,10.1,6.5,12.5,7.1,7.9,9.9,59.7,76.0,112.8,114.6,127.9,129.2,131.2,50.9,42.8,117.3,128.4,116.2,103.6,84.2,46.3,10.4,-4.6,-46.8,-126.7,-246.5,-346.9,-443.7,-532.8,-633.2,-756.0,-898.5,-1080.5,-1258.3,-1461.0,-1659.2,-1874.0,-2079.6,-2301.2,-2493.6,-2670.1,-2838.6,-2991.1,-3156.9,-3327.0,-3523.4,-3691.5,-3856.9,-3997.3,-4126.2,-4232.6,-4320.6,-4379.6,-4416.5,-4437.5,-4443.2,-4441.8,-4436.2,-4408.5,-4363.7,-4301.4,-4229.2,-4123.5,-3993.2,-3818.6,-3627.9,-3426.1,-3248.2,-3037.7,-2844.9,-2619.0,-2419.6,-2192.8,-1992.4,-1767.2,-1573.9,-1361.4,-1184.5,-991.0,-835.5,-670.6,-552.3,-451.4,-371.0,-298.0,-219.3,-138.4,-35.7,-2.8,-3.1,-3.9,30.0,17.6,17.6,82.7,99.2,102.6,104.2,104.3,106.0,106.8,108.4,110.6,109.4,108.5,85.4,80.2,78.1,79.8,80.0,71.6,74.7,62.0,55.1,74.2,70.5,73.1,78.5,102.0,107.1,111.1,111.3,121.2,123.7,125.3,125.0,125.7,125.1,109.0,87.6,56.7,27.0,9.0,8.5,4.1,3.8,2.4,3.1,3.2,6.1,11.1,22.5,35.4,42.7,45.4,47.6,53.3,66.3,88.0,109.8,121.3,136.5,138.0,136.3,129.7,121.5,117.3,114.9,113.0,90.3,104.5,114.0,105.7,88.7,35.4,-11.8,37.4,30.7,12.5,27.1,32.1,54.4,65.0,42.5,26.2,18.6,14.3,15.7,53.6,84.8,111.8,101.0,103.4,117.7,109.5,68.3,66.0,89.1,88.3,89.0,62.0,109.7,118.2,127.4,126.1,108.4,108.9,118.8,116.2,122.1,122.1,122.9,124.2,118.8,118.0,118.2,115.4,81.1,75.0,110.4,106.2,102.7,43.1,-26.9,-26.0,62.9,52.8,25.9,88.0,110.2,113.1,95.1,97.8,126.6,131.3,133.2,134.1,134.2,134.3,136.1,136.8,135.2,131.9,129.7,131.1,130.6,128.4,127.1,123.8,87.7,95.5,46.6,46.4,-32.3,-31.2,-31.1,-31.1,-31.4,-31.2,-32.1,-31.1,64.2,77.1,109.4,112.0,116.3,119.8,124.2,131.5,139.5,139.9,139.2,141.8,140.8,131.3,132.9,144.9,150.2,152.0,152.2,152.0,152.8,150.9,102.1,66.7,-27.6,14.6,127.7,146.8,147.2,148.1,135.6,131.0,99.4,74.1,40.4,49.2,111.9,144.7,146.7,144.8,141.8,134.1,133.1,132.2,146.9,148.5,147.4,143.2,120.4,83.3,30.3,7.6,6.9,6.2,-19.3,25.7,10.1,25.7,22.9,5.2,22.9,-63.3,-176.8,-338.2,-523.9,-737.2,-979.3,-1270.1,-1614.6,-2025.0,-2456.8,-2883.3,-3296.8,-3713.3,-3941.1,-4166.4,-4330.0,-4446.2,-4513.4,-4545.9
-4749.0,-4744.5,-4740.7,-4737.0,-4732.9,-4728.9,-4726.0,-4722.5,-4718.5,-4714.6,-4710.7,-4707.7,-4703.8,-4700.5,-4696.8,-4694.4,-4690.8,-4688.0,-4684.5,-4681.8,-4678.4,-4674.9,-4672.3,-4668.9,-4665.8,-4663.1,-4660.3,-4658.0,-4654.9,-4652.7,-4649.1,-4646.2,-4643.7,-4642.6,-4638.9,-4636.6,-4633.9,-4632.0,-4630.2,-4628.0,-4624.3,-4622.6,-4620.4,-4618.6,-4617.0,-4614.2,-4611.9,-4610.2,-4607.5,-4605.1,-4602.8,-4600.9,-4599.3,-4598.2,-4595.6,-4593.9,-4592.4,-4590.2,-4588.7,-4587.0,-4584.5,-4583.0,-4581.9,-4580.0,-4578.4,-4578.1,-4576.2,-4573.2,-4571.9,-4570.4,-4568.2,-4566.8,-4566.4,-4566.2,-4563.6,-4561.4,-4560.3,-4558.0,-4556.7,-4555.8,-4553.9,-4552.6,-4551.1,-4550.1,-4549.1,-4547.2,-4545.3,-4544.2,-4542.8,-4542.3,-4541.5,-4540.3,-4554.5,-4538.1,-4536.0,-4551.4,-4527.9,-4456.0,-4455.7,-4410.3,-4282.1,-4302.6,-4240.4,-4111.5,-3979.1,-3812.8,-3662.5,-3508.2,-3367.2,-3217.9,-3047.6,-2878.7,-2695.5,-2533.1,-2371.0,-2186.8,-1997.1,-1767.8,-1584.2,-1415.6,-1269.2,-1127.5,-973.7,-835.4,-713.5,-639.2,-564.1,-493.1,-399.9,-309.6,-210.9,-153.8,-89.6,-49.4,21.2,21.7,21.9,21.7,9.3,18.9,31.1,41.6,49.7,43.2,14.0,7.1,8.9,8.9,29.0,90.6,110.0,130.8,134.8,134.0,117.9,61.4,130.0,132.7,129.8,119.5,105.6,72.2,1.9,-67.7,-70.4,-231.6,-356.4,-473.4,-585.1,-705.0,-821.7,-945.2,-1090.9,-1258.7,-1460.4,-1656.0,-1872.2,-2079.2,-2300.3,-2509.1,-2727.0,-2914.3,-3083.9,-3231.3,-3376.1,-3528.2,-3687.0,-3852.1,-3993.9,-4124.9,-4229.5,-4318.1,-4383.2,-4426.0,-4445.8,-4447.1,-4444.6,-4438.1,-4406.6,-4359.3,-4277.5,-4193.4,-4095.4,-3990.2,-3850.3,-3685.6,-3480.9,-3267.3,-3035.6,-2842.0,-2618.6,-2419.4,-2193.4,-1991.0,-1766.5,-1574.3,-1362.7,-1182.4,-990.2,-835.0,-672.0,-545.6,-417.8,-330.0,-248.1,-170.6,-110.0,27.6,29.9,6.7,9.3,-4.8,-6.0,30.0,27.6,71.0,82.5,87.7,90.4,106.5,107.3,106.8,108.2,108.6,109.4,103.0,16.9,13.5,12.4,12.4,-2.6,60.5,62.3,55.1,6.0,78.5,107.3,109.9,113.2,118.4,120.5,122.3,123.6,123.1,124.8,127.2,128.3,128.2,128.7,129.0,111.9,82.0,49.0,24.3,-1.0,-2.1,2.9,8.9,11.0,17.5,28.4,41.9,56.5,73.7,87.7,90.9,94.4,98.0,106.3,127.4,132.4,131.9,132.5,134.0,132.0,125.3,117.1,111.8,110.9,89.4,42.5,30.0,79.2,102.3,83.9,19.2,-9.6,33.3,63.6,46.1,-12.4,61.4,85.1,95.5,72.7,53.0,33.7,21.8,18.2,75.9,101.2,115.9,111.7,122.6,115.9,111.6,93.7,93.8,117.4,117.8,107.6,130.2,134.1,136.3,136.5,136.1,123.5,129.6,129.1,121.1,133.4,132.8,132.0,132.4,124.8,124.4,122.2,118.0,93.5,103.7,116.7,112.0,109.8,76.1,-26.0,62.9,75.8,80.6,76.3,105.7,108.9,119.7,121.3,114.2,123.4,128.4,130.2,129.2,130.2,131.5,131.6,133.1,132.8,133.5,132.5,128.8,130.0,130.1,125.3,123.2,106.2,83.2,20.0,-31.7,-32.7,-30.0,-29.7,-30.0,-30.2,-2.4,-31.4,-32.4,-32.3,-31.1,-31.0,-31.9,-34.1,4.6,59.0,70.9,76.1,81.0,81.8,70.4,69.6,94.6,123.0,134.9,135.2,155.4,156.1,156.3,157.9,132.0,133.6,124.2,97.1,80.2,123.8,154.4,155.1,153.0,149.4,147.9,144.5,116.8,88.1,70.8,105.9,148.8,150.5,149.0,145.8,135.5,134.6,147.0,151.7,153.3,148.4,128.4,100.2,48.2,17.9,10.9,10.2,4.7,-2.4,-20.1,25.7,-24.9,-21.4,22.9,21.3,-64.3,-176.1,-346.6,-565.0,-805.5,-1067.8,-1348.5,-1668.9,-2034.5,-2454.5,-2881.8,-3289.3,-3662.7,-3975.6,-4209.0,-4374.1,-4471.8,-4523.9,-4544.3
-4748.6,-4744.3,-4740.6,-4736.8,-4732.9,-4729.1,-4726.0,-4722.2,-4718.6,-4714.5,-4710.4,-4707.8,-4704.1,-4700.1,-4696.9,-4694.6,-4691.1,-4687.2,-4684.4,-4682.1,-4677.9,-4674.5,-4671.6,-4668.9,-4665.7,-4663.1,-4660.0,-4657.6,-4654.6,-4652.1,-4649.5,-4646.1,-4643.8,-4640.9,-4639.8,-4636.8,-4633.7,-4631.7,-4629.6,-4627.6,-4624.7,-4623.2,-4620.4,-4619.7,-4617.2,-4614.1,-4611.4,-4609.9,-4607.2,-4605.2,-4602.8,-4601.4,-4599.1,-4597.3,-4595.8,-4594.3,-4592.3,-4590.2,-4588.7,-4587.3,-4584.9,-4583.0,-4581.1,-4579.2,-4578.9,-4577.5,-4576.4,-4573.1,-4572.0,-4570.4,-4568.5,-4567.5,-4566.0,-4564.4,-4563.2,-4561.4,-4559.7,-4558.7,-4556.9,-4555.4,-4553.7,-4551.9,-4550.7,-4549.8,-4548.2,-4546.6,-4545.0,-4543.8,-4542.4,-4541.5,-4541.4,-4539.9,-4538.5,-4535.1,-4529.0,-4527.3,-4526.3,-4469.8,-4387.1,-4099.1,-3924.2,-4050.9,-4073.2,-3982.5,-3814.5,-3654.5,-3459.0,-3287.0,-3116.3,-2961.7,-2803.2,-2622.2,-2445.8,-2260.7,-2098.2,-1937.4,-1757.0,-1574.4,-1357.8,-1190.5,-1033.9,-903.8,-782.9,-652.7,-541.1,-446.0,-389.2,-336.2,-288.1,-228.0,-155.8,-87.7,-30.5,-1.1,21.3,21.9,21.7,29.2,48.0,62.6,76.6,90.4,98.0,96.5,75.3,91.5,14.3,34.0,28.7,77.7,127.1,133.4,138.8,138.0,132.6,110.1,132.2,136.6,135.6,133.9,92.2,42.8,-44.7,-152.6,-260.3,-356.4,-472.3,-593.9,-746.2,-889.2,-1033.6,-1168.5,-1309.8,-1475.0,-1654.2,-1872.2,-2076.9,-2298.4,-2506.4,-2726.1,-2928.2,-3137.3,-3312.3,-3466.5,-3600.1,-3726.9,-3862.0,-3989.8,-4123.4,-4231.5,-4319.2,-4381.4,-4423.4,-4444.3,-4447.4,-4447.6,-4437.6,-4407.3,-4357.4,-4276.9,-4185.9,-4058.7,-3939.9,-3812.6,-3683.3,-3515.9,-3323.8,-3091.7,-2861.1,-2622.4,-2416.6,-2188.0,-1988.8,-1765.0,-1574.2,-1360.6,-1201.0,-992.0,-833.5,-671.0,-543.7,-417.0,-320.6,-222.1,-143.4,34.0,38.3,29.9,17.5,67.7,88.0,100.2,84.4,92.1,97.8,99.4,84.1,92.4,110.4,111.7,111.1,110.0,107.8,43.2,-10.9,-0.5,-1.0,-2.2,-1.9,-3.9,28.9,-1.5,-2.7,-1.4,12.0,55.7,98.4,117.8,119.2,120.2,120.8,122.8,124.2,125.1,126.8,129.0,131.0,131.0,130.9,128.4,128.0,102.0,75.8,42.6,-4.6,-1.4,23.2,31.1,43.4,56.8,70.5,82.2,94.8,107.0,120.4,121.1,121.3,121.2,125.2,126.7,125.7,123.3,123.1,126.2,123.8,117.4,112.7,103.5,96.4,83.1,50.8,-0.2,0.4,52.1,59.4,-8.4,-36.0,71.7,81.5,72.6,-11.6,85.3,97.1,114.1,99.8,87.8,68.3,80.6,58.4,42.0,105.8,113.8,113.9,131.1,124.5,124.6,121.3,121.5,138.8,139.5,129.2,129.0,142.7,144.2,144.2,142.9,139.9,139.4,139.5,139.9,139.8,144.7,142.8,141.2,141.7,131.1,128.1,124.3,122.2,121.9,122.1,119.8,117.5,97.7,29.1,-29.7,78.0,109.5,111.7,119.5,122.1,125.4,127.5,128.1,128.5,129.7,129.4,129.2,126.3,128.3,129.5,131.6,132.6,132.7,131.8,130.6,127.5,124.8,125.5,105.9,96.1,40.9,-9.3,28.1,34.6,-32.0,-29.2,-29.9,50.1,-29.3,-29.0,-29.6,-30.6,-32.5,-30.4,-30.3,-32.3,-30.2,-31.1,-31.1,-31.0,-29.6,-31.0,-31.9,9.3,40.4,124.4,126.6,133.9,156.3,158.7,158.8,158.5,156.7,157.6,139.9,135.2,101.1,124.4,155.7,159.2,160.5,159.4,157.0,153.4,150.3,119.9,103.7,130.0,135.9,151.5,152.0,150.0,137.0,136.0,150.5,154.1,155.1,148.9,127.2,79.2,44.5,13.1,12.1,11.2,5.2,4.6,1.5,15.4,11.7,9.5,8.1,2.3,21.3,-174.5,-350.5,-576.6,-854.3,-1147.0,-1447.3,-1754.5,-2092.3,-2467.7,-2879.3,-3287.9,-3661.4,-3983.7,-4232.1,-4399.5,-4493.5,-4535.4,-4549.4
-4748.4,-4744.1,-4740.1,-4736.4,-4732.7,-4729.7,-4725.4,-4721.7,-4717.7,-4714.2,-4710.9,-4707.3,-4703.8,-4700.0,-4696.6,-4693.7,-4690.4,-4686.9,-4684.4,-4681.5,-4678.0,-4674.6,-4672.3,-4669.1,-4666.8,-4663.1,-4660.3,-4657.2,-4654.2,-4651.6,-4649.0,-4646.4,-4643.3,-4641.0,-4639.6,-4636.8,-4633.9,-4631.9,-4629.8,-4629.7,-4625.8,-4623.0,-4620.3,-4619.8,-4616.6,-4613.7,-4610.9,-4609.5,-4607.3,-4605.1,-4603.3,-4601.4,-4599.0,-4597.6,-4596.0,-4593.9,-4592.3,-4623.6,-4588.2,-4587.2,-4585.6,-4583.7,-4581.4,-4579.2,-4578.2,-4576.8,-4575.1,-4572.9,-4571.7,-4569.9,-4568.2,-4566.9,-4565.7,-4563.5,-4562.6,-4560.3,-4558.8,-4558.2,-4556.9,-4555.0,-4553.4,-4551.6,-4550.8,-4548.6,-4547.5,-4546.1,-4544.9,-4543.4,-4542.0,-4541.1,-4540.5,-4538.7,-4536.3,-4536.2,-4525.2,-4508.0,-4476.4,-4423.1,-4200.5,-3878.3,-3649.6,-3766.5,-3814.7,-3791.9,-3660.5,-3461.9,-3277.7,-3060.4,-2876.0,-2695.5,-2536.0,-2373.2,-2187.0,-2010.6,-1829.0,-1671.7,-1518.0,-1347.9,-1179.1,-987.5,-837.2,-704.4,-595.8,-499.2,-398.8,-315.3,-261.7,-228.9,-190.2,-146.5,-88.0,-28.4,-0.6,-0.7,21.2,21.7,26.6,62.1,96.7,114.2,126.6,138.3,140.6,136.3,134.9,122.0,107.9,100.4,73.0,123.0,125.4,133.9,140.4,141.2,135.4,132.1,135.3,134.9,145.4,94.0,20.6,-57.8,-157.9,-262.2,-356.0,-471.2,-594.0,-745.2,-898.4,-1080.3,-1246.7,-1407.7,-1558.9,-1713.5,-1886.1,-2075.8,-2300.4,-2505.0,-2724.3,-2926.9,-3136.1,-3325.4,-3516.0,-3672.4,-3805.8,-3919.8,-4023.2,-4128.4,-4226.9,-4315.7,-4382.0,-4420.0,-4439.0,-4441.5,-4448.8,-4438.1,-4404.0,-4354.5,-4275.1,-4184.2,-4057.4,-3931.3,-3767.1,-3621.6,-3471.4,-3322.3,-3136.2,-2923.7,-2696.5,-2447.6,-2191.3,-1987.6,-1764.3,-1573.6,-1358.8,-1180.9,-1002.7,-834.0,-670.9,-544.4,-418.7,-318.8,-210.0,-127.3,-37.8,38.3,32.4,38.3,29.9,50.6,91.2,114.3,119.8,115.7,118.9,118.7,118.5,118.8,118.9,119.6,117.8,114.9,112.3,100.4,94.5,94.5,95.4,79.6,45.7,28.8,15.7,28.9,42.3,1.2,-1.7,33.2,98.6,110.7,118.0,120.4,120.0,121.7,123.1,124.0,126.3,128.3,130.0,129.8,128.2,127.7,122.0,119.4,100.9,-1.6,0.3,51.8,60.0,74.0,88.9,98.4,108.8,120.4,120.4,120.9,119.1,117.8,117.8,116.7,118.7,119.6,119.2,117.6,110.9,108.2,98.8,103.4,90.4,67.8,55.9,-2.7,-7.6,-8.0,-9.2,-9.6,-9.2,-8.6,64.5,80.9,105.4,91.1,-12.7,96.1,115.8,119.2,117.6,114.8,114.5,102.2,92.6,-42.3,127.5,130.9,114.1,136.0,141.3,142.6,128.6,141.1,148.3,148.9,148.5,147.6,148.0,148.3,148.3,147.1,145.4,144.3,145.2,144.6,143.5,147.9,146.0,145.7,143.9,132.4,131.3,131.8,128.0,128.4,127.0,124.3,66.9,29.1,16.2,-27.8,88.0,117.9,119.3,127.7,130.2,131.8,133.2,132.8,132.2,130.7,130.8,128.6,128.0,125.9,127.8,128.2,129.3,129.5,127.6,127.1,123.4,123.4,103.3,85.5,45.2,-9.6,47.1,74.8,73.0,53.3,-31.6,50.1,53.2,89.1,86.2,90.4,115.9,120.6,131.0,139.1,138.9,139.7,140.5,141.2,140.9,140.1,140.7,147.7,150.9,151.3,152.5,134.7,135.1,135.6,144.9,161.0,160.0,161.6,159.2,158.7,126.9,120.2,139.3,148.0,160.4,162.7,163.1,161.3,158.0,140.1,139.9,134.3,137.7,151.4,151.7,154.0,153.5,151.7,137.2,152.1,155.9,156.0,150.8,130.2,105.8,71.2,40.3,26.7,12.2,15.4,8.1,18.5,23.0,14.5,11.8,10.3,21.3,21.0,-176.3,-349.7,-578.4,-869.3,-1202.3,-1535.1,-1859.9,-2181.9,-2525.8,-2891.9,-3288.6,-3660.7,-3985.5,-4242.9,-4410.3,-4501.9,-4537.9,-4546.1
-4748.0,-4743.8,-4740.1,-4736.5,-4732.6,-4729.5,-4725.8,-4721.6,-4717.6,-4714.2,-4711.6,-4727.6,-4704.9,-4699.9,-4697.0,-4694.4,-4690.1,-4686.7,-4683.6,-4680.5,-4678.5,-4675.4,-4672.1,-4668.9,-4666.2,-4663.9,-4660.5,-4656.6,-4653.9,-4651.3,-4648.7,-4645.9,-4643.5,-4641.0,-4638.6,-4636.5,-4633.6,-4631.6,-4629.2,-4628.7,-4625.7,-4622.0,-4620.2,-4619.6,-4616.6,-4613.6,-4611.0,-4609.2,-4606.7,-4605.4,-4603.2,-4601.2,-4598.8,-4598.3,-4595.9,-4593.3,-4591.9,-4590.3,-4588.3,-4587.3,-4586.9,-4584.4,-4581.5,-4580.2,-4578.5,-4576.4,-4574.9,-4573.4,-4571.3,-4569.3,-4568.2,-4566.1,-4564.9,-4563.0,-4561.9,-4560.6,-4559.4,-4557.0,-4557.6,-4554.9,-4553.6,-4551.0,-4550.2,-4548.5,-4547.5,-4546.4,-4545.4,-4543.8,-4542.0,-4541.0,-4540.0,-4536.9,-4529.6,-4526.2,-4511.1,-4471.5,-4420.9,-4337.5,-4207.8,-3935.8,-3655.2,-3681.7,-3698.6,-3619.0,-3448.8,-3278.4,-3062.5,-2865.9,-2637.5,-2447.3,-2264.8,-2100.4,-1939.4,-1757.3,-1587.1,-1415.5,-1268.9,-1128.1,-975.4,-826.9,-660.0,-541.8,-439.7,-356.8,-283.7,-221.7,-160.6,-125.6,-105.9,-76.4,-96.3,-1.8,-2.0,-2.6,-0.4,5.5,40.1,81.2,121.7,158.3,162.2,163.0,159.8,155.5,151.6,148.5,145.2,140.2,122.7,129.0,123.0,123.0,139.2,142.1,140.2,134.1,137.3,151.1,105.3,4.2,-102.2,-209.0,-302.6,-387.5,-479.6,-592.3,-745.3,-899.5,-1079.1,-1258.1,-1461.4,-1642.8,-1815.5,-1973.6,-2135.5,-2327.0,-2503.1,-2724.6,-2925.5,-3134.4,-3324.2,-3517.9,-3685.6,-3850.5,-3981.0,-4086.7,-4173.1,-4248.8,-4319.2,-4381.4,-4421.6,-4437.6,-4438.0,-4437.5,-4427.9,-4401.6,-4354.3,-4273.7,-4182.6,-4056.9,-3930.1,-3767.3,-3610.4,-3418.4,-3252.7,-3087.2,-2923.6,-2721.1,-2514.3,-2262.2,-2017.0,-1761.4,-1570.1,-1359.0,-1181.4,-989.4,-832.4,-672.3,-544.1,-417.3,-315.7,-189.8,-89.8,-0.5,33.5,83.3,46.4,34.0,45.5,-5.4,51.4,101.2,120.9,122.1,121.9,123.6,124.2,127.0,126.5,126.3,124.5,122.7,121.1,119.1,116.4,114.1,110.6,107.9,108.9,48.8,28.9,50.1,78.6,52.1,-1.3,-3.1,-2.1,0.2,-1.1,117.1,119.6,119.1,120.4,121.6,123.1,125.2,125.9,125.0,123.1,80.6,4.8,27.0,0.2,0.1,95.0,73.1,92.7,110.7,114.9,117.6,120.1,119.2,117.1,117.2,116.8,115.0,115.5,112.6,75.6,74.1,63.4,58.6,99.9,96.3,58.8,26.1,47.2,2.3,-6.8,-7.0,-0.8,-8.0,56.0,57.1,77.9,87.9,81.8,102.4,109.2,118.5,-11.5,120.7,124.1,125.0,125.2,125.1,126.2,127.0,127.3,129.5,134.4,137.0,136.0,136.6,146.7,148.9,149.6,150.5,152.1,152.1,151.9,151.0,150.0,149.9,148.7,147.5,144.9,142.2,143.1,143.6,142.0,146.2,133.8,120.4,105.3,12.2,-26.3,109.7,133.3,131.1,129.0,125.1,-30.1,35.4,27.2,35.4,49.2,117.8,130.0,131.9,133.6,134.7,134.9,133.9,132.5,131.4,129.6,127.8,106.5,104.9,103.8,125.6,125.2,125.0,123.5,123.2,120.5,103.3,61.7,40.6,-9.5,46.5,97.5,107.9,109.7,107.1,59.8,-29.9,50.1,75.9,94.0,126.2,130.8,136.3,137.2,138.3,140.2,140.9,140.9,142.2,142.2,136.3,146.0,151.5,154.4,157.7,158.7,159.6,160.6,136.5,146.6,162.2,161.2,163.6,162.7,161.8,140.3,140.2,160.7,149.3,151.4,165.9,167.5,165.8,161.3,156.0,141.0,140.7,145.3,153.8,154.8,155.6,156.5,154.1,138.1,152.0,154.7,156.9,150.9,142.3,122.5,98.2,73.0,43.7,24.8,22.4,20.3,24.1,25.0,21.7,16.5,13.7,-1.7,-64.9,-177.3,-349.5,-578.6,-875.4,-1221.7,-1591.6,-1950.2,-2290.0,-2615.0,-3042.8,-3321.7,-3658.9,-3982.3,-4237.4,-4412.3,-4505.0,-4539.1,-4545.7
-4747.9,-4743.8,-4740.0,-4735.8,-4732.1,-4728.4,-4724.7,-4721.0,-4717.2,-4714.2,-4710.6,-4729.5,-4703.6,-4699.7,-4696.9,-4694.7,-4690.5,-4686.6,-4683.4,-4680.2,-4678.4,-4676.0,-4673.3,-4668.6,-4666.0,-4663.7,-4660.4,-4656.6,-4653.8,-4651.1,-4648.4,-4646.2,-4643.3,-4641.3,-4638.8,-4635.9,-4633.5,-4630.8,-4628.9,-4626.3,-4624.4,-4622.3,-4620.2,-4619.3,-4616.4,-4613.7,-4610.9,-4608.8,-4606.9,-4605.1,-4603.3,-4601.1,-4599.5,-4598.4,-4595.4,-4593.4,-4592.0,-4590.0,-4588.2,-4586.1,-4586.3,-4584.9,-4581.7,-4579.3,-4578.1,-4575.7,-4574.5,-4573.0,-4571.3,-4569.7,-4568.1,-4566.9,-4564.8,-4563.3,-4561.7,-4560.5,-4558.9,-4558.2,-4557.7,-4555.1,-4553.2,-4551.3,-4549.8,-4548.7,-4547.7,-4546.6,-4544.8,-4543.4,-4542.0,-4540.9,-4538.7,-4539.3,-4527.2,-4510.0,-4473.8,-4420.6,-4338.1,-4247.9,-4115.5,-3948.8,-3679.2,-3628.7,-3522.4,-3380.1,-3234.2,-3049.3,-2867.7,-2638.4,-2434.6,-2201.0,-2015.6,-1832.6,-1672.5,-1518.4,-1347.7,-1190.6,-1035.5,-905.5,-784.8,-654.3,-533.1,-403.5,-315.9,-238.7,-184.4,-120.0,-69.0,-53.8,-45.4,-19.6,-48.6,-2.2,-3.6,-1.3,-5.6,3.8,48.9,92.3,137.7,158.8,163.1,163.8,163.0,160.9,159.0,156.8,153.5,148.2,143.0,136.3,123.0,123.0,135.1,140.6,141.4,147.4,159.6,115.3,10.1,-135.1,-244.8,-348.2,-442.3,-532.9,-632.6,-754.7,-898.6,-1080.3,-1257.8,-1461.0,-1655.9,-1872.6,-2062.6,-2241.5,-2402.0,-2565.3,-2736.9,-2925.0,-3134.9,-3322.9,-3513.5,-3685.4,-3848.0,-3990.3,-4120.1,-4218.2,-4290.1,-4345.6,-4387.5,-4421.8,-4441.3,-4439.4,-4437.2,-4418.1,-4379.5,-4330.3,-4265.7,-4182.9,-4055.9,-3927.8,-3766.2,-3610.4,-3421.0,-3241.5,-3028.9,-2848.8,-2672.2,-2502.6,-2294.8,-2076.0,-1822.0,-1581.8,-1356.6,-1182.9,-991.6,-835.0,-672.9,-544.8,-417.2,-315.6,-179.2,-56.2,35.8,88.1,113.9,90.0,46.2,45.5,45.1,45.5,-2.6,29.3,101.7,118.3,119.6,121.4,125.4,128.9,128.4,127.5,127.4,127.9,128.5,128.2,126.0,121.9,121.2,120.1,101.0,58.0,-1.3,60.6,94.3,83.7,71.6,0.2,-0.5,0.4,32.7,50.1,67.4,64.3,69.9,83.8,121.6,123.2,122.8,122.0,120.0,20.4,-2.5,0.9,0.8,119.3,119.5,106.6,117.4,118.8,119.0,118.9,118.4,116.8,114.4,114.1,113.9,113.6,113.4,93.2,56.4,47.2,25.5,25.2,3.0,-5.7,-7.1,-5.6,-8.0,-8.4,-6.7,34.0,81.4,93.4,86.6,103.4,94.0,112.0,111.6,114.7,113.0,122.7,-12.8,126.0,129.3,132.0,133.1,133.9,135.7,137.0,137.7,139.4,142.4,144.0,144.0,140.9,149.0,151.0,152.1,152.6,152.8,152.6,152.2,151.0,147.2,137.2,137.8,129.6,129.0,119.3,117.2,113.4,107.0,109.7,65.4,-26.6,-27.7,-26.9,-27.1,-26.0,-26.2,-4.3,-28.5,-26.8,79.2,76.0,29.3,31.8,-29.9,45.0,65.9,99.8,132.1,133.6,133.8,133.8,130.8,126.5,126.2,119.7,116.1,107.5,104.0,103.8,100.2,98.1,97.7,93.7,85.5,28.4,-30.5,-31.5,38.9,87.7,110.5,124.8,128.6,111.6,87.8,55.6,-29.6,-29.4,-30.3,48.6,101.0,106.9,120.8,137.0,139.1,139.2,143.7,142.7,141.9,132.7,145.9,152.1,156.3,160.7,163.1,163.9,141.4,140.5,163.4,161.9,161.9,167.1,165.6,163.3,151.6,164.2,164.4,166.0,152.2,167.3,170.1,168.6,163.8,160.2,157.1,145.7,147.7,149.4,149.4,159.0,159.8,156.8,142.3,151.1,154.9,155.3,149.1,140.2,136.0,121.1,94.5,62.0,34.8,25.6,18.1,20.3,20.9,16.8,12.8,10.6,-24.2,-70.5,-178.3,-350.9,-579.9,-876.5,-1222.5,-1610.1,-2011.8,-2381.0,-2721.9,-3115.0,-3438.4,-3673.3,-3980.5,-4236.6,-4411.0,-4505.9,-4539.8,-4545.3
-4747.7,-4743.8,-4739.6,-4736.5,-4732.7,-4728.2,-4724.5,-4720.5,-4716.8,-4713.1,-4710.0,-4728.3,-4703.8,-4699.6,-4696.2,-4695.2,-4690.9,-4686.0,-4683.8,-4680.6,-4677.8,-4675.2,-4671.8,-4668.9,-4666.0,-4663.0,-4659.8,-4656.9,-4654.0,-4651.8,-4649.9,-4646.4,-4643.5,-4641.3,-4638.6,-4637.5,-4633.8,-4631.1,-4628.6,-4626.2,-4623.9,-4621.5,-4619.6,-4617.8,-4615.6,-4613.1,-4611.3,-4610.0,-4607.9,-4605.2,-4602.9,-4600.9,-4598.9,-4597.6,-4595.8,-4593.6,-4591.9,-4589.9,-4588.0,-4586.1,-4585.6,-4586.3,-4593.1,-4579.4,-4578.0,-4576.1,-4574.4,-4572.7,-4570.8,-4569.6,-4568.2,-4566.6,-4564.5,-4562.9,-4561.9,-4560.1,-4559.2,-4557.6,-4556.8,-4554.2,-4553.1,-4551.1,-4550.4,-4548.5,-4546.9,-4545.3,-4544.4,-4543.4,-4542.6,-4539.2,-4532.1,-4528.3,-4512.4,-4474.7,-4421.7,-4338.6,-4244.1,-4124.0,-3984.5,-3834.4,-3657.7,-3472.0,-3301.3,-3129.6,-2977.0,-2808.5,-2624.6,-2435.1,-2203.1,-1999.5,-1770.2,-1587.8,-1415.1,-1269.6,-1128.3,-974.5,-836.6,-704.6,-596.4,-498.8,-399.2,-306.2,-204.5,-149.1,-61.5,-2.0,17.6,8.2,1.3,4.4,-7.2,1.4,0.2,3.0,7.5,26.2,65.3,106.1,140.2,156.7,157.9,160.1,160.5,160.7,160.7,160.1,157.9,153.8,148.8,142.7,134.8,123.0,123.0,129.5,147.5,171.2,157.1,45.3,-97.4,-244.6,-357.9,-475.0,-586.3,-706.1,-822.1,-945.7,-1092.4,-1257.8,-1460.1,-1655.7,-1871.7,-2076.6,-2300.4,-2496.1,-2671.3,-2828.9,-2981.3,-3146.6,-3322.5,-3514.6,-3685.5,-3847.5,-3988.8,-4119.7,-4224.9,-4316.8,-4371.2,-4411.2,-4432.3,-4448.3,-4450.5,-4447.3,-4426.6,-4379.2,-4314.1,-4231.1,-4145.9,-4047.8,-3928.2,-3766.3,-3608.3,-3416.9,-3240.7,-3030.2,-2838.2,-2613.0,-2425.3,-2247.2,-2075.4,-1870.7,-1654.6,-1414.3,-1190.2,-988.2,-832.4,-668.4,-543.4,-417.0,-313.5,-179.1,-50.9,55.6,130.1,140.0,121.5,101.6,53.2,56.1,81.4,61.7,-1.0,27.0,102.4,115.5,116.5,119.1,121.3,125.0,125.5,124.0,124.8,126.4,127.5,128.2,127.0,127.4,128.6,119.5,75.0,69.3,1.2,71.7,112.0,115.9,92.0,76.7,0.9,-1.9,2.2,-0.8,-0.8,32.8,61.7,89.3,110.2,122.2,122.0,121.3,117.2,41.5,26.5,1.4,-3.4,122.7,124.7,125.4,126.1,126.0,126.2,125.0,124.1,121.6,118.4,114.6,112.6,112.4,112.2,111.5,112.4,112.6,95.1,96.3,90.4,73.1,70.6,34.5,52.6,73.4,83.8,88.1,108.7,121.9,118.9,114.5,115.3,119.8,112.0,121.1,122.6,123.9,-12.8,-12.3,130.7,133.5,135.4,137.5,139.3,142.9,143.5,144.5,146.4,146.8,146.9,140.9,148.2,151.0,154.1,155.1,154.9,154.5,153.0,150.2,137.1,136.7,129.6,129.1,128.6,127.3,139.8,118.7,115.0,-25.2,-26.7,-26.9,-28.2,-26.0,-27.3,134.5,134.5,87.1,132.1,131.1,112.5,124.7,70.7,-27.8,-30.0,-29.4,-28.3,101.4,130.0,136.9,134.4,134.0,134.5,133.8,134.3,134.3,132.9,131.0,129.0,127.5,126.7,117.7,123.6,112.5,79.4,79.6,-8.2,71.5,92.9,111.1,117.4,129.7,130.5,127.7,111.1,89.3,57.0,-30.3,-32.8,-29.9,-31.2,-28.7,62.9,84.4,122.2,139.7,141.5,138.2,127.7,123.1,135.6,150.7,155.5,160.1,163.9,165.3,165.5,147.7,167.1,161.9,167.8,169.3,162.8,165.0,152.0,166.2,167.3,166.6,155.7,167.3,171.1,171.1,168.0,165.3,162.6,148.4,148.5,159.4,159.8,162.0,163.4,161.7,145.4,153.4,155.4,153.5,146.6,137.6,131.4,106.9,76.2,46.7,30.5,19.8,12.3,11.7,16.8,13.3,11.7,7.6,-32.7,-78.7,-186.5,-353.3,-579.8,-875.6,-1222.5,-1610.8,-2026.3,-2443.4,-2811.4,-3194.9,-3496.1,-3728.0,-3991.1,-4235.3,-4411.6,-4507.5,-4539.3,-4545.0
-4747.5,-4743.5,-4739.5,-4736.9,-4731.6,-4728.1,-4724.2,-4720.7,-4716.6,-4713.1,-4709.5,-4705.7,-4702.1,-4698.5,-4695.5,-4693.3,-4689.7,-4685.7,-4683.0,-4679.6,-4676.8,-4673.3,-4671.2,-4668.1,-4664.9,-4662.3,-4659.3,-4656.2,-4653.2,-4653.7,-4652.9,-4647.7,-4643.9,-4640.7,-4638.4,-4636.5,-4634.6,-4631.3,-4630.4,-4627.9,-4624.6,-4621.6,-4619.5,-4617.5,-4615.2,-4612.9,-4611.6,-4612.7,-4608.6,-4605.8,-4603.1,-4600.6,-4599.9,-4599.0,-4597.3,-4593.9,-4592.0,-4591.4,-4587.9,-4586.0,-4584.7,-4629.6,-4604.6,-4580.1,-4578.0,-4576.0,-4574.4,-4572.6,-4571.6,-4569.8,-4567.7,-4567.1,-4565.3,-4563.1,-4561.2,-4559.7,-4558.2,-4557.0,-4555.5,-4554.0,-4553.1,-4551.2,-4550.5,-4548.3,-4546.6,-4545.4,-4544.2,-4543.5,-4542.1,-4537.0,-4531.8,-4514.5,-4475.8,-4424.4,-4339.2,-4247.2,-4116.0,-3984.7,-3817.4,-3660.2,-3477.5,-3291.9,-3073.3,-2891.0,-2710.8,-2551.1,-2373.8,-2189.1,-1999.8,-1773.0,-1574.8,-1358.5,-1191.5,-1036.5,-905.6,-783.2,-653.0,-541.8,-437.4,-356.6,-281.7,-214.9,-137.1,-36.6,59.2,119.2,105.8,61.7,45.6,44.6,45.3,42.2,42.2,46.2,51.1,62.5,99.3,125.4,150.0,151.3,152.9,153.8,154.5,156.4,157.3,158.2,157.6,157.7,153.8,148.3,140.4,123.0,135.0,137.5,157.8,187.9,106.4,-39.1,-207.5,-350.1,-475.5,-595.6,-746.5,-889.5,-1033.5,-1169.3,-1311.7,-1474.5,-1654.7,-1872.7,-2077.6,-2298.8,-2506.1,-2729.6,-2917.1,-3084.4,-3232.6,-3373.0,-3524.5,-3680.8,-3849.9,-3988.1,-4119.5,-4224.5,-4315.5,-4377.4,-4421.0,-4445.2,-4453.3,-4458.2,-4450.9,-4448.1,-4407.6,-4332.2,-4228.7,-4117.9,-3996.7,-3883.6,-3754.5,-3608.3,-3416.2,-3240.1,-3027.9,-2836.4,-2611.0,-2412.0,-2182.9,-1998.3,-1821.9,-1654.1,-1459.1,-1259.4,-1039.2,-845.5,-670.8,-542.0,-417.0,-313.4,-180.9,-57.0,50.6,126.6,142.0,123.8,110.5,115.6,93.5,101.9,118.5,103.7,120.9,110.0,121.0,111.4,115.4,120.7,122.4,123.8,123.3,120.5,111.3,107.6,122.2,109.7,112.6,113.0,26.1,-0.1,1.0,0.1,1.3,51.5,96.4,117.8,126.0,107.5,124.3,100.2,95.5,79.1,96.8,119.8,121.2,122.0,122.2,122.3,122.8,122.3,120.2,120.3,120.9,120.1,2.8,2.7,122.0,125.9,125.6,126.4,127.7,129.5,128.7,127.7,124.4,121.5,117.1,114.7,114.4,114.9,115.9,117.2,118.5,118.3,118.2,114.4,106.6,105.5,103.7,112.1,116.5,123.2,122.1,123.3,123.8,121.9,120.6,120.2,121.7,122.6,123.8,124.4,124.9,-12.1,-12.7,-12.9,131.6,132.3,134.9,138.2,141.6,145.7,145.4,145.8,144.9,144.2,147.8,152.4,157.3,159.7,159.8,157.5,154.5,152.0,150.5,149.5,149.8,149.3,149.2,146.9,144.0,141.7,-25.3,0.3,136.3,46.1,9.0,134.2,136.6,139.9,138.7,136.7,135.9,135.4,129.7,130.5,102.0,101.9,-28.9,-2.6,121.1,136.0,137.7,138.7,139.4,135.8,137.0,136.5,136.7,137.3,136.1,132.2,129.4,128.6,119.5,119.4,125.8,97.1,81.1,81.3,95.0,115.4,120.8,133.7,128.6,129.2,138.7,136.7,133.2,120.7,100.1,109.1,41.8,5.3,3.3,-33.1,-31.0,3.9,50.9,69.4,71.7,74.2,79.2,93.1,112.5,128.1,153.4,138.7,162.5,165.0,167.9,169.0,170.6,172.6,162.0,172.6,173.5,162.8,152.1,169.3,170.6,169.3,166.7,169.0,171.2,172.4,171.6,168.2,166.1,153.6,151.8,163.6,164.3,165.6,166.8,165.3,159.4,157.4,155.8,152.3,144.4,134.9,84.2,49.0,21.7,11.8,13.8,14.4,14.4,9.2,13.8,12.6,8.8,-26.8,-45.1,-97.7,-203.8,-357.0,-580.4,-876.0,-1226.0,-1613.1,-2028.1,-2455.8,-2868.3,-3246.9,-3553.1,-3801.5,-4033.6,-4242.5,-4409.3,-4504.6,-4541.4,-4543.9
-4746.2,-4743.2,-4738.5,-4735.0,-4731.7,-4728.1,-4723.8,-4720.1,-4716.5,-4712.9,-4708.7,-4705.2,-4702.3,-4698.1,-4695.2,-4691.6,-4688.5,-4685.5,-4682.3,-4679.6,-4676.2,-4672.9,-4670.4,-4667.2,-4664.4,-4661.3,-4658.9,-4655.5,-4653.2,-4650.6,-4648.8,-4646.7,-4643.8,-4641.0,-4638.7,-4635.7,-4633.4,-4631.2,-4629.3,-4627.2,-4626.8,-4621.8,-4619.4,-4616.9,-4614.9,-4612.2,-4611.2,-4612.2,-4608.3,-4604.5,-4602.2,-4600.4,-4599.2,-4597.3,-4596.4,-4594.6,-4592.2,-4590.9,-4587.8,-4586.7,-4584.6,-4583.4,-4581.5,-4579.3,-4577.7,-4575.9,-4574.0,-4572.3,-4571.3,-4569.5,-4568.0,-4567.0,-4565.2,-4563.6,-4561.5,-4560.2,-4558.5,-4557.1,-4555.7,-4554.3,-4552.9,-4551.4,-4550.1,-4548.3,-4547.1,-4545.3,-4544.0,-4543.6,-4541.3,-4540.2,-4527.0,-4486.7,-4429.1,-4348.8,-4256.5,-4116.7,-3985.8,-3820.4,-3658.7,-3462.4,-3295.2,-3077.5,-2878.5,-2649.0,-2461.7,-2278.0,-2100.1,-1939.5,-1760.2,-1577.4,-1359.9,-1178.7,-982.9,-836.1,-704.2,-596.7,-499.0,-398.9,-313.3,-235.6,-185.5,-125.7,-55.5,47.6,153.5,205.0,159.1,114.3,101.9,100.3,98.6,96.7,95.8,97.7,102.2,106.3,124.6,127.4,142.7,147.0,134.9,134.2,149.1,151.0,151.2,154.7,156.4,157.0,156.8,154.0,148.8,136.7,141.1,148.5,172.5,138.5,14.0,-140.0,-301.6,-443.9,-589.3,-748.3,-900.2,-1084.1,-1248.4,-1410.2,-1560.9,-1713.0,-1887.2,-2075.3,-2299.2,-2507.3,-2725.1,-2926.7,-3136.6,-3311.3,-3464.6,-3599.7,-3725.3,-3855.6,-3989.3,-4117.5,-4223.1,-4312.2,-4375.9,-4421.1,-4448.8,-4454.1,-4454.8,-4457.2,-4456.2,-4435.9,-4384.4,-4286.8,-4149.3,-3995.4,-3846.8,-3694.9,-3556.0,-3405.5,-3241.0,-3028.5,-2836.8,-2610.6,-2412.7,-2184.2,-1985.2,-1762.3,-1581.3,-1415.8,-1258.9,-1080.9,-902.0,-716.6,-551.9,-416.1,-315.2,-177.6,-52.7,50.9,122.0,137.7,127.8,115.2,111.3,119.3,111.2,121.0,122.9,124.2,124.6,123.4,126.0,126.3,120.4,125.1,125.6,126.0,123.0,113.9,121.5,97.5,87.5,70.9,68.8,67.4,43.2,19.9,0.2,1.3,-1.5,1.8,66.6,80.6,116.3,115.1,124.9,132.0,129.8,131.5,130.4,122.2,129.1,128.9,128.6,126.1,127.5,126.8,125.4,124.8,124.0,123.5,122.3,3.0,2.9,2.7,109.8,120.8,121.5,120.1,120.1,127.3,123.3,124.5,123.2,121.9,121.8,121.2,122.7,123.7,125.0,125.1,124.8,122.5,121.1,119.9,120.4,123.3,125.2,126.1,126.9,126.7,126.2,125.3,124.6,124.5,125.0,126.2,126.9,127.0,126.9,127.6,128.1,-13.1,-14.7,-13.9,125.6,130.8,134.5,139.9,139.1,143.4,145.6,134.8,148.3,155.8,161.3,163.6,162.3,158.6,154.9,152.6,150.1,149.7,147.8,136.2,134.7,129.7,143.1,1.6,1.3,141.2,140.8,142.1,151.4,149.7,151.3,143.8,141.3,142.1,141.1,141.4,141.2,138.6,141.0,128.1,64.3,32.3,96.5,138.3,141.0,141.8,142.2,140.6,140.8,139.9,139.2,138.5,134.3,134.4,134.8,134.3,136.1,137.5,137.6,138.1,138.9,136.4,142.4,142.8,144.2,144.8,145.7,144.3,145.5,148.4,147.3,144.8,151.0,140.2,126.3,122.5,116.5,93.9,116.1,92.2,144.3,132.2,77.1,74.7,75.3,90.9,114.3,123.8,125.5,133.9,163.8,166.8,169.3,170.1,172.8,174.5,175.0,175.6,175.9,173.9,159.4,160.6,166.5,169.7,170.4,166.7,173.0,173.9,173.2,170.5,168.3,155.0,158.6,166.8,167.9,168.8,169.4,167.8,163.1,158.7,155.9,151.3,132.9,122.9,89.2,62.5,20.9,6.9,6.3,12.5,5.3,12.2,12.2,8.1,6.0,-28.7,-61.1,-128.0,-233.6,-385.1,-589.4,-880.1,-1225.8,-1623.2,-2030.5,-2458.5,-2881.3,-3281.1,-3609.1,-3881.5,-4099.0,-4277.0,-4414.0,-4504.6,-4554.0,-4607.4
-4745.4,-4741.3,-4737.7,-4733.8,-4729.8,-4726.8,-4722.9,-4719.6,-4715.7,-4712.1,-4708.6,-4704.5,-4701.4,-4698.5,-4696.5,-4691.7,-4688.0,-4684.6,-4681.3,-4679.0,-4675.0,-4672.0,-4669.3,-4666.6,-4663.8,-4661.2,-4658.3,-4656.0,-4652.6,-4650.1,-4648.6,-4644.5,-4642.1,-4640.2,-4637.0,-4634.8,-4632.3,-4630.2,-4628.6,-4626.2,-4624.3,-4621.7,-4619.5,-4616.5,-4614.5,-4612.3,-4610.8,-4610.7,-4608.0,-4604.2,-4602.2,-4600.2,-4598.5,-4596.5,-4595.1,-4593.2,-4591.8,-4591.5,-4588.8,-4586.2,-4584.4,-4583.8,-4581.4,-4579.5,-4578.1,-4576.3,-4574.4,-4573.1,-4571.4,-4569.5,-4567.8,-4566.9,-4564.4,-4563.8,-4562.0,-4560.3,-4559.5,-4557.8,-4556.4,-4554.8,-4553.0,-4551.9,-4550.1,-4548.6,-4547.1,-4545.5,-4543.9,-4542.9,-4541.1,-4537.9,-4515.6,-4463.4,-4369.5,-4261.2,-4120.6,-3994.0,-3819.5,-3661.9,-3464.0,-3281.5,-3079.1,-2882.5,-2650.6,-2446.6,-2214.3,-2027.7,-1847.2,-1672.5,-1520.1,-1350.8,-1179.8,-984.6,-825.5,-660.3,-539.7,-437.8,-356.0,-280.1,-200.4,-150.7,-98.4,-58.7,2.9,81.8,148.2,176.1,161.4,142.9,140.2,143.7,142.9,137.7,134.3,133.0,139.5,141.7,150.5,150.5,147.8,147.5,134.1,133.4,132.6,127.4,135.2,149.6,151.8,155.1,156.6,157.1,155.5,150.1,161.9,178.3,142.2,26.9,-106.2,-254.4,-390.5,-535.0,-707.4,-890.9,-1082.8,-1259.7,-1464.0,-1645.3,-1818.0,-1976.4,-2136.3,-2312.8,-2505.1,-2724.5,-2926.0,-3135.4,-3324.5,-3517.1,-3672.4,-3804.2,-3917.8,-4022.7,-4125.5,-4222.4,-4312.3,-4375.8,-4418.8,-4451.9,-4449.3,-4455.2,-4458.4,-4457.9,-4455.6,-4432.2,-4362.8,-4247.9,-4088.1,-3889.4,-3693.4,-3514.4,-3336.7,-3182.7,-3016.2,-2837.3,-2611.2,-2411.4,-2183.0,-1985.0,-1759.6,-1567.9,-1356.1,-1190.6,-1039.1,-899.7,-747.2,-606.5,-452.1,-320.5,-178.9,-53.8,52.5,121.8,137.9,124.0,117.9,116.1,124.7,124.5,124.5,126.0,126.9,126.3,126.8,127.9,126.6,125.2,126.9,127.5,127.3,126.8,124.9,124.1,96.3,86.2,-1.0,0.4,0.6,-0.3,-1.1,-0.1,0.1,77.3,74.6,0.7,1.9,4.5,37.0,82.6,84.7,100.5,106.5,117.7,132.1,134.8,136.3,133.7,132.2,132.0,132.8,133.0,131.4,130.3,129.2,128.4,127.7,126.8,124.7,3.0,-1.4,1.5,119.1,119.1,118.4,118.4,118.3,116.0,115.9,120.8,125.4,125.0,126.3,128.0,129.4,129.8,128.4,126.6,125.0,123.8,124.7,126.9,126.5,126.1,125.5,125.5,125.5,125.7,125.6,125.5,126.2,126.8,127.5,128.5,128.6,129.5,130.9,132.0,131.2,-13.0,-14.8,-14.9,131.4,134.5,139.0,140.5,127.8,128.0,150.7,158.6,163.5,165.5,163.1,157.8,153.5,150.7,147.3,136.6,143.4,136.2,127.5,127.2,-27.7,2.1,143.7,146.0,147.4,149.5,148.3,153.7,153.4,149.6,148.1,146.4,146.6,147.3,147.1,146.1,144.5,130.2,120.9,116.9,106.3,113.9,143.3,144.0,143.8,143.8,143.0,141.8,141.2,141.2,142.2,142.8,141.9,143.6,146.2,148.2,148.5,147.9,147.1,147.1,147.9,147.9,147.8,147.8,147.1,147.1,148.1,149.8,151.1,151.4,150.2,150.4,150.8,149.0,148.9,153.3,151.1,151.4,152.0,152.1,152.6,141.6,137.4,137.8,146.6,131.1,124.8,126.9,149.1,160.6,161.4,172.5,174.2,175.9,177.1,178.2,178.8,176.9,160.3,167.3,167.6,166.5,170.3,172.3,171.7,174.8,174.0,171.0,155.1,155.0,168.3,167.5,168.5,169.5,170.4,168.6,164.2,158.5,155.2,141.2,123.5,117.7,100.9,63.6,30.8,17.6,13.3,6.1,3.2,8.3,2.3,3.2,-26.5,-33.3,-77.9,-160.5,-278.5,-425.9,-617.2,-879.6,-1220.0,-1613.1,-2034.4,-2459.7,-2884.6,-3288.4,-3648.6,-3935.5,-4156.7,-4321.7,-4438.0,-4505.7,-4536.6,-4580.8
-4744.4,-4740.8,-4736.7,-4732.8,-4729.1,-4725.8,-4721.9,-4719.1,-4715.1,-4711.2,-4707.6,-4704.4,-4701.4,-4698.6,-4695.5,-4691.7,-4687.2,-4683.6,-4680.7,-4677.5,-4674.3,-4671.6,-4668.4,-4665.5,-4663.3,-4660.4,-4658.4,-4655.7,-4651.8,-4649.5,-4646.8,-4644.2,-4641.2,-4638.9,-4636.6,-4634.2,-4632.4,-4629.7,-4627.7,-4625.4,-4622.8,-4621.1,-4619.3,-4616.1,-4614.0,-4611.7,-4609.9,-4608.7,-4607.8,-4604.1,-4601.9,-4600.0,-4598.0,-4596.4,-4594.6,-4592.8,-4591.4,-4592.8,-4589.2,-4586.3,-4584.1,-4582.8,-4582.3,-4580.5,-4578.0,-4575.9,-4573.9,-4572.9,-4571.1,-4569.7,-4568.5,-4566.6,-4564.9,-4563.2,-4561.4,-4560.1,-4559.7,-4557.9,-4556.4,-4555.8,-4553.2,-4552.5,-4550.6,-4549.8,-4548.0,-4546.0,-4544.4,-4602.5,-4571.4,-4583.9,-4524.1,-4441.2,-4321.8,-4159.0,-3995.1,-3823.5,-3666.5,-3466.3,-3284.7,-3066.0,-2884.7,-2654.5,-2449.0,-2215.2,-2012.4,-1784.9,-1606.0,-1416.6,-1268.8,-1129.1,-987.2,-830.3,-662.3,-531.6,-403.6,-314.0,-232.7,-166.2,-124.0,-51.7,-27.1,-3.9,20.6,82.3,135.3,141.9,151.0,154.5,155.7,161.1,162.6,160.0,156.7,155.3,153.6,151.4,152.9,152.8,151.9,150.5,148.1,142.1,131.5,89.9,113.3,129.5,147.2,152.7,157.7,158.4,161.6,163.2,184.8,141.1,28.5,-104.6,-249.1,-367.4,-483.5,-636.1,-823.9,-1037.0,-1248.8,-1464.0,-1657.7,-1875.6,-2064.4,-2244.6,-2405.0,-2566.4,-2739.8,-2926.8,-3134.8,-3324.6,-3515.8,-3687.1,-3849.1,-3978.6,-4084.2,-4171.4,-4247.9,-4316.7,-4376.4,-4418.8,-4444.2,-4456.2,-4456.6,-4458.0,-4458.7,-4458.0,-4456.4,-4432.5,-4358.1,-4213.5,-4029.4,-3802.3,-3564.7,-3335.6,-3135.5,-2941.1,-2775.4,-2598.3,-2414.0,-2182.9,-1984.7,-1760.4,-1567.7,-1355.8,-1178.2,-989.1,-841.4,-711.2,-596.9,-478.0,-359.0,-219.2,-66.9,47.7,122.0,137.1,128.3,126.6,128.7,128.4,126.9,128.1,129.5,131.0,130.0,128.7,128.2,127.9,126.8,126.6,126.7,126.8,125.6,125.5,115.3,93.5,82.8,-0.2,0.2,38.6,85.4,83.1,82.7,77.2,89.6,102.1,99.2,78.7,2.1,2.2,2.5,2.6,2.6,3.1,34.6,58.7,89.0,131.4,132.7,132.0,133.1,134.1,135.2,133.5,135.9,134.5,133.7,133.4,134.3,133.7,131.4,126.6,87.3,2.8,1.5,2.2,-2.1,0.8,1.5,-2.4,112.2,114.3,113.9,115.1,114.7,116.5,120.3,126.5,124.6,124.0,123.0,124.0,125.1,126.4,125.3,121.9,121.0,122.2,122.0,121.6,122.4,122.4,122.7,123.7,124.5,124.8,126.0,129.0,132.8,135.2,136.1,135.2,132.6,-13.7,0.7,77.6,94.0,125.6,126.5,145.7,153.0,159.4,164.5,165.0,160.9,155.8,150.8,146.8,52.8,4.1,-24.3,-24.7,-34.6,-39.2,-38.4,145.8,148.6,150.9,152.9,152.2,150.5,153.4,152.1,152.6,148.3,149.1,149.2,150.2,150.5,149.2,146.9,131.5,126.1,129.8,126.1,126.1,141.1,141.1,145.3,146.2,148.3,143.2,142.6,143.3,144.4,146.8,146.9,150.0,146.4,149.0,146.3,150.4,149.4,147.7,145.8,144.9,146.6,146.8,147.1,146.3,146.6,147.6,147.9,147.8,147.3,147.8,147.3,147.0,130.7,140.7,150.1,151.5,151.9,153.4,158.3,159.1,159.8,157.8,147.3,141.5,136.3,126.2,134.2,164.5,168.5,172.3,174.6,177.2,179.1,180.3,181.4,181.2,181.0,180.3,170.5,169.8,176.4,175.1,171.7,175.8,174.6,170.8,155.0,168.5,166.5,166.4,167.3,169.3,169.7,168.2,163.1,158.4,154.8,149.1,140.1,131.1,125.2,97.3,75.8,50.7,27.3,14.2,11.8,-27.4,-29.1,4.6,-27.0,-27.0,-75.2,-183.0,-318.6,-481.0,-674.0,-920.3,-1226.7,-1608.2,-2027.3,-2455.4,-2881.3,-3290.2,-3660.0,-3969.0,-4202.5,-4364.3,-4464.1,-4515.7,-4537.5,-4541.4
-4743.9,-4739.7,-4736.0,-4732.0,-4728.3,-4724.2,-4720.8,-4717.5,-4714.6,-4710.5,-4706.8,-4703.3,-4699.7,-4696.4,-4693.4,-4689.8,-4686.1,-4682.8,-4679.9,-4676.8,-4674.7,-4671.3,-4669.3,-4666.3,-4662.2,-4659.6,-4656.8,-4655.6,-4651.6,-4665.1,-4646.4,-4643.5,-4640.8,-4638.9,-4636.4,-4633.9,-4632.1,-4630.0,-4626.5,-4624.6,-4622.9,-4620.7,-4619.2,-4616.5,-4613.8,-4611.5,-4609.5,-4608.4,-4608.3,-4604.4,-4601.7,-4599.5,-4597.8,-4595.6,-4594.1,-4592.4,-4590.5,-4591.7,-4609.0,-4586.3,-4584.5,-4582.5,-4581.2,-4579.5,-4579.0,-4576.1,-4574.1,-4572.6,-4571.3,-4569.8,-4567.9,-4566.1,-4565.3,-4563.3,-4561.4,-4560.7,-4616.3,-4558.1,-4557.9,-4555.6,-4553.2,-4552.1,-4550.3,-4549.3,-4548.1,-4546.4,-4544.8,-4575.2,-4542.0,-4539.1,-4510.9,-4434.8,-4288.0,-4094.4,-3872.7,-3671.5,-3465.5,-3284.0,-3073.0,-2877.4,-2661.1,-2453.1,-2217.0,-2014.9,-1785.4,-1590.5,-1375.5,-1195.9,-1035.2,-904.2,-798.0,-653.9,-531.0,-403.5,-304.7,-206.3,-134.7,-92.8,-50.6,-4.1,12.0,13.9,54.7,94.2,131.3,147.2,148.8,150.6,151.1,155.1,157.6,158.3,157.5,156.2,155.9,154.1,156.5,157.5,155.8,153.3,150.5,146.0,130.5,75.0,47.8,68.5,110.5,125.3,121.0,159.3,162.1,175.5,131.2,25.9,-104.1,-247.1,-360.0,-478.4,-597.1,-759.4,-951.6,-1171.2,-1410.4,-1647.7,-1875.7,-2078.7,-2302.7,-2493.3,-2670.5,-2828.8,-2982.0,-3148.2,-3323.6,-3515.1,-3684.0,-3847.8,-3989.4,-4120.1,-4216.9,-4289.1,-4344.2,-4385.9,-4420.8,-4443.0,-4455.2,-4455.2,-4458.7,-4458.5,-4458.3,-4457.6,-4457.2,-4432.4,-4357.5,-4206.9,-3984.1,-3734.6,-3463.8,-3190.5,-2948.9,-2725.9,-2521.7,-2350.1,-2170.1,-1985.3,-1759.3,-1569.8,-1356.5,-1178.5,-986.8,-831.6,-667.3,-549.8,-449.9,-361.1,-244.1,-114.1,10.2,110.9,137.2,129.4,129.1,127.8,126.7,126.7,130.5,128.0,130.2,132.4,131.6,130.1,129.0,128.0,126.4,125.1,88.1,89.3,89.1,84.1,53.8,0.9,-0.3,-0.1,78.0,95.8,109.5,121.4,122.1,122.5,127.4,121.9,117.1,107.0,117.4,73.0,93.4,94.3,52.5,43.3,3.9,-7.7,-4.2,30.7,32.8,113.6,126.6,128.9,131.7,135.2,135.1,134.2,136.2,138.3,140.4,140.2,137.7,134.1,130.9,128.2,125.1,120.9,0.6,1.0,0.7,0.4,-2.1,-0.2,-11.2,-8.2,-8.3,-9.9,-1.0,-36.5,37.6,110.1,115.1,118.7,112.7,118.3,123.4,120.1,118.8,115.5,115.8,112.4,114.4,104.5,111.5,116.7,110.6,119.5,121.2,124.2,129.1,135.2,138.4,139.3,137.5,123.6,-16.5,-17.8,97.0,128.3,137.5,146.1,150.7,157.4,162.2,161.1,157.3,152.2,147.9,48.3,-24.5,49.8,-25.1,-25.7,-32.4,133.2,147.1,152.1,154.1,155.6,154.1,151.4,150.8,148.9,150.8,138.7,146.3,148.6,150.4,152.1,151.5,149.5,149.2,147.8,144.1,133.4,146.9,144.0,146.0,147.0,147.4,149.0,148.1,146.7,143.9,146.0,148.7,149.8,147.8,146.0,129.4,93.3,95.0,76.2,63.3,85.6,101.3,127.4,142.8,143.7,143.8,145.7,147.2,145.0,138.6,132.9,132.9,132.8,131.5,117.3,107.4,105.9,106.1,131.7,134.9,151.6,150.9,160.4,161.6,163.9,164.1,160.9,144.9,160.1,136.3,137.5,168.8,172.8,175.7,177.3,180.4,182.3,184.0,184.7,184.1,183.4,182.0,182.1,179.7,178.1,176.3,176.4,175.8,172.0,168.6,167.1,166.4,167.0,166.2,168.3,168.9,167.3,162.0,156.7,151.8,147.4,139.2,131.3,125.8,122.4,100.9,77.4,47.9,22.6,16.3,3.1,10.5,7.3,5.2,-42.2,-80.3,-187.8,-348.0,-534.0,-746.8,-986.0,-1276.3,-1621.1,-2024.1,-2453.7,-2879.5,-3285.7,-3658.7,-3978.4,-4226.6,-4391.4,-4483.3,-4525.9,-4539.2,-4541.2
-4742.8,-4739.4,-4736.1,-4733.0,-4727.8,-4723.6,-4720.1,-4716.5,-4715.6,-4709.8,-4705.2,-4702.3,-4698.8,-4695.5,-4692.0,-4688.5,-4685.6,-4682.2,-4679.3,-4676.7,-4673.4,-4671.4,-4668.3,-4665.3,-4662.7,-4658.7,-4656.0,-4654.0,-4650.9,-4648.5,-4645.8,-4643.3,-4640.4,-4637.8,-4635.8,-4633.9,-4631.5,-4629.8,-4626.5,-4625.2,-4622.1,-4620.1,-4617.7,-4617.4,-4614.8,-4611.4,-4609.1,-4608.3,-4606.6,-4604.1,-4601.3,-4599.5,-4597.6,-4595.7,-4594.0,-4592.4,-4590.7,-4589.7,-4587.9,-4585.9,-4584.4,-4582.9,-4581.0,-4579.1,-4577.5,-4576.0,-4574.4,-4573.0,-4571.1,-4569.4,-4567.9,-4566.1,-4565.0,-4563.8,-4561.6,-4560.6,-4559.1,-4557.8,-4556.9,-4554.7,-4553.5,-4552.4,-4550.4,-4549.6,-4548.4,-4546.5,-4545.5,-4544.1,-4538.9,-4534.1,-4503.4,-4426.8,-4276.0,-4051.7,-3793.5,-3526.3,-3295.1,-3069.4,-2874.2,-2640.4,-2456.0,-2222.6,-2017.1,-1787.1,-1591.4,-1376.9,-1198.7,-989.4,-840.7,-702.7,-594.3,-497.0,-396.3,-299.5,-189.6,-111.4,-46.1,-6.1,17.6,40.7,13.4,14.2,93.1,122.6,139.3,132.5,143.9,144.1,146.4,150.3,151.7,152.6,153.0,153.8,155.6,155.9,156.3,157.6,156.5,155.7,153.8,150.1,131.2,103.8,14.2,4.7,71.5,4.4,90.0,159.3,180.4,162.8,50.9,-100.0,-246.0,-359.2,-477.6,-596.7,-753.4,-902.5,-1095.1,-1316.6,-1560.7,-1818.5,-2066.9,-2303.2,-2508.7,-2729.8,-2915.2,-3082.7,-3237.2,-3376.1,-3527.1,-3684.3,-3848.4,-3988.2,-4121.4,-4225.6,-4313.8,-4371.1,-4407.3,-4431.3,-4446.2,-4454.6,-4455.0,-4458.6,-4458.6,-4458.1,-4458.5,-4457.6,-4457.3,-4433.3,-4358.6,-4209.4,-3974.6,-3684.3,-3385.7,-3079.3,-2808.2,-2520.5,-2301.8,-2094.5,-1924.9,-1748.2,-1568.4,-1355.6,-1179.1,-987.6,-831.8,-670.0,-540.7,-414.8,-323.9,-225.8,-118.0,-4.3,74.7,133.0,122.4,130.8,129.7,129.2,128.2,126.7,126.7,126.6,128.8,129.4,128.9,128.1,127.6,126.0,124.2,121.5,58.7,-5.4,-2.4,61.5,-1.9,-1.9,-0.7,-0.3,-0.2,82.9,104.4,120.3,109.8,123.1,131.0,129.9,129.7,129.5,133.2,132.4,128.1,120.8,113.9,102.1,73.0,95.2,101.1,100.5,30.7,32.5,62.7,98.2,107.0,114.6,127.2,130.5,134.2,138.9,143.2,144.8,143.0,142.0,140.9,138.5,135.2,121.7,127.0,113.8,-14.3,1.8,-0.7,-1.0,-1.4,20.4,20.5,20.4,20.1,-4.2,-2.4,-9.1,-4.2,-3.4,46.4,46.4,46.4,54.7,46.6,42.7,52.3,54.3,56.3,86.9,104.8,108.6,109.5,117.6,118.6,121.0,124.7,131.3,137.6,138.5,138.2,115.1,-14.1,-15.7,-19.9,85.9,122.2,137.7,145.5,152.7,155.9,155.1,152.4,150.9,147.6,142.5,106.2,52.6,49.8,45.0,144.3,145.2,149.0,152.6,156.4,156.4,153.4,148.7,148.8,142.3,113.7,66.4,107.0,145.6,144.3,145.6,147.5,145.9,148.9,149.2,149.0,149.5,147.4,147.8,147.4,146.8,147.4,149.3,147.0,61.0,92.0,119.4,124.6,140.2,142.6,143.2,-29.4,-30.4,-29.3,-29.2,32.2,92.4,109.8,120.2,125.4,142.5,137.7,149.9,149.5,149.7,148.6,144.7,147.8,146.3,145.2,142.3,127.4,112.6,89.4,51.0,109.2,118.5,136.2,149.5,159.3,162.5,166.4,168.3,167.5,166.1,162.7,136.9,140.4,171.6,176.3,179.0,181.6,182.8,184.4,186.1,185.6,185.7,185.5,185.5,183.4,180.7,178.2,177.5,177.0,172.7,169.8,167.7,165.9,165.6,165.4,167.3,167.6,165.8,160.5,155.0,150.7,135.4,134.1,130.9,126.9,124.3,123.0,104.3,67.4,33.7,13.5,10.9,17.3,11.4,6.7,-38.6,-80.2,-188.7,-358.9,-574.8,-815.8,-1075.1,-1356.3,-1675.3,-2037.4,-2455.6,-2881.2,-3284.4,-3655.7,-3978.1,-4232.8,-4398.4,-4490.0,-4530.0,-4536.5,-4541.6
-4741.3,-4738.1,-4734.0,-4731.8,-4727.6,-4723.1,-4718.5,-4715.1,-4713.3,-4711.4,-4705.2,-4700.7,-4696.9,-4693.8,-4691.2,-4688.5,-4685.5,-4681.7,-4678.7,-4675.6,-4672.3,-4670.1,-4666.8,-4663.2,-4662.6,-4660.0,-4655.9,-4652.6,-4649.7,-4647.9,-4644.8,-4642.1,-4640.2,-4637.9,-4635.0,-4634.2,-4633.1,-4630.4,-4630.1,-4641.1,-4622.1,-4619.4,-4617.9,-4616.3,-4613.3,-4611.2,-4609.4,-4607.8,-4605.7,-4604.2,-4600.9,-4599.4,-4597.2,-4595.3,-4593.5,-4591.8,-4590.0,-4588.3,-4587.1,-4585.5,-4584.5,-4582.8,-4580.6,-4578.7,-4577.3,-4575.7,-4574.0,-4572.9,-4571.3,-4569.8,-4568.3,-4566.4,-4564.9,-4563.5,-4562.1,-4560.2,-4559.5,-4558.0,-4556.7,-4555.2,-4553.9,-4553.1,-4553.6,-4550.9,-4548.7,-4547.0,-4545.8,-4543.7,-4541.5,-4526.4,-4488.4,-4403.9,-4256.0,-4037.4,-3745.5,-3437.2,-3135.6,-2882.9,-2645.2,-2439.1,-2224.7,-2023.5,-1789.6,-1592.9,-1373.5,-1196.6,-1003.5,-848.2,-662.7,-541.4,-435.6,-353.0,-272.0,-165.1,-84.8,-4.6,41.4,63.0,78.4,89.8,13.4,13.4,91.4,139.3,126.1,139.3,141.8,143.1,145.8,147.3,147.6,147.9,148.3,149.1,151.4,153.1,155.3,156.8,158.3,158.8,156.7,152.7,147.7,113.0,54.2,3.2,4.3,12.0,137.9,175.2,209.6,117.0,27.9,-212.8,-352.9,-476.7,-597.8,-749.3,-903.4,-1084.2,-1262.0,-1476.3,-1717.1,-1977.0,-2244.0,-2495.1,-2728.4,-2928.5,-3139.4,-3314.9,-3468.1,-3603.2,-3727.3,-3859.5,-3988.8,-4119.6,-4227.7,-4312.4,-4376.0,-4421.3,-4441.0,-4450.9,-4451.5,-4456.1,-4458.0,-4458.4,-4458.4,-4457.8,-4458.0,-4457.6,-4455.2,-4434.6,-4358.5,-4208.4,-3975.5,-3673.7,-3331.0,-2995.1,-2665.8,-2363.0,-2093.3,-1876.8,-1677.7,-1512.2,-1344.4,-1179.8,-986.7,-831.9,-669.0,-444.3,-417.5,-321.8,-209.5,-111.6,-18.5,44.1,89.5,108.6,118.4,130.7,131.9,131.0,129.4,128.1,127.6,126.3,127.0,126.6,123.9,123.4,124.4,123.7,121.9,122.4,112.3,120.3,106.5,73.4,61.5,-0.9,67.9,75.2,-0.4,-1.2,100.1,101.4,108.5,121.8,123.8,127.1,124.8,131.6,132.5,133.9,133.6,133.4,135.3,132.2,132.2,130.0,127.5,128.7,114.3,86.6,32.5,32.5,33.8,49.0,59.3,95.5,110.9,134.4,140.3,143.0,143.4,145.2,145.9,142.6,143.7,134.3,129.4,123.6,121.3,112.2,119.0,0.3,0.1,20.5,1.0,0.7,0.1,20.1,-16.5,-1.1,-16.3,46.4,46.6,46.4,46.4,61.3,33.1,63.0,57.3,54.4,55.0,85.7,114.0,115.7,116.2,117.0,119.4,120.7,122.0,128.4,136.1,137.4,137.0,124.4,101.2,-15.7,65.9,-17.0,-17.8,94.5,139.9,145.4,146.8,146.8,147.0,148.0,148.9,146.8,99.1,10.4,45.0,44.1,142.8,153.3,153.5,155.9,154.0,156.0,154.9,152.3,132.9,116.4,50.6,-28.2,118.5,142.3,108.4,120.8,123.1,-29.0,-32.8,-31.6,24.2,79.2,69.1,64.4,54.0,53.5,-31.8,-30.6,-32.7,-30.7,-33.7,-31.7,-30.6,-29.5,-29.5,-28.6,25.2,45.5,53.1,42.7,92.6,92.9,110.3,127.4,131.0,134.1,148.7,142.5,155.3,156.3,156.1,154.7,151.5,149.2,124.1,94.6,75.7,50.4,47.2,4.8,-26.7,82.2,124.9,145.5,138.5,154.3,163.3,168.0,169.9,168.7,167.4,164.8,139.9,140.7,154.3,160.8,162.6,165.8,169.7,184.9,186.6,187.2,187.6,187.6,186.2,182.8,179.8,178.9,177.5,173.8,170.6,167.7,166.2,164.8,165.0,165.3,165.9,163.9,158.5,152.6,149.8,135.6,127.7,130.2,125.1,123.5,124.7,110.3,77.2,43.2,24.6,26.9,28.6,13.3,5.6,-37.7,-79.6,-187.9,-359.2,-588.1,-861.3,-1152.9,-1453.9,-1758.5,-2082.8,-2461.5,-2880.4,-3283.8,-3655.6,-3977.0,-4228.2,-4395.5,-4487.9,-4526.8,-4533.8,-4540.0
-4740.3,-4736.9,-4733.7,-4730.3,-4727.5,-4721.9,-4717.7,-4713.7,-4710.5,-4708.2,-4705.0,-4700.4,-4696.5,-4692.7,-4689.6,-4686.3,-4685.0,-4681.7,-4678.5,-4676.3,-4673.8,-4679.9,-4665.1,-4662.0,-4661.3,-4659.7,-4655.1,-4651.2,-4650.2,-4646.5,-4644.6,-4642.3,-4639.9,-4637.1,-4634.4,-4632.7,-4631.1,-4628.7,-4640.7,-4624.4,-4620.2,-4618.5,-4617.3,-4616.2,-4612.8,-4611.0,-4608.8,-4606.6,-4604.9,-4602.6,-4600.9,-4599.0,-4597.1,-4595.0,-4593.2,-4591.5,-4590.2,-4588.6,-4587.0,-4585.1,-4583.8,-4582.5,-4580.5,-4579.3,-4577.3,-4575.5,-4574.5,-4572.8,-4571.3,-4569.9,-4568.7,-4566.8,-4564.9,-4563.8,-4562.6,-4560.5,-4559.7,-4558.4,-4556.6,-4554.8,-4554.2,-4553.9,-4573.5,-4568.6,-4549.1,-4546.7,-4545.6,-4544.5,-4540.6,-4518.2,-4464.2,-4365.9,-4216.5,-4002.1,-3725.4,-3382.4,-3036.6,-2713.0,-2452.6,-2210.0,-2022.0,-1792.1,-1595.4,-1368.6,-1165.3,-991.4,-844.6,-679.4,-530.0,-404.3,-309.5,-212.3,-137.3,-32.9,67.3,128.6,125.8,113.1,110.6,126.0,15.3,13.4,13.4,100.5,120.2,134.5,137.0,139.1,141.3,142.6,143.2,143.4,143.6,144.2,143.2,144.2,146.8,150.5,154.4,157.0,157.8,154.3,150.4,132.8,89.1,22.9,3.2,93.6,160.1,160.1,118.9,27.9,30.3,-304.4,-446.9,-591.7,-749.6,-903.9,-1084.0,-1262.9,-1465.4,-1660.0,-1890.7,-2140.8,-2405.9,-2670.9,-2915.5,-3139.9,-3329.0,-3519.0,-3675.6,-3808.0,-3921.2,-4027.0,-4128.6,-4224.4,-4312.8,-4376.3,-4419.2,-4444.4,-4454.3,-4454.8,-4458.1,-4459.2,-4458.6,-4458.3,-4458.6,-4457.9,-4458.5,-4458.2,-4456.5,-4432.6,-4358.7,-4207.6,-3976.5,-3674.6,-3319.6,-2935.9,-2580.6,-2240.1,-1934.6,-1673.4,-1465.5,-1278.8,-1128.4,-977.0,-832.4,-668.1,-541.0,-417.5,-248.2,-225.0,-146.1,-55.5,-1.8,23.9,48.9,89.8,126.4,130.1,130.8,132.5,131.8,130.5,129.9,128.1,126.3,125.0,122.0,118.7,118.4,118.2,116.5,109.2,107.8,105.6,61.5,61.5,-1.3,62.6,94.5,101.1,91.5,-0.6,-4.5,100.1,111.9,116.4,119.8,120.0,122.8,124.9,125.8,132.0,133.5,134.8,134.6,134.4,133.9,133.7,131.6,129.4,96.7,89.6,78.5,41.8,32.5,53.4,57.3,66.8,118.9,129.7,135.1,138.1,140.8,141.7,143.2,144.9,143.0,142.9,144.5,134.8,128.3,122.6,127.9,119.0,114.4,118.4,20.5,20.4,0.3,20.1,20.1,-17.0,-3.8,-2.8,46.4,46.4,46.4,54.7,46.6,-7.5,-17.2,-9.2,11.3,43.1,110.3,113.6,115.3,117.0,118.3,119.6,122.6,130.5,137.0,138.3,136.8,137.2,126.2,65.9,81.2,65.9,1.7,41.4,139.0,143.2,143.4,143.0,142.8,145.7,148.3,147.6,116.9,36.9,-35.8,45.0,139.4,115.5,86.7,131.2,120.6,123.6,126.5,127.6,82.6,22.8,23.6,-29.2,-30.5,-28.6,-28.6,-32.0,-33.2,-33.4,-34.7,24.2,7.5,104.7,86.9,78.4,77.4,74.2,72.6,72.2,70.3,116.1,124.1,125.6,132.5,144.0,147.1,148.5,137.9,137.4,137.6,128.3,142.2,150.4,149.3,149.6,138.5,138.9,153.4,157.7,159.2,160.4,160.6,159.9,155.9,153.5,151.5,139.8,147.0,135.3,122.9,83.1,-28.1,-26.9,106.5,127.3,129.2,144.0,154.6,164.3,169.1,171.1,172.4,171.0,169.2,154.1,159.3,160.3,161.5,165.3,170.1,184.6,186.2,187.9,188.8,188.7,188.2,184.7,180.7,179.5,177.2,172.2,163.5,165.4,166.2,162.5,162.5,164.4,164.5,162.6,157.2,150.7,138.1,123.8,112.6,127.1,116.6,107.5,124.0,120.1,85.7,60.6,47.6,49.8,45.3,22.2,7.4,-35.8,-78.7,-187.7,-358.7,-586.0,-874.2,-1206.8,-1538.4,-1837.4,-2135.2,-2481.9,-2880.6,-3285.1,-3655.3,-3971.8,-4210.8,-4371.5,-4468.1,-4518.8,-4535.8,-4538.7
-4739.4,-4736.0,-4732.2,-4728.6,-4725.4,-4721.3,-4716.7,-4713.1,-4709.0,-4705.2,-4702.1,-4698.6,-4695.8,-4692.0,-4688.5,-4685.8,-4682.9,-4679.7,-4677.9,-4674.5,-4671.1,-4668.2,-4664.3,-4661.2,-4659.0,-4658.1,-4654.4,-4651.1,-4648.3,-4646.4,-4644.4,-4641.9,-4641.1,-4637.7,-4633.8,-4632.5,-4629.9,-4628.6,-4625.8,-4622.0,-4620.5,-4617.8,-4616.2,-4614.6,-4615.5,-4610.5,-4607.8,-4607.3,-4604.4,-4602.4,-4600.9,-4598.2,-4596.6,-4595.0,-4594.2,-4591.7,-4590.2,-4588.4,-4587.0,-4585.6,-4583.6,-4582.2,-4614.7,-4579.8,-4578.5,-4575.7,-4574.8,-4573.2,-4571.4,-4569.7,-4568.7,-4566.7,-4565.9,-4564.2,-4563.2,-4560.9,-4560.2,-4558.4,-4557.2,-4555.6,-4554.7,-4573.6,-4576.8,-4555.2,-4551.1,-4548.4,-4546.6,-4545.6,-4543.3,-4516.9,-4444.1,-4324.0,-4156.4,-3945.5,-3682.5,-3362.1,-2983.0,-2614.3,-2280.8,-2013.8,-1794.1,-1599.2,-1369.8,-1145.4,-927.6,-790.3,-670.0,-550.1,-424.3,-302.3,-200.9,-86.7,25.3,118.1,187.7,191.7,155.3,132.6,129.8,127.4,50.6,16.8,23.0,89.3,118.6,131.4,132.4,133.2,124.4,122.6,122.9,137.2,137.1,123.2,114.5,137.8,139.1,142.4,146.9,151.0,152.8,152.8,151.0,139.3,117.6,29.9,3.2,75.5,100.2,42.6,27.9,30.3,27.9,-389.8,-537.5,-709.7,-893.2,-1085.9,-1262.2,-1465.3,-1660.3,-1877.2,-2081.3,-2317.7,-2570.1,-2830.8,-3086.5,-3315.7,-3520.1,-3687.7,-3852.1,-3982.0,-4086.9,-4178.3,-4253.7,-4321.1,-4376.5,-4419.7,-4444.9,-4457.7,-4456.7,-4459.8,-4459.2,-4459.3,-4459.1,-4458.7,-4458.6,-4458.2,-4459.1,-4458.0,-4455.6,-4433.8,-4359.9,-4208.7,-3976.7,-3674.5,-3319.5,-2926.2,-2523.6,-2154.9,-1818.6,-1523.9,-1276.2,-1091.6,-919.0,-787.7,-662.4,-542.6,-415.6,-322.1,-225.8,-101.2,-83.9,-37.3,-2.9,-1.0,20.3,70.4,114.0,106.7,107.6,117.9,128.3,126.0,129.1,129.4,128.6,127.0,124.6,123.8,123.2,122.5,120.4,119.0,119.7,117.9,117.6,90.2,71.9,103.6,120.3,114.8,114.7,105.9,-0.7,-2.4,-2.2,-2.1,-2.8,-1.6,-0.4,1.1,-10.1,3.8,65.3,99.2,133.1,136.0,137.0,135.8,134.9,116.1,94.9,104.5,80.5,87.5,89.3,102.5,73.9,68.8,75.9,90.7,128.9,131.2,132.7,136.1,138.0,139.8,142.1,145.9,148.0,145.8,135.2,130.4,129.4,120.5,112.9,108.7,112.5,20.1,20.1,20.1,0.3,20.1,-4.0,103.0,107.2,107.2,107.4,108.6,108.9,112.2,111.9,112.1,111.3,113.1,113.8,111.5,116.6,117.6,118.1,120.2,127.0,133.2,137.7,140.5,142.3,139.4,91.4,55.1,137.8,139.5,135.6,139.9,144.3,146.8,145.6,143.7,130.7,143.9,144.9,145.6,129.7,126.9,6.4,-24.4,-26.7,-31.4,-28.8,-29.0,-28.3,-26.8,22.7,23.8,-28.8,23.6,6.4,23.6,-28.1,-29.5,-29.8,-30.0,-31.3,-32.8,-31.6,-30.8,24.2,23.3,69.1,64.4,63.8,4.7,25.0,90.4,108.8,142.1,143.2,145.4,147.5,153.9,155.7,158.3,152.8,157.7,146.4,146.6,156.4,155.8,156.0,156.0,138.7,139.1,159.8,162.5,164.5,165.2,164.5,162.5,158.6,157.1,153.1,142.1,142.1,148.6,133.7,102.0,86.5,-28.0,-26.9,115.1,115.1,145.3,148.3,156.9,165.6,170.1,174.7,175.0,172.9,159.3,172.5,177.0,181.1,184.0,184.9,185.7,185.9,187.6,189.4,190.3,188.6,183.9,177.9,177.2,176.7,174.1,163.4,163.0,162.5,164.0,163.6,164.1,164.3,162.1,156.5,143.6,128.8,114.8,95.3,72.3,98.2,97.6,125.7,112.4,79.6,52.8,46.7,46.0,38.8,21.9,11.1,-33.1,-77.5,-186.6,-358.5,-586.1,-873.5,-1222.0,-1561.2,-1857.8,-2149.7,-2492.4,-2881.8,-3284.2,-3651.3,-3944.2,-4170.2,-4331.1,-4440.8,-4504.9,-4533.4,-4538.1
-4737.9,-4734.5,-4730.9,-4726.7,-4723.5,-4720.0,-4715.8,-4711.5,-4708.2,-4704.6,-4701.2,-4697.9,-4694.3,-4691.1,-4687.6,-4685.0,-4681.6,-4679.4,-4676.0,-4672.1,-4670.1,-4667.3,-4663.0,-4661.1,-4658.6,-4656.2,-4653.0,-4650.2,-4668.1,-4647.6,-4643.7,-4642.2,-4651.9,-4637.9,-4632.9,-4630.9,-4627.8,-4626.6,-4624.6,-4621.8,-4619.5,-4617.7,-4615.1,-4613.0,-4611.9,-4610.7,-4607.5,-4606.6,-4604.8,-4602.2,-4600.2,-4598.4,-4596.5,-4594.7,-4593.3,-4592.9,-4589.9,-4588.2,-4587.6,-4585.7,-4583.8,-4582.8,-4581.4,-4580.1,-4577.6,-4576.3,-4575.0,-4573.0,-4571.5,-4570.0,-4568.2,-4567.3,-4585.5,-4565.1,-4562.8,-4561.1,-4560.5,-4559.1,-4557.8,-4556.9,-4556.1,-4578.8,-4569.2,-4552.2,-4549.7,-4547.9,-4546.8,-4544.8,-4542.4,-4517.0,-4440.3,-4290.4,-4097.3,-3866.2,-3613.8,-3309.7,-2956.1,-2552.3,-2178.8,-1844.3,-1589.5,-1380.9,-1171.3,-929.9,-744.1,-605.6,-518.7,-421.2,-330.2,-213.5,-104.1,25.4,133.1,212.9,194.8,165.2,143.0,132.8,132.4,133.3,117.9,131.8,118.4,132.1,120.8,132.0,132.4,131.3,122.6,129.8,121.3,121.3,114.5,112.5,112.7,113.5,130.0,133.0,136.7,135.3,137.7,149.8,142.7,134.6,107.2,27.7,3.2,4.0,-33.6,-115.6,-210.8,-303.4,-389.9,-492.5,-636.6,-826.0,-1038.8,-1253.5,-1467.7,-1660.6,-1877.3,-2081.7,-2303.5,-2511.7,-2744.1,-2985.3,-3234.3,-3471.3,-3676.8,-3853.4,-3992.2,-4123.4,-4220.7,-4295.3,-4351.4,-4389.7,-4422.3,-4444.3,-4457.3,-4457.5,-4459.6,-4459.9,-4459.6,-4458.9,-4458.5,-4459.3,-4458.7,-4458.7,-4459.8,-4458.6,-4455.9,-4433.6,-4359.3,-4208.0,-3975.9,-3675.8,-3321.0,-2926.5,-2512.2,-2096.0,-1734.6,-1411.3,-1137.4,-918.3,-755.0,-613.2,-507.8,-410.6,-322.4,-224.6,-152.6,-86.7,-26.7,-19.3,-6.4,24.8,8.4,38.8,62.2,66.3,72.0,83.4,96.6,99.0,104.5,116.9,127.7,127.0,127.4,127.8,128.3,127.1,126.2,124.2,122.8,120.5,119.1,119.5,119.3,118.9,118.9,119.4,120.1,119.0,118.7,-0.7,-0.5,-1.2,-4.2,-2.9,39.3,40.5,42.1,64.4,97.0,100.9,100.4,138.1,138.5,138.4,129.7,114.6,106.0,116.2,131.1,129.3,128.2,126.7,107.8,126.0,109.2,90.6,91.5,113.2,124.3,128.3,121.0,121.2,124.1,144.4,149.0,149.3,146.6,141.3,124.3,130.8,128.2,123.6,118.4,117.2,112.2,0.4,20.1,20.1,78.8,107.1,107.7,108.4,108.7,109.0,109.8,111.8,110.3,110.8,111.5,113.0,112.7,113.5,112.2,116.0,118.7,124.1,130.0,132.5,135.5,139.1,141.3,141.2,52.1,79.7,98.0,141.2,140.9,143.1,146.8,149.5,148.1,145.4,129.8,129.8,129.6,128.9,128.9,141.3,142.1,72.4,-24.7,-25.0,-25.8,-26.1,-26.4,22.7,4.9,6.8,23.8,24.0,7.1,22.8,-29.4,-28.6,-29.8,-29.0,-30.2,-29.4,-29.7,-31.8,-31.8,-30.7,-33.0,-33.9,-30.7,4.1,97.7,124.8,125.0,125.1,139.4,145.2,144.8,159.3,160.3,161.6,162.3,162.5,163.2,163.6,162.7,162.7,162.7,162.1,146.1,146.6,167.9,169.6,171.8,172.3,171.2,168.0,164.9,161.2,157.2,142.1,144.5,150.6,149.4,138.7,57.2,44.7,-26.9,-27.1,123.2,133.2,146.2,146.8,157.4,167.5,173.4,176.5,174.9,172.7,172.8,175.0,179.1,183.1,184.7,185.3,185.1,186.4,188.3,189.5,188.2,183.9,179.6,177.0,177.2,174.6,171.2,167.6,165.5,158.9,161.9,164.1,164.1,162.0,156.6,149.9,128.8,136.6,110.6,-33.0,-33.4,50.4,120.3,100.9,70.5,30.3,24.2,21.8,15.1,7.2,7.7,21.5,-77.8,-187.0,-358.6,-586.0,-875.3,-1217.0,-1553.3,-1849.3,-2142.1,-2490.2,-2895.0,-3277.6,-3614.6,-3889.0,-4108.9,-4283.8,-4416.4,-4498.4,-4533.6,-4536.7
-4736.7,-4732.9,-4729.4,-4724.7,-4721.7,-4717.8,-4714.3,-4710.5,-4707.5,-4704.9,-4700.6,-4696.9,-4693.0,-4689.6,-4686.6,-4683.4,-4680.8,-4677.2,-4674.2,-4671.3,-4668.4,-4665.7,-4662.0,-4659.3,-4656.9,-4672.4,-4664.1,-4648.4,-4646.9,-4644.0,-4640.9,-4638.9,-4637.7,-4634.8,-4632.0,-4630.0,-4627.3,-4626.0,-4623.8,-4620.9,-4618.6,-4616.8,-4614.5,-4612.8,-4611.2,-4608.9,-4606.9,-4605.0,-4603.7,-4601.2,-4599.9,-4598.2,-4596.2,-4595.0,-4592.7,-4592.2,-4591.5,-4590.0,-4587.3,-4585.4,-4583.8,-4582.9,-4580.6,-4578.7,-4576.7,-4576.4,-4574.3,-4572.9,-4571.7,-4569.6,-4568.6,-4567.2,-4566.2,-4564.2,-4562.5,-4561.4,-4559.9,-4559.2,-4558.4,-4557.0,-4556.4,-4556.9,-4553.9,-4551.1,-4549.7,-4548.2,-4547.0,-4544.5,-4541.0,-4516.7,-4441.8,-4285.4,-4052.9,-3796.6,-3520.7,-3233.1,-2899.4,-2530.1,-2119.2,-1748.9,-1431.2,-1216.6,-997.4,-794.6,-606.9,-498.2,-414.1,-327.5,-230.7,21.6,21.8,40.0,107.3,148.8,154.8,137.4,130.7,132.0,133.4,135.0,135.2,135.6,136.0,137.2,138.3,139.3,137.5,135.7,133.1,132.1,130.4,131.7,132.4,110.6,109.3,107.5,106.1,108.1,120.2,107.5,111.3,123.0,118.8,107.7,67.3,18.2,-4.5,-38.7,-154.8,-257.3,-351.6,-447.0,-537.8,-636.8,-770.1,-949.5,-1173.8,-1414.8,-1649.9,-1878.6,-2082.3,-2304.3,-2513.1,-2731.7,-2931.2,-3154.2,-3378.5,-3604.2,-3810.2,-3984.3,-4123.4,-4228.2,-4319.4,-4375.4,-4411.7,-4436.2,-4449.0,-4458.3,-4458.3,-4461.7,-4460.0,-4459.7,-4459.8,-4459.9,-4459.3,-4459.1,-4459.4,-4499.2,-4540.4,-4458.0,-4455.5,-4430.0,-4358.3,-4208.5,-3976.3,-3674.9,-3320.1,-2927.4,-2513.7,-2086.0,-1678.7,-1334.3,-1036.7,-797.5,-612.6,-480.9,-374.1,-297.1,-221.0,-151.1,-85.7,-47.1,-19.5,-4.3,-2.4,23.6,24.8,-5.1,8.6,14.7,20.2,27.2,39.7,33.3,53.9,71.0,120.5,122.7,125.8,127.7,129.1,128.6,128.3,127.4,126.4,125.3,124.2,124.0,124.1,124.0,122.6,123.1,118.7,118.7,119.1,91.2,-2.5,8.4,115.4,118.1,125.5,129.1,128.2,130.7,132.1,133.8,135.3,136.5,138.7,140.2,138.0,138.3,137.6,123.5,135.9,135.0,135.3,134.8,133.8,132.7,129.8,103.6,90.6,90.6,98.1,113.4,119.6,122.4,137.0,143.3,148.3,151.6,149.5,145.3,140.4,136.8,133.6,129.1,126.6,121.0,109.2,51.8,0.3,0.0,42.9,100.5,106.2,106.1,107.3,104.1,106.8,102.8,111.2,109.8,111.7,112.4,112.9,113.7,115.0,117.2,121.4,125.9,128.5,129.9,133.3,137.3,140.8,141.3,60.5,4.2,-15.0,-16.7,140.1,140.8,142.2,143.7,146.8,146.0,141.9,128.9,128.9,128.9,128.9,138.0,138.9,103.3,67.7,-25.3,-27.4,-27.8,-27.1,-31.9,22.7,22.1,-29.5,23.1,24.0,-30.3,-29.5,-28.7,-28.5,47.0,141.4,144.2,151.5,161.0,155.0,152.4,153.9,152.9,151.6,152.7,151.8,152.9,152.9,133.1,138.8,138.5,138.6,141.9,160.7,162.6,164.1,165.7,166.4,167.5,167.1,166.7,166.0,165.7,157.9,167.7,170.0,173.0,174.0,174.5,173.4,171.5,169.8,167.0,162.8,142.1,145.7,154.7,153.9,150.8,148.9,136.2,124.9,-27.2,-27.2,121.6,131.5,145.2,148.8,156.7,169.7,175.5,176.0,174.4,172.3,173.8,177.6,182.2,183.6,183.6,183.7,185.0,186.0,187.8,187.0,183.3,179.1,173.8,176.4,175.2,171.0,166.9,164.9,162.4,153.4,162.0,162.1,161.5,155.5,148.9,142.2,135.3,126.7,41.8,-36.0,15.2,77.8,84.9,54.6,21.6,6.8,-32.7,-32.5,-33.6,21.5,2.6,21.5,-127.9,67.7,62.7,-868.8,-1168.8,-1477.9,-1781.4,-2099.0,-2466.5,-2873.5,-3238.0,-3552.8,-3809.5,-4041.8,-4244.2,-4407.0,-4497.7,-4532.0,-4535.7
-4735.6,-4731.4,-4728.2,-4724.5,-4720.3,-4716.9,-4712.8,-4709.2,-4705.4,-4702.7,-4698.7,-4695.4,-4692.5,-4688.9,-4685.3,-4682.1,-4679.5,-4676.6,-4673.1,-4669.8,-4667.1,-4664.6,-4661.6,-4658.9,-4655.9,-4653.7,-4671.7,-4647.7,-4645.4,-4642.8,-4640.6,-4638.1,-4636.0,-4633.1,-4631.0,-4628.2,-4626.3,-4624.8,-4622.4,-4620.0,-4617.7,-4615.7,-4614.1,-4612.3,-4609.9,-4608.5,-4606.6,-4604.1,-4602.7,-4600.9,-4599.1,-4599.0,-4596.9,-4595.4,-4592.8,-4591.8,-4590.1,-4588.0,-4586.4,-4585.4,-4583.9,-4581.8,-4580.5,-4578.6,-4577.3,-4576.0,-4575.2,-4573.5,-4572.3,-4569.9,-4568.7,-4619.5,-4566.4,-4564.8,-4563.5,-4562.1,-4560.9,-4559.6,-4560.4,-4558.7,-4558.1,-4555.3,-4553.6,-4551.9,-4550.4,-4549.3,-4547.3,-4543.3,-4536.9,-4509.3,-4432.9,-4284.2,-4047.5,-3747.5,-3439.3,-3125.6,-2816.9,-2467.9,-2093.8,-1698.4,-1342.0,-1089.6,-859.5,-674.0,-521.5,-417.1,-328.9,-230.5,-154.4,22.2,22.5,15.1,44.4,81.3,110.5,118.0,118.9,125.3,115.5,129.7,130.6,132.7,134.4,136.2,138.4,140.0,140.4,139.2,137.8,137.1,135.9,135.3,133.6,124.5,128.1,125.6,104.4,87.0,73.1,37.9,27.6,5.0,55.0,48.2,32.9,-9.7,-85.8,-118.9,-266.7,-360.6,-476.7,-590.9,-711.1,-827.3,-950.2,-1108.5,-1314.9,-1563.9,-1822.4,-2071.0,-2305.8,-2511.3,-2732.4,-2934.7,-3142.7,-3329.2,-3532.0,-3732.6,-3924.2,-4089.6,-4221.8,-4318.4,-4380.9,-4423.9,-4444.5,-4457.6,-4460.0,-4458.9,-4462.1,-4461.3,-4460.1,-4460.4,-4459.6,-4460.2,-4459.5,-4459.1,-4459.0,-4459.0,-4500.7,-4455.6,-4451.0,-4423.5,-4348.0,-4204.3,-3975.8,-3674.5,-3319.0,-2926.8,-2513.3,-2088.8,-1669.5,-1283.0,-970.1,-711.3,-514.8,-373.4,-274.4,-190.1,-132.7,-82.1,-43.2,-16.0,-6.3,-3.5,22.1,-5.1,-5.1,-4.1,-5.5,-4.5,-4.4,24.0,-4.2,-12.7,1.0,37.9,91.0,116.4,119.9,121.4,122.8,123.4,123.3,122.3,124.3,123.9,124.8,125.2,127.0,127.9,127.7,126.9,120.7,121.8,122.4,126.2,114.7,114.3,114.6,124.9,132.9,133.5,135.0,136.3,136.8,137.9,138.2,139.3,140.6,141.6,142.5,142.6,142.6,127.8,138.9,140.9,142.6,142.3,142.0,140.6,136.4,130.1,90.6,92.1,101.7,102.2,106.9,134.4,139.8,144.3,148.9,152.9,151.5,147.7,142.9,138.2,135.9,133.9,131.8,117.3,69.8,10.6,-22.1,20.0,-1.3,-2.6,-5.9,-2.3,107.2,105.4,92.5,107.9,108.8,109.9,111.0,111.1,112.0,113.3,115.9,120.2,122.9,124.9,123.2,125.7,131.5,138.1,142.6,143.0,129.4,130.1,138.1,-16.7,-17.0,138.3,139.2,144.6,145.8,148.6,145.1,142.9,142.0,128.9,139.5,137.6,136.7,126.0,108.0,74.2,-25.6,-28.7,-26.9,-27.5,-28.9,-30.4,-28.6,80.0,138.0,146.3,152.8,154.8,154.4,153.4,152.4,157.2,157.2,157.2,157.2,157.1,156.2,154.3,155.8,156.1,155.9,155.7,155.5,155.9,138.1,138.1,156.4,159.9,161.1,162.7,164.8,166.9,168.3,169.9,170.3,170.7,169.7,169.9,169.0,170.1,172.4,175.7,175.7,173.6,171.1,168.6,168.1,168.0,148.8,145.1,164.4,162.1,158.8,152.4,149.7,150.4,140.1,124.3,-27.1,-27.2,113.2,124.3,135.8,149.1,157.6,172.2,175.2,175.2,170.6,171.5,174.3,179.4,182.2,183.2,183.4,183.1,184.2,185.8,185.7,182.8,178.4,164.7,174.8,174.0,170.6,166.3,164.8,144.6,143.9,160.2,148.7,147.9,154.6,149.1,142.5,125.9,112.6,88.8,42.3,-33.3,34.2,54.3,30.7,-34.3,-33.0,-33.0,20.1,24.0,14.3,21.5,21.1,68.7,69.9,64.6,55.7,-1100.4,-1380.0,-1693.8,-2045.5,-2446.6,-2826.5,-3163.1,-3455.9,-3733.8,-3994.4,-4229.1,-4409.7,-4496.0,-4529.6,-4534.8
-4734.2,-4730.1,-4727.0,-4722.9,-4719.3,-4715.1,-4711.9,-4708.1,-4704.6,-4701.0,-4697.6,-4694.2,-4690.8,-4687.5,-4684.3,-4681.0,-4677.9,-4674.7,-4671.9,-4668.6,-4665.8,-4663.2,-4660.3,-4657.6,-4654.7,-4652.3,-4649.7,-4646.7,-4644.1,-4641.8,-4639.4,-4636.8,-4635.4,-4632.7,-4630.4,-4627.7,-4625.6,-4623.6,-4621.3,-4619.1,-4617.2,-4615.1,-4613.1,-4611.2,-4609.3,-4607.6,-4606.1,-4603.9,-4602.2,-4601.0,-4599.9,-4597.6,-4595.7,-4594.0,-4592.5,-4590.8,-4589.1,-4587.9,-4586.2,-4584.6,-4584.3,-4582.4,-4580.4,-4578.7,-4577.2,-4576.4,-4574.8,-4573.5,-4571.9,-4570.9,-4570.0,-4616.9,-4566.8,-4566.2,-4564.8,-4562.4,-4561.5,-4560.5,-4559.2,-4558.7,-4558.4,-4556.0,-4554.3,-4552.2,-4550.7,-4549.7,-4547.5,-4545.4,-4530.5,-4491.7,-4409.0,-4261.2,-4040.8,-3737.0,-3382.5,-3041.4,-2704.7,-2383.0,-2032.1,-1669.4,-1288.8,-970.8,-736.5,-560.9,-423.8,-329.4,-230.2,22.6,21.8,22.5,15.1,15.1,20.9,33.9,56.2,74.6,87.3,52.2,39.8,88.0,103.1,126.3,129.2,131.2,132.8,134.7,135.8,136.7,137.0,138.1,138.1,135.8,135.7,124.5,129.8,128.4,124.8,120.3,46.0,6.3,5.6,4.7,4.7,4.5,5.2,-35.0,-141.3,-245.5,-354.6,-476.2,-597.7,-751.2,-894.7,-1039.2,-1175.2,-1315.3,-1492.5,-1716.9,-1980.8,-2249.1,-2498.8,-2732.7,-2934.2,-3143.1,-3332.6,-3522.4,-3688.8,-3864.9,-4029.6,-4178.2,-4297.0,-4378.4,-4425.9,-4447.3,-4459.1,-4460.2,-4461.1,-4461.6,-4461.7,-4462.2,-4460.8,-4460.3,-4459.8,-4460.0,-4459.9,-4459.5,-4459.7,-4459.8,-4458.3,-4457.8,-4443.4,-4405.6,-4326.5,-4183.4,-3970.2,-3675.8,-3320.5,-2926.7,-2511.4,-2088.0,-1671.9,-1275.0,-926.3,-657.4,-449.3,-301.5,-190.4,-117.6,-65.3,-36.7,-7.8,-2.9,-10.8,22.1,3.8,22.1,-1.7,-3.4,4.9,21.7,31.9,7.1,24.0,39.4,-3.3,-6.7,56.2,99.6,115.4,116.0,117.2,116.5,118.0,117.5,118.3,119.1,119.4,121.1,123.2,123.9,124.0,124.1,122.9,124.6,124.7,126.2,129.4,132.0,133.9,138.0,139.7,141.9,142.6,142.3,141.9,142.2,142.9,144.5,145.6,147.7,148.5,148.6,147.3,145.6,144.4,145.2,146.4,146.5,146.9,146.0,143.4,138.2,132.2,117.5,104.1,115.6,106.0,113.7,123.7,144.1,148.3,151.6,151.6,148.9,144.1,139.0,135.3,134.5,128.3,78.4,19.5,0.1,-15.4,36.1,84.8,113.4,108.1,86.0,25.8,-2.9,-3.4,105.6,108.7,110.2,110.7,109.3,111.5,112.7,118.6,120.3,121.9,121.1,112.3,113.0,131.3,135.8,140.4,139.8,129.4,129.4,135.9,135.0,-18.9,-20.8,139.5,144.1,147.4,146.1,144.4,144.4,146.2,147.6,146.4,142.4,137.6,134.6,137.8,102.0,94.0,-26.4,-26.8,24.5,117.9,142.8,125.4,150.2,152.6,154.0,158.0,159.3,158.6,160.2,160.7,161.8,162.3,163.5,161.4,160.3,158.0,156.7,156.0,155.4,155.2,153.7,153.3,155.5,158.8,158.3,158.2,160.2,161.4,162.3,164.3,165.4,169.2,170.6,172.2,172.8,172.8,173.7,174.3,175.7,177.4,179.4,179.2,175.8,172.2,170.9,170.4,166.3,149.9,147.7,166.2,166.9,165.1,161.6,153.2,147.8,149.3,138.3,120.9,-27.3,-29.8,92.3,117.4,137.2,154.8,168.3,173.5,174.7,171.7,169.0,173.2,176.1,180.6,182.5,182.9,175.4,183.5,183.8,183.7,181.1,177.0,163.9,173.2,171.3,169.4,165.7,151.6,135.1,134.5,157.5,148.1,147.3,153.5,149.3,142.7,135.2,120.2,102.4,76.5,32.0,-32.5,21.3,-33.5,-32.4,15.3,28.9,40.2,43.7,28.1,7.1,-67.9,69.3,70.6,65.5,56.7,-1010.0,-1294.4,-1630.9,-2024.0,-2398.9,-2747.3,-3060.4,-3370.8,-3671.3,-3974.9,-4229.4,-4407.0,-4497.3,-4530.2,-4534.2
-4733.2,-4729.8,-4725.4,-4722.1,-4717.8,-4714.7,-4710.6,-4706.9,-4703.5,-4700.4,-4696.6,-4693.3,-4690.2,-4686.9,-4684.0,-4680.4,-4677.4,-4674.3,-4671.5,-4668.1,-4664.8,-4662.4,-4659.7,-4657.4,-4654.5,-4651.6,-4648.8,-4646.3,-4643.8,-4641.5,-4638.9,-4636.5,-4634.4,-4631.6,-4629.3,-4627.1,-4624.9,-4622.8,-4620.7,-4618.6,-4616.6,-4614.6,-4612.6,-4610.7,-4608.8,-4608.0,-4605.5,-4604.5,-4602.2,-4600.5,-4598.5,-4596.7,-4595.0,-4593.6,-4592.0,-4590.2,-4588.7,-4587.3,-4585.9,-4584.6,-4582.5,-4581.9,-4580.4,-4578.9,-4577.6,-4576.3,-4575.5,-4574.4,-4572.9,-4571.2,-4569.5,-4569.3,-4568.3,-4584.2,-4566.1,-4563.3,-4562.0,-4560.7,-4559.9,-4558.4,-4557.0,-4555.8,-4553.7,-4552.9,-4551.4,-4550.7,-4547.8,-4542.9,-4520.6,-4467.9,-4370.5,-4220.9,-4006.6,-3729.8,-3373.9,-2981.0,-2616.6,-2270.6,-1945.3,-1607.2,-1265.1,-923.0,-645.8,-466.9,-334.5,-231.3,22.6,23.7,21.6,22.2,22.5,15.1,15.1,19.3,18.9,17.5,17.5,17.5,17.5,17.5,28.1,96.9,124.0,125.3,126.7,128.9,130.3,131.6,132.7,134.4,134.9,134.6,126.1,131.8,133.6,131.9,128.5,124.2,89.3,7.3,4.9,6.4,29.6,63.6,3.2,-44.9,-159.1,-328.5,-446.7,-590.8,-750.2,-905.1,-1087.3,-1253.4,-1415.5,-1567.3,-1718.5,-1906.2,-2140.0,-2409.2,-2675.9,-2923.0,-3146.4,-3332.5,-3522.8,-3690.1,-3853.8,-3993.9,-4133.1,-4254.0,-4351.1,-4414.4,-4446.3,-4458.9,-4459.9,-4463.0,-4462.3,-4461.6,-4462.2,-4461.9,-4461.0,-4460.7,-4460.7,-4460.8,-4460.6,-4460.3,-4460.3,-4459.5,-4455.8,-4451.1,-4426.5,-4374.5,-4286.1,-4143.6,-3938.4,-3669.4,-3322.0,-2926.6,-2511.2,-2089.2,-1670.1,-1274.4,-921.0,-624.4,-409.5,-252.7,-137.5,-67.0,-19.6,-9.3,-3.7,-15.7,-4.1,-3.2,5.7,14.4,20.1,21.2,35.5,60.2,77.2,59.0,39.4,34.3,58.4,88.2,91.5,58.7,60.9,61.7,63.9,65.2,69.0,69.9,71.7,72.6,106.9,108.4,119.0,105.7,104.4,119.6,118.3,111.6,121.8,123.8,126.8,130.5,132.1,134.1,134.4,136.9,133.6,142.7,143.7,144.9,147.1,149.3,151.4,152.2,153.6,153.2,151.4,148.8,146.8,146.4,146.6,146.9,147.0,147.6,147.6,145.7,142.4,137.7,133.9,131.0,130.2,121.6,133.3,143.5,146.2,147.9,147.4,145.9,142.2,137.4,133.3,64.4,-4.5,2.1,-0.3,1.5,44.1,91.6,123.3,128.5,115.8,71.4,10.3,25.8,-2.2,72.0,-5.0,-3.3,42.9,80.4,103.9,116.2,119.3,120.2,121.3,110.4,111.0,122.1,127.6,132.3,134.1,131.8,129.4,131.7,132.7,133.1,135.3,-16.1,-17.8,-20.8,44.1,137.2,137.7,141.2,146.2,149.7,150.0,149.1,148.6,143.3,142.4,142.4,135.5,138.8,146.2,147.9,150.2,130.6,131.2,152.5,155.2,157.7,158.3,161.1,159.8,159.8,157.4,157.7,136.3,143.6,154.9,155.2,155.7,154.2,153.8,142.4,114.9,120.1,85.2,97.7,126.2,127.7,128.1,128.5,134.2,146.3,141.2,163.0,164.7,166.3,168.0,168.9,170.3,170.8,173.0,175.2,177.8,180.3,180.5,178.3,176.3,175.9,174.2,171.8,168.6,166.8,165.7,166.0,166.5,166.1,162.3,153.6,149.5,149.5,130.2,95.8,-29.6,-29.7,89.4,125.4,148.2,162.9,169.7,173.8,173.0,169.1,169.0,173.9,178.5,181.1,182.2,174.4,180.9,181.4,181.0,178.7,174.7,160.3,160.3,168.6,166.4,163.1,144.9,103.1,102.2,131.8,156.2,146.3,138.0,146.8,142.1,133.1,119.2,108.0,86.1,59.1,25.5,-34.8,43.9,40.3,48.5,58.1,66.3,66.5,64.1,62.4,11.4,68.4,70.0,65.4,57.0,47.7,-1240.9,-1605.7,-1969.7,-2316.9,-2639.4,-2968.1,-3303.5,-3649.7,-3975.3,-4228.7,-4403.7,-4497.5,-4531.5,-4532.8
-4731.9,-4729.1,-4725.1,-4721.1,-4717.5,-4713.4,-4710.1,-4706.7,-4702.8,-4699.5,-4696.3,-4692.7,-4690.3,-4686.6,-4684.5,-4680.0,-4676.8,-4674.4,-4670.7,-4667.2,-4664.7,-4661.4,-4658.7,-4657.4,-4654.0,-4651.5,-4648.1,-4645.9,-4642.8,-4640.3,-4638.9,-4635.6,-4634.0,-4631.1,-4628.7,-4626.5,-4624.4,-4622.3,-4620.2,-4618.2,-4616.1,-4614.2,-4612.2,-4611.3,-4609.1,-4607.7,-4606.4,-4604.0,-4603.0,-4600.2,-4598.4,-4596.8,-4595.2,-4593.6,-4591.5,-4590.1,-4588.9,-4587.0,-4585.5,-4584.8,-4583.0,-4581.9,-4580.1,-4579.0,-4578.1,-4576.2,-4575.5,-4574.2,-4572.9,-4571.2,-4569.9,-4569.1,-4568.0,-4566.5,-4564.5,-4562.8,-4561.6,-4561.0,-4559.9,-4558.6,-4557.8,-4556.0,-4554.4,-4552.9,-4552.8,-4551.4,-4546.5,-4540.4,-4512.4,-4437.4,-4326.1,-4160.5,-3952.4,-3689.0,-3364.4,-2973.1,-2558.0,-2181.6,-1838.6,-1523.6,-1213.3,-905.8,-612.2,-391.9,-262.9,-162.0,23.0,24.2,15.1,15.1,15.1,15.1,15.4,16.5,16.5,21.3,29.2,42.6,17.5,17.5,26.1,81.2,103.1,103.4,113.1,113.1,113.1,128.8,130.1,131.8,132.9,133.4,133.0,132.7,134.3,133.9,131.7,115.0,71.6,7.4,6.0,36.7,110.5,81.1,-18.3,-154.2,-275.9,-391.4,-536.3,-710.1,-893.9,-1087.5,-1265.6,-1469.5,-1651.1,-1824.3,-1982.7,-2140.7,-2334.0,-2568.9,-2833.6,-3091.8,-3321.9,-3524.2,-3691.1,-3856.2,-3996.0,-4126.6,-4232.7,-4324.6,-4396.6,-4439.1,-4456.9,-4459.9,-4463.4,-4462.9,-4463.2,-4462.3,-4462.9,-4461.8,-4461.0,-4460.7,-4460.5,-4460.5,-4460.3,-4460.7,-4461.4,-4460.9,-4461.4,-4442.7,-4405.5,-4331.7,-4223.7,-4080.1,-3881.8,-3624.3,-3310.8,-2926.7,-2511.2,-2086.4,-1669.4,-1276.8,-920.3,-620.6,-385.9,-218.8,-114.5,-39.5,-19.6,-16.3,-2.6,-10.5,3.0,1.8,14.0,13.3,38.7,59.7,69.7,90.0,104.8,105.1,-4.7,102.2,104.5,111.9,110.3,112.9,115.9,116.7,116.9,117.5,118.4,119.7,92.5,96.3,96.2,96.2,97.8,102.8,104.8,108.0,108.1,111.8,112.0,118.1,121.1,124.0,128.0,129.0,130.7,132.5,135.2,138.7,139.3,143.4,146.5,150.0,153.5,156.5,157.8,156.7,154.3,150.9,148.5,146.3,144.7,144.5,144.8,145.7,146.9,147.2,146.2,142.8,139.2,136.7,136.4,139.2,141.2,143.7,144.6,144.9,128.8,118.7,118.7,116.8,96.6,21.0,1.4,1.0,0.6,50.2,99.8,125.2,136.0,121.6,97.9,72.2,25.8,-2.6,93.2,91.9,72.0,-4.0,-17.6,44.6,52.1,89.4,90.9,118.5,118.2,109.3,109.8,111.3,123.9,129.6,130.8,129.5,129.4,130.8,132.0,131.9,132.7,132.9,-16.8,-18.3,92.2,121.4,130.2,135.7,135.3,140.1,145.2,147.9,150.0,151.5,149.2,149.6,148.6,145.5,146.6,147.8,148.6,149.0,134.8,142.4,153.7,156.2,157.0,159.6,159.4,158.2,157.1,152.8,43.1,45.5,46.1,48.7,49.9,51.1,52.3,55.2,56.5,79.4,92.3,131.7,155.3,139.7,128.0,128.2,134.3,136.0,138.8,140.8,146.9,147.2,147.5,147.8,152.0,154.7,166.8,169.5,172.2,175.2,176.4,176.6,178.9,181.2,181.5,179.8,176.2,172.2,167.9,164.7,163.9,165.4,165.0,161.5,152.5,148.6,146.5,107.1,74.1,-28.0,0.4,98.1,142.4,156.3,164.8,170.8,172.8,170.7,167.5,170.4,175.2,178.3,178.6,175.7,166.8,178.0,177.3,175.5,171.7,167.8,159.0,164.7,163.2,160.3,140.0,89.5,84.2,127.9,153.6,151.6,143.3,135.9,125.3,123.9,121.0,107.6,85.5,54.8,-34.1,43.9,42.2,84.4,88.1,88.4,95.8,101.1,110.1,111.4,72.2,66.3,68.4,64.7,56.9,47.9,-1223.9,-1561.8,-1889.1,-2210.0,-2543.2,-2897.4,-3280.7,-3652.2,-3972.3,-4228.4,-4400.8,-4497.5,-4527.3,-4531.4
-4731.4,-4727.7,-4724.3,-4719.6,-4716.0,-4712.2,-4708.8,-4705.6,-4702.8,-4698.7,-4696.1,-4692.4,-4689.4,-4686.7,-4682.9,-4679.5,-4677.5,-4673.9,-4669.8,-4667.0,-4663.9,-4661.2,-4658.7,-4655.8,-4654.7,-4650.9,-4647.8,-4645.1,-4642.3,-4640.1,-4637.8,-4635.2,-4633.4,-4630.5,-4628.3,-4626.1,-4624.1,-4621.9,-4619.7,-4618.6,-4616.6,-4613.9,-4612.8,-4635.6,-4649.4,-4606.6,-4605.7,-4603.3,-4602.2,-4599.3,-4598.5,-4596.6,-4595.5,-4593.5,-4592.4,-4590.6,-4589.0,-4587.9,-4586.0,-4585.0,-4582.8,-4582.4,-4581.0,-4579.7,-4578.1,-4577.1,-4576.1,-4574.8,-4573.4,-4571.2,-4570.5,-4568.8,-4567.6,-4566.2,-4565.4,-4563.2,-4562.1,-4561.4,-4560.7,-4559.0,-4557.7,-4556.9,-4555.7,-4554.5,-4553.3,-4551.1,-4544.0,-4536.6,-4494.3,-4411.3,-4272.3,-4097.4,-3871.8,-3617.7,-3312.7,-2960.7,-2542.9,-2119.8,-1749.3,-1418.3,-1130.7,-852.3,-597.8,-367.1,-200.1,-87.6,-29.9,23.7,24.2,23.7,15.1,15.1,15.1,16.5,40.5,72.6,94.4,91.0,85.8,51.8,86.1,107.7,103.1,103.1,113.1,113.1,116.1,122.6,128.8,131.2,131.9,132.3,132.4,133.1,134.2,134.3,133.7,118.2,68.3,14.7,50.9,122.7,106.0,24.4,-124.1,-256.8,-365.5,-484.3,-636.7,-826.6,-1038.6,-1253.8,-1469.8,-1664.7,-1882.2,-2073.6,-2250.6,-2411.6,-2570.7,-2760.6,-2988.0,-3238.6,-3475.0,-3680.8,-3857.5,-3997.0,-4126.7,-4233.5,-4320.1,-4382.7,-4427.7,-4452.4,-4463.7,-4464.3,-4464.0,-4463.6,-4463.0,-4462.4,-4463.0,-4462.3,-4461.9,-4461.3,-4460.7,-4460.6,-4460.4,-4460.2,-4460.9,-4460.6,-4463.0,-4434.1,-4379.9,-4285.6,-4150.7,-3990.0,-3797.4,-3556.5,-3261.2,-2916.9,-2522.2,-2101.6,-1679.7,-1283.9,-926.9,-622.1,-381.6,-199.5,24.8,26.2,24.8,32.7,-6.0,9.3,25.0,22.4,25.0,46.3,62.3,75.2,91.3,107.1,107.1,107.7,-5.5,107.2,108.1,109.3,108.3,111.0,114.4,115.8,116.6,118.4,120.9,121.7,122.7,122.7,122.0,122.1,122.5,122.9,123.1,122.2,123.4,124.2,124.7,124.5,126.2,127.9,125.8,126.0,128.9,130.7,131.9,118.7,135.6,138.8,143.3,147.7,153.1,157.1,159.0,158.3,154.8,150.7,146.8,144.3,141.3,140.9,141.2,141.7,142.2,142.9,142.0,139.5,137.7,136.8,138.2,140.6,142.8,144.1,145.0,146.1,145.0,143.4,142.9,139.9,137.8,117.4,108.5,119.0,124.7,122.5,129.7,137.2,133.4,122.5,78.2,-0.8,-1.0,91.9,110.4,86.7,-2.5,-4.3,30.0,-6.3,-5.3,-5.0,-5.3,90.7,107.4,118.9,122.5,126.3,131.1,134.1,134.6,134.0,134.3,133.3,130.8,130.8,130.8,130.8,131.6,-19.3,-17.8,133.3,132.9,132.9,135.0,133.3,137.9,140.5,144.5,133.5,134.1,148.3,148.3,147.1,147.1,147.1,148.0,149.4,149.6,151.6,154.1,155.6,155.8,139.7,127.6,140.2,130.3,5.9,41.3,109.6,142.6,133.7,141.0,122.3,150.8,149.3,108.6,107.6,138.3,156.4,159.7,161.3,162.4,162.6,164.0,164.5,163.8,163.6,164.6,147.8,148.1,148.3,164.8,155.6,157.6,162.9,166.8,166.8,170.9,172.2,176.1,180.6,184.1,185.3,183.2,179.0,174.4,168.0,161.7,161.8,162.3,161.2,158.0,150.0,144.4,129.9,90.2,7.9,-30.5,101.3,130.2,149.5,158.8,167.1,170.5,169.6,165.7,160.0,170.4,173.5,174.5,174.3,158.7,173.0,172.9,172.2,169.2,165.1,155.4,160.1,159.9,157.1,129.8,81.1,79.1,131.5,149.9,144.9,144.0,129.6,112.5,81.9,65.8,43.8,30.3,-34.5,-34.3,-33.3,43.9,114.1,110.6,115.1,119.8,119.1,120.5,136.3,131.0,58.4,66.4,63.5,56.6,48.1,-1172.7,-1484.2,-1781.3,-2111.5,-2472.6,-2872.9,-3279.8,-3649.8,-3969.8,-4224.6,-4397.5,-4493.2,-4525.9,-4530.1
-4731.0,-4726.7,-4722.4,-4718.6,-4716.1,-4711.9,-4708.5,-4704.8,-4702.5,-4698.2,-4694.9,-4693.1,-4688.9,-4685.9,-4681.9,-4678.6,-4675.9,-4672.6,-4669.5,-4666.3,-4663.5,-4660.3,-4657.5,-4655.6,-4654.7,-4650.2,-4647.2,-4644.6,-4641.8,-4639.9,-4637.2,-4635.1,-4632.9,-4630.7,-4629.1,-4628.9,-4624.8,-4622.1,-4620.4,-4618.0,-4615.9,-4613.5,-4612.0,-4611.3,-4609.3,-4606.9,-4605.1,-4603.2,-4601.9,-4599.5,-4598.0,-4596.6,-4594.7,-4593.1,-4591.8,-4590.4,-4589.3,-4587.7,-4586.4,-4584.8,-4582.7,-4582.1,-4581.6,-4580.0,-4578.5,-4577.8,-4576.6,-4575.4,-4574.2,-4571.7,-4570.3,-4569.9,-4568.6,-4568.3,-4566.6,-4564.9,-4563.0,-4561.6,-4561.2,-4559.8,-4558.8,-4557.5,-4556.8,-4555.9,-4554.7,-4552.5,-4549.7,-4526.8,-4475.2,-4380.9,-4223.2,-4020.2,-3795.8,-3526.5,-3235.0,-2902.8,-2532.1,-2109.7,-1694.1,-1339.3,-1037.3,-783.8,-554.5,-355.9,-182.6,-68.4,23.0,23.9,23.0,19.4,16.3,16.2,15.1,50.9,91.7,112.1,132.3,128.2,135.5,122.2,125.9,131.7,130.5,118.0,127.5,128.8,129.3,129.7,132.0,132.3,131.7,132.4,131.6,123.3,123.3,123.6,134.1,108.5,95.2,111.0,135.7,103.6,8.8,-109.7,-247.4,-360.0,-477.6,-596.7,-760.7,-950.8,-1175.1,-1416.4,-1651.9,-1882.7,-2087.0,-2309.9,-2503.5,-2679.7,-2838.3,-2988.9,-3170.5,-3381.9,-3608.7,-3815.3,-3991.7,-4129.0,-4234.7,-4322.1,-4385.4,-4426.8,-4452.5,-4462.5,-4462.9,-4464.7,-4464.9,-4464.5,-4464.2,-4463.0,-4463.7,-4464.0,-4462.1,-4461.8,-4462.0,-4460.9,-4460.4,-4461.1,-4459.1,-4459.6,-4446.3,-4410.0,-4333.0,-4225.9,-4077.4,-3893.8,-3732.1,-3456.4,-3198.3,-2860.0,-2501.8,-2087.6,-1669.1,-1275.4,-920.5,-621.3,-382.7,-192.8,26.2,24.8,35.6,22.5,32.7,30.0,70.9,60.7,67.2,82.4,89.7,106.1,109.1,109.1,109.0,107.1,-5.7,-5.7,107.1,107.5,109.3,109.1,104.7,104.6,104.5,107.6,118.5,121.2,123.5,123.2,123.5,124.2,124.1,125.2,125.8,129.3,126.3,126.6,132.2,128.3,130.3,131.0,132.3,130.0,133.6,130.0,103.2,83.3,119.2,135.8,135.6,142.5,148.7,152.7,154.7,153.5,149.4,144.9,100.9,115.0,111.6,121.3,133.8,138.1,120.0,122.7,122.7,122.7,135.4,135.7,136.4,139.9,142.1,143.4,145.4,147.8,147.0,145.4,142.9,139.9,138.6,139.2,140.3,139.8,138.2,139.3,139.8,139.7,104.6,52.6,18.8,-17.3,87.8,110.6,121.2,67.0,58.1,30.0,17.7,30.0,25.9,27.6,25.4,94.9,120.2,123.8,128.3,133.9,138.7,141.0,139.6,140.1,139.5,138.4,136.9,133.0,132.7,132.1,131.2,130.2,-20.8,-18.2,78.5,107.0,129.5,130.8,131.2,132.5,123.9,135.7,133.8,138.4,140.6,141.5,139.5,141.5,143.8,147.4,148.1,149.1,156.5,154.8,153.3,138.0,108.8,92.1,-28.5,-28.4,119.4,147.2,147.0,147.5,148.6,150.1,152.2,153.7,154.6,138.9,139.3,143.0,160.6,161.6,163.0,165.1,166.3,167.2,167.3,167.7,167.9,168.5,169.7,170.8,170.9,169.7,158.0,165.1,167.4,166.8,166.8,170.5,173.6,177.6,181.3,183.7,184.9,182.2,179.4,173.8,166.4,146.0,145.7,156.5,156.7,153.8,144.6,143.5,96.5,38.5,-28.7,67.0,121.4,146.5,152.4,161.3,167.1,167.9,164.7,158.2,164.6,166.7,168.2,168.6,157.1,168.2,168.5,167.7,165.9,162.4,158.7,150.0,155.8,154.3,153.5,122.2,76.4,69.4,107.8,111.3,113.8,103.3,89.5,53.4,2.5,-36.0,-35.7,0.4,69.8,90.7,48.6,77.3,107.7,120.5,118.6,101.9,102.1,102.6,131.1,58.4,64.3,62.4,56.3,48.3,-1105.8,-1395.0,-1695.9,-2051.4,-2455.4,-2876.7,-3280.8,-3649.3,-3970.0,-4222.8,-4397.2,-4490.5,-4524.3,-4527.8
-4731.0,-4725.9,-4721.7,-4717.8,-4714.5,-4710.6,-4708.1,-4704.4,-4702.2,-4697.9,-4695.7,-4693.0,-4687.8,-4684.5,-4681.3,-4678.1,-4676.0,-4672.4,-4669.0,-4666.1,-4662.8,-4660.0,-4657.8,-4657.1,-4653.8,-4649.7,-4646.9,-4644.7,-4642.2,-4651.2,-4637.3,-4634.7,-4633.0,-4631.2,-4629.4,-4641.7,-4640.5,-4622.3,-4619.8,-4617.1,-4615.8,-4614.0,-4612.9,-4610.6,-4608.3,-4606.0,-4605.1,-4602.9,-4602.2,-4599.5,-4598.1,-4596.4,-4594.9,-4593.5,-4591.7,-4590.3,-4589.3,-4587.5,-4586.5,-4584.9,-4583.3,-4581.6,-4581.0,-4580.3,-4579.0,-4578.8,-4577.1,-4575.6,-4616.5,-4572.4,-4571.2,-4569.8,-4569.3,-4568.6,-4567.2,-4565.7,-4563.8,-4562.9,-4561.4,-4560.8,-4559.3,-4558.6,-4558.5,-4556.9,-4555.8,-4553.9,-4551.5,-4523.9,-4453.5,-4333.7,-4164.5,-3953.2,-3700.9,-3437.1,-3132.6,-2818.9,-2473.5,-2098.6,-1684.4,-1288.1,-966.7,-703.7,-497.8,-324.4,-174.0,-61.4,23.9,6.9,6.9,18.9,17.0,3.8,33.2,73.5,114.1,131.9,135.8,141.9,141.3,141.6,141.4,140.7,139.5,137.9,135.7,135.3,135.7,136.3,136.4,136.6,136.3,134.2,132.3,127.2,135.5,123.0,119.8,117.0,135.0,146.4,99.5,7.9,-110.2,-246.9,-359.1,-476.1,-599.3,-752.5,-903.9,-1098.4,-1317.2,-1567.0,-1825.9,-2073.7,-2310.8,-2517.7,-2739.0,-2925.9,-3094.1,-3241.2,-3383.0,-3548.3,-3735.3,-3928.6,-4097.0,-4229.6,-4327.3,-4385.5,-4428.0,-4452.8,-4463.1,-4462.8,-4465.7,-4465.1,-4464.4,-4464.3,-4464.6,-4463.6,-4464.2,-4530.5,-4462.5,-4462.3,-4462.0,-4461.3,-4460.9,-4460.2,-4454.6,-4449.7,-4426.0,-4376.1,-4284.8,-4152.0,-3990.9,-3795.5,-3567.3,-3326.8,-3071.8,-2777.5,-2440.8,-2074.9,-1671.5,-1277.3,-921.4,-621.9,-375.7,-164.5,24.8,80.3,92.3,61.5,29.7,-3.3,94.3,110.5,108.9,109.1,110.8,110.7,111.2,111.2,110.7,108.4,91.2,-15.7,-5.6,-7.6,35.6,61.0,96.0,101.7,106.6,107.5,109.6,110.7,115.3,113.8,115.4,117.5,114.9,120.3,122.6,125.6,131.5,132.8,132.0,133.1,124.7,117.1,115.7,117.1,128.5,110.8,65.9,0.0,90.8,98.4,113.0,125.7,140.2,145.1,146.7,128.8,62.1,63.1,63.1,67.0,74.8,85.0,99.6,113.6,116.8,123.4,122.8,122.7,134.7,137.4,136.1,138.6,141.2,142.0,144.8,146.7,146.5,143.1,138.9,136.5,136.3,140.6,143.5,144.5,140.9,131.4,127.0,101.5,57.3,56.6,121.3,116.2,114.1,129.9,132.6,94.8,113.1,-4.5,117.0,103.0,104.0,104.5,107.8,124.2,130.5,132.7,136.2,140.3,143.4,144.9,143.1,140.0,139.2,138.6,138.9,138.8,138.1,138.7,138.1,137.0,136.2,133.6,-19.4,-19.1,-20.6,-21.2,-24.6,-25.1,-22.5,-0.9,122.9,113.5,131.6,132.7,117.4,135.5,138.6,150.8,151.5,152.1,150.3,145.6,146.1,144.1,105.0,-26.8,-26.9,19.3,116.9,150.7,150.6,151.5,152.8,155.1,156.9,158.1,158.8,158.4,139.2,143.1,143.6,146.7,151.0,152.2,155.8,163.4,167.7,169.1,169.2,169.8,171.2,172.9,173.7,172.9,159.1,160.4,172.1,173.5,173.9,173.3,173.3,174.0,175.3,177.3,179.1,179.6,178.5,175.4,170.2,163.2,142.9,142.6,152.9,151.6,148.4,137.8,82.5,15.1,-30.1,-29.5,120.7,137.6,147.6,155.3,162.0,164.8,163.5,157.5,157.5,161.0,163.7,164.4,155.4,160.7,162.4,162.8,162.3,159.7,156.7,145.9,154.4,152.9,151.5,146.6,104.9,46.8,5.2,39.1,81.5,28.8,-33.6,-34.7,54.1,-0.2,68.9,83.9,91.3,116.3,108.9,102.7,118.1,118.4,112.6,101.9,95.0,52.6,25.3,21.9,62.1,61.7,56.6,49.2,-1010.2,-1293.3,-1624.9,-2021.2,-2450.6,-2873.1,-3277.5,-3647.5,-3967.2,-4220.8,-4395.2,-4488.6,-4523.8,-4526.6
-4730.6,-4725.8,-4721.8,-4717.7,-4713.8,-4710.0,-4707.1,-4703.7,-4700.2,-4698.9,-4694.6,-4691.1,-4686.9,-4683.7,-4680.4,-4677.5,-4675.1,-4671.4,-4687.4,-4685.0,-4682.1,-4679.3,-4658.2,-4658.0,-4652.7,-4649.7,-4647.0,-4644.4,-4642.9,-4639.3,-4637.0,-4634.8,-4632.7,-4630.2,-4629.0,-4627.7,-4637.0,-4621.6,-4619.4,-4617.4,-4615.6,-4613.8,-4612.0,-4609.8,-4608.0,-4606.0,-4604.6,-4603.4,-4602.5,-4600.4,-4598.0,-4597.1,-4596.1,-4594.0,-4591.9,-4590.3,-4588.8,-4587.2,-4586.5,-4584.6,-4583.1,-4582.0,-4580.6,-4579.5,-4579.2,-4578.4,-4576.3,-4574.8,-4574.1,-4573.7,-4571.8,-4570.5,-4569.4,-4569.0,-4606.3,-4566.7,-4564.9,-4563.4,-4562.1,-4561.1,-4560.4,-4559.9,-4558.7,-4558.4,-4556.9,-4552.4,-4546.9,-4517.4,-4439.3,-4296.5,-4107.7,-3876.8,-3622.8,-3330.5,-3035.1,-2712.0,-2385.5,-2037.8,-1672.2,-1280.9,-923.5,-648.0,-437.8,-279.2,-147.3,-50.3,-0.7,8.5,11.4,17.4,-0.0,18.3,18.1,27.8,82.5,94.2,119.4,-49.8,140.4,142.5,145.1,146.6,147.6,146.6,145.5,144.4,143.6,142.6,141.8,141.5,140.0,138.2,134.8,134.2,133.2,122.0,120.8,137.2,160.0,97.9,3.3,-113.2,-246.2,-358.0,-475.9,-597.9,-752.6,-904.7,-1086.6,-1263.8,-1481.0,-1721.2,-1984.9,-2252.7,-2503.8,-2738.2,-2940.4,-3150.6,-3326.7,-3479.4,-3612.6,-3738.6,-3878.5,-4032.6,-4183.9,-4301.1,-4382.1,-4431.7,-4452.9,-4464.2,-4464.1,-4466.4,-4465.9,-4465.5,-4465.0,-4464.2,-4464.6,-4463.5,-4463.2,-4463.9,-4463.3,-4463.3,-4462.5,-4461.6,-4462.0,-4457.4,-4454.2,-4437.7,-4396.6,-4330.1,-4226.3,-4078.6,-3891.5,-3685.8,-3455.4,-3193.4,-2931.5,-2659.6,-2354.8,-2014.6,-1661.7,-1277.0,-923.2,-619.0,-363.1,-135.1,51.5,148.5,135.6,109.8,6.3,5.5,113.9,115.7,114.9,113.8,112.7,112.5,112.4,113.2,111.6,97.9,77.3,35.7,-8.5,35.6,27.5,72.5,81.3,94.9,102.3,103.0,101.9,105.2,111.6,100.0,81.5,81.3,97.4,89.3,87.3,105.9,125.7,128.2,129.2,95.0,78.4,81.7,61.6,63.7,81.5,106.0,80.0,-15.1,-1.5,43.6,-1.0,39.3,40.2,57.6,59.2,59.2,62.7,137.4,135.1,120.0,121.8,126.7,137.9,140.0,141.1,142.0,144.2,143.7,141.1,138.7,137.9,138.7,140.0,140.8,142.7,144.6,142.8,139.1,134.7,134.2,133.7,139.9,141.6,140.6,131.0,138.9,134.9,58.2,141.3,141.7,142.8,144.7,146.5,144.7,110.8,61.1,-3.3,-33.3,132.7,132.0,136.3,141.9,142.0,141.4,140.4,139.3,139.2,140.4,142.5,143.0,142.6,139.8,137.4,138.1,138.4,140.3,141.4,140.9,140.5,140.3,139.0,131.0,79.3,-19.6,-19.2,-20.6,70.8,-23.9,-22.2,-23.7,-24.1,-22.3,-22.8,-25.4,46.5,44.1,26.5,1.4,20.5,36.1,30.9,47.7,95.1,114.0,116.6,85.9,157.0,160.9,162.6,152.0,154.0,155.1,155.7,157.9,160.3,162.0,162.8,162.2,161.2,161.5,162.6,164.4,165.4,166.1,165.6,168.0,165.6,167.4,167.8,169.4,171.2,173.6,173.8,172.7,163.1,166.8,173.8,174.8,175.1,174.5,173.9,172.9,172.5,172.4,172.4,172.5,173.6,173.5,171.0,166.5,159.6,141.3,139.4,133.5,144.7,139.8,43.7,47.5,-2.9,38.0,135.7,139.9,144.3,150.4,156.7,161.1,161.7,158.2,154.0,155.4,159.3,160.7,157.7,154.3,155.5,158.2,157.7,156.4,153.6,148.7,136.3,149.9,149.8,148.1,130.2,88.6,3.1,-34.8,-33.6,-33.9,-34.0,54.1,60.3,81.0,107.7,126.9,125.2,118.8,119.6,116.4,117.0,116.6,110.9,99.3,93.4,54.0,-34.7,-33.6,60.2,61.3,57.3,-690.9,-936.0,-1234.8,-1606.6,-2022.9,-2449.9,-2875.3,-3277.9,-3644.9,-3966.6,-4221.0,-4393.3,-4486.3,-4522.7,-4525.3
-4728.9,-4724.6,-4720.4,-4717.2,-4713.3,-4709.8,-4706.4,-4703.0,-4699.6,-4696.6,-4693.0,-4689.7,-4687.0,-4683.5,-4681.7,-4677.2,-4674.3,-4688.0,-4685.5,-4683.4,-4680.7,-4678.1,-4659.5,-4657.5,-4653.0,-4650.0,-4646.5,-4643.9,-4642.4,-4639.6,-4637.5,-4634.9,-4631.8,-4629.5,-4627.9,-4626.7,-4624.8,-4622.0,-4619.1,-4617.9,-4615.5,-4613.4,-4611.6,-4609.8,-4607.9,-4606.4,-4604.9,-4603.4,-4601.8,-4599.8,-4597.9,-4597.1,-4595.1,-4593.9,-4592.6,-4590.4,-4589.3,-4587.7,-4586.0,-4584.6,-4583.4,-4582.4,-4581.3,-4580.1,-4580.0,-4578.3,-4577.2,-4575.6,-4574.4,-4573.3,-4572.7,-4570.8,-4570.5,-4570.4,-4568.3,-4568.0,-4565.3,-4564.1,-4563.1,-4562.2,-4561.4,-4561.1,-4560.4,-4559.6,-4557.0,-4553.8,-4541.2,-4500.3,-4416.8,-4268.4,-4060.1,-3809.2,-3529.2,-3238.7,-2919.0,-2612.3,-2274.2,-1949.1,-1613.8,-1270.5,-918.3,-613.8,-397.1,-232.1,-109.5,-23.3,13.7,1.8,9.0,30.5,17.1,6.8,16.8,17.6,18.4,70.7,97.5,112.6,123.4,134.4,139.3,143.9,148.5,151.3,152.8,151.5,151.3,148.6,147.1,145.6,144.7,142.6,138.9,123.6,123.6,124.0,136.6,149.9,108.2,6.6,-111.7,-245.9,-357.8,-474.5,-596.7,-749.9,-904.1,-1086.0,-1265.1,-1468.2,-1663.2,-1896.0,-2145.4,-2414.3,-2681.3,-2925.8,-3151.5,-3338.1,-3530.3,-3688.3,-3820.1,-3935.0,-4036.0,-4145.8,-4258.6,-4356.0,-4419.4,-4454.3,-4466.7,-4465.3,-4467.7,-4467.3,-4466.2,-4465.6,-4465.8,-4464.4,-4464.2,-4463.9,-4463.3,-4463.2,-4463.4,-4462.4,-4462.2,-4461.4,-4459.8,-4459.2,-4444.5,-4411.5,-4354.6,-4263.6,-4146.5,-3990.5,-3796.5,-3568.4,-3327.5,-3069.2,-2788.4,-2511.6,-2231.9,-1926.5,-1597.5,-1266.2,-924.4,-619.5,-358.9,-113.0,83.8,201.0,162.6,127.7,27.9,32.1,115.1,116.4,115.9,115.7,114.5,114.0,113.4,112.8,111.2,99.6,36.2,40.5,-27.8,29.4,35.6,31.9,-7.3,-15.2,-4.9,-4.6,-4.4,-3.3,-3.2,-6.2,-6.0,-5.9,-4.8,-2.5,-2.4,-2.1,-2.9,-4.9,-1.5,-2.4,-1.1,-3.0,-1.7,-1.5,65.9,80.0,-5.0,0.5,0.3,-14.4,-5.9,21.0,83.9,138.8,141.2,107.6,114.3,141.5,142.6,144.7,144.7,145.3,144.6,142.4,140.7,141.8,145.0,145.7,143.2,140.4,138.2,137.2,136.9,136.6,138.1,138.4,137.2,133.4,135.1,135.9,135.2,128.8,128.5,106.8,106.5,102.6,61.4,142.5,146.3,150.0,151.2,151.6,150.3,144.8,64.4,-3.2,-4.6,-4.1,-5.4,119.0,118.6,140.0,139.0,140.9,141.6,138.6,136.5,136.8,138.2,138.6,138.3,136.2,133.7,125.8,133.0,137.5,137.5,137.6,138.3,136.2,138.3,124.0,80.1,41.6,48.2,70.8,89.8,88.6,125.7,129.8,126.8,131.5,130.8,-22.5,-25.5,-27.5,-24.5,-26.0,-24.2,-25.5,-25.7,-26.0,-26.2,70.5,85.9,-25.6,150.7,153.6,150.0,151.8,146.5,148.9,150.1,153.4,157.4,159.5,162.1,162.2,163.5,165.3,166.5,169.1,170.4,170.3,170.4,170.7,170.6,170.9,170.8,172.5,174.5,177.1,178.0,176.9,175.3,175.4,174.4,173.8,173.8,172.3,172.0,168.0,169.9,170.5,168.4,166.7,168.6,171.2,172.1,169.0,162.4,155.9,122.1,31.2,38.9,93.5,63.6,56.0,58.4,108.4,139.6,138.9,133.9,145.8,151.7,157.3,159.7,158.1,155.8,151.1,155.9,157.3,155.8,153.4,152.0,153.4,153.4,152.9,151.3,133.1,132.8,143.4,145.7,147.0,135.9,125.7,109.3,97.1,92.3,52.9,-34.9,-34.9,104.5,107.0,124.8,129.7,130.9,126.0,121.2,116.6,113.9,113.4,111.9,106.0,94.6,95.8,85.7,46.6,-86.4,-278.7,-441.0,-632.4,-884.5,-1216.8,-1606.6,-2021.6,-2448.2,-2873.7,-3274.9,-3646.9,-3964.5,-4218.2,-4391.3,-4483.6,-4517.1,-4521.9
-4727.3,-4723.8,-4720.2,-4717.8,-4713.2,-4709.6,-4706.1,-4703.1,-4699.3,-4696.0,-4692.5,-4689.2,-4686.8,-4684.1,-4682.0,-4677.3,-4674.4,-4687.5,-4685.1,-4682.2,-4679.1,-4677.0,-4658.5,-4657.4,-4652.4,-4649.6,-4646.2,-4643.7,-4640.9,-4639.6,-4636.6,-4634.4,-4631.7,-4629.4,-4627.5,-4625.8,-4624.0,-4621.1,-4619.2,-4617.8,-4614.9,-4613.4,-4612.0,-4610.6,-4609.5,-4607.6,-4605.3,-4603.2,-4602.0,-4599.8,-4600.1,-4597.0,-4595.9,-4594.5,-4592.5,-4590.5,-4589.4,-4587.7,-4586.4,-4585.2,-4584.1,-4582.5,-4581.4,-4580.8,-4579.8,-4579.3,-4578.0,-4575.8,-4574.9,-4574.2,-4572.8,-4572.4,-4571.2,-4570.8,-4570.0,-4567.5,-4566.2,-4565.2,-4564.2,-4563.3,-4562.7,-4562.0,-4561.1,-4559.8,-4555.7,-4550.4,-4524.9,-4470.6,-4377.8,-4229.3,-4016.9,-3751.9,-3451.0,-3135.9,-2821.5,-2491.5,-2174.8,-1841.1,-1526.4,-1213.8,-908.2,-610.0,-367.9,-197.2,-73.7,21.1,9.8,10.1,12.6,19.4,29.9,33.4,6.8,18.0,18.1,18.1,60.5,77.3,105.2,121.6,120.6,133.0,140.2,146.8,152.9,155.1,157.3,155.4,153.3,149.6,146.4,144.1,142.4,124.4,127.7,138.2,156.1,93.5,-0.5,-122.7,-244.7,-357.5,-475.4,-596.5,-749.8,-904.9,-1087.3,-1265.6,-1468.6,-1666.2,-1881.7,-2087.2,-2324.8,-2575.4,-2839.7,-3097.7,-3328.6,-3531.2,-3698.6,-3865.1,-3996.3,-4101.0,-4186.9,-4260.0,-4334.6,-4399.1,-4445.2,-4464.9,-4465.6,-4469.3,-4468.4,-4468.0,-4467.7,-4467.3,-4466.3,-4465.6,-4464.7,-4464.0,-4464.7,-4462.8,-4462.6,-4462.5,-4460.8,-4458.2,-4457.5,-4450.6,-4426.8,-4375.3,-4291.9,-4186.4,-4044.2,-3883.8,-3686.2,-3455.3,-3195.5,-2930.9,-2657.1,-2364.6,-2085.4,-1807.0,-1513.9,-1209.7,-913.3,-619.8,-369.7,-120.5,76.2,209.1,170.5,128.3,84.0,90.8,117.6,117.2,116.3,113.3,113.3,113.3,112.5,97.5,32.6,-6.0,40.5,-7.4,29.4,16.6,29.4,-6.3,-8.9,-15.2,-7.6,-4.3,-4.2,-4.2,-3.1,-4.1,62.0,51.0,13.8,51.7,63.4,85.0,114.5,128.2,130.3,-16.0,57.5,105.4,104.5,93.6,103.6,118.8,97.5,95.5,85.3,91.5,95.2,95.7,140.7,143.7,145.9,146.9,147.2,146.4,145.3,145.5,144.5,144.3,144.8,140.9,133.3,140.2,141.8,141.5,139.5,139.1,131.9,131.9,131.9,121.0,121.0,118.4,110.9,104.1,102.3,101.5,101.2,98.8,98.5,74.4,64.5,63.5,92.6,148.0,152.6,154.8,155.7,154.7,149.5,132.0,24.0,-4.3,11.1,85.0,-41.1,-29.2,132.4,132.2,132.2,134.4,138.0,135.3,125.0,133.2,133.1,132.7,132.9,131.7,129.7,117.7,117.5,130.8,130.9,131.7,115.8,128.4,115.9,103.1,17.0,48.2,49.8,48.2,70.8,119.5,123.9,128.3,127.1,129.2,133.5,133.3,129.8,90.7,45.0,-26.4,-23.5,-23.8,-12.2,-9.2,38.7,97.7,104.4,116.3,133.0,149.1,149.5,149.0,136.3,138.6,141.2,144.5,149.1,152.0,154.5,155.8,157.9,161.0,163.9,167.8,170.1,170.4,171.3,171.0,171.7,172.1,172.3,174.1,177.3,180.4,182.3,182.8,182.0,181.1,180.3,177.2,166.7,166.2,163.5,168.7,169.4,169.4,157.0,150.6,166.7,170.3,172.5,172.0,166.9,159.4,151.5,20.9,-30.1,-29.8,56.0,-29.4,88.0,137.2,138.0,133.0,133.4,142.2,147.0,151.7,156.0,157.0,155.1,138.0,152.9,153.8,154.2,152.1,148.4,139.8,149.1,148.7,146.8,131.7,121.3,101.1,140.7,142.4,142.4,141.3,138.8,129.9,126.6,114.6,30.7,-33.5,124.0,131.2,134.6,137.1,133.1,128.4,122.7,115.8,110.1,107.8,107.5,106.6,109.0,114.1,140.8,124.8,-6.5,-199.5,-389.1,-594.8,-872.0,-1217.2,-1604.1,-2019.2,-2445.5,-2872.0,-3274.3,-3642.4,-3967.6,-4215.1,-4389.3,-4481.1,-4516.0,-4519.8
-4727.1,-4723.4,-4720.1,-4716.8,-4712.7,-4709.7,-4706.0,-4702.9,-4699.4,-4696.6,-4692.5,-4689.3,-4688.0,-4683.9,-4681.4,-4677.3,-4690.0,-4687.2,-4684.5,-4681.8,-4678.8,-4677.1,-4659.0,-4654.5,-4651.6,-4649.8,-4647.1,-4643.6,-4641.7,-4639.0,-4636.5,-4635.4,-4647.9,-4630.4,-4628.2,-4626.1,-4623.7,-4621.8,-4619.1,-4617.6,-4615.5,-4613.6,-4612.4,-4613.1,-4608.6,-4606.6,-4605.2,-4603.3,-4601.6,-4600.2,-4599.5,-4597.3,-4595.4,-4594.3,-4592.4,-4591.0,-4589.8,-4588.3,-4586.9,-4585.7,-4584.4,-4583.0,-4583.3,-4581.2,-4580.4,-4579.2,-4577.7,-4576.5,-4575.8,-4574.4,-4574.0,-4572.8,-4571.8,-4571.0,-4569.3,-4568.2,-4567.3,-4566.3,-4565.7,-4564.8,-4564.2,-4563.3,-4562.2,-4560.4,-4558.0,-4544.1,-4504.8,-4430.9,-4315.2,-4164.9,-3964.1,-3695.0,-3385.0,-3051.8,-2714.9,-2393.3,-2052.3,-1743.5,-1424.1,-1134.1,-857.2,-625.4,-366.9,-182.5,21.1,1.9,21.1,1.7,-6.1,4.3,21.3,58.1,78.3,72.2,62.7,18.1,18.1,18.1,18.1,114.8,117.3,121.1,127.7,127.9,134.1,150.7,155.5,158.4,157.4,154.0,149.9,146.4,129.7,125.7,140.1,152.6,106.3,12.4,-106.1,-245.3,-358.2,-474.1,-597.2,-748.6,-904.0,-1086.9,-1266.7,-1470.3,-1665.5,-1882.4,-2088.3,-2311.5,-2518.0,-2752.8,-2995.5,-3246.9,-3484.1,-3688.8,-3865.3,-4005.1,-4137.0,-4235.4,-4306.4,-4360.0,-4400.5,-4438.2,-4459.6,-4468.1,-4469.2,-4469.8,-4469.3,-4469.5,-4506.4,-4497.8,-4498.5,-4465.4,-4465.8,-4464.7,-4464.6,-4463.2,-4461.5,-4458.8,-4458.4,-4455.4,-4444.5,-4428.3,-4395.5,-4331.9,-4225.4,-4085.5,-3934.7,-3753.6,-3556.8,-3328.5,-3072.4,-2788.1,-2510.7,-2231.8,-1937.4,-1666.6,-1400.7,-1132.1,-861.5,-610.6,-365.5,-118.3,77.6,216.8,171.0,130.1,120.7,108.8,118.2,118.6,117.2,116.4,116.1,115.5,114.6,110.7,66.3,37.6,-6.0,37.4,-5.1,27.8,68.0,-12.8,-4.7,-11.9,-6.8,-4.4,-5.0,-3.0,101.3,96.4,97.6,89.1,121.4,125.2,118.5,124.0,133.6,135.6,136.7,33.9,74.8,133.2,133.0,132.5,132.9,119.4,119.6,133.9,133.1,134.7,141.2,143.5,145.4,145.3,145.4,145.9,144.8,143.1,140.9,139.7,138.3,139.9,140.3,137.2,125.8,138.0,140.6,140.3,139.7,139.6,141.3,141.7,139.7,138.4,138.7,139.0,122.3,127.5,139.3,141.3,141.2,127.0,127.6,124.0,80.9,88.7,136.0,153.4,156.7,157.4,156.5,154.3,149.0,143.0,69.6,23.6,89.5,123.0,126.7,-8.0,-8.4,132.2,132.6,133.4,134.0,130.7,120.7,116.9,109.4,109.3,105.2,113.7,96.3,91.5,97.8,111.5,119.5,111.5,105.7,124.9,100.6,73.1,-20.7,-19.2,56.3,118.8,-21.1,-21.9,120.3,121.1,122.9,123.7,126.2,132.2,130.7,116.8,110.1,59.9,85.0,99.3,101.0,97.2,81.5,84.9,90.8,94.9,100.5,103.0,120.2,129.8,132.5,132.5,132.5,132.5,132.5,133.0,133.7,134.5,148.5,152.9,156.8,159.9,162.7,164.3,165.2,166.6,168.8,169.8,170.0,171.2,174.2,176.9,179.4,181.2,183.4,185.4,185.7,183.7,179.4,172.1,163.5,163.9,167.5,168.2,154.6,139.7,165.0,170.3,174.6,175.7,172.5,164.7,156.4,113.0,72.6,70.2,-1.5,-29.6,133.4,135.9,135.9,137.5,129.3,139.6,141.3,146.4,151.7,153.6,154.2,136.9,137.3,149.2,150.3,149.5,146.4,136.0,146.0,143.8,142.8,107.7,98.0,89.0,118.7,136.5,138.1,140.2,139.2,138.4,136.7,119.9,84.0,55.5,133.1,138.7,139.7,135.5,131.0,127.6,121.5,114.6,105.9,91.9,82.3,83.3,97.3,106.3,138.2,176.2,74.3,-130.4,-342.8,-580.6,-870.5,-1214.4,-1605.3,-2017.4,-2445.5,-2868.5,-3272.4,-3642.8,-3959.9,-4212.3,-4386.1,-4479.3,-4513.2,-4518.2
-4726.7,-4723.2,-4719.2,-4715.4,-4713.0,-4709.6,-4705.4,-4702.5,-4698.9,-4696.4,-4692.2,-4689.8,-4687.3,-4684.7,-4680.8,-4677.8,-4689.8,-4686.8,-4684.8,-4681.3,-4678.3,-4661.5,-4658.1,-4654.4,-4651.8,-4650.6,-4647.8,-4644.5,-4642.0,-4639.8,-4637.3,-4635.5,-4633.3,-4630.8,-4628.9,-4625.3,-4624.7,-4621.7,-4619.5,-4617.2,-4615.7,-4615.5,-4612.5,-4610.9,-4609.0,-4607.1,-4604.9,-4603.6,-4601.9,-4600.4,-4599.2,-4597.5,-4596.0,-4594.3,-4592.6,-4591.7,-4590.2,-4588.6,-4587.3,-4585.9,-4584.7,-4584.2,-4583.5,-4582.1,-4581.0,-4579.2,-4578.3,-4577.6,-4576.1,-4575.2,-4574.4,-4573.5,-4572.8,-4571.3,-4570.3,-4569.3,-4568.4,-4567.7,-4567.3,-4567.0,-4566.3,-4565.0,-4564.1,-4562.7,-4562.3,-4536.9,-4484.4,-4410.4,-4240.3,-4074.3,-3874.6,-3627.5,-3323.6,-2980.3,-2626.5,-2277.6,-1951.7,-1626.2,-1334.2,-1043.9,-788.2,-586.2,-196.2,-97.1,20.8,18.4,16.6,17.5,17.1,18.3,19.3,64.8,102.2,112.1,84.6,54.2,36.7,73.1,76.0,79.8,89.7,116.0,118.4,112.5,122.4,130.2,138.1,152.6,156.0,157.0,155.0,150.6,141.2,147.4,157.3,102.7,7.5,-108.8,-244.3,-356.6,-474.0,-598.2,-749.6,-903.9,-1087.0,-1266.8,-1470.9,-1667.4,-1882.9,-2089.0,-2311.4,-2520.5,-2740.1,-2941.2,-3164.6,-3391.2,-3618.2,-3825.0,-3997.2,-4137.4,-4242.1,-4330.4,-4392.2,-4432.2,-4453.5,-4464.3,-4472.6,-4469.8,-4471.7,-4469.9,-4470.3,-4469.5,-4470.0,-4498.9,-4487.0,-4466.6,-4465.6,-4464.4,-4463.4,-4459.8,-4461.6,-4454.3,-4445.3,-4430.0,-4408.5,-4377.5,-4331.4,-4259.1,-4146.3,-3990.3,-3806.4,-3617.9,-3403.6,-3183.5,-2931.5,-2657.0,-2365.4,-2083.6,-1808.0,-1523.7,-1266.6,-1029.5,-792.5,-564.9,-343.2,-102.4,118.7,228.4,174.1,130.8,122.1,110.7,117.6,119.6,118.7,118.2,117.3,117.8,116.2,116.1,112.1,35.3,37.4,30.7,37.4,41.7,86.9,43.9,-3.7,-10.9,-5.0,40.3,35.8,54.0,103.2,109.3,117.6,105.7,126.4,135.7,137.8,145.1,143.1,143.3,138.3,76.1,97.2,141.0,145.3,144.9,146.4,146.2,146.7,147.3,146.3,146.0,142.6,141.3,141.1,140.4,139.2,139.0,137.7,136.5,134.6,133.6,123.3,135.5,138.6,123.4,126.6,141.6,143.4,143.1,141.7,141.7,143.9,144.5,144.3,144.8,145.0,144.3,143.7,144.5,144.6,144.0,143.4,142.2,142.8,142.6,143.8,144.0,151.3,154.5,156.9,155.1,152.7,149.9,147.0,136.2,146.1,127.9,143.5,132.3,131.9,136.3,-9.9,61.7,-8.6,134.7,111.2,114.5,128.9,118.5,126.5,115.8,104.5,84.7,69.0,51.2,38.3,70.3,52.1,70.0,75.5,108.4,85.2,-21.2,-18.4,46.9,90.6,118.5,119.0,-19.0,-23.4,118.8,107.3,109.4,108.7,120.7,124.5,128.1,130.5,132.4,133.5,135.5,134.2,139.5,140.2,144.6,139.8,137.2,121.4,103.0,106.4,129.5,150.0,132.5,132.5,132.5,132.5,132.5,133.4,134.2,135.0,147.5,151.4,152.9,143.8,143.8,144.2,159.0,161.9,163.2,163.6,165.2,167.1,169.7,172.1,173.5,176.2,179.6,182.5,183.9,182.4,178.0,172.9,163.5,163.1,166.2,166.1,139.7,162.4,170.6,175.4,178.5,176.2,169.9,160.8,153.1,147.3,135.4,133.9,104.5,-32.5,134.4,135.8,137.4,132.7,127.1,127.5,142.7,148.0,152.1,152.7,135.9,135.6,140.9,146.4,147.1,146.0,144.1,127.6,127.5,121.8,106.5,105.7,86.9,102.8,131.3,133.5,136.5,137.9,138.1,136.8,132.1,102.5,128.1,134.3,138.7,137.1,131.2,126.4,124.5,119.7,111.5,102.8,29.1,-33.7,-33.6,44.1,84.6,125.6,175.1,113.7,-92.5,-328.5,-580.5,-872.2,-1215.3,-1600.6,-2016.9,-2446.4,-2871.7,-3272.4,-3640.7,-3958.0,-4210.4,-4385.1,-4477.7,-4511.5,-4515.7
-4726.4,-4723.2,-4719.1,-4715.4,-4713.0,-4709.5,-4705.5,-4702.0,-4698.7,-4695.8,-4692.3,-4688.9,-4686.4,-4684.3,-4680.5,-4677.9,-4674.9,-4686.1,-4683.7,-4680.4,-4663.0,-4660.5,-4658.9,-4654.1,-4652.9,-4650.1,-4646.8,-4644.4,-4641.1,-4639.7,-4637.2,-4635.0,-4632.1,-4630.8,-4627.9,-4625.7,-4623.6,-4621.5,-4619.8,-4617.4,-4616.3,-4639.6,-4612.8,-4610.7,-4608.9,-4607.1,-4605.0,-4603.9,-4602.3,-4600.7,-4599.3,-4597.7,-4595.8,-4594.3,-4593.0,-4592.5,-4591.3,-4589.5,-4588.1,-4586.8,-4585.8,-4585.1,-4584.3,-4582.7,-4581.1,-4580.1,-4579.4,-4577.9,-4576.9,-4576.1,-4575.5,-4574.8,-4573.3,-4572.3,-4571.4,-4570.5,-4569.7,-4569.7,-4568.3,-4568.4,-4567.4,-4566.4,-4565.9,-4563.6,-4561.8,-4536.6,-4463.0,-4344.0,-4173.0,-3974.3,-3761.7,-3528.6,-3246.0,-2911.6,-2554.0,-2191.8,-1842.6,-1528.4,-1226.0,-962.6,-708.8,-525.2,-312.4,-156.7,-35.8,12.7,28.0,15.1,-2.5,15.7,30.0,82.2,116.3,124.8,107.3,106.9,98.1,108.7,91.7,89.0,90.0,102.3,103.1,103.9,122.3,124.9,125.0,132.7,149.1,156.2,157.6,157.8,155.3,170.0,119.8,10.2,-111.5,-245.2,-358.6,-473.5,-596.1,-748.7,-905.0,-1086.1,-1266.1,-1470.7,-1666.6,-1883.9,-2089.7,-2314.4,-2520.4,-2741.3,-2943.8,-3153.1,-3341.2,-3544.0,-3746.5,-3940.1,-4107.2,-4236.6,-4331.9,-4394.2,-4438.1,-4460.2,-4468.4,-4467.6,-4471.5,-4472.8,-4474.4,-4471.3,-4470.7,-4470.3,-4469.7,-4470.3,-4470.1,-4466.2,-4462.9,-4463.0,-4460.3,-4457.3,-4451.8,-4430.0,-4408.4,-4378.1,-4334.9,-4287.4,-4225.5,-4146.9,-4038.9,-3885.0,-3685.1,-3465.3,-3249.1,-3014.3,-2775.5,-2511.8,-2229.5,-1937.9,-1663.9,-1399.2,-1139.4,-909.3,-705.9,-506.9,-304.1,-73.7,138.6,221.7,165.6,131.5,123.5,121.4,121.0,121.1,120.9,119.3,118.0,117.4,116.1,118.4,107.6,66.7,-3.8,37.4,35.6,72.5,105.6,100.5,104.0,103.7,111.2,110.9,118.9,120.1,109.6,109.4,120.6,125.5,126.7,142.9,144.7,145.3,145.8,144.0,127.0,114.1,142.9,145.1,147.3,149.3,149.5,149.0,149.0,148.2,146.1,143.9,140.3,138.5,135.9,134.8,133.7,133.1,131.7,131.1,131.8,115.6,115.0,131.5,121.6,121.6,140.6,143.7,145.2,146.1,145.0,144.3,145.7,145.7,146.1,147.5,148.7,148.7,147.7,147.6,148.4,147.2,147.3,145.9,145.7,146.5,146.8,145.1,149.3,151.5,151.6,149.7,137.9,137.9,137.8,137.6,149.4,151.4,151.4,149.4,146.0,140.4,137.6,73.7,61.7,-9.5,80.4,106.4,133.1,128.2,126.9,125.9,130.1,126.0,96.1,69.3,25.4,21.0,-18.6,-17.5,16.0,84.6,44.8,45.4,24.7,73.5,99.7,116.3,119.1,77.1,-19.9,-19.2,67.7,106.8,107.4,121.1,120.7,121.2,126.9,128.5,131.7,133.4,136.8,141.7,141.9,143.2,144.3,143.2,142.2,142.4,140.2,142.5,158.2,143.7,144.3,145.6,147.8,148.7,149.3,148.5,147.8,148.9,151.7,151.2,143.8,143.8,143.8,144.5,154.3,155.5,156.7,158.5,161.5,162.7,163.3,163.6,165.4,168.0,171.3,174.4,177.9,177.8,175.4,170.9,165.3,154.4,154.1,140.0,139.7,168.3,174.5,179.8,178.0,173.4,164.2,156.1,150.5,139.7,140.2,137.5,-32.2,-32.8,134.5,135.5,118.8,108.2,130.0,117.2,142.3,149.3,150.0,148.3,134.8,134.8,142.3,143.6,144.3,143.9,143.5,142.6,139.4,135.8,131.8,114.5,81.5,97.8,107.7,134.4,135.3,136.4,135.5,132.9,112.4,130.4,134.3,136.6,133.1,126.6,121.5,121.5,116.5,87.6,84.2,47.1,-34.2,45.8,-30.8,42.5,95.6,149.4,81.3,-107.0,-333.5,-578.8,-870.5,-1215.8,-1603.1,-2017.0,-2442.9,-2867.8,-3268.3,-3636.0,-3954.4,-4208.0,-4382.2,-4475.3,-4509.5,-4513.7
-4726.2,-4722.7,-4719.2,-4715.5,-4712.6,-4708.8,-4704.8,-4702.2,-4699.1,-4695.7,-4692.0,-4689.0,-4686.6,-4683.2,-4680.8,-4677.2,-4674.5,-4683.8,-4681.4,-4665.3,-4662.7,-4660.0,-4656.8,-4654.6,-4653.9,-4650.9,-4647.0,-4644.0,-4642.1,-4639.8,-4637.6,-4635.2,-4633.2,-4630.9,-4628.0,-4625.6,-4623.7,-4621.6,-4619.8,-4617.9,-4616.0,-4614.0,-4612.2,-4610.0,-4609.0,-4607.2,-4606.2,-4604.4,-4602.3,-4600.8,-4599.5,-4597.9,-4596.1,-4594.7,-4593.4,-4592.9,-4591.4,-4590.0,-4588.4,-4588.3,-4586.4,-4585.9,-4584.4,-4583.0,-4581.9,-4581.2,-4579.8,-4578.8,-4578.0,-4577.4,-4576.7,-4575.3,-4574.3,-4573.5,-4572.6,-4571.8,-4571.6,-4570.5,-4569.9,-4568.9,-4569.0,-4567.7,-4567.3,-4564.3,-4560.8,-4532.4,-4449.2,-4307.5,-4118.2,-3888.3,-3640.8,-3397.0,-3132.0,-2829.2,-2483.8,-2119.9,-1760.6,-1426.5,-1137.1,-868.3,-643.9,-442.3,-275.7,-119.8,-13.1,14.5,38.1,58.4,37.9,17.1,24.3,98.9,123.4,125.7,127.0,127.5,125.5,127.0,126.1,124.7,123.2,122.9,119.7,104.3,105.1,121.9,124.0,130.2,131.9,149.6,156.7,158.3,173.3,164.4,51.5,-99.6,-247.6,-357.6,-474.4,-595.8,-748.7,-904.2,-1086.3,-1267.3,-1470.1,-1668.0,-1884.8,-2093.0,-2313.2,-2522.6,-2741.4,-2945.1,-3154.5,-3344.1,-3534.9,-3706.3,-3881.1,-4045.0,-4193.1,-4311.8,-4391.6,-4438.8,-4461.8,-4472.5,-4472.7,-4474.6,-4475.2,-4474.3,-4475.2,-4472.2,-4471.3,-4470.8,-4470.3,-4470.2,-4482.9,-4473.1,-4461.1,-4450.4,-4438.5,-4428.3,-4411.2,-4378.4,-4334.9,-4288.3,-4226.0,-4153.8,-4081.2,-3991.7,-3885.4,-3745.5,-3559.0,-3326.8,-3083.5,-2846.2,-2596.8,-2350.8,-2083.2,-1806.8,-1523.6,-1265.9,-1026.1,-797.1,-604.7,-440.7,-261.8,-35.1,149.9,197.0,151.6,125.4,123.1,122.5,122.9,122.7,122.2,121.1,118.9,117.8,116.1,109.0,109.8,68.0,-12.1,21.0,78.7,95.5,112.1,112.8,115.9,103.7,118.9,121.9,126.1,130.1,112.8,136.6,120.9,142.0,144.9,146.6,146.9,146.7,130.4,129.2,129.1,144.8,145.6,147.6,149.3,149.8,148.3,146.2,144.8,143.1,142.1,139.1,135.7,134.5,133.1,131.4,130.7,129.9,127.9,127.1,127.6,114.2,114.4,121.6,121.6,141.1,142.8,145.2,145.9,146.0,144.2,143.7,143.9,145.0,145.3,147.2,149.9,151.1,151.1,150.2,149.4,147.5,148.0,146.6,145.9,146.2,147.0,147.4,146.5,149.6,151.8,152.2,152.0,152.3,151.4,140.0,157.6,159.0,156.6,151.9,148.4,143.6,108.7,19.3,-14.9,38.6,-11.4,77.3,86.0,120.8,134.2,136.9,133.6,130.3,129.3,81.7,58.0,45.9,21.3,-16.7,-17.7,-17.0,45.4,-25.9,78.7,84.9,104.4,115.6,116.9,81.4,-18.5,-18.7,-20.1,56.0,117.9,119.2,119.6,120.7,121.5,122.8,125.0,125.9,124.4,123.3,116.5,124.4,141.8,144.7,146.1,146.8,140.2,140.5,148.2,149.0,151.0,153.6,155.2,156.9,158.2,158.7,159.3,159.4,159.7,157.4,154.8,153.5,152.7,143.8,139.2,139.7,140.2,152.9,155.5,158.0,156.1,147.7,154.7,156.9,160.3,165.4,170.6,173.4,174.8,172.2,169.2,166.1,154.2,164.8,138.9,138.7,158.8,177.6,181.0,176.8,167.3,156.7,143.3,141.1,143.4,139.4,135.0,-33.4,131.8,132.4,132.0,93.9,54.0,72.7,106.7,143.2,144.3,144.9,141.9,137.3,133.9,139.5,140.1,141.1,141.1,140.4,138.2,136.2,134.4,129.8,103.7,38.8,113.8,132.3,132.6,134.2,133.8,132.0,116.3,132.2,134.4,134.0,128.8,122.4,118.4,119.5,118.1,113.9,107.4,98.9,86.8,45.6,45.8,-33.1,52.7,101.3,16.9,-145.3,-345.0,-628.1,-916.5,-1213.1,-1600.6,-2015.6,-2441.1,-2862.9,-3264.9,-3633.9,-3952.1,-4206.4,-4380.3,-4473.5,-4506.1,-4511.1
-4725.9,-4722.3,-4719.0,-4715.4,-4712.7,-4708.7,-4705.2,-4702.0,-4698.7,-4695.9,-4692.3,-4689.2,-4686.4,-4682.8,-4680.3,-4677.4,-4674.0,-4671.0,-4668.9,-4666.0,-4662.3,-4659.7,-4657.3,-4655.6,-4654.0,-4650.4,-4648.0,-4645.5,-4641.9,-4639.8,-4637.5,-4635.1,-4632.4,-4630.6,-4629.0,-4626.3,-4624.1,-4622.6,-4620.6,-4617.8,-4616.4,-4615.0,-4612.4,-4610.2,-4608.9,-4607.6,-4606.4,-4604.7,-4602.9,-4601.5,-4599.8,-4598.2,-4597.0,-4595.4,-4594.7,-4593.2,-4592.0,-4591.1,-4589.3,-4588.7,-4587.4,-4586.3,-4584.6,-4583.6,-4583.0,-4581.6,-4580.7,-4579.8,-4579.3,-4578.6,-4577.2,-4576.3,-4575.5,-4574.7,-4573.9,-4573.7,-4574.0,-4572.5,-4571.2,-4570.7,-4570.6,-4569.1,-4568.2,-4566.2,-4552.5,-4511.5,-4429.9,-4281.4,-4069.0,-3819.7,-3538.3,-3260.8,-2989.8,-2708.6,-2394.2,-2045.5,-1690.9,-1349.7,-1044.3,-790.0,-567.5,-395.4,-221.3,-68.3,8.7,46.7,82.9,93.4,98.6,90.2,17.1,115.6,118.0,120.4,124.0,127.3,130.1,131.4,132.3,131.9,129.7,128.2,125.2,124.0,105.5,107.4,108.8,124.5,131.2,141.4,144.9,163.3,186.0,128.8,-24.3,-206.8,-350.0,-475.5,-596.0,-749.6,-905.5,-1086.7,-1266.8,-1471.6,-1667.8,-1886.0,-2091.6,-2315.6,-2522.5,-2743.7,-2945.4,-3156.0,-3345.7,-3536.6,-3705.8,-3870.3,-4011.2,-4150.5,-4275.8,-4368.0,-4429.3,-4461.9,-4475.5,-4474.4,-4477.1,-4475.8,-4474.9,-4473.8,-4474.0,-4473.0,-4472.3,-4471.5,-4470.2,-4468.3,-4462.3,-4458.9,-4443.9,-4416.1,-4389.5,-4359.5,-4331.9,-4293.2,-4227.3,-4155.8,-4079.7,-3992.0,-3892.2,-3798.0,-3686.4,-3559.4,-3395.5,-3184.6,-2931.4,-2668.5,-2425.4,-2169.0,-1924.4,-1664.8,-1399.2,-1138.0,-907.5,-702.6,-515.3,-363.2,-192.3,1.1,169.0,174.9,135.3,120.5,121.4,123.6,124.5,124.3,123.0,121.7,119.7,117.2,115.2,112.6,111.9,99.7,-8.5,96.2,94.8,104.9,114.3,116.7,120.4,124.3,128.6,132.0,136.3,139.0,141.2,142.1,141.2,145.1,146.8,147.6,147.8,147.5,132.1,147.2,147.6,147.3,147.1,146.3,145.5,144.8,142.4,140.3,138.5,137.3,136.0,135.4,114.9,99.6,95.3,103.4,102.7,106.8,106.2,112.2,114.2,114.8,116.1,136.2,140.7,144.3,145.6,145.2,144.8,143.5,141.6,140.5,131.5,133.2,145.9,149.3,151.7,151.3,150.3,148.7,146.4,144.3,143.1,143.4,143.5,133.8,134.3,137.7,150.5,152.4,153.5,157.0,158.3,160.3,162.8,163.8,167.3,168.4,165.7,161.2,152.6,149.4,136.9,0.7,38.6,32.8,38.6,-12.2,11.8,76.3,107.9,130.2,141.7,140.5,137.5,134.9,114.4,112.9,87.9,83.1,83.5,70.3,42.4,69.1,91.2,116.5,107.1,115.0,113.8,90.1,5.4,53.6,-19.7,-19.9,-22.1,-21.3,-19.3,-20.5,-19.6,120.9,104.1,124.9,123.7,125.6,61.4,88.4,135.3,139.0,141.5,144.1,146.8,148.3,149.9,151.9,154.9,158.1,160.7,162.4,164.6,167.1,169.6,170.5,170.7,169.4,166.0,162.6,159.4,155.7,152.0,138.7,136.3,130.0,148.2,143.0,146.6,141.5,136.8,133.1,136.2,157.4,164.4,170.7,174.7,174.9,171.9,169.3,168.5,168.0,166.4,135.3,150.9,172.8,179.4,178.7,170.2,159.6,150.8,146.3,142.1,139.2,135.4,131.1,-31.5,112.6,110.6,85.6,16.9,-32.3,89.8,135.1,141.0,139.9,138.6,137.7,127.3,127.2,136.2,137.6,138.0,137.6,136.5,135.4,133.2,128.6,82.3,-4.9,91.7,127.2,129.2,131.5,133.0,132.0,130.6,120.8,117.4,129.4,124.5,118.9,113.5,116.7,118.5,118.2,115.6,109.8,107.0,74.5,-15.2,-42.0,34.4,25.4,34.4,-186.1,-355.6,-588.1,-872.3,-1211.9,-1598.7,-2076.1,-2441.2,-2862.3,-3264.8,-3631.6,-3950.2,-4203.2,-4378.4,-4468.9,-4503.6,-4509.0
-4725.7,-4721.7,-4717.9,-4714.2,-4711.5,-4707.6,-4704.4,-4701.1,-4698.0,-4695.0,-4691.6,-4688.8,-4685.5,-4683.0,-4679.8,-4677.5,-4673.8,-4670.8,-4668.2,-4665.2,-4661.9,-4659.1,-4656.7,-4654.6,-4653.1,-4651.1,-4647.5,-4644.1,-4641.3,-4639.3,-4637.3,-4635.2,-4632.6,-4630.4,-4628.5,-4625.9,-4624.0,-4622.7,-4621.0,-4619.0,-4616.6,-4615.3,-4612.8,-4611.2,-4609.8,-4608.0,-4606.2,-4605.5,-4603.3,-4601.4,-4600.0,-4598.1,-4597.1,-4596.8,-4595.1,-4593.4,-4592.0,-4591.9,-4590.4,-4589.5,-4588.0,-4586.5,-4585.5,-4584.8,-4583.4,-4582.4,-4581.7,-4581.1,-4580.5,-4579.2,-4578.2,-4577.4,-4576.7,-4575.9,-4575.7,-4575.4,-4574.7,-4573.5,-4572.6,-4572.1,-4571.5,-4571.0,-4570.1,-4567.9,-4546.8,-4492.8,-4392.2,-4241.3,-4027.0,-3761.6,-3460.4,-3145.1,-2842.3,-2559.3,-2270.8,-1960.0,-1618.9,-1285.7,-977.9,-712.0,-503.3,-324.5,-171.3,-29.2,24.3,67.0,90.3,124.9,117.9,108.0,116.7,17.1,116.9,115.3,113.1,113.9,126.3,129.2,130.6,133.2,134.0,133.2,130.7,127.2,125.0,107.9,108.5,112.6,124.7,134.0,140.0,163.6,193.9,107.3,-77.4,-274.9,-440.2,-589.9,-750.8,-904.5,-1087.1,-1267.3,-1472.2,-1668.3,-1886.8,-2093.4,-2319.2,-2526.2,-2744.0,-2946.8,-3156.5,-3347.3,-3538.3,-3707.6,-3872.1,-4013.7,-4144.6,-4249.0,-4343.8,-4412.2,-4453.5,-4474.0,-4475.4,-4478.9,-4477.4,-4476.9,-4476.1,-4474.8,-4474.1,-4473.4,-4472.2,-4470.8,-4466.9,-4468.0,-4459.6,-4444.5,-4406.9,-4360.5,-4301.4,-4249.9,-4195.2,-4149.5,-4082.6,-3993.2,-3894.5,-3797.7,-3686.4,-3568.7,-3456.7,-3329.5,-3186.6,-3003.2,-2777.7,-2511.6,-2242.0,-1995.7,-1747.3,-1512.5,-1266.6,-1027.1,-797.6,-603.3,-442.4,-280.5,-97.9,69.7,192.9,150.2,120.6,116.2,121.0,123.5,124.8,123.8,122.8,120.9,118.4,112.6,112.6,113.3,101.0,99.8,44.6,111.5,101.4,104.2,119.3,123.3,127.7,132.3,136.2,139.5,142.2,143.0,127.6,127.6,144.3,146.6,148.0,149.2,149.8,149.9,150.3,149.8,147.9,145.6,143.0,140.8,139.4,137.6,134.8,135.0,134.1,131.9,132.1,115.7,109.8,70.2,84.7,92.2,98.9,105.9,108.1,132.1,122.6,121.9,137.3,140.9,144.1,146.2,145.6,142.9,141.3,120.7,120.5,120.5,132.8,144.4,146.3,148.8,149.3,146.7,144.1,142.6,141.1,139.8,140.8,127.3,127.8,130.5,135.1,138.4,140.6,156.9,153.5,153.8,159.4,162.5,165.2,167.4,171.5,172.6,171.8,170.2,166.0,157.0,139.7,64.5,-14.0,20.6,42.2,-13.8,-13.1,-12.9,16.0,92.8,90.8,106.9,137.8,139.8,136.5,134.6,126.3,126.9,117.2,108.9,107.5,102.5,116.2,115.5,114.9,115.6,115.4,112.4,88.3,83.3,117.0,119.8,120.9,122.3,122.9,123.6,-19.2,-19.2,-19.3,-20.7,92.1,-20.8,-21.9,20.2,118.0,118.8,124.3,138.7,141.7,144.7,146.6,149.9,154.2,158.4,161.5,164.1,167.3,170.8,173.7,175.6,176.3,176.6,174.8,170.7,166.3,160.9,155.5,150.2,143.9,124.3,124.5,129.5,130.8,137.4,126.7,131.8,132.8,132.8,158.6,166.0,173.3,175.8,174.3,172.9,172.4,171.8,169.9,164.7,132.9,168.6,175.6,177.9,172.9,161.4,139.6,139.3,135.0,130.7,130.4,129.9,-31.2,-31.6,-32.5,-33.7,-31.8,-34.0,-34.2,127.4,128.3,139.8,140.5,136.0,135.7,126.8,126.6,126.3,135.0,135.2,135.0,133.0,132.4,116.5,67.6,43.3,81.1,63.1,126.3,129.4,132.5,132.8,130.0,123.7,114.9,126.8,119.9,97.1,51.1,106.0,113.5,120.3,118.6,116.3,112.3,94.1,36.4,20.3,-29.2,34.4,-87.6,-199.6,-361.9,-581.9,-867.7,-1213.7,-1597.2,-2012.1,-2437.7,-2860.7,-3262.3,-3629.2,-3948.5,-4200.0,-4374.2,-4466.3,-4502.2,-4506.5
-4721.9,-4725.1,-4717.5,-4713.3,-4710.0,-4706.6,-4703.6,-4699.0,-4696.8,-4692.5,-4689.4,-4686.6,-4684.2,-4682.1,-4677.4,-4674.0,-4671.4,-4669.4,-4667.3,-4663.4,-4659.6,-4657.8,-4655.1,-4652.4,-4649.8,-4648.8,-4644.1,-4645.1,-4639.4,-4634.5,-4636.0,-4635.6,-4632.8,-4630.6,-4628.5,-4626.2,-4624.4,-4622.8,-4620.9,-4619.2,-4616.9,-4615.7,-4613.0,-4611.0,-4609.6,-4608.7,-4606.9,-4605.4,-4603.3,-4602.4,-4600.7,-4599.1,-4598.5,-4597.0,-4594.9,-4593.4,-4593.4,-4592.0,-4591.2,-4589.7,-4588.6,-4587.2,-4586.6,-4585.2,-4584.3,-4584.1,-4582.9,-4582.3,-4581.0,-4580.1,-4579.3,-4578.6,-4577.9,-4577.6,-4577.4,-4576.1,-4575.8,-4575.2,-4574.0,-4574.1,-4572.7,-4572.7,-4571.2,-4569.9,-4546.2,-4471.7,-4350.6,-4181.3,-3972.8,-3706.9,-3394.8,-3061.5,-2721.4,-2408.7,-2121.4,-1838.9,-1536.3,-1219.8,-921.5,-659.4,-444.1,-277.8,-124.1,-11.6,10.2,29.7,58.0,95.3,125.8,123.8,125.0,120.0,17.1,17.1,121.2,120.4,121.8,124.0,126.9,129.2,135.5,137.1,136.3,133.8,130.6,128.0,126.1,113.1,117.4,132.0,140.3,168.1,194.6,106.6,-87.7,-297.4,-498.9,-703.9,-897.8,-1089.6,-1270.1,-1471.9,-1670.1,-1886.7,-2093.5,-2317.4,-2526.2,-2746.8,-2948.3,-3158.1,-3348.0,-3540.2,-3709.5,-3874.1,-4015.4,-4146.6,-4253.8,-4339.0,-4400.8,-4445.4,-4469.7,-4473.7,-4479.7,-4480.3,-4478.8,-4478.3,-4476.4,-4475.2,-4473.7,-4471.0,-4470.9,-4468.5,-4464.1,-4454.7,-4435.6,-4405.5,-4358.2,-4276.2,-4190.7,-4097.5,-4026.4,-3951.2,-3885.9,-3800.4,-3688.7,-3568.7,-3456.1,-3328.1,-3194.6,-3070.4,-2932.6,-2779.3,-2587.2,-2354.1,-2083.8,-1817.7,-1579.1,-1343.0,-1127.0,-908.0,-701.4,-516.0,-362.3,-197.8,-3.7,137.2,172.3,133.5,120.8,114.1,121.1,123.7,124.2,123.2,120.8,118.7,116.6,114.8,114.5,112.8,101.2,101.2,79.0,88.0,104.5,104.5,104.4,128.3,132.9,136.1,139.0,141.2,127.5,127.6,127.8,128.1,146.3,147.6,148.8,150.2,149.9,149.5,148.1,146.4,143.0,139.4,136.3,134.1,133.6,134.1,131.8,133.8,133.9,111.6,63.7,63.7,65.1,66.8,103.2,119.1,134.1,136.6,137.6,138.1,138.8,137.3,142.1,143.3,143.9,142.5,140.9,126.5,110.3,111.0,134.6,140.9,143.5,144.3,144.0,143.4,141.4,138.6,130.4,136.5,138.9,126.7,124.1,124.6,142.5,144.9,148.6,153.4,143.7,160.1,161.7,161.8,154.2,154.2,156.0,162.1,156.9,169.7,172.3,173.2,171.3,167.5,146.5,74.2,-15.4,58.4,114.4,42.3,-2.0,-12.8,-15.6,-14.4,-13.5,27.1,86.5,111.7,137.4,137.0,140.5,140.7,135.9,128.6,123.7,126.6,122.4,116.3,117.0,116.2,117.0,99.5,102.8,96.5,97.0,117.5,123.4,125.4,126.9,127.8,127.2,127.1,127.4,127.3,127.4,92.1,44.6,73.3,131.8,120.2,124.6,126.3,136.3,139.7,141.5,145.2,149.6,154.5,158.6,162.4,165.3,168.8,172.6,174.0,174.4,176.0,174.7,171.7,167.9,163.2,157.0,150.1,143.9,109.5,76.1,93.2,123.4,134.4,125.3,125.4,96.8,101.8,153.0,160.9,169.1,173.4,172.8,173.1,174.8,175.6,172.6,165.9,132.9,164.9,171.4,177.2,174.3,155.3,154.1,147.4,135.1,128.2,125.6,121.2,129.4,127.5,119.5,117.3,114.5,113.9,50.4,20.3,93.7,120.0,141.8,137.3,135.6,135.8,131.8,126.2,133.5,133.3,132.5,130.1,127.0,112.6,64.9,50.4,53.8,50.4,125.3,127.2,132.2,134.2,131.5,130.0,100.5,99.4,26.6,-35.4,-30.2,48.0,113.3,115.2,112.8,111.7,104.6,93.9,46.3,0.6,20.3,-34.5,-87.2,-200.5,-361.5,-580.4,-868.5,-1212.0,-1598.1,-2055.1,-2436.1,-2857.4,-3259.9,-3628.0,-3945.7,-4200.8,-4372.1,-4464.6,-4498.8,-4504.4
-4719.8,-4708.1,-4694.9,-4689.0,-4685.3,-4683.6,-4679.9,-4675.6,-4673.5,-4669.2,-4666.1,-4665.5,-4660.3,-4655.8,-4653.9,-4650.7,-4646.9,-4644.0,-4642.2,-4639.4,-4636.0,-4632.8,-4630.1,-4628.0,-4626.4,-4623.9,-4621.7,-4618.7,-4624.2,-4629.6,-4635.6,-4633.4,-4633.1,-4630.6,-4629.4,-4626.7,-4624.8,-4623.5,-4621.6,-4619.1,-4617.0,-4615.6,-4613.5,-4611.9,-4610.1,-4608.8,-4607.8,-4605.2,-4632.1,-4602.2,-4601.0,-4600.1,-4598.4,-4597.3,-4595.5,-4594.7,-4594.1,-4593.9,-4591.6,-4590.4,-4589.9,-4588.5,-4587.1,-4586.7,-4585.8,-4584.9,-4584.1,-4582.8,-4582.1,-4581.6,-4581.3,-4581.3,-4579.6,-4578.4,-4578.4,-4578.4,-4577.3,-4576.4,-4575.6,-4575.2,-4574.6,-4574.1,-4572.7,-4569.1,-4547.2,-4471.9,-4319.1,-4125.6,-3893.4,-3637.6,-3336.3,-2991.6,-2636.4,-2286.2,-1971.7,-1692.1,-1421.1,-1141.9,-862.6,-613.0,-403.4,-236.9,-108.9,26.5,11.4,26.5,26.5,60.9,103.6,133.8,136.6,122.0,126.1,17.1,17.1,17.1,17.1,122.7,124.3,125.7,125.3,133.0,140.1,138.9,135.8,133.4,131.4,129.0,120.7,123.1,143.6,182.0,214.2,100.6,-89.7,-302.3,-536.4,-783.0,-1032.5,-1257.6,-1474.1,-1670.1,-1887.8,-2094.4,-2318.6,-2527.3,-2748.5,-2951.3,-3159.8,-3349.8,-3541.0,-3711.5,-3876.1,-4017.5,-4147.6,-4256.9,-4342.6,-4404.6,-4446.6,-4468.9,-4479.7,-4480.4,-4481.7,-4480.6,-4479.0,-4477.8,-4474.4,-4475.0,-4471.1,-4469.9,-4460.0,-4447.6,-4436.0,-4417.4,-4386.7,-4340.6,-4272.5,-4187.4,-4059.8,-3939.4,-3817.7,-3733.6,-3640.2,-3559.0,-3457.9,-3330.2,-3196.4,-3071.9,-2932.2,-2788.2,-2656.8,-2514.0,-2354.5,-2161.6,-1925.4,-1663.2,-1410.0,-1188.3,-975.5,-787.9,-604.8,-440.0,-280.1,-102.8,60.9,183.5,147.3,123.9,114.3,114.1,121.9,122.6,121.9,120.5,116.8,114.5,112.4,113.3,113.1,113.4,115.3,117.5,86.6,86.6,97.8,104.9,104.9,113.0,113.0,113.0,113.0,116.4,125.2,139.1,143.1,146.8,147.5,148.0,147.7,147.5,146.3,144.4,142.0,139.6,136.2,133.4,131.5,131.3,130.8,132.1,132.6,110.3,60.5,63.7,63.7,83.2,114.2,126.3,138.6,140.4,142.7,145.3,145.2,144.7,143.5,142.8,140.7,139.6,139.1,137.6,120.0,85.6,88.0,123.8,140.4,141.6,141.5,140.0,139.1,135.6,133.1,131.4,130.4,134.7,136.9,123.6,124.1,141.4,145.6,149.3,153.7,158.7,160.6,165.5,167.0,166.6,165.4,154.5,154.3,154.3,157.1,156.9,169.8,172.3,171.4,168.9,150.2,92.8,-12.0,82.1,120.0,135.9,122.1,73.8,43.7,9.3,-15.9,-12.5,5.9,38.5,132.8,136.0,138.4,139.9,140.1,138.9,137.2,135.2,132.5,128.8,125.4,121.6,117.5,107.8,117.1,115.9,105.2,105.8,120.5,125.0,128.4,130.9,132.6,132.1,131.9,131.2,131.4,-19.5,117.4,123.4,137.7,135.7,136.4,140.7,131.8,132.5,139.7,142.1,140.9,152.4,165.5,167.4,161.9,161.9,167.9,169.2,169.9,170.4,170.0,168.6,163.7,161.5,153.2,144.0,135.9,71.4,-1.1,87.5,120.4,131.6,124.1,114.1,39.0,90.3,148.6,156.3,164.2,168.4,169.7,170.1,172.7,176.5,173.0,165.3,130.6,150.3,168.0,175.5,174.4,146.3,135.4,131.6,130.9,136.3,134.4,131.0,127.8,90.3,90.0,74.5,68.4,64.8,53.7,0.6,20.3,123.8,141.0,143.3,143.1,140.5,136.6,134.2,126.0,125.4,130.2,126.5,118.5,110.6,60.2,43.3,33.3,38.9,114.4,123.4,130.5,134.2,133.3,131.7,129.1,124.9,116.1,59.0,-29.0,-5.0,77.2,113.1,107.5,104.2,46.9,29.9,-1.6,20.3,-28.4,-29.7,-64.3,-192.0,-354.6,-577.9,-866.7,-1214.8,-1593.9,-2055.8,-2434.2,-2857.0,-3257.3,-3625.5,-3945.3,-4196.5,-4372.1,-4464.6,-4498.6,-4502.9
-4700.6,-4670.6,-4639.8,-4616.4,-4605.5,-4605.6,-4602.6,-4596.3,-4595.2,-4590.0,-4587.0,-4585.0,-4581.4,-4579.0,-4575.0,-4572.5,-4570.2,-4566.8,-4564.6,-4562.9,-4559.1,-4556.4,-4552.7,-4552.2,-4549.2,-4546.3,-4545.4,-4559.3,-4583.1,-4608.8,-4626.3,-4629.6,-4632.5,-4630.9,-4629.7,-4627.6,-4624.9,-4623.4,-4622.6,-4619.4,-4617.8,-4616.5,-4614.2,-4612.3,-4611.1,-4609.9,-4607.3,-4606.0,-4605.7,-4603.6,-4602.0,-4600.8,-4599.1,-4597.7,-4596.1,-4595.1,-4594.6,-4593.8,-4592.3,-4590.9,-4590.6,-4588.8,-4588.3,-4587.4,-4586.4,-4585.7,-4585.3,-4583.8,-4583.8,-4584.8,-4583.6,-4582.7,-4581.4,-4580.5,-4579.7,-4579.3,-4578.1,-4577.7,-4577.7,-4576.8,-4576.2,-4574.6,-4571.2,-4568.4,-4542.5,-4470.2,-4313.5,-4081.9,-3826.6,-3546.2,-3256.6,-2921.2,-2561.7,-2197.7,-1849.7,-1547.8,-1284.4,-1037.7,-795.0,-562.6,-367.7,-206.9,-90.2,23.0,26.5,-16.0,15.0,27.1,67.4,121.3,142.2,140.6,136.4,133.4,129.4,122.1,17.1,17.1,125.0,125.3,127.2,126.5,137.3,141.7,139.4,137.2,134.6,132.3,123.5,123.9,144.8,185.7,156.7,25.4,-143.7,-335.3,-555.6,-828.5,-1123.2,-1409.8,-1660.5,-1890.4,-2097.1,-2319.0,-2527.9,-2749.4,-2951.7,-3163.2,-3351.6,-3545.1,-3712.5,-3878.3,-4019.7,-4149.9,-4255.9,-4342.5,-4406.8,-4449.1,-4472.5,-4483.5,-4482.5,-4483.5,-4479.6,-4474.9,-4476.5,-4476.1,-4470.6,-4462.7,-4451.3,-4439.4,-4423.0,-4399.3,-4367.5,-4338.3,-4297.5,-4235.4,-4155.7,-4054.0,-3934.1,-3769.2,-3620.8,-3479.0,-3380.4,-3276.1,-3187.0,-3072.8,-2934.2,-2791.1,-2659.7,-2512.3,-2365.0,-2232.3,-2087.2,-1928.1,-1736.6,-1513.2,-1267.0,-1036.6,-839.4,-659.2,-506.8,-362.9,-201.5,-10.4,130.1,168.3,132.4,107.3,107.3,120.7,121.3,119.8,117.6,115.7,112.4,107.3,107.5,112.9,114.2,116.8,121.0,117.1,127.9,103.5,98.4,100.1,105.6,120.2,130.8,114.0,114.2,115.7,141.8,144.5,145.2,144.8,144.4,144.1,143.1,142.1,139.9,138.1,136.1,134.3,132.4,96.6,97.3,129.2,110.6,57.3,57.7,60.5,137.2,115.6,126.4,130.0,144.5,146.0,147.4,150.1,150.6,149.4,148.5,145.9,143.2,140.6,136.7,133.9,119.9,132.4,51.5,59.0,98.0,135.2,138.6,138.4,136.9,131.2,128.6,110.3,109.5,106.5,110.8,132.4,122.9,123.4,139.6,143.5,148.0,151.5,155.4,158.5,161.1,166.0,167.4,168.0,168.3,169.2,169.5,169.4,170.3,171.0,170.7,170.1,169.6,170.0,165.9,101.2,-12.2,-13.5,104.9,130.5,154.4,148.2,131.2,112.7,108.3,55.8,68.7,109.3,73.8,74.3,74.8,74.9,135.3,135.5,137.9,138.8,139.3,138.4,136.6,132.5,128.6,124.1,120.2,118.8,115.8,117.2,115.1,120.9,126.7,132.0,135.5,138.1,137.4,135.9,133.2,-14.5,-19.2,137.6,142.6,147.2,146.5,150.3,149.2,148.6,148.5,140.7,141.2,141.7,156.1,161.9,161.9,161.9,163.4,165.4,164.9,135.8,119.6,108.4,109.6,62.9,-2.6,-21.8,59.4,69.7,59.4,87.2,126.5,130.8,133.0,114.4,4.7,99.6,143.7,150.7,158.2,162.2,165.3,167.7,170.0,173.2,172.7,165.3,130.9,126.6,163.1,171.0,172.5,148.6,155.2,147.6,141.1,114.9,68.4,66.4,65.2,4.0,-35.5,-32.0,-31.0,-31.0,50.4,43.2,-31.2,-31.1,138.2,142.8,144.2,143.1,140.9,138.4,134.9,126.0,125.4,110.8,110.1,102.8,58.1,-30.3,38.9,-29.1,111.4,123.3,128.0,132.9,133.4,132.8,130.3,126.8,122.7,87.9,28.4,-28.8,46.9,83.9,105.8,100.4,69.6,57.4,20.8,-2.2,-3.3,24.2,23.2,-185.5,-351.7,-575.5,-862.2,-1211.7,-1594.5,-2055.3,-2433.6,-2854.9,-3257.2,-3623.8,-3942.0,-4196.2,-4370.3,-4464.7,-4497.9,-4502.1
-4664.4,-4608.5,-4543.4,-4491.8,-4452.9,-4443.9,-4439.3,-4436.5,-4433.8,-4430.6,-4427.9,-4426.8,-4421.6,-4420.3,-4417.1,-4413.3,-4412.6,-4408.1,-4406.6,-4402.7,-4400.1,-4398.1,-4394.9,-4393.2,-4390.2,-4388.5,-4415.4,-4461.0,-4519.1,-4574.4,-4614.3,-4629.9,-4632.0,-4632.0,-4629.4,-4626.9,-4625.3,-4622.9,-4621.3,-4619.0,-4617.7,-4616.1,-4614.7,-4612.4,-4610.9,-4609.2,-4608.4,-4606.0,-4604.3,-4603.4,-4602.2,-4600.7,-4599.4,-4597.8,-4596.5,-4595.3,-4594.8,-4594.6,-4592.8,-4592.4,-4591.5,-4589.6,-4589.1,-4588.3,-4587.4,-4586.5,-4586.2,-4585.9,-4585.0,-4584.1,-4583.1,-4583.1,-4582.4,-4582.6,-4580.8,-4580.0,-4579.3,-4579.6,-4579.2,-4579.4,-4576.6,-4571.5,-4572.0,-4559.3,-4530.8,-4460.0,-4311.4,-4075.6,-3775.1,-3468.1,-3152.8,-2837.8,-2489.6,-2125.4,-1766.8,-1433.7,-1155.4,-917.3,-705.2,-507.2,-332.0,-185.1,23.0,5.3,1.8,-49.7,14.4,14.7,85.8,109.3,128.4,143.8,143.5,141.3,138.5,131.6,126.5,17.1,17.1,126.2,126.5,111.3,129.7,138.4,140.8,138.6,136.7,135.3,124.5,124.9,149.0,161.2,58.9,-89.0,-249.6,-393.8,-585.0,-848.4,-1175.3,-1509.1,-1823.0,-2084.7,-2325.6,-2529.2,-2751.0,-2954.3,-3164.2,-3353.9,-3545.0,-3715.8,-3879.5,-4022.1,-4152.3,-4258.4,-4346.0,-4408.2,-4452.6,-4475.0,-4484.9,-4484.7,-4484.8,-4479.5,-4477.8,-4467.8,-4460.4,-4454.3,-4443.7,-4425.9,-4404.0,-4371.1,-4344.8,-4304.9,-4258.7,-4204.1,-4155.7,-4089.6,-4000.3,-3893.7,-3760.7,-3616.0,-3421.1,-3252.5,-3096.9,-2989.4,-2877.8,-2779.5,-2658.9,-2513.2,-2365.5,-2230.6,-2083.3,-1940.6,-1807.2,-1666.2,-1513.6,-1334.3,-1128.8,-913.6,-710.0,-548.7,-406.6,-277.6,-120.5,41.9,174.6,150.2,122.6,120.6,107.3,118.4,117.8,116.0,112.7,105.1,105.4,105.6,115.9,112.6,112.9,121.0,124.7,118.2,127.2,130.8,130.8,131.1,132.0,135.1,137.2,139.0,142.6,143.0,143.0,142.8,142.1,140.3,138.4,138.4,137.1,137.0,135.8,135.4,134.2,131.8,130.1,90.1,48.5,54.0,54.6,57.6,111.9,141.3,143.0,134.3,147.6,150.4,151.9,153.1,153.3,153.7,152.4,150.1,146.4,143.2,139.5,133.6,130.9,128.0,119.9,124.1,-1.0,20.4,115.7,132.5,132.5,132.8,131.0,126.6,111.8,49.3,37.4,40.3,84.5,118.3,122.5,134.5,138.0,142.1,147.0,150.0,152.4,156.3,160.8,162.8,164.0,164.4,166.2,167.2,170.4,172.5,174.1,175.2,174.4,173.3,171.3,159.4,154.5,62.1,-13.0,-12.5,-15.7,115.5,141.7,153.5,163.4,162.3,160.8,141.6,142.0,141.0,142.6,116.4,74.3,74.3,76.4,115.0,134.2,137.5,140.1,141.9,142.8,141.8,139.5,135.2,131.2,126.9,122.5,120.4,115.4,116.1,116.8,129.0,135.2,139.5,142.3,141.7,139.7,136.3,-19.7,-14.2,142.4,131.0,152.6,155.6,159.3,159.5,159.9,159.8,160.0,160.5,170.1,169.2,168.3,169.0,163.5,165.5,164.5,116.3,92.6,81.0,80.6,54.6,2.3,-21.6,50.2,59.4,-23.3,65.7,127.7,131.5,131.4,118.3,-1.3,99.5,131.8,146.0,151.3,155.4,158.9,156.7,166.7,170.5,170.3,164.1,131.1,120.6,143.5,165.8,170.1,165.3,157.3,148.9,120.4,93.5,69.6,69.3,135.9,105.1,100.3,92.4,86.3,85.8,79.4,78.9,85.2,-30.6,-30.6,137.7,140.4,142.4,142.4,141.0,138.3,135.5,129.0,108.9,108.2,118.7,59.7,-29.4,-28.2,63.4,121.1,126.1,128.0,131.3,132.9,132.7,130.7,127.8,121.3,108.5,55.7,-26.8,-25.7,47.5,96.0,102.9,101.7,105.3,79.7,49.1,29.3,7.3,24.2,-185.1,-349.3,-576.8,-860.7,-1206.9,-1594.1,-2055.6,-2430.9,-2853.5,-3256.6,-3623.0,-3943.3,-4197.0,-4367.7,-4463.2,-4496.3,-4501.7
-4613.6,-4520.2,-4426.6,-4325.1,-4253.9,-4208.7,-4193.3,-4191.2,-4189.8,-4185.7,-4182.9,-4181.2,-4178.5,-4176.8,-4173.4,-4169.8,-4168.8,-4165.7,-4163.1,-4159.5,-4156.5,-4154.0,-4152.8,-4150.2,-4150.0,-4183.9,-4243.2,-4334.9,-4440.5,-4539.6,-4600.1,-4627.3,-4630.9,-4632.2,-4629.5,-4627.3,-4625.1,-4623.2,-4621.2,-4619.9,-4618.2,-4616.5,-4615.4,-4614.8,-4610.8,-4609.9,-4608.3,-4606.5,-4605.3,-4603.6,-4602.5,-4600.7,-4599.6,-4598.1,-4597.0,-4596.2,-4595.2,-4594.3,-4593.6,-4592.3,-4591.4,-4590.3,-4589.7,-4589.5,-4588.0,-4587.7,-4611.4,-4624.7,-4586.4,-4585.8,-4584.2,-4584.4,-4583.8,-4583.3,-4581.9,-4581.3,-4580.7,-4580.4,-4580.5,-4579.2,-4572.9,-4570.7,-4554.2,-4525.8,-4487.1,-4415.3,-4285.5,-4073.1,-3766.2,-3411.3,-3067.2,-2728.3,-2404.6,-2052.4,-1699.3,-1356.2,-1050.1,-804.2,-604.2,-438.1,-289.6,-150.5,22.3,9.1,45.6,26.3,14.0,11.9,53.3,108.8,133.5,142.5,145.4,144.3,142.5,140.9,126.3,62.9,17.1,17.1,78.5,102.8,121.2,139.4,141.6,140.5,138.6,125.2,125.7,140.1,165.7,106.0,-35.6,-205.1,-347.3,-482.2,-645.6,-888.1,-1200.2,-1565.8,-1927.5,-2251.8,-2518.3,-2753.2,-2955.3,-3166.3,-3356.8,-3547.5,-3716.9,-3884.0,-4023.5,-4154.9,-4261.0,-4347.2,-4409.9,-4451.2,-4475.7,-4485.6,-4487.9,-4488.9,-4485.9,-4475.8,-4462.4,-4433.7,-4407.7,-4384.4,-4370.6,-4345.9,-4307.7,-4262.3,-4208.7,-4159.7,-4097.3,-4034.9,-3957.6,-3892.9,-3808.0,-3696.2,-3567.0,-3413.3,-3244.1,-3029.7,-2849.8,-2683.9,-2575.6,-2458.4,-2352.9,-2232.9,-2084.0,-1937.8,-1806.2,-1664.3,-1525.1,-1400.4,-1267.9,-1129.0,-966.6,-787.6,-605.1,-446.6,-322.1,-189.6,-48.5,81.1,149.5,130.0,116.8,117.9,99.3,113.9,114.9,103.6,103.7,104.0,106.1,106.4,120.1,121.0,113.7,123.6,127.0,128.3,130.7,131.8,133.6,135.9,137.4,138.8,141.0,141.8,142.1,140.7,139.2,137.9,136.7,133.9,132.3,133.4,133.5,124.2,121.6,134.2,132.4,132.9,128.3,48.3,50.5,54.6,114.8,137.7,142.2,147.1,149.8,142.9,153.7,154.1,154.3,153.6,152.4,151.5,149.4,146.1,142.0,138.3,137.0,66.9,102.5,90.2,117.7,74.4,62.1,-8.0,120.4,122.5,122.9,122.3,122.7,117.1,96.4,-2.8,-4.1,-12.3,29.4,85.6,113.7,128.3,132.0,139.7,139.1,134.9,138.4,150.5,154.8,158.4,160.1,161.9,162.9,163.9,166.0,169.1,171.4,173.7,175.4,175.1,173.8,171.7,162.3,138.2,128.0,79.9,19.0,80.1,100.4,110.8,160.4,163.0,163.2,163.7,161.8,159.7,143.2,136.5,132.9,131.0,76.3,76.3,78.8,112.5,135.7,139.8,142.8,145.0,144.8,144.0,141.0,137.7,132.3,128.3,115.5,116.2,119.6,123.3,132.8,139.6,144.2,145.2,142.0,140.1,107.9,-17.2,49.4,117.3,138.9,156.9,163.5,167.2,168.8,169.2,169.1,169.6,178.1,176.3,175.0,176.0,170.5,170.6,169.7,168.9,167.1,165.4,155.0,142.9,117.9,65.7,94.7,7.7,24.3,-22.2,123.8,132.6,132.0,114.6,-22.4,98.8,132.0,141.2,145.9,148.7,142.2,148.0,163.3,167.7,167.9,162.0,144.6,106.3,135.8,161.2,167.3,166.4,159.5,151.8,130.4,105.2,70.7,96.7,137.9,139.0,135.0,129.2,128.3,127.9,126.6,125.7,125.6,131.4,93.9,93.5,-31.9,136.0,137.8,138.3,137.4,133.4,99.7,5.6,40.3,85.3,45.1,-27.4,71.8,107.7,127.9,130.6,128.9,130.4,131.4,131.4,131.2,129.8,123.4,117.8,87.7,-24.7,-24.6,26.4,68.2,90.3,106.3,112.4,90.1,60.9,29.7,24.2,23.2,-187.2,-353.0,-576.1,-862.1,-1203.4,-1590.1,-2053.3,-2430.2,-2852.1,-3255.0,-3622.6,-3940.9,-4196.0,-4369.2,-4461.7,-4498.1,-4501.4
-4546.8,-4429.5,-4285.5,-4156.6,-4028.0,-3943.8,-3887.5,-3873.4,-3871.8,-3868.1,-3865.5,-3864.0,-3860.4,-3858.1,-3857.5,-3854.0,-3852.8,-3848.0,-3846.9,-3844.6,-3840.9,-3839.2,-3837.7,-3840.0,-3878.0,-3947.8,-4068.1,-4217.1,-4379.5,-4504.4,-4584.5,-4620.0,-4624.2,-4629.5,-4629.4,-4627.3,-4625.6,-4623.6,-4621.5,-4619.2,-4618.0,-4616.3,-4615.2,-4614.9,-4611.3,-4609.7,-4608.0,-4607.3,-4605.6,-4604.0,-4602.9,-4601.4,-4600.5,-4598.7,-4597.7,-4597.1,-4596.5,-4595.0,-4594.2,-4593.5,-4592.9,-4591.5,-4590.9,-4590.3,-4589.1,-4588.6,-4588.5,-4587.7,-4586.6,-4586.5,-4585.4,-4585.3,-4585.1,-4584.2,-4583.3,-4583.1,-4582.5,-4582.0,-4580.7,-4574.8,-4571.7,-4555.0,-4516.8,-4469.3,-4404.6,-4331.1,-4214.1,-4034.7,-3761.8,-3401.5,-3007.6,-2641.3,-2293.7,-1966.1,-1634.8,-1291.7,-982.9,-714.9,-513.2,-362.9,-229.7,-92.6,-1.1,63.3,98.9,36.5,-1.4,13.2,77.0,117.2,138.8,143.2,143.3,143.3,142.7,140.6,124.2,68.3,17.1,17.1,17.1,95.1,114.0,120.8,140.8,140.7,127.2,126.4,140.7,165.2,138.8,22.8,-136.1,-300.8,-444.2,-588.4,-762.4,-966.5,-1245.2,-1591.0,-1983.4,-2357.4,-2683.8,-2945.9,-3170.0,-3358.7,-3551.0,-3721.7,-3884.5,-4028.2,-4152.7,-4258.2,-4342.5,-4400.9,-4439.8,-4466.3,-4472.2,-4479.1,-4492.9,-4495.5,-4474.0,-4453.3,-4422.5,-4378.8,-4317.6,-4269.7,-4232.6,-4202.4,-4161.8,-4100.9,-4038.3,-3960.9,-3894.5,-3817.7,-3742.5,-3650.0,-3567.3,-3463.9,-3336.6,-3191.9,-3021.0,-2840.5,-2612.9,-2425.0,-2259.6,-2151.4,-2031.8,-1926.6,-1809.5,-1663.6,-1523.7,-1400.6,-1267.0,-1138.2,-1026.0,-911.3,-787.6,-651.3,-508.3,-364.1,-224.2,-98.7,11.7,105.5,116.1,104.5,87.0,28.7,62.9,70.3,96.8,102.8,115.7,117.6,119.2,107.2,112.8,117.8,127.1,119.9,128.5,130.0,131.8,134.5,137.1,139.3,140.5,140.7,139.8,138.3,135.2,133.6,132.5,130.7,129.5,127.7,120.0,118.4,131.7,131.6,121.6,132.1,132.0,43.6,44.9,103.6,133.9,137.2,141.1,145.6,149.3,152.3,153.3,152.3,153.8,152.9,152.4,151.1,149.8,147.3,144.7,141.7,135.7,130.0,132.6,-1.4,26.7,55.0,-1.9,62.1,-2.8,-4.1,-1.9,59.4,89.7,100.7,103.5,94.4,52.1,49.5,-6.1,-6.1,-5.6,-5.9,-4.4,-7.2,48.7,43.6,-9.9,16.1,90.9,140.8,135.1,150.8,136.7,158.2,159.6,161.1,162.1,163.2,165.4,167.5,170.2,171.8,173.1,174.3,171.1,171.0,152.3,146.3,148.4,142.4,108.3,111.4,146.3,161.6,162.5,162.6,163.8,164.5,163.1,161.4,157.0,142.1,135.2,136.5,80.3,80.3,82.2,133.4,137.7,142.4,144.6,146.3,148.2,146.9,143.9,134.5,121.6,120.0,118.1,124.5,130.1,137.1,143.9,148.2,145.0,137.1,89.2,-19.6,-17.0,62.3,127.5,153.6,164.8,167.6,170.9,169.8,173.6,173.8,173.6,179.7,178.9,180.2,176.8,177.2,176.1,172.5,168.8,165.3,156.4,159.5,158.3,146.5,140.1,135.5,23.3,-22.1,122.3,111.6,130.0,95.9,-23.2,100.2,131.3,136.7,141.6,144.8,134.2,154.6,160.8,165.3,165.4,159.9,133.3,90.1,123.0,158.1,166.5,166.5,162.1,155.6,149.3,141.0,116.6,126.0,141.4,145.0,143.6,138.8,135.4,135.0,134.6,129.3,129.7,132.1,130.7,129.9,93.5,-29.5,-29.4,-30.2,-28.0,-29.9,-29.3,-32.9,-31.3,98.0,40.6,-26.4,92.1,124.6,128.1,130.5,129.6,128.7,123.1,129.4,130.6,130.7,128.7,120.8,102.3,69.5,20.4,-25.5,23.2,60.4,89.7,98.3,79.9,47.2,19.3,-33.9,-93.3,-201.2,-359.2,-573.7,-861.2,-1203.4,-1589.7,-2048.9,-2428.8,-2851.2,-3256.6,-3623.4,-3943.0,-4194.7,-4367.0,-4460.2,-4494.5,-4500.9
-4475.6,-4323.7,-4159.5,-3975.3,-3818.4,-3667.8,-3571.5,-3509.7,-3495.1,-3493.6,-3491.5,-3489.2,-3487.9,-3485.6,-3485.4,-3481.1,-3480.3,-3477.2,-3474.4,-3472.5,-3471.1,-3468.8,-3470.3,-3515.1,-3594.0,-3732.8,-3919.4,-4135.8,-4320.4,-4467.5,-4557.6,-4604.8,-4621.2,-4627.4,-4627.2,-4627.1,-4625.5,-4623.3,-4621.2,-4619.8,-4618.2,-4617.2,-4616.6,-4614.0,-4611.5,-4610.2,-4608.9,-4608.2,-4606.4,-4604.9,-4603.7,-4602.6,-4600.8,-4599.8,-4599.0,-4597.4,-4596.1,-4595.4,-4594.9,-4593.6,-4592.7,-4591.5,-4590.9,-4590.2,-4590.6,-4589.2,-4588.2,-4587.8,-4586.8,-4586.1,-4585.7,-4585.6,-4585.3,-4584.6,-4584.1,-4584.1,-4582.5,-4579.6,-4579.6,-4572.4,-4557.1,-4519.9,-4467.9,-4384.1,-4294.7,-4194.2,-4086.7,-3931.6,-3708.5,-3395.3,-2997.2,-2578.3,-2204.4,-1856.1,-1542.5,-1225.9,-928.4,-662.5,-447.1,-289.3,-146.5,-20.9,62.5,114.4,125.4,88.8,12.0,12.9,115.6,138.2,141.4,140.2,139.7,120.3,54.4,63.5,62.7,35.6,17.1,20.9,17.1,17.1,51.7,128.4,140.8,144.1,128.4,148.3,165.2,166.6,59.3,-93.7,-250.4,-388.4,-537.2,-712.3,-898.7,-1104.9,-1335.3,-1643.9,-2013.5,-2413.8,-2788.9,-3103.8,-3348.6,-3554.2,-3722.8,-3882.3,-4020.2,-4142.2,-4233.6,-4307.9,-4366.2,-4405.7,-4439.4,-4457.3,-4466.1,-4465.2,-4494.9,-4457.8,-4437.1,-4408.3,-4356.8,-4288.8,-4208.5,-4112.5,-4047.9,-3998.5,-3954.7,-3898.5,-3821.1,-3743.6,-3647.6,-3567.5,-3477.2,-3388.7,-3283.6,-3192.4,-3079.0,-2937.6,-2786.9,-2605.6,-2416.3,-2185.6,-1997.9,-1836.5,-1739.5,-1609.0,-1514.5,-1400.6,-1267.6,-1139.5,-1029.4,-907.3,-797.5,-701.4,-604.5,-510.4,-402.1,-282.5,-144.8,-11.4,40.6,58.6,43.2,40.0,-0.9,-1.5,35.0,82.5,116.2,118.3,120.9,123.7,123.4,126.1,125.4,126.5,128.0,129.6,130.3,132.6,134.2,135.7,136.7,137.3,137.3,135.8,134.3,132.2,129.1,122.3,124.8,125.1,117.3,122.1,111.0,115.2,129.5,119.0,119.8,108.4,41.2,42.3,82.9,136.7,139.3,143.5,147.8,151.0,152.6,152.6,150.8,149.1,149.5,149.1,148.6,147.0,145.7,144.1,141.2,137.9,130.4,126.5,95.7,59.2,69.2,59.2,-4.2,-6.4,-2.4,-2.4,-3.7,-4.1,-3.2,-3.4,-3.7,-3.9,49.5,-5.5,-6.9,-4.7,-8.6,-6.7,-6.8,48.7,50.7,41.7,71.1,79.1,117.3,130.5,134.4,129.0,136.3,135.2,135.6,149.3,160.5,145.3,161.1,162.6,162.7,165.7,168.9,171.2,172.8,173.5,172.9,170.5,166.4,146.6,144.6,123.2,140.7,161.4,163.1,161.7,162.6,163.4,164.3,164.9,164.3,161.9,149.3,135.2,134.7,134.7,83.1,84.6,85.6,135.6,140.3,145.0,150.3,152.7,152.9,148.7,131.4,134.8,118.1,118.8,125.9,133.5,142.2,148.8,148.7,138.8,55.6,-17.8,-19.9,-18.8,85.1,91.3,132.1,166.0,165.6,166.2,172.4,172.2,172.1,176.9,177.2,179.5,181.8,179.6,177.4,173.0,168.8,165.8,157.2,165.1,165.2,155.9,154.4,148.8,142.6,-20.8,-23.1,89.2,131.7,91.6,-23.2,100.9,134.2,130.6,130.6,134.2,134.6,152.8,160.1,164.1,163.7,157.2,124.4,70.5,109.7,148.5,163.4,165.0,163.3,159.4,155.0,147.9,140.5,129.6,141.6,147.1,147.6,144.5,138.8,135.8,80.5,10.7,5.6,-28.0,93.9,93.5,76.3,-29.5,-28.3,-27.1,-28.0,-28.8,-27.7,-28.4,-27.1,37.5,30.9,37.5,94.6,124.6,125.2,130.4,130.3,123.1,123.1,126.6,129.2,131.3,130.0,125.1,119.6,100.9,64.3,-23.5,-22.3,18.7,50.3,58.0,30.7,17.5,-28.3,-71.9,-136.9,-234.4,-381.6,-579.4,-860.4,-1204.5,-1588.7,-2010.8,-2428.2,-2850.0,-3257.3,-3622.0,-3942.6,-4194.1,-4366.4,-4460.8,-4495.2,-4500.4
-4390.9,-4223.5,-4025.9,-3823.4,-3605.1,-3427.3,-3261.0,-3156.6,-3092.8,-3078.1,-3076.8,-3075.0,-3072.9,-3072.2,-3068.8,-3069.1,-3064.9,-3062.8,-3062.7,-3059.2,-3058.7,-3058.4,-3109.1,-3193.9,-3347.5,-3557.1,-3816.0,-4053.1,-4260.6,-4407.0,-4504.9,-4562.0,-4600.4,-4617.3,-4625.1,-4622.0,-4623.4,-4622.4,-4621.0,-4619.2,-4617.7,-4616.3,-4615.0,-4612.5,-4611.0,-4609.7,-4608.7,-4607.6,-4605.5,-4604.1,-4603.4,-4601.5,-4600.4,-4599.4,-4598.7,-4595.3,-4594.9,-4592.8,-4592.9,-4592.4,-4590.5,-4589.7,-4588.5,-4587.8,-4588.3,-4587.7,-4588.5,-4586.8,-4584.2,-4584.7,-4585.0,-4584.8,-4583.3,-4582.8,-4582.2,-4581.8,-4579.9,-4577.0,-4568.3,-4550.1,-4519.4,-4470.1,-4387.4,-4291.5,-4159.9,-4039.0,-3906.3,-3773.3,-3587.6,-3332.7,-2987.4,-2570.4,-2143.6,-1770.7,-1438.8,-1145.8,-866.7,-617.2,-403.4,-219.4,-59.8,41.2,111.7,147.7,143.2,115.2,58.6,96.6,124.9,141.7,140.9,138.2,129.5,120.3,21.6,17.1,17.1,17.1,17.1,47.9,63.7,17.1,46.4,136.0,144.8,146.6,146.8,164.5,187.4,119.8,-32.7,-203.9,-348.8,-484.8,-637.6,-829.4,-1044.4,-1263.5,-1490.1,-1742.6,-2066.9,-2447.3,-2841.9,-3199.4,-3494.0,-3714.8,-3876.4,-3988.4,-4087.9,-4170.9,-4241.5,-4305.5,-4348.2,-4377.3,-4387.3,-4392.2,-4394.5,-4393.5,-4415.2,-4380.4,-4361.7,-4315.5,-4253.8,-4172.1,-4069.1,-3958.3,-3835.2,-3753.9,-3696.0,-3643.7,-3572.5,-3479.4,-3390.5,-3282.6,-3193.0,-3092.3,-2996.1,-2880.1,-2783.3,-2664.5,-2516.7,-2358.3,-2175.2,-1987.0,-1760.1,-1586.8,-1427.6,-1326.8,-1220.0,-1131.2,-1027.8,-908.7,-800.7,-701.2,-602.9,-514.4,-441.5,-367.7,-294.6,-207.4,-102.9,24.0,7.0,3.2,-10.1,-4.0,-4.2,-9.9,57.8,88.1,119.7,122.9,124.9,125.7,126.9,127.9,128.2,129.6,130.7,132.3,133.8,134.2,134.1,133.3,132.0,131.1,130.4,128.8,127.1,125.0,119.0,109.1,109.6,96.8,112.3,106.2,108.6,105.5,125.1,112.2,36.1,37.1,42.0,134.1,138.1,141.0,144.6,146.7,148.8,149.4,148.8,147.5,146.2,145.3,145.8,145.4,144.3,143.8,129.4,140.4,138.5,133.9,127.0,129.1,92.6,50.0,59.2,50.0,14.2,14.3,35.5,76.4,85.0,86.9,-5.1,30.7,70.4,78.9,79.1,99.9,-5.8,-7.0,-6.0,-6.7,-8.6,-7.7,48.7,43.6,65.6,100.6,107.5,113.0,116.4,108.5,120.4,130.6,135.2,152.9,156.6,142.7,147.4,145.5,145.4,161.4,163.9,166.6,169.7,171.4,173.4,175.2,171.9,167.1,164.2,162.3,145.2,144.3,156.1,159.9,162.4,162.8,163.1,164.2,165.9,167.2,166.4,162.2,147.8,139.4,138.2,103.5,86.8,88.5,118.2,129.6,147.9,155.3,159.1,147.7,142.7,135.3,130.4,129.1,120.7,124.6,140.3,149.2,152.0,141.3,92.9,-19.8,-20.0,32.2,-18.7,-16.0,53.0,41.7,108.9,148.0,159.9,169.9,168.8,169.7,173.6,177.6,180.8,178.3,175.8,170.7,160.0,157.9,166.6,166.3,167.0,161.9,154.2,152.5,147.2,103.3,-20.6,-21.2,108.6,82.7,-23.1,102.2,134.8,130.6,130.6,133.4,145.4,153.5,159.8,162.7,161.8,146.1,122.8,66.9,107.8,145.2,156.5,163.4,162.7,162.5,159.7,153.8,147.1,130.6,130.1,147.9,150.9,151.1,147.3,141.5,108.3,54.8,55.0,50.3,62.8,63.4,62.9,61.2,60.5,58.9,38.4,-26.0,-25.7,-25.4,-26.2,-28.0,37.5,33.4,92.5,125.1,126.9,131.7,134.0,132.4,128.2,123.1,127.5,129.6,127.6,109.3,94.5,92.8,79.9,40.3,-5.9,-22.3,10.4,10.9,-22.1,-40.2,-77.1,-135.4,-202.1,-307.0,-419.7,-609.9,-866.1,-1207.4,-1588.5,-2008.6,-2427.0,-2849.0,-3255.3,-3621.7,-3940.0,-4192.8,-4367.1,-4461.4,-4494.8,-4500.0
-4282.9,-4110.3,-3897.1,-3661.5,-3431.1,-3192.4,-2999.7,-2823.1,-2716.4,-2651.8,-2637.4,-2636.4,-2634.8,-2633.0,-2631.5,-2629.7,-2628.6,-2626.2,-2624.5,-2623.0,-2625.5,-2674.0,-2761.7,-2923.7,-3153.9,-3442.8,-3721.0,-3976.6,-4169.6,-4315.1,-4416.1,-4503.6,-4556.8,-4588.3,-4609.4,-4616.6,-4620.3,-4619.0,-4618.8,-4617.0,-4615.0,-4613.6,-4611.7,-4610.2,-4609.0,-4606.4,-4605.6,-4604.7,-4603.7,-4604.0,-4601.5,-4599.7,-4598.0,-4597.5,-4596.1,-4591.2,-4583.2,-4571.5,-4569.1,-4567.7,-4568.2,-4569.4,-4566.7,-4565.9,-4565.6,-4565.9,-4564.4,-4562.8,-4561.2,-4561.8,-4561.2,-4560.6,-4560.4,-4558.9,-4560.7,-4559.7,-4555.5,-4549.3,-4529.2,-4497.8,-4449.7,-4383.1,-4293.7,-4162.1,-4030.4,-3864.9,-3711.0,-3556.8,-3401.6,-3196.3,-2918.9,-2558.2,-2132.8,-1713.1,-1358.0,-1053.2,-798.1,-566.5,-364.4,-167.2,7.6,101.0,154.5,150.7,145.7,138.5,94.2,98.5,139.2,142.2,141.7,138.2,129.5,124.4,86.4,23.7,23.3,90.6,123.6,115.2,69.7,17.1,112.1,140.2,147.6,147.3,165.0,199.4,188.8,66.6,-127.0,-301.8,-444.8,-590.4,-762.7,-955.2,-1183.7,-1427.4,-1661.6,-1907.1,-2172.6,-2499.2,-2869.7,-3248.6,-3580.8,-3824.3,-3948.2,-4007.4,-4089.3,-4147.8,-4195.3,-4220.4,-4236.5,-4244.1,-4245.4,-4244.1,-4244.2,-4242.7,-4266.4,-4236.7,-4217.4,-4172.9,-4105.8,-4016.5,-3907.8,-3775.5,-3639.6,-3492.7,-3404.3,-3338.2,-3276.0,-3195.6,-3093.9,-2997.6,-2886.5,-2786.7,-2679.2,-2579.5,-2459.2,-2357.0,-2237.1,-2089.2,-1929.5,-1750.3,-1571.8,-1357.6,-1194.8,-1048.3,-964.3,-873.5,-790.2,-701.8,-603.1,-516.6,-440.3,-367.2,-300.7,-243.8,-185.1,-128.3,-69.1,23.0,24.0,-8.7,-6.4,26.8,-7.0,29.4,77.0,102.3,124.5,126.6,126.9,127.8,128.8,129.9,130.9,132.4,133.0,133.1,132.2,130.9,128.9,127.5,125.6,124.1,123.3,122.4,120.7,120.8,114.2,70.0,70.6,84.7,27.5,66.6,85.0,1.6,3.9,32.6,33.4,131.4,134.2,137.3,140.3,142.5,142.9,143.9,144.8,144.5,144.5,144.0,142.9,141.7,132.3,140.3,141.8,139.9,121.6,120.7,135.3,124.6,123.7,122.8,68.0,-3.9,-4.0,124.9,123.1,120.5,111.1,117.3,116.4,123.2,123.6,110.4,112.0,115.1,115.9,115.6,108.1,119.0,-7.1,-10.3,-13.6,-8.4,-9.8,-10.0,-9.4,-10.6,-12.6,-8.8,-6.4,9.7,34.0,135.5,140.9,144.8,149.8,138.9,145.4,145.4,148.5,158.5,158.5,162.0,164.5,167.1,169.6,172.9,175.0,173.8,170.2,167.9,164.7,145.9,145.1,161.3,160.9,159.6,163.3,164.2,164.9,167.0,168.2,169.0,166.6,160.1,143.2,134.1,135.2,88.8,89.0,105.7,135.1,142.7,159.6,163.1,162.4,159.5,133.6,139.4,136.9,124.5,125.3,149.5,151.8,144.8,94.3,-17.7,32.2,21.6,32.2,-16.8,-17.7,-16.7,6.3,105.4,115.8,150.9,165.6,169.5,173.0,177.0,179.5,177.6,173.8,168.5,168.7,168.8,169.0,168.3,165.5,163.0,154.5,150.4,148.7,103.8,63.6,-21.1,105.8,65.1,-23.0,102.8,135.4,134.3,130.6,135.5,147.3,154.9,159.4,161.0,159.1,146.0,102.5,6.6,81.0,137.1,157.7,160.0,162.1,165.0,164.4,159.5,153.7,149.0,133.3,149.1,153.9,156.3,155.7,151.9,146.3,142.8,144.1,139.2,133.4,132.6,131.1,130.8,130.4,130.0,129.5,98.6,105.5,53.8,7.9,-25.0,88.4,-23.4,95.0,124.5,128.4,135.3,137.9,137.7,133.5,128.7,118.7,126.6,111.3,30.1,-2.8,-3.1,46.8,57.5,17.7,24.5,-22.4,-26.8,-50.1,-80.6,-137.5,-204.0,-294.2,-392.0,-507.9,-665.0,-902.5,-1210.3,-1588.7,-2014.9,-2426.0,-2848.6,-3252.6,-3621.6,-3939.7,-4192.4,-4366.7,-4460.0,-4494.3,-4499.8
-4163.3,-3969.7,-3762.0,-3514.6,-3254.1,-3002.5,-2749.9,-2551.7,-2372.4,-2266.1,-2202.9,-2189.2,-2188.5,-2187.1,-2185.6,-2184.0,-2183.5,-2181.7,-2179.5,-2182.4,-2229.8,-2316.5,-2483.7,-2720.6,-3029.6,-3333.0,-3626.0,-3856.7,-4043.7,-4182.8,-4314.9,-4410.6,-4480.3,-4531.4,-4566.4,-4585.6,-4593.0,-4595.8,-4595.7,-4592.4,-4591.8,-4592.0,-4589.4,-4586.6,-4584.6,-4584.0,-4583.2,-4580.8,-4581.2,-4578.5,-4577.3,-4576.1,-4575.1,-4573.9,-4570.7,-4562.8,-4544.3,-4520.8,-4498.9,-4492.6,-4493.1,-4491.5,-4491.8,-4488.1,-4488.6,-4488.0,-4488.4,-4487.9,-4486.2,-4485.8,-4485.6,-4485.0,-4484.8,-4484.1,-4484.7,-4483.8,-4481.3,-4472.2,-4448.5,-4406.2,-4341.7,-4266.0,-4159.0,-4036.8,-3863.9,-3703.6,-3504.0,-3332.9,-3160.6,-2992.6,-2774.6,-2486.9,-2121.3,-1704.5,-1310.0,-983.3,-718.5,-509.8,-322.7,-131.0,25.7,133.9,157.1,152.7,148.1,128.8,95.6,99.8,116.8,142.7,141.7,138.1,136.5,118.5,108.8,111.6,106.6,120.1,138.3,104.5,79.4,17.1,117.3,143.0,147.0,159.6,192.8,232.9,140.7,-26.6,-212.0,-379.1,-537.9,-712.2,-898.0,-1105.9,-1327.7,-1580.1,-1839.1,-2086.7,-2340.2,-2606.2,-2927.5,-3276.6,-3616.5,-3851.5,-3951.3,-3986.9,-3990.2,-3998.6,-4006.2,-4012.2,-4014.2,-4014.5,-4013.1,-4012.2,-4010.4,-4009.0,-4008.8,-4008.1,-4000.4,-3967.0,-3909.0,-3821.9,-3710.4,-3579.6,-3424.8,-3267.9,-3108.9,-3011.0,-2941.5,-2874.8,-2787.1,-2679.6,-2579.4,-2458.5,-2358.1,-2249.6,-2150.4,-2029.9,-1933.6,-1811.8,-1667.2,-1516.6,-1347.3,-1179.3,-987.0,-840.2,-722.1,-652.0,-569.7,-508.5,-440.8,-366.2,-300.7,-245.4,-187.8,-136.4,62.4,60.4,56.6,46.1,-15.6,-3.6,26.8,12.0,40.2,85.0,119.8,126.2,127.6,128.9,129.1,129.5,129.7,130.2,130.6,129.7,129.2,128.2,126.5,124.2,122.1,120.7,119.5,108.2,108.7,118.4,119.1,118.7,118.7,56.8,38.7,-6.3,-7.4,-6.3,-6.2,2.6,107.3,127.3,130.7,132.9,135.1,135.6,137.0,137.8,138.0,139.5,140.4,139.7,141.9,142.2,139.5,139.9,127.7,130.9,130.1,136.1,121.2,120.3,133.9,133.7,124.6,33.8,-4.7,-4.6,125.5,126.8,125.6,125.7,126.3,126.8,126.0,126.3,126.8,128.4,128.9,129.3,130.1,129.3,119.7,121.5,117.4,101.9,92.6,119.5,89.7,35.0,-10.1,-12.5,-13.8,-12.3,-11.3,-8.0,45.4,64.6,75.3,123.4,125.7,132.1,145.4,156.4,159.8,160.7,163.1,158.7,162.0,162.3,165.0,169.0,172.4,173.6,174.1,173.7,170.2,166.6,145.6,147.3,147.9,162.4,163.4,164.8,164.1,165.5,166.8,169.6,171.2,168.7,162.9,148.2,134.9,117.1,124.7,106.0,107.7,135.2,156.4,164.3,165.7,165.2,162.2,155.8,137.6,127.5,128.3,148.7,154.8,132.8,90.2,-17.7,60.0,90.4,96.6,68.4,-18.1,-17.9,-16.9,76.0,116.3,164.8,168.2,171.5,175.5,176.8,178.1,176.3,172.7,170.6,169.7,172.3,173.1,171.4,167.7,155.3,143.6,151.9,148.3,121.8,63.7,-24.2,105.7,55.7,-24.0,82.9,118.8,120.1,139.9,144.2,149.6,154.4,157.9,158.4,157.0,146.9,113.7,-27.7,19.6,81.4,129.6,157.3,162.5,167.1,167.7,164.9,159.9,153.8,135.7,135.5,154.2,158.9,160.8,159.2,155.6,152.1,148.7,147.1,146.4,144.0,141.2,131.2,130.9,130.6,130.2,127.7,126.4,135.5,116.6,121.1,121.0,88.4,131.0,96.2,118.4,138.5,142.0,141.5,137.1,130.7,118.9,118.7,84.1,-21.3,-20.1,-21.0,-19.8,21.2,10.4,25.9,-28.3,-34.7,-78.3,-135.5,-202.4,-294.1,-382.5,-500.0,-618.1,-800.6,-978.2,-1256.3,-1598.3,-2006.6,-2426.0,-2849.1,-3251.9,-3621.1,-3940.3,-4192.3,-4366.3,-4459.7,-4494.0,-4499.9
-4034.7,-3825.8,-3598.8,-3361.7,-3094.0,-2815.2,-2554.2,-2297.4,-2099.8,-1924.1,-1821.9,-1762.4,-1749.8,-1749.2,-1748.1,-1746.8,-1745.8,-1744.4,-1746.1,-1791.4,-1875.1,-2040.0,-2276.9,-2593.1,-2914.2,-3228.5,-3487.7,-3706.8,-3874.5,-4043.5,-4176.4,-4281.7,-4369.0,-4435.0,-4481.8,-4506.0,-4516.7,-4518.9,-4517.8,-4517.0,-4515.4,-4512.5,-4512.6,-4509.8,-4508.4,-4506.7,-4505.7,-4503.9,-4503.2,-4501.9,-4500.6,-4501.2,-4498.6,-4498.5,-4496.7,-4484.9,-4461.4,-4420.6,-4377.2,-4343.2,-4335.3,-4338.4,-4338.1,-4335.0,-4332.7,-4363.1,-4331.4,-4330.9,-4330.6,-4330.4,-4330.0,-4330.3,-4329.4,-4330.2,-4330.8,-4329.3,-4328.1,-4323.5,-4302.5,-4262.0,-4196.0,-4102.3,-3989.6,-3857.4,-3705.5,-3506.1,-3322.4,-3105.1,-2921.0,-2737.8,-2561.1,-2338.0,-2050.3,-1695.7,-1302.7,-940.8,-662.5,-448.2,-278.5,-93.6,43.9,136.2,158.8,155.5,143.4,131.3,101.9,118.0,137.0,141.5,141.2,139.0,121.2,118.7,126.3,141.2,144.1,148.3,134.6,107.8,17.1,17.1,119.8,145.6,149.8,174.0,220.8,178.7,41.1,-131.5,-297.1,-452.9,-631.5,-832.4,-1044.9,-1260.2,-1493.1,-1735.4,-2000.5,-2272.7,-2523.3,-2772.6,-3030.1,-3329.8,-3620.9,-3841.6,-3914.4,-3911.9,-3838.9,-3771.6,-3724.1,-3714.6,-3714.9,-3711.1,-3710.5,-3708.8,-3706.8,-3705.8,-3709.3,-3705.4,-3703.5,-3694.7,-3650.5,-3581.5,-3479.5,-3349.8,-3202.0,-3031.0,-2861.2,-2694.5,-2594.4,-2520.7,-2448.5,-2362.1,-2252.9,-2153.7,-2032.5,-1930.8,-1825.1,-1729.1,-1611.2,-1516.0,-1404.2,-1269.5,-1130.4,-977.6,-832.2,-667.6,-548.1,-460.7,-400.0,-341.3,-295.0,-243.1,-186.6,-137.9,64.3,64.0,61.3,57.2,51.9,46.2,46.1,-7.3,-2.7,22.2,67.3,100.8,115.5,125.3,128.4,129.1,129.5,129.0,127.9,126.6,125.1,124.2,122.4,120.6,118.6,117.1,115.6,113.6,82.2,88.4,109.0,114.1,119.3,117.6,69.5,27.5,-9.0,-9.0,92.4,99.8,111.8,124.3,128.6,129.8,130.8,131.5,131.7,131.5,133.4,128.4,136.5,136.0,137.2,134.7,140.6,140.7,137.8,136.6,128.1,127.4,126.7,132.6,82.6,127.2,133.6,131.2,131.2,32.2,-6.4,128.5,126.8,126.8,130.5,117.8,131.2,132.0,132.3,132.7,132.1,132.3,131.5,131.7,129.3,128.2,130.3,124.7,127.1,127.1,129.3,130.8,115.0,98.3,95.7,103.6,-14.4,-13.5,-13.1,-13.1,-13.2,-12.6,-6.8,37.4,108.8,146.0,149.7,154.4,157.5,159.8,161.9,164.0,164.8,162.9,165.1,166.1,167.6,169.4,167.2,161.2,163.7,170.6,167.9,163.3,148.8,151.4,151.4,157.4,157.4,162.2,167.3,167.8,170.9,172.0,170.0,165.2,147.8,150.0,146.9,107.3,107.7,117.6,142.3,163.5,167.2,167.6,168.7,142.6,138.0,128.5,128.0,135.4,157.8,146.2,14.2,-16.9,68.4,141.0,149.9,112.7,100.4,-5.0,-19.5,-16.8,117.7,164.2,168.6,173.3,176.9,177.1,177.9,174.4,173.3,170.6,172.2,174.8,176.0,173.2,168.3,162.0,155.8,143.6,147.5,121.6,61.7,-20.9,108.8,21.1,44.3,42.9,15.7,112.1,143.3,148.4,152.2,152.7,154.9,153.5,151.6,148.6,127.3,-26.1,-27.7,103.9,131.5,158.3,163.2,167.4,167.9,166.0,162.0,157.0,152.7,136.4,136.1,154.4,157.1,157.7,156.9,155.5,154.7,153.8,153.6,151.9,148.5,132.8,134.7,145.5,145.6,143.9,142.3,139.4,137.1,84.4,57.7,68.8,86.3,68.8,73.6,139.3,145.1,146.1,141.6,134.9,131.8,131.5,129.9,99.0,77.4,52.3,31.5,-18.9,25.9,24.5,-45.6,-57.6,-91.6,-200.6,-291.0,-381.6,-496.7,-618.4,-767.4,-919.9,-1111.7,-1344.5,-1650.6,-2012.1,-2427.1,-2847.7,-3254.1,-3620.7,-3939.6,-4193.9,-4369.2,-4459.3,-4494.6,-4499.1
-3952.6,-3673.6,-3433.9,-3182.3,-2929.7,-2647.9,-2363.4,-2102.0,-1850.1,-1659.9,-1494.1,-1399.8,-1346.2,-1335.2,-1334.8,-1333.8,-1332.6,-1334.5,-1374.9,-1452.3,-1605.5,-1835.2,-2149.0,-2471.9,-2800.8,-3077.0,-3317.0,-3508.0,-3703.7,-3870.3,-4002.5,-4118.1,-4214.1,-4286.1,-4332.8,-4357.0,-4362.6,-4363.6,-4363.0,-4360.2,-4358.2,-4356.5,-4356.3,-4353.1,-4351.2,-4349.9,-4348.8,-4348.8,-4346.5,-4344.9,-4345.2,-4342.7,-4341.7,-4342.2,-4342.5,-4336.4,-4313.6,-4271.1,-4207.1,-4149.5,-4104.4,-4094.1,-4097.3,-4093.8,-4093.3,-4094.8,-4092.4,-4091.6,-4091.4,-4090.2,-4089.8,-4090.3,-4091.2,-4090.9,-4089.2,-4088.9,-4089.2,-4089.2,-4083.0,-4047.4,-3989.9,-3901.3,-3788.6,-3653.7,-3498.2,-3327.2,-3106.1,-2908.7,-2674.6,-2483.3,-2297.9,-2120.1,-1898.2,-1620.8,-1288.5,-933.3,-631.7,-402.4,-218.1,-43.9,77.6,143.3,160.2,156.3,142.9,128.4,110.7,123.2,138.3,141.3,140.8,121.2,121.6,119.8,141.7,144.0,146.7,147.5,131.3,91.9,17.1,62.2,129.4,147.1,161.6,196.8,221.3,89.1,-84.6,-249.3,-389.0,-536.5,-723.0,-947.3,-1184.4,-1426.2,-1664.0,-1912.8,-2163.2,-2433.5,-2706.7,-2955.9,-3186.4,-3392.3,-3604.6,-3775.4,-3805.8,-3775.3,-3657.9,-3513.9,-3421.4,-3364.2,-3353.3,-3352.9,-3353.4,-3350.7,-3350.4,-3349.5,-3349.7,-3348.5,-3348.0,-3346.6,-3336.1,-3286.5,-3204.9,-3092.4,-2950.6,-2794.5,-2612.9,-2436.9,-2268.5,-2166.0,-2094.3,-2020.5,-1933.1,-1825.9,-1729.8,-1613.2,-1518.6,-1416.9,-1328.7,-1218.5,-1131.1,-1030.0,-912.3,-788.7,-659.9,-543.6,-414.7,-325.6,-254.4,-210.2,-169.8,-136.0,66.2,66.1,64.4,61.3,56.9,51.8,46.6,46.1,40.0,-11.4,-2.8,1.6,58.7,87.9,95.0,118.5,124.4,126.5,125.8,123.7,122.1,119.4,118.0,116.6,115.4,113.4,95.5,98.1,77.6,78.2,79.9,108.9,119.2,119.6,119.4,112.7,91.8,11.8,-8.5,64.1,90.9,121.4,119.4,128.1,128.1,128.6,127.9,121.0,122.7,129.6,131.9,131.8,128.4,135.6,131.6,134.8,137.7,118.3,131.1,130.7,128.4,127.8,127.1,87.1,31.3,109.9,129.7,127.8,130.0,129.0,-5.8,128.4,130.6,128.4,129.9,117.8,132.9,132.2,132.5,132.4,131.2,131.4,130.7,130.3,129.5,129.1,125.4,127.1,128.7,127.7,130.6,133.2,135.7,140.2,131.0,103.3,81.8,60.7,65.5,104.7,132.0,116.0,116.7,119.7,132.5,132.5,147.6,151.2,154.3,156.3,159.6,163.0,165.4,166.5,166.8,166.1,165.2,152.4,152.4,154.3,161.4,173.9,172.3,168.7,164.8,152.6,151.7,160.3,157.4,157.4,165.0,165.4,168.3,170.3,171.2,168.5,164.4,159.0,139.0,135.8,149.2,119.3,133.7,159.9,171.2,167.9,175.6,170.8,154.8,150.0,135.2,136.0,158.7,128.9,85.8,-18.0,54.7,152.3,163.1,166.7,136.3,118.4,39.9,22.3,104.3,166.1,168.4,172.0,175.0,175.6,175.9,170.9,170.6,173.7,174.5,176.0,175.8,172.0,167.0,160.7,153.6,139.9,139.8,118.7,63.4,81.5,108.7,81.5,-22.5,44.3,-22.2,82.2,148.0,151.5,153.2,152.0,148.7,147.1,147.6,146.1,125.7,71.2,-27.4,102.3,151.1,158.3,162.7,165.3,165.5,163.5,161.6,157.1,154.0,151.4,136.1,142.0,143.7,151.9,151.7,151.5,152.8,154.5,155.6,154.8,152.0,149.5,148.0,149.6,148.5,146.5,143.9,140.3,138.5,57.7,92.9,-21.8,68.8,57.4,102.8,138.9,145.7,149.2,146.4,140.6,137.4,136.7,136.0,128.0,103.7,62.6,20.3,31.5,-28.4,-48.8,-75.5,-131.6,-146.8,-274.3,-380.2,-495.4,-619.5,-770.7,-921.3,-1103.4,-1279.2,-1496.0,-1745.8,-2067.2,-2438.9,-2846.9,-3282.1,-3620.7,-3941.4,-4191.4,-4368.4,-4459.9,-4494.2,-4499.6
-3899.1,-3580.3,-3267.1,-3005.9,-2740.2,-2479.5,-2195.4,-1914.6,-1661.9,-1423.9,-1248.3,-1098.8,-1016.0,-970.5,-961.8,-961.3,-962.7,-996.8,-1064.2,-1202.0,-1414.6,-1713.4,-2028.6,-2359.3,-2641.4,-2895.1,-3098.9,-3316.4,-3499.2,-3659.8,-3799.1,-3915.4,-4010.2,-4074.5,-4113.4,-4123.3,-4122.5,-4120.3,-4120.8,-4119.3,-4117.8,-4115.3,-4113.2,-4116.4,-4121.0,-4110.7,-4108.1,-4107.2,-4105.7,-4105.0,-4103.2,-4102.8,-4102.7,-4102.0,-4103.0,-4100.9,-4093.1,-4056.8,-4006.5,-3917.2,-3846.5,-3801.5,-3783.1,-3783.2,-3782.1,-3783.5,-3781.2,-3780.7,-3780.4,-3780.0,-3779.7,-3779.7,-3779.2,-3779.2,-3777.7,-3778.7,-3778.3,-3778.3,-3777.6,-3770.2,-3727.9,-3654.6,-3549.7,-3418.4,-3268.8,-3095.9,-2918.9,-2702.3,-2471.2,-2234.8,-2042.9,-1859.2,-1690.4,-1479.2,-1219.8,-927.3,-622.8,-369.1,-167.9,10.0,110.2,162.1,161.5,157.9,152.6,143.4,114.9,136.3,138.2,141.9,141.3,121.2,138.8,139.4,143.0,147.2,148.6,148.6,114.0,47.8,17.1,39.3,143.2,150.3,174.1,221.2,189.7,11.1,-195.6,-347.2,-485.4,-638.8,-829.9,-1057.5,-1316.5,-1581.8,-1843.0,-2092.5,-2347.7,-2597.2,-2864.4,-3099.0,-3283.2,-3417.3,-3564.3,-3630.0,-3630.2,-3585.8,-3445.4,-3286.1,-3126.7,-3028.4,-2967.9,-2955.3,-2954.6,-2955.2,-2953.9,-2952.9,-2954.0,-2954.0,-2952.5,-2950.9,-2948.8,-2939.2,-2880.3,-2796.2,-2674.8,-2527.1,-2366.5,-2182.9,-2008.2,-1842.3,-1742.9,-1675.3,-1603.0,-1520.9,-1418.6,-1326.9,-1220.4,-1133.5,-1041.9,-962.0,-866.7,-791.9,-703.6,-604.8,-509.0,-410.6,-319.6,-222.3,-148.9,-100.7,-76.2,65.8,65.5,63.7,60.4,56.0,51.1,46.6,-15.7,-3.6,-6.3,-6.5,-4.2,1.7,58.4,86.9,106.6,113.4,119.3,120.1,118.5,117.1,115.5,112.9,112.1,111.2,96.2,94.2,86.4,85.6,76.7,77.5,104.1,114.3,119.4,120.7,117.9,105.0,90.6,-6.6,-11.1,58.2,81.2,108.1,117.1,123.2,108.9,112.8,120.3,128.1,130.6,130.1,130.3,132.3,128.4,111.4,128.5,123.1,99.9,57.1,87.8,97.0,128.6,122.2,95.0,31.3,71.7,102.6,127.7,127.9,126.1,126.1,1.2,125.9,127.2,125.6,129.0,116.7,116.7,129.4,128.9,129.2,128.6,128.3,128.0,127.7,127.7,127.5,127.3,124.7,128.0,131.0,129.8,135.9,138.3,138.8,135.6,141.1,127.7,129.1,134.7,133.7,139.4,136.9,139.4,141.3,144.5,146.6,147.7,147.6,147.6,154.3,158.2,161.8,164.7,166.0,167.2,166.9,165.2,164.7,152.4,163.5,168.0,171.8,173.6,171.5,169.1,165.4,153.7,159.1,162.4,166.4,168.1,167.6,166.3,167.2,171.2,172.6,170.5,164.4,161.3,158.9,155.1,122.2,122.4,150.2,169.4,177.2,179.6,175.5,169.5,150.2,137.2,137.8,157.2,144.4,31.2,-17.9,112.1,160.7,165.7,167.1,169.0,151.9,133.1,130.5,131.8,157.2,167.0,168.8,169.8,172.5,174.8,172.3,171.2,171.3,175.9,175.1,172.8,169.4,164.5,157.7,149.4,136.5,134.2,109.3,57.6,67.1,113.3,67.1,-24.4,-23.4,62.3,101.1,149.7,151.3,149.9,145.8,129.7,130.0,134.3,143.0,116.0,65.2,-26.9,116.2,146.5,155.9,159.9,161.6,161.6,160.4,159.6,158.8,155.7,153.7,152.6,152.5,151.6,151.4,151.5,152.6,151.6,153.4,155.4,155.5,154.2,152.3,151.1,150.4,148.1,147.9,145.7,143.7,143.0,135.0,128.9,92.9,-19.8,78.5,129.2,139.6,145.4,147.6,147.3,144.8,140.8,138.8,135.0,106.6,84.0,32.7,31.5,-40.4,-46.1,-73.1,-141.1,-201.3,-288.2,-378.7,-492.5,-618.3,-768.0,-924.4,-1099.9,-1278.3,-1481.4,-1680.0,-1904.8,-2167.4,-2494.9,-2875.5,-3281.3,-3619.7,-3939.1,-4191.9,-4365.9,-4459.5,-4493.8,-4498.9
-3878.7,-3521.5,-3164.1,-2828.4,-2556.1,-2287.5,-2028.4,-1751.8,-1484.8,-1250.1,-1035.2,-881.0,-754.0,-686.7,-651.8,-646.8,-673.2,-727.0,-843.4,-1030.1,-1302.5,-1598.2,-1916.2,-2196.1,-2453.2,-2663.1,-2893.2,-3092.3,-3266.7,-3422.4,-3557.2,-3669.2,-3745.8,-3796.4,-3810.5,-3811.0,-3808.5,-3807.8,-3806.6,-3806.2,-3803.8,-3804.1,-3800.1,-3800.0,-3803.0,-3797.8,-3796.4,-3794.1,-3794.1,-3793.5,-3791.5,-3790.4,-3789.6,-3791.4,-3788.9,-3789.3,-3787.3,-3777.5,-3733.4,-3661.8,-3566.7,-3486.5,-3426.7,-3415.5,-3418.1,-3417.8,-3413.1,-3412.8,-3413.5,-3412.2,-3414.0,-3414.1,-3414.5,-3412.8,-3413.8,-3412.2,-3410.8,-3412.8,-3411.7,-3412.9,-3401.5,-3349.8,-3270.0,-3154.1,-3009.7,-2855.6,-2669.4,-2473.0,-2237.5,-2035.3,-1808.8,-1614.7,-1440.9,-1280.2,-1087.9,-860.3,-612.1,-363.7,-137.4,28.6,136.5,163.8,162.3,158.5,153.3,144.1,118.2,137.5,139.6,143.7,142.7,124.1,141.9,142.3,145.0,149.3,148.1,127.0,93.8,17.1,17.1,35.1,137.8,155.3,190.8,247.2,154.8,-58.5,-264.4,-436.5,-592.3,-764.4,-958.2,-1184.1,-1441.1,-1722.6,-1993.7,-2270.8,-2516.7,-2764.1,-2983.5,-3153.8,-3288.2,-3401.5,-3443.3,-3443.6,-3412.6,-3312.5,-3209.0,-3050.3,-2877.9,-2708.6,-2609.4,-2548.0,-2533.5,-2534.7,-2534.6,-2532.2,-2533.8,-2533.9,-2530.9,-2530.9,-2532.0,-2530.0,-2516.5,-2457.3,-2368.4,-2245.5,-2097.0,-1937.3,-1756.4,-1587.0,-1428.4,-1339.5,-1279.8,-1211.1,-1133.3,-1041.7,-963.8,-868.3,-791.9,-713.5,-648.5,-572.6,-510.7,-443.2,-367.6,-292.6,-206.7,-141.3,-75.9,-34.3,62.0,-9.1,60.2,-7.6,47.7,49.0,47.7,-15.9,-15.5,-1.8,-5.3,-36.0,13.6,59.4,86.4,106.8,108.1,112.1,115.2,113.8,112.2,101.4,111.0,97.1,97.3,95.1,95.0,110.0,107.6,77.2,75.8,76.7,85.7,100.3,117.8,119.8,117.2,94.4,63.3,-7.4,-7.4,-6.8,10.2,69.5,98.4,95.2,97.2,125.3,127.1,126.9,127.3,122.2,124.0,122.4,112.3,102.1,45.9,50.9,-6.9,-6.5,27.4,91.6,128.9,108.2,7.7,-10.6,87.5,119.4,125.4,127.2,125.4,126.7,63.5,122.1,123.2,124.3,124.8,117.4,116.7,126.3,126.5,126.9,106.0,110.6,113.4,114.2,115.6,117.0,117.9,126.6,131.7,135.0,136.3,138.8,140.6,143.6,144.9,145.1,144.9,146.5,145.0,143.7,142.6,142.1,142.5,144.7,147.9,150.0,150.2,149.2,150.1,154.0,156.5,159.4,162.9,164.6,165.7,165.8,165.2,164.1,150.6,149.8,162.9,166.2,170.1,172.6,172.2,170.7,166.2,164.2,164.2,166.0,168.1,169.8,167.7,167.3,171.8,173.6,173.9,169.8,167.5,164.7,147.5,136.9,123.4,132.5,168.9,179.3,184.9,182.0,175.5,155.2,150.1,138.0,158.8,144.9,105.2,-16.0,127.0,164.6,167.7,168.3,167.1,163.8,157.7,134.6,138.9,156.5,157.7,158.7,170.1,170.4,172.5,170.8,170.0,168.8,168.6,172.9,170.1,165.8,160.1,153.2,145.3,136.7,136.6,117.3,62.0,-25.9,84.1,-22.1,-24.4,46.8,97.1,125.8,150.3,148.3,143.8,138.6,129.1,129.4,140.5,140.7,121.6,57.9,-25.7,111.8,142.8,150.8,154.7,156.4,156.7,156.5,155.5,155.5,155.6,155.3,155.2,155.3,153.9,152.6,151.4,150.5,150.4,151.7,153.8,154.5,153.7,152.3,150.2,132.6,132.7,145.1,144.4,142.7,140.7,137.5,92.9,-22.3,71.4,120.4,131.1,139.3,127.1,121.6,121.4,131.0,126.2,117.6,100.0,58.8,12.8,-29.8,-70.8,-92.6,-124.0,-166.6,-223.2,-294.0,-377.0,-491.7,-613.3,-768.4,-922.1,-1103.7,-1278.2,-1481.1,-1675.6,-1893.7,-2097.5,-2331.7,-2597.9,-2918.4,-3263.8,-3618.5,-3938.5,-4191.3,-4364.4,-4457.9,-4493.3,-4498.4
-3833.1,-3498.4,-3103.7,-2722.9,-2376.9,-2103.6,-1840.3,-1592.1,-1333.1,-1090.0,-882.6,-699.7,-574.3,-476.6,-421.2,-409.4,-452.4,-546.1,-697.9,-932.3,-1196.8,-1491.5,-1757.7,-2008.0,-2217.8,-2450.7,-2656.1,-2841.8,-3006.8,-3155.4,-3279.3,-3367.0,-3425.9,-3443.6,-3441.9,-3440.1,-3438.7,-3437.8,-3438.0,-3436.1,-3434.9,-3433.9,-3432.6,-3433.4,-3435.6,-3429.2,-3426.8,-3426.4,-3425.7,-3425.1,-3426.3,-3422.6,-3421.8,-3424.1,-3424.4,-3422.4,-3420.9,-3419.3,-3407.8,-3354.8,-3273.8,-3169.2,-3081.5,-3019.7,-3008.7,-3008.5,-3008.2,-3009.0,-3008.8,-3007.5,-3006.4,-3006.4,-3011.7,-3008.2,-3007.0,-3004.6,-3005.6,-3006.5,-3005.5,-3007.1,-3006.0,-2994.6,-2936.8,-2850.6,-2727.7,-2581.9,-2412.5,-2225.7,-2032.3,-1800.0,-1612.1,-1381.2,-1212.5,-1055.0,-912.1,-746.1,-559.9,-357.6,-134.9,42.9,139.6,165.5,164.0,159.4,153.3,143.6,120.7,138.8,142.3,145.6,143.8,140.5,137.1,143.6,143.3,146.2,147.4,99.9,17.1,17.1,94.7,123.7,141.2,164.9,213.6,221.3,87.4,-125.5,-333.5,-506.8,-707.1,-900.8,-1097.6,-1325.6,-1569.0,-1824.6,-2104.1,-2370.3,-2633.4,-2858.4,-3022.5,-3149.9,-3230.4,-3257.7,-3252.6,-3215.8,-3122.2,-3024.6,-2905.3,-2796.0,-2626.5,-2450.0,-2278.5,-2178.2,-2117.7,-2104.4,-2106.6,-2105.3,-2103.6,-2104.2,-2103.7,-2104.5,-2103.3,-2103.5,-2101.8,-2088.3,-2026.8,-1939.4,-1819.8,-1676.6,-1520.9,-1354.2,-1195.7,-1051.4,-973.2,-919.3,-860.4,-792.2,-715.8,-649.7,-572.9,-510.7,-452.3,-403.6,-342.0,-296.2,-239.1,-163.9,-94.2,-46.5,-20.9,6.6,19.8,9.6,-6.4,-1.5,-6.5,47.7,-3.4,-8.9,-3.7,-1.8,-4.1,-21.6,34.3,75.9,108.8,110.0,107.5,109.0,110.7,110.8,109.5,100.0,99.9,97.7,96.3,108.8,109.4,110.2,108.4,103.6,74.9,67.0,85.7,84.4,102.3,108.3,99.2,70.0,51.8,-7.9,-7.9,21.4,34.4,69.1,84.3,94.6,121.6,122.6,122.0,121.0,119.3,109.2,109.6,101.0,-7.9,-7.9,-7.7,-8.7,-9.8,27.4,13.1,82.0,107.4,-8.4,-19.9,-18.7,71.7,87.5,71.7,-9.1,-8.1,-8.0,76.9,100.5,122.2,121.3,120.7,118.6,108.5,102.3,121.3,102.9,107.6,112.3,115.1,126.2,127.7,128.5,130.7,132.4,133.9,135.7,138.0,139.5,141.0,143.7,144.4,145.3,145.4,146.3,146.8,145.9,145.4,145.0,145.4,147.2,149.3,151.1,152.6,152.9,152.4,152.9,154.2,157.1,159.2,161.5,163.2,163.4,163.6,163.3,161.6,149.3,158.4,160.9,164.2,168.7,173.0,173.9,171.8,167.8,164.2,165.8,168.6,171.5,172.4,171.8,172.8,175.0,176.9,174.1,170.4,167.2,148.9,161.2,133.5,133.6,168.0,180.7,188.6,188.5,181.4,162.4,143.5,143.9,159.1,156.8,-7.8,-7.6,158.5,165.0,167.8,167.2,157.7,157.7,161.1,139.8,141.5,163.3,167.4,157.9,158.9,159.8,171.3,169.2,166.7,142.3,165.6,170.2,166.3,162.0,133.0,132.0,141.2,138.1,136.4,119.4,64.7,-24.6,21.5,-33.4,-28.7,71.5,128.7,148.1,142.3,141.9,137.0,128.0,128.3,128.6,139.4,137.6,117.8,54.5,-25.0,108.0,137.6,138.2,148.8,150.6,152.0,152.0,151.0,151.3,152.3,152.3,152.7,153.0,151.3,149.1,148.4,147.2,147.6,148.4,148.7,149.3,149.2,147.2,143.7,126.2,126.4,138.8,137.8,137.3,-21.0,-21.3,-21.6,134.3,135.0,130.1,134.8,122.5,98.7,85.2,77.8,87.7,74.6,47.3,17.8,-36.0,-91.2,-135.4,-168.0,-193.1,-220.8,-269.6,-331.1,-407.7,-498.4,-611.2,-763.3,-918.6,-1098.8,-1275.7,-1480.2,-1675.3,-1890.7,-2096.1,-2319.5,-2527.5,-2759.4,-3017.6,-3319.1,-3629.7,-3937.5,-4189.8,-4365.8,-4459.5,-4491.7,-4497.8
-3759.2,-3444.9,-3077.5,-2660.3,-2271.6,-1927.8,-1663.2,-1414.8,-1186.7,-955.4,-746.3,-575.6,-434.3,-332.1,-220.4,-202.5,-298.8,-429.3,-619.3,-840.5,-1099.8,-1342.2,-1577.4,-1778.7,-2006.8,-2210.3,-2398.5,-2570.7,-2723.2,-2857.9,-2968.4,-3039.7,-3049.6,-3039.7,-3033.2,-3032.1,-3032.0,-3029.8,-3027.5,-3026.0,-3026.0,-3023.1,-3025.9,-3031.3,-3024.2,-3021.0,-3019.3,-3018.2,-3017.3,-3016.5,-3017.7,-3014.7,-3013.2,-3014.6,-3014.3,-3012.3,-3011.7,-3011.5,-3011.0,-3001.1,-2941.8,-2852.6,-2741.2,-2650.3,-2587.5,-2577.1,-2578.7,-2577.6,-2576.1,-2577.1,-2579.1,-2578.8,-2582.2,-2576.8,-2575.4,-2575.2,-2576.3,-2578.3,-2575.9,-2576.0,-2575.4,-2576.8,-2562.5,-2502.7,-2412.9,-2290.9,-2136.9,-1972.9,-1787.1,-1601.9,-1391.0,-1199.3,-1001.8,-851.6,-717.3,-601.3,-469.9,-316.3,-128.4,42.7,141.8,166.8,164.8,160.7,153.1,122.3,123.0,140.1,144.1,146.9,143.3,140.8,145.0,145.6,149.9,133.4,119.0,66.1,17.1,100.2,121.9,144.3,151.0,180.8,229.0,166.7,-6.1,-203.0,-391.1,-570.9,-791.0,-1012.5,-1219.3,-1431.7,-1643.1,-1863.7,-2117.3,-2378.1,-2648.1,-2864.8,-3005.7,-3045.8,-3046.2,-3013.3,-2962.7,-2896.6,-2809.9,-2703.8,-2600.2,-2480.0,-2366.2,-2193.6,-2017.3,-1848.6,-1749.5,-1694.5,-1682.5,-1683.6,-1683.0,-1685.0,-1682.7,-1684.0,-1682.6,-1681.6,-1681.8,-1682.0,-1670.0,-1608.0,-1524.7,-1409.6,-1277.5,-1136.5,-982.4,-845.8,-722.0,-658.7,-617.3,-566.1,-510.4,-452.5,-400.6,-343.9,-298.5,-250.7,-209.0,-163.1,-114.8,-49.3,8.0,23.1,47.9,53.1,62.5,53.0,40.0,34.3,34.8,41.5,40.1,25.8,28.9,-4.1,-3.3,-3.8,16.2,65.4,106.0,106.7,103.3,103.3,103.3,106.5,109.8,110.2,110.2,109.5,108.2,109.1,110.3,109.9,110.6,109.6,79.5,34.9,58.5,83.7,84.2,80.3,66.2,50.2,-8.4,-8.4,55.0,71.1,87.1,109.2,118.2,119.3,118.4,115.7,115.1,113.0,-8.7,-8.7,-8.6,-9.6,-8.5,116.5,119.6,116.6,112.8,123.6,27.4,-8.8,-8.5,24.9,-12.2,-16.3,-24.8,24.3,23.3,41.7,44.2,45.2,45.0,76.9,37.9,31.6,106.2,99.0,86.7,82.2,83.0,68.5,100.2,128.1,128.3,128.4,130.9,126.9,131.4,131.9,132.8,133.9,135.7,133.7,135.4,136.9,137.2,136.8,142.6,143.7,144.2,144.8,145.6,146.1,146.7,148.1,150.1,151.3,152.1,153.2,153.7,152.7,138.1,153.7,154.1,156.0,158.6,161.1,161.0,161.9,161.8,150.2,140.7,138.9,158.9,163.4,170.5,175.0,175.0,170.8,165.1,165.6,167.2,171.1,174.9,176.5,176.9,177.7,179.1,176.9,172.6,167.8,166.6,163.3,135.6,136.2,168.4,182.0,191.9,193.0,186.9,166.5,144.2,144.5,160.2,157.4,-7.2,145.5,159.1,164.7,168.0,167.4,167.8,166.5,163.4,161.7,150.8,162.9,164.8,160.1,158.0,168.7,170.9,168.0,164.4,130.0,129.9,161.3,163.5,156.3,140.0,129.4,129.4,137.7,135.9,118.2,70.8,2.9,2.6,21.5,69.8,117.9,144.3,140.6,138.9,133.1,129.7,127.0,127.2,135.2,136.7,132.8,118.0,59.1,-24.6,105.2,131.7,138.3,143.0,145.7,147.5,147.9,146.7,130.9,145.4,143.6,145.3,144.7,144.0,142.1,129.9,140.4,141.2,141.5,141.6,141.3,140.8,138.8,-19.4,-20.3,-22.2,-18.8,-18.5,-19.3,-18.0,134.7,135.7,136.9,138.5,138.5,133.5,107.9,67.5,37.0,17.9,5.4,-55.3,-93.8,-130.0,-170.5,-216.3,-268.2,-302.5,-338.0,-371.0,-408.3,-469.3,-551.7,-651.1,-772.9,-914.4,-1098.0,-1275.5,-1478.1,-1673.8,-1890.8,-2095.8,-2317.5,-2524.9,-2746.8,-2947.2,-3169.3,-3408.5,-3678.1,-3946.7,-4188.0,-4363.3,-4458.8,-4493.1,-4497.1
-3661.3,-3360.9,-3018.5,-2634.6,-2210.3,-1826.5,-1497.2,-1251.0,-1027.0,-828.4,-634.8,-470.4,-333.6,-169.4,-44.7,-21.3,-165.2,-356.6,-541.6,-757.4,-965.6,-1176.5,-1361.5,-1576.4,-1771.6,-1955.6,-2126.4,-2279.9,-2418.6,-2554.9,-2672.0,-2706.1,-2701.5,-2656.3,-2608.9,-2597.0,-2597.3,-2595.8,-2595.0,-2596.2,-2592.3,-2592.0,-2591.2,-2590.2,-2589.5,-2588.6,-2587.9,-2586.3,-2585.4,-2585.6,-2584.8,-2582.9,-2583.3,-2582.9,-2583.5,-2580.8,-2580.0,-2580.7,-2579.8,-2579.6,-2567.3,-2504.8,-2414.8,-2303.9,-2209.5,-2148.9,-2138.0,-2139.4,-2140.1,-2138.8,-2144.7,-2140.4,-2142.6,-2141.6,-2138.0,-2137.1,-2137.9,-2139.1,-2136.9,-2138.4,-2136.6,-2137.8,-2137.2,-2123.9,-2061.7,-1975.3,-1849.1,-1702.4,-1545.5,-1371.3,-1205.2,-1003.0,-840.6,-672.2,-549.9,-447.2,-354.0,-230.3,-81.2,51.4,141.2,166.5,164.8,160.3,151.9,131.8,128.6,142.0,146.1,147.9,145.9,145.2,146.5,149.0,149.3,123.8,76.1,17.1,17.1,105.5,141.7,147.4,153.7,179.9,210.5,115.3,-75.0,-270.7,-436.2,-608.2,-817.3,-1046.4,-1255.0,-1442.4,-1644.4,-1856.7,-2076.1,-2332.8,-2598.1,-2807.3,-2881.0,-2879.5,-2814.2,-2706.3,-2616.6,-2542.2,-2467.9,-2382.9,-2269.6,-2169.2,-2049.3,-1934.9,-1765.6,-1595.9,-1436.2,-1347.5,-1294.5,-1286.0,-1287.1,-1288.0,-1303.3,-1288.0,-1286.7,-1287.2,-1286.6,-1297.8,-1300.9,-1276.0,-1215.1,-1137.4,-1035.3,-914.5,-793.5,-662.6,-551.7,-459.2,-406.4,-363.8,-322.4,-280.5,-238.3,-209.4,-168.6,-132.1,-97.0,-67.2,-20.2,36.3,84.4,89.7,94.4,99.0,110.3,102.5,91.7,85.2,87.3,93.9,90.2,79.0,15.8,28.9,24.3,-3.9,-4.3,20.3,92.9,103.3,103.3,108.8,109.8,111.7,112.7,113.5,112.8,111.5,110.6,110.8,111.8,112.3,112.6,96.5,51.7,-9.8,22.9,81.7,75.8,65.6,49.6,-8.8,49.5,52.5,72.4,89.7,90.7,108.1,113.7,113.0,111.7,110.0,-10.3,-10.5,-10.3,44.4,35.8,-10.3,5.6,116.5,118.7,123.1,122.1,123.0,95.3,-9.9,24.9,8.7,24.9,-14.5,24.3,7.6,9.2,38.3,42.7,44.5,44.5,44.5,31.6,39.2,94.4,99.8,71.4,32.4,-9.0,60.8,105.4,126.5,127.7,128.0,125.8,96.2,94.2,94.3,129.0,129.8,130.8,131.6,119.9,125.5,135.5,133.2,132.9,136.5,137.5,140.6,141.9,143.1,146.0,147.8,149.6,151.6,152.2,153.3,154.2,153.8,142.1,132.8,132.5,152.4,152.8,156.7,158.2,160.1,159.2,159.7,155.6,137.0,136.1,157.6,158.6,172.2,175.3,173.1,167.2,162.9,164.7,169.3,175.0,178.3,179.8,180.0,180.1,179.3,175.3,171.5,167.7,164.5,143.1,140.5,162.6,177.7,193.9,196.6,190.9,170.1,145.0,146.6,161.2,157.2,-3.8,155.7,161.4,166.5,168.5,168.2,168.0,166.4,164.5,150.8,150.8,163.3,164.4,165.9,166.6,169.3,172.2,171.5,164.2,139.0,126.6,130.3,158.1,143.1,128.6,128.7,128.8,136.8,134.2,101.9,33.6,-22.3,21.5,-22.3,98.3,126.6,136.6,131.2,130.8,128.7,125.8,126.7,132.3,134.0,132.4,123.4,124.9,3.6,-25.3,105.4,123.9,136.9,138.9,141.0,143.0,142.4,141.4,130.1,129.9,135.8,136.7,137.2,137.4,136.5,129.5,136.1,123.2,132.5,-21.0,-19.5,-19.2,-20.0,-18.7,133.0,133.4,132.9,134.2,137.9,139.8,140.7,140.4,139.5,139.5,128.8,113.8,85.2,45.6,6.9,-46.2,-92.5,-171.2,-244.6,-292.2,-335.2,-371.1,-408.6,-462.2,-512.7,-559.6,-600.8,-651.2,-731.8,-836.2,-964.2,-1106.7,-1272.3,-1477.0,-1675.5,-1888.6,-2095.0,-2324.4,-2525.4,-2745.6,-2946.3,-3156.7,-3345.2,-3548.9,-3761.1,-3986.2,-4197.5,-4362.1,-4457.1,-4494.6,-4497.2
-3578.1,-3253.1,-2929.1,-2572.2,-2184.7,-1768.7,-1403.6,-1101.3,-883.2,-693.0,-533.7,-382.0,-218.5,-31.0,133.6,129.9,-66.4,-278.5,-470.0,-640.9,-821.2,-982.4,-1175.6,-1355.1,-1528.3,-1690.1,-1839.7,-1977.0,-2123.7,-2277.9,-2375.3,-2400.0,-2392.2,-2317.8,-2233.1,-2170.1,-2157.8,-2157.9,-2154.8,-2152.9,-2152.5,-2149.6,-2149.8,-2149.0,-2149.1,-2147.3,-2147.0,-2148.5,-2148.4,-2147.1,-2148.3,-2143.6,-2143.0,-2142.5,-2143.2,-2142.2,-2144.9,-2154.7,-2156.9,-2145.4,-2139.9,-2127.6,-2064.7,-1974.1,-1866.0,-1775.4,-1715.9,-1707.1,-1707.3,-1706.5,-1710.4,-1708.2,-1707.2,-1709.1,-1708.4,-1708.3,-1707.3,-1710.1,-1708.5,-1708.9,-1708.5,-1709.5,-1709.0,-1708.4,-1694.8,-1632.7,-1547.2,-1431.6,-1293.0,-1148.1,-994.1,-841.3,-672.8,-541.8,-413.0,-312.3,-196.2,-89.4,3.9,94.6,146.8,166.8,164.5,159.2,150.8,142.8,132.6,145.7,147.1,149.6,148.8,149.2,150.7,152.3,135.8,104.9,17.1,17.1,42.0,125.7,146.5,148.1,148.1,163.6,173.9,81.7,-107.7,-286.3,-442.5,-611.0,-815.1,-1033.0,-1234.6,-1394.4,-1566.8,-1739.5,-1948.3,-2202.1,-2461.5,-2631.2,-2674.2,-2664.1,-2548.2,-2436.3,-2317.2,-2230.7,-2110.8,-2036.9,-1949.9,-1841.0,-1743.9,-1625.4,-1517.9,-1357.9,-1200.1,-1057.0,-977.9,-933.9,-926.3,-928.6,-927.8,-927.6,-927.3,-929.6,-951.9,-971.5,-971.0,-958.8,-973.0,-916.4,-797.0,-708.7,-608.7,-510.9,-412.3,-322.6,-228.4,-165.0,-127.2,-92.7,-81.3,25.6,-73.5,23.6,22.7,21.1,48.3,85.0,119.1,130.3,131.6,132.9,133.8,130.5,125.6,124.1,114.7,101.8,92.8,44.7,28.9,24.3,7.6,24.3,41.8,50.2,106.3,109.2,111.3,112.9,114.3,115.1,115.8,116.3,115.5,113.7,111.8,111.8,111.5,110.1,106.8,79.1,45.8,-8.5,27.0,72.7,67.7,37.2,-13.4,49.5,52.1,71.0,88.2,89.4,90.0,95.7,106.2,-9.7,-10.9,-10.8,-9.8,110.1,111.3,107.0,106.9,51.4,-15.2,92.2,122.9,122.5,126.0,125.3,125.9,100.7,-10.6,24.9,-15.0,-16.9,-13.6,24.3,25.2,41.7,44.2,45.2,44.5,45.1,37.9,-9.0,95.0,78.4,30.8,-12.2,53.7,76.8,123.1,126.5,-10.5,-9.9,-10.9,-10.0,-11.2,-15.0,-13.9,-14.3,-12.4,-14.0,-12.9,-13.0,90.5,120.0,111.4,96.7,80.5,133.2,129.7,136.8,137.8,142.8,142.6,146.9,152.2,154.3,155.4,155.1,153.6,133.4,133.1,122.5,147.7,136.4,149.0,148.2,158.8,157.9,158.2,134.4,132.0,153.8,158.3,166.8,173.1,173.7,168.8,164.5,157.3,167.4,173.7,178.2,180.3,180.1,179.3,179.6,177.8,173.6,168.3,164.4,144.9,153.2,162.1,177.2,196.2,199.0,193.4,172.9,148.9,149.0,162.7,159.2,-1.4,160.1,165.3,168.0,168.8,167.9,167.6,166.1,162.9,150.8,151.1,164.3,165.4,167.5,169.8,170.8,174.0,171.3,162.5,156.3,126.3,124.1,134.6,143.2,127.9,127.1,127.1,134.7,134.5,47.8,49.1,47.8,-22.3,93.5,118.1,139.9,129.7,129.4,127.3,106.4,106.7,111.4,131.4,131.2,128.6,122.2,127.5,-24.4,-25.0,4.9,56.8,126.8,126.7,136.0,137.4,136.8,135.1,129.7,129.7,132.2,131.5,126.9,132.8,132.8,-21.4,-21.9,-22.8,-19.5,131.2,131.7,132.4,132.8,133.6,135.6,138.0,138.3,140.9,142.7,143.3,141.2,139.6,138.8,124.6,101.9,75.8,47.7,20.0,-21.2,-78.5,-144.7,-261.9,-371.2,-461.6,-517.4,-562.4,-599.4,-651.1,-721.9,-790.6,-845.6,-896.8,-960.2,-1057.2,-1181.2,-1324.8,-1487.2,-1668.4,-1888.5,-2093.5,-2315.6,-2523.7,-2743.3,-2944.6,-3154.7,-3344.9,-3537.9,-3709.1,-3884.1,-4061.7,-4230.2,-4400.4,-4455.0,-4489.3,-4495.6
-3518.3,-3163.4,-2815.2,-2479.6,-2121.3,-1744.1,-1351.5,-1019.0,-755.9,-576.1,-428.5,-290.3,-112.9,85.0,238.5,205.3,10.5,-211.4,-379.3,-522.4,-654.7,-820.5,-976.9,-1132.4,-1280.2,-1419.5,-1548.0,-1687.7,-1838.8,-1969.4,-2064.2,-2087.8,-2074.2,-1993.7,-1879.8,-1793.6,-1733.9,-1721.7,-1722.3,-1719.5,-1719.8,-1718.1,-1717.3,-1717.8,-1716.1,-1715.0,-1713.4,-1715.0,-1714.3,-1714.5,-1712.4,-1710.8,-1711.1,-1713.0,-1712.6,-1712.7,-1746.8,-1768.5,-1769.2,-1754.6,-1717.7,-1707.8,-1695.9,-1634.4,-1548.0,-1441.8,-1360.9,-1318.7,-1300.0,-1303.2,-1300.0,-1298.0,-1299.0,-1302.1,-1299.3,-1299.3,-1300.1,-1301.7,-1300.2,-1301.2,-1301.3,-1300.3,-1301.9,-1300.1,-1301.5,-1287.2,-1230.6,-1150.0,-1045.2,-921.8,-797.9,-664.8,-542.2,-413.1,-321.3,-172.9,-35.1,73.4,129.5,159.7,169.6,165.6,163.9,157.3,149.9,136.1,136.0,147.6,149.1,150.6,151.7,152.8,153.6,153.0,136.2,95.2,17.1,17.1,74.4,127.4,148.5,144.3,143.5,145.2,155.1,66.9,-107.7,-280.6,-430.8,-579.6,-755.2,-936.6,-1089.1,-1235.7,-1371.4,-1553.2,-1778.4,-2041.1,-2281.5,-2404.4,-2416.0,-2381.9,-2262.5,-2111.5,-1961.7,-1839.6,-1755.3,-1687.0,-1615.8,-1530.8,-1428.8,-1336.9,-1229.4,-1129.7,-986.2,-849.9,-726.4,-663.3,-628.8,-624.2,-624.8,-623.3,-624.2,-652.0,-691.2,-723.5,-724.2,-701.0,-661.9,-618.4,-601.0,-512.9,-445.1,-367.5,-280.3,-174.7,-65.5,38.8,80.1,76.0,45.6,10.0,25.6,6.3,63.0,76.0,97.5,119.9,138.9,139.0,137.9,136.4,132.7,129.6,125.5,119.6,92.8,66.1,59.3,-4.6,-4.8,14.6,87.7,43.9,77.6,108.6,111.2,113.0,115.4,117.8,119.0,119.2,118.4,117.4,116.1,113.7,111.7,110.7,109.8,108.2,104.8,69.6,27.9,-10.0,4.9,59.2,82.8,-9.6,-12.7,-11.8,49.5,-12.0,-11.0,-12.2,-12.2,-12.3,-10.3,-10.4,108.0,109.5,111.4,113.3,116.0,115.3,117.4,118.9,82.2,109.7,110.2,126.1,124.3,126.0,123.8,112.8,24.1,76.7,101.4,127.3,126.4,126.1,125.7,126.0,125.9,125.5,111.2,74.1,3.4,21.9,-10.5,-10.5,-9.3,53.7,59.5,1.1,-11.9,-10.2,-11.8,126.7,128.4,129.8,107.8,120.2,130.4,131.0,131.0,130.9,-15.2,-14.5,-15.8,-15.0,-16.6,-16.8,-15.0,128.3,125.0,135.8,138.3,140.3,135.3,148.0,152.7,155.1,155.9,155.2,153.6,150.7,123.3,88.7,122.2,132.1,146.2,144.1,135.0,124.8,135.7,125.6,112.2,149.6,153.4,160.4,168.9,171.8,169.2,164.8,157.3,165.3,171.2,176.0,179.1,179.7,177.1,179.8,179.6,174.1,168.5,164.6,145.6,151.8,162.8,178.9,196.8,199.5,193.0,170.6,149.5,149.6,163.7,139.5,1.0,143.1,166.7,169.6,169.6,168.0,166.3,164.1,160.7,151.0,161.3,164.8,167.3,169.8,171.9,173.1,173.8,170.7,161.5,155.2,122.0,113.0,35.8,50.1,1.6,72.5,93.0,121.2,127.6,41.3,3.1,21.7,91.0,119.8,137.9,128.7,126.7,127.1,125.5,100.5,100.7,128.6,129.1,127.6,125.8,119.2,115.2,-24.9,-27.1,-23.5,53.6,126.3,129.8,132.6,132.6,131.2,129.7,132.6,132.6,132.0,131.3,131.8,-21.3,-21.9,-22.7,130.6,130.1,131.3,131.8,132.3,133.7,136.8,139.5,141.3,142.5,142.8,142.0,140.9,139.9,138.3,137.5,132.6,101.3,67.2,33.5,11.3,-17.2,-39.2,-99.6,-181.4,-304.4,-455.0,-595.3,-714.6,-787.3,-843.6,-894.2,-961.3,-1046.9,-1122.2,-1186.4,-1247.4,-1322.1,-1431.5,-1572.1,-1724.8,-1898.0,-2088.3,-2313.2,-2522.7,-2741.7,-2942.4,-3152.1,-3344.1,-3535.1,-3705.2,-3870.8,-4013.8,-4153.4,-4280.3,-4388.3,-4456.7,-4489.5,-4494.8
-3505.1,-3100.1,-2722.4,-2363.9,-2028.8,-1681.8,-1328.8,-974.8,-689.0,-478.0,-335.4,-177.5,-7.9,172.2,294.8,256.5,90.0,-98.5,-268.6,-391.2,-521.8,-651.4,-783.9,-911.6,-1034.8,-1150.5,-1278.1,-1417.9,-1542.6,-1637.4,-1720.1,-1738.2,-1721.7,-1650.4,-1562.9,-1457.8,-1374.7,-1322.3,-1310.8,-1313.6,-1310.9,-1310.4,-1308.5,-1307.9,-1307.2,-1305.8,-1305.2,-1306.8,-1305.5,-1306.9,-1304.3,-1304.8,-1303.5,-1303.2,-1309.9,-1347.7,-1409.4,-1452.8,-1455.3,-1420.7,-1362.4,-1310.0,-1301.5,-1289.8,-1229.6,-1148.9,-1055.9,-984.0,-939.4,-933.4,-932.6,-932.7,-961.1,-960.0,-961.7,-960.0,-960.8,-935.2,-936.4,-936.2,-932.5,-934.2,-932.1,-933.2,-934.3,-935.0,-921.0,-870.1,-801.4,-708.9,-607.5,-508.6,-425.7,-324.1,-168.9,-20.7,130.5,210.9,203.3,175.3,171.0,164.1,161.9,155.9,149.6,137.5,140.4,149.2,151.2,153.7,154.4,155.5,153.3,150.2,123.1,96.2,30.5,17.1,110.6,135.2,135.4,141.1,141.1,144.5,143.5,68.8,-68.7,-242.0,-375.2,-501.7,-628.9,-762.9,-887.9,-1015.1,-1167.8,-1369.8,-1619.0,-1874.8,-2064.3,-2144.7,-2142.4,-2051.2,-1952.5,-1833.2,-1686.1,-1541.0,-1427.2,-1349.3,-1287.1,-1220.6,-1142.2,-1050.2,-970.1,-875.7,-789.9,-668.2,-553.4,-460.0,-412.0,-384.7,35.1,37.3,35.1,-440.0,-494.5,-529.4,-530.1,-507.8,-452.0,-406.5,-391.1,-323.9,-281.3,-210.9,-120.2,-23.2,85.7,154.9,178.2,137.2,55.3,25.6,-2.3,59.5,101.0,115.9,139.6,142.0,141.3,138.2,135.6,131.8,127.4,123.2,118.8,99.4,65.8,-4.4,-4.6,-4.7,44.2,67.6,84.9,78.5,89.9,112.8,115.0,117.0,118.3,120.4,121.0,119.8,117.5,115.9,114.5,111.6,110.4,110.6,107.4,110.0,102.7,98.9,40.2,-9.3,47.5,48.6,47.5,-10.9,51.1,58.6,70.0,77.4,88.4,85.6,90.2,88.7,103.6,107.9,110.5,112.3,113.9,116.1,117.5,117.8,117.6,118.5,118.8,109.1,109.6,124.7,128.2,126.0,126.5,128.2,127.1,126.7,126.6,127.2,127.2,127.1,127.0,125.8,125.6,124.9,109.5,21.5,21.9,44.1,-10.0,-13.0,-10.9,45.8,53.7,-10.1,125.2,126.0,119.2,130.7,131.0,131.9,131.1,132.6,133.6,134.5,134.3,134.2,135.4,88.4,-16.3,-16.6,-15.5,-14.8,-16.2,-16.4,-16.7,84.4,101.8,129.6,135.8,147.8,153.7,155.4,156.0,155.3,152.7,140.3,132.6,32.9,-3.3,108.5,108.4,119.9,48.9,3.2,-19.3,63.0,84.6,109.0,137.9,155.5,165.3,170.5,168.8,162.6,157.2,162.3,167.6,172.7,176.5,179.1,165.0,178.6,178.5,173.7,169.1,164.9,157.3,152.4,163.7,177.7,196.5,199.1,191.7,172.4,150.1,150.2,152.8,4.1,2.0,145.1,168.3,170.5,170.7,167.8,164.8,157.3,157.3,161.2,164.8,168.2,169.9,171.6,172.2,174.0,173.8,169.6,160.0,151.0,143.9,125.0,0.4,-22.8,-23.0,-23.3,31.6,78.9,107.3,-23.8,21.7,133.7,112.6,131.6,128.3,126.2,126.4,126.1,101.2,95.3,104.6,126.4,126.5,127.2,122.5,96.9,78.1,64.2,-24.5,-23.4,47.3,124.9,124.9,127.6,117.8,129.7,133.2,133.8,133.4,131.6,130.1,-19.9,2.1,130.4,119.9,120.3,130.1,133.4,134.9,135.5,131.4,139.1,140.7,139.4,138.7,136.7,135.9,135.1,133.8,132.6,113.7,105.3,72.4,32.0,4.6,-21.6,-38.2,-67.3,-132.7,-222.3,-355.8,-517.6,-710.8,-893.5,-1034.6,-1122.6,-1185.1,-1246.7,-1322.5,-1419.2,-1501.9,-1572.0,-1638.7,-1721.2,-1841.3,-1985.0,-2146.0,-2323.8,-2516.2,-2739.1,-2942.3,-3151.5,-3340.4,-3533.3,-3702.9,-3870.0,-4012.5,-4144.2,-4251.6,-4348.3,-4422.4,-4467.7,-4490.7,-4493.0
-3505.0,-3086.8,-2658.0,-2271.2,-1915.3,-1592.8,-1270.0,-955.0,-655.2,-424.1,23.4,24.4,86.9,217.0,294.1,302.7,196.8,43.8,-106.3,-267.2,-389.5,-495.6,-600.0,-701.9,-799.7,-909.8,-1033.1,-1144.7,-1234.3,-1331.0,-1372.4,-1371.9,-1357.7,-1313.0,-1244.6,-1165.3,-1069.3,-995.2,-948.7,-943.4,-942.2,-940.6,-940.1,-940.3,-939.8,-938.2,-939.4,-937.6,-937.8,-941.9,-937.3,-936.9,-935.8,-936.6,-975.2,-1035.8,-1127.2,-1177.8,-1179.6,-1144.9,-1055.4,-985.0,-941.3,-932.5,-920.9,-868.5,-827.6,-749.2,-691.9,-658.0,-653.4,-653.1,-653.2,-653.0,-652.6,-651.9,-653.1,-651.3,-650.5,-648.8,-648.8,-650.5,-646.4,-645.7,-647.1,-646.9,-646.7,-634.6,-589.8,-533.2,-460.2,-386.0,-300.6,-176.2,-23.5,137.2,237.7,247.3,202.3,177.5,171.9,164.5,153.3,138.1,138.1,138.8,148.5,151.5,154.6,156.7,156.4,153.6,149.5,144.8,122.8,141.9,64.9,72.7,120.4,135.7,141.4,141.5,141.3,141.3,138.5,106.6,-10.3,-135.8,-278.7,-386.9,-481.2,-583.9,-684.7,-819.1,-994.5,-1218.6,-1473.3,-1709.5,-1841.1,-1855.5,-1823.0,-1746.5,-1629.3,-1532.9,-1417.4,-1282.2,-1151.5,-1049.2,-980.9,-925.3,-867.4,-798.8,-719.6,-654.1,-577.2,-505.8,-413.2,-329.1,-255.1,-212.4,41.8,44.4,41.8,-260.6,-309.7,-349.1,-352.0,-321.8,-283.2,-225.8,-167.3,-121.5,-79.5,-25.1,56.3,124.7,173.3,173.6,154.5,102.2,32.5,21.2,72.3,114.9,126.2,144.8,143.8,141.4,138.3,133.3,128.4,123.8,118.7,114.9,79.8,64.1,8.5,-3.4,-4.7,62.8,85.7,97.9,103.0,106.7,104.4,115.2,116.2,117.6,118.4,119.3,119.5,118.5,116.3,114.7,110.8,111.6,108.5,106.5,102.4,97.5,95.5,83.3,53.5,43.9,-11.7,47.5,41.0,84.3,79.1,70.0,80.3,81.0,88.4,90.7,89.3,103.2,107.7,109.7,111.8,113.3,114.7,115.4,115.5,116.5,115.6,117.7,118.7,119.3,121.2,124.7,126.5,128.0,128.7,128.3,127.5,126.3,125.8,125.8,123.3,115.0,113.7,112.0,109.6,106.6,99.5,37.9,21.5,82.7,90.2,92.3,95.8,109.5,113.5,123.3,127.5,129.2,131.6,133.2,136.3,135.6,136.4,138.3,140.1,136.9,137.1,134.5,133.2,102.9,108.5,99.7,132.4,133.0,129.5,125.0,36.7,41.9,-16.1,112.5,138.1,144.3,149.1,153.1,155.3,154.8,149.4,149.1,130.5,46.4,-19.6,-19.9,-21.1,-34.8,-20.2,22.5,-20.4,5.7,98.2,121.9,149.1,152.6,162.3,169.8,169.0,163.1,142.9,152.0,153.8,171.3,175.0,177.0,165.0,177.0,177.9,173.2,169.1,165.3,154.7,162.5,163.9,179.3,197.5,198.6,190.1,157.7,150.6,155.9,115.7,4.5,121.7,155.9,169.4,170.9,170.4,167.7,163.3,158.0,162.5,165.9,169.7,171.3,170.9,170.6,171.0,171.4,171.6,166.7,155.7,144.2,135.2,123.3,119.1,75.7,31.9,4.8,-22.6,35.9,77.8,-25.3,-27.4,132.1,131.3,127.2,125.9,126.8,127.0,118.6,100.1,94.8,92.4,89.3,89.3,86.6,52.0,-23.5,64.2,-24.4,-25.4,-25.0,34.1,119.1,121.1,117.5,117.6,131.6,133.2,132.3,130.4,129.5,-20.7,-19.2,130.2,130.8,131.1,133.3,137.8,140.5,140.3,138.3,131.4,134.0,135.7,132.0,113.7,106.8,104.3,104.4,103.0,94.4,95.8,87.6,58.0,19.5,-21.6,-38.9,-66.9,-122.3,-194.7,-285.3,-408.4,-583.9,-794.2,-1037.8,-1246.7,-1406.7,-1500.8,-1570.5,-1636.5,-1721.7,-1827.6,-1912.4,-1983.6,-2055.2,-2142.0,-2266.4,-2411.5,-2573.2,-2749.2,-2936.9,-3149.5,-3340.4,-3531.7,-3701.4,-3867.2,-4009.0,-4141.9,-4250.8,-4340.6,-4403.5,-4453.5,-4479.5,-4493.4,-4492.2
-3504.4,-3086.8,-2645.0,-2208.1,-1826.0,-1485.6,-1187.6,-902.0,-637.8,-387.3,24.4,23.4,118.8,177.3,220.4,256.9,267.3,180.6,42.3,-109.8,-252.6,-354.2,-434.7,-512.7,-602.2,-700.4,-794.9,-872.6,-967.0,-1039.9,-1080.2,-1080.5,-1049.6,-997.7,-941.7,-879.9,-809.4,-730.2,-686.6,-651.5,-645.8,-646.7,-647.0,-648.9,-649.1,-651.0,-650.6,-656.7,-656.4,-656.2,-655.4,-656.0,-653.6,-681.2,-732.3,-780.5,-856.6,-911.0,-913.3,-899.1,-830.1,-748.0,-694.2,-657.9,-654.7,-645.5,-602.4,-546.5,-484.9,-443.5,-416.4,-412.0,-410.7,-411.0,-411.0,-409.2,-408.2,-405.9,-404.8,-404.4,-403.2,-401.2,-402.2,-399.0,-399.1,-403.5,-404.8,-400.1,-387.3,-353.3,-310.3,-252.8,-172.9,-40.0,115.1,237.3,261.2,222.3,189.8,173.3,170.9,165.2,158.6,150.0,139.3,140.0,150.8,154.5,158.7,159.5,155.4,148.6,143.5,125.4,126.1,142.9,81.5,83.9,143.3,141.4,142.3,142.3,142.3,141.7,138.5,143.0,86.0,-25.9,-137.9,-246.6,-339.5,-422.7,-525.6,-670.1,-862.4,-1089.8,-1337.5,-1544.9,-1617.9,-1610.9,-1537.6,-1431.0,-1339.4,-1230.2,-1144.1,-1038.5,-917.7,-805.7,-720.1,-662.8,-621.0,-570.5,-513.8,-455.8,-401.4,-330.4,-276.4,-202.4,-131.3,37.3,44.4,41.8,44.4,37.3,-108.6,-129.2,-134.8,-132.5,-153.4,-47.3,43.9,93.5,115.3,142.9,172.5,184.6,168.8,153.5,140.8,91.1,75.0,106.7,130.5,149.0,148.7,145.8,140.6,136.5,130.7,126.4,121.6,116.9,91.8,69.7,67.0,113.7,89.4,82.1,33.5,103.7,115.8,102.6,116.2,119.3,109.9,109.5,109.5,116.0,117.2,118.4,118.3,117.1,115.0,113.4,97.8,100.6,105.8,84.0,71.2,26.8,49.0,30.9,24.2,42.3,43.9,43.9,87.1,98.7,84.3,85.3,95.3,80.3,100.7,101.9,103.6,107.4,108.2,109.8,110.6,111.9,112.2,101.0,101.5,105.0,105.5,115.9,118.6,120.3,122.5,124.5,126.4,126.9,127.0,127.1,126.3,124.8,125.1,124.4,114.6,114.5,125.2,124.6,126.6,126.8,126.4,123.4,111.2,98.8,121.2,130.9,127.5,129.6,130.7,132.5,134.5,134.9,137.1,138.6,140.1,142.2,144.3,146.8,147.5,145.9,142.7,139.7,138.3,136.7,136.2,137.9,137.2,136.8,132.0,125.8,135.0,38.7,41.9,-17.8,135.6,140.6,144.9,149.6,151.9,153.0,150.2,149.5,108.4,18.4,-19.8,-20.0,-23.3,-28.2,22.5,4.5,22.5,88.8,110.1,129.1,128.7,152.8,162.2,169.1,169.3,162.0,134.5,138.7,163.8,169.8,172.8,172.7,159.1,176.3,176.3,172.8,169.0,166.7,161.5,154.9,162.0,186.1,195.5,196.5,179.3,165.1,156.2,156.2,129.6,7.5,110.2,163.0,169.3,171.5,170.0,167.1,158.0,164.3,167.7,172.7,175.1,173.8,170.9,161.4,161.4,167.6,167.9,161.5,139.7,122.2,129.9,129.3,132.0,132.4,117.7,77.2,31.9,34.2,25.1,34.2,132.5,130.2,125.8,125.6,116.2,126.8,126.1,125.2,125.4,126.4,107.5,127.2,125.0,125.7,107.4,58.2,51.7,39.9,-24.1,-24.8,21.3,110.0,126.4,115.2,119.2,129.2,128.9,128.9,129.5,-20.6,-21.3,130.6,130.5,132.3,133.1,138.9,141.7,141.2,138.7,135.5,133.7,131.4,117.9,98.1,76.2,63.2,55.1,54.5,54.7,47.6,65.2,73.6,56.7,15.1,-41.4,-78.8,-125.1,-189.5,-285.4,-370.8,-490.8,-654.4,-878.4,-1131.9,-1405.5,-1638.5,-1811.0,-1909.9,-1979.9,-2053.7,-2140.1,-2247.3,-2336.2,-2407.9,-2480.8,-2568.7,-2691.1,-2834.4,-2990.9,-3158.7,-3334.8,-3529.2,-3701.2,-3866.1,-4007.8,-4140.5,-4246.2,-4335.9,-4404.8,-4446.0,-4473.9,-4487.9,-4488.2,-4492.5
-3503.7,-3086.3,-2645.0,-2195.7,-1766.6,-1403.1,-1090.9,-829.7,-592.4,-374.7,23.4,24.4,69.8,104.0,138.0,171.5,214.6,242.5,168.0,32.8,-107.0,-217.3,-290.4,-358.9,-437.8,-512.7,-576.7,-646.7,-716.2,-793.1,-836.7,-837.0,-807.4,-730.1,-686.4,-644.3,-591.7,-536.6,-473.3,-429.5,-403.4,-400.5,-401.8,-404.0,-405.5,-405.3,-407.6,-408.8,-409.5,-411.1,-411.3,-414.1,-433.3,-471.0,-528.1,-588.0,-639.1,-658.2,-656.5,-647.4,-602.1,-547.2,-485.6,-442.8,-416.6,-413.6,-406.6,-374.1,-332.1,-284.1,-251.5,-235.3,-234.7,-232.5,-231.9,-232.7,-226.4,-224.8,-223.3,-222.3,-220.5,-218.0,-219.5,-215.5,-223.6,-226.7,-228.7,-221.3,-210.6,-204.0,-175.4,-134.8,-56.0,77.9,205.4,253.9,227.0,199.2,179.5,176.0,169.1,163.3,157.6,152.4,149.4,150.8,153.3,158.7,161.7,159.0,150.6,142.4,125.4,126.0,141.3,142.1,85.9,93.7,143.5,142.2,141.7,143.4,142.8,144.9,154.1,159.3,142.0,83.0,2.2,-82.8,-178.0,-292.6,-415.2,-562.3,-749.7,-977.4,-1204.3,-1355.9,-1397.2,-1388.2,-1281.7,-1151.5,-1049.0,-969.1,-874.2,-798.7,-709.6,-609.5,-519.4,-451.9,-408.1,-365.4,-325.4,-282.7,-210.8,-147.5,-88.6,-45.0,23.5,81.6,139.4,180.9,166.2,126.1,104.4,86.6,70.1,60.9,63.9,102.5,159.0,201.4,196.4,187.8,174.6,161.8,158.2,141.0,140.1,139.5,139.9,154.7,153.8,151.3,147.2,140.7,134.2,128.4,122.6,119.8,116.8,115.1,78.9,71.2,105.8,117.4,117.3,120.2,115.4,119.2,121.2,119.3,120.2,119.5,119.2,119.0,118.1,117.6,117.0,117.3,116.3,114.3,111.2,107.5,88.9,88.8,80.5,9.8,-0.4,-11.0,-11.2,-11.5,24.0,7.0,24.0,42.3,73.2,99.3,100.3,99.4,101.9,104.4,105.9,105.6,106.4,107.2,91.1,89.8,105.5,99.3,99.7,100.1,111.8,114.0,114.7,116.8,118.9,120.3,122.4,123.6,123.9,124.8,124.3,123.0,123.9,124.6,124.3,117.1,125.1,128.0,129.5,130.8,132.4,133.2,133.6,135.0,135.4,134.7,134.6,134.3,134.4,134.4,134.9,135.2,136.1,138.1,139.2,140.5,143.6,146.4,150.9,152.4,153.1,153.3,151.9,150.6,148.8,145.3,143.2,142.1,141.2,141.1,132.5,137.1,135.2,87.7,-16.5,113.3,-18.4,0.3,141.2,143.8,147.2,151.0,148.9,141.7,38.5,-19.8,-19.1,46.9,85.5,122.8,125.9,121.5,136.1,135.9,154.0,151.6,150.6,153.4,162.0,168.7,168.6,162.4,134.2,142.5,163.8,167.8,169.5,157.9,158.0,174.5,173.6,169.5,167.9,165.5,162.7,162.3,162.2,186.4,194.9,194.8,179.7,171.9,158.2,158.2,138.2,36.4,133.4,158.6,168.0,169.9,168.8,166.3,158.0,166.4,170.7,175.7,177.1,174.1,168.6,167.8,165.4,161.4,164.3,144.0,128.9,121.4,115.0,128.3,128.4,131.2,115.5,94.9,51.0,26.3,34.2,93.5,130.0,127.8,125.8,125.7,115.2,116.0,126.5,125.1,125.3,125.5,125.7,125.9,125.9,126.4,124.3,108.8,106.6,91.0,59.3,-23.7,-23.3,91.8,124.9,91.0,111.9,128.9,128.2,128.2,-20.5,-19.1,130.4,131.5,133.7,132.4,133.3,137.2,137.8,136.4,133.2,130.7,129.8,109.8,94.9,72.7,37.7,15.0,10.6,10.4,13.6,11.4,28.4,45.3,33.0,-28.5,-94.2,-153.2,-211.6,-284.4,-373.4,-484.2,-603.0,-762.8,-965.8,-1230.6,-1512.5,-1808.5,-2055.6,-2232.3,-2332.9,-2405.1,-2476.2,-2566.3,-2672.4,-2757.9,-2829.1,-2900.2,-2985.7,-3101.9,-3238.3,-3383.8,-3537.1,-3694.6,-3862.9,-4005.7,-4136.0,-4243.7,-4333.3,-4399.7,-4444.3,-4471.4,-4482.8,-4484.8,-4489.2,-4491.0
-3503.1,-3085.7,-2644.6,-2195.8,-1755.1,-1349.4,-1018.4,-747.3,-534.2,-349.7,-176.5,-28.1,14.2,67.2,104.3,128.9,158.5,208.2,225.8,130.7,0.2,-96.9,-168.0,-233.7,-292.2,-340.8,-401.9,-455.9,-516.5,-576.8,-624.5,-628.1,-593.6,-535.0,-473.5,-431.9,-396.9,-358.3,-317.0,-268.6,-235.3,-218.9,-226.8,-219.6,-221.3,-221.5,-224.0,-225.2,-224.8,-225.2,-225.0,-238.3,-268.3,-314.1,-358.8,-396.5,-413.5,-411.9,-412.6,-414.0,-406.1,-372.9,-332.8,-284.9,-253.4,-235.7,-231.1,-226.2,-201.4,-167.2,-75.4,-116.9,-115.2,-113.5,-114.1,-110.6,-110.3,-106.0,-103.5,-101.7,-99.9,-97.7,-94.0,-92.3,-102.5,-112.3,-107.9,-100.5,-91.3,-85.8,-77.8,20.5,28.4,127.9,196.8,198.3,189.0,179.8,172.7,170.6,155.6,158.6,143.8,137.4,145.6,151.2,156.0,160.6,161.5,155.5,145.6,125.4,125.6,141.6,143.0,143.1,110.5,97.0,144.0,143.5,143.2,142.9,144.2,152.0,158.0,160.4,164.6,152.3,122.0,73.8,-22.0,-167.1,-322.8,-476.3,-656.2,-862.8,-1054.3,-1167.8,-1179.4,-1143.8,-1040.1,-917.8,-805.5,-719.5,-652.9,-575.7,-513.1,-446.0,-366.1,-284.0,-212.9,-157.8,-119.3,-80.1,-19.1,57.0,100.0,132.4,149.1,174.7,186.7,185.8,188.4,191.2,209.7,189.8,179.7,171.7,166.2,171.0,187.5,182.1,175.7,168.9,158.2,150.6,150.2,149.8,158.6,158.7,157.3,154.4,150.3,145.1,139.0,132.2,125.4,120.3,102.5,98.2,96.1,94.5,92.3,105.4,119.6,121.6,121.2,121.4,121.0,121.5,121.8,122.0,122.6,121.2,119.9,119.6,119.2,117.6,115.3,113.4,110.8,108.0,103.3,85.9,80.0,-6.6,-8.7,-10.5,-11.8,-12.2,15.4,22.4,9.4,24.0,-11.2,43.9,42.3,67.0,101.5,104.8,104.5,104.8,105.6,105.8,105.6,104.0,77.5,46.6,53.1,98.0,110.3,110.7,111.7,113.5,115.0,116.6,118.4,119.8,121.0,120.7,120.3,121.3,118.0,123.0,123.8,124.6,125.7,127.7,130.2,134.1,131.6,133.2,135.6,134.8,134.0,136.8,134.4,137.3,135.8,134.0,132.6,131.4,130.8,130.6,131.8,133.1,134.3,134.6,137.7,140.4,144.3,148.3,150.4,151.3,152.7,153.3,153.3,152.7,150.8,150.5,149.3,146.2,135.8,136.9,138.9,118.0,61.0,137.1,138.7,-17.6,0.5,141.1,143.2,144.5,146.1,123.4,12.8,-22.1,32.6,93.0,144.3,149.8,144.2,152.0,155.1,155.3,153.9,152.2,151.5,154.9,163.3,168.7,166.6,160.5,132.5,157.0,161.7,164.8,165.1,154.1,154.1,171.2,170.7,167.5,152.9,163.0,160.2,164.3,168.7,187.9,194.3,191.7,176.3,169.8,161.9,167.3,147.0,78.0,143.9,160.8,166.0,166.6,166.4,164.0,158.0,166.5,171.3,175.9,176.3,173.8,169.5,167.2,164.2,151.9,157.8,136.2,128.5,119.4,110.2,108.3,96.2,95.5,95.7,-25.7,-23.7,34.9,-26.9,-27.1,93.5,-25.3,-26.0,-25.0,115.1,115.1,125.1,126.3,125.7,125.7,125.8,126.1,125.9,126.3,126.2,125.9,123.0,103.1,66.7,-23.3,-23.0,-22.7,86.0,55.7,93.7,123.1,124.4,-23.7,-20.0,129.8,132.6,134.6,133.2,132.0,120.2,130.5,130.5,129.8,129.5,128.4,126.4,101.4,80.5,52.7,22.7,-24.9,-54.1,-32.6,-24.3,-21.8,25.6,9.9,25.6,-100.9,-178.7,-254.2,-323.7,-398.6,-492.9,-610.1,-753.1,-905.8,-1096.8,-1328.6,-1621.8,-1927.7,-2235.9,-2487.4,-2659.2,-2759.5,-2825.3,-2895.3,-2981.6,-3085.3,-3165.5,-3230.0,-3297.5,-3378.0,-3484.7,-3607.8,-3736.4,-3868.7,-4000.7,-4134.2,-4241.2,-4330.8,-4397.1,-4441.7,-4468.7,-4479.4,-4482.1,-4486.6,-4488.0,-4489.4
-3502.5,-3085.2,-2644.1,-2195.4,-1755.2,-1339.4,-972.8,-688.2,-470.6,-308.8,-161.8,-17.8,47.6,77.1,88.3,110.3,137.8,166.5,210.7,174.6,75.8,-9.4,-74.6,-121.3,-159.4,-205.8,-249.4,-298.8,-349.7,-387.1,-405.3,-410.2,-401.9,-359.5,-316.3,-270.5,-235.9,-212.8,-184.3,-151.1,-118.7,-101.0,-99.3,-96.2,-98.9,-100.6,-99.4,-99.0,-99.5,-98.3,-101.8,-118.1,-147.6,-182.3,-210.5,-214.5,-211.5,-201.7,-200.7,-204.9,-220.1,-220.0,-199.3,-168.9,-136.4,-116.4,-107.9,-105.8,-101.3,-85.1,-43.5,-56.6,-54.7,-46.1,-54.6,-48.3,-38.6,-36.4,-40.7,-45.0,-42.5,-39.5,-35.0,-32.6,-39.2,20.5,20.4,-44.2,-28.7,-30.1,20.5,20.7,20.5,76.5,105.0,113.2,132.1,149.4,159.8,145.8,108.2,84.1,108.6,88.6,114.5,149.7,158.1,160.1,156.5,150.1,143.2,125.4,125.8,144.6,148.1,147.0,107.4,97.9,144.6,143.7,143.6,144.6,148.9,152.9,156.8,143.6,159.0,161.4,177.7,171.5,91.0,-64.1,-238.0,-400.0,-564.4,-739.9,-894.6,-973.6,-975.0,-904.7,-804.3,-709.7,-610.8,-518.5,-452.7,-400.8,-331.4,-277.3,-204.2,-111.2,-18.2,58.4,93.1,107.4,141.7,167.5,189.1,176.9,165.6,154.7,146.6,139.6,140.6,150.6,161.7,167.8,169.8,168.1,167.8,165.7,164.1,164.4,170.4,165.1,162.7,150.2,162.9,163.7,162.0,158.3,153.2,147.1,141.0,134.8,128.6,107.6,105.9,102.7,102.1,99.8,97.3,118.3,120.7,122.3,123.3,124.6,124.3,122.8,122.6,123.2,123.6,124.6,124.6,122.0,120.7,119.6,117.6,114.4,110.6,108.1,96.5,93.9,86.6,86.3,94.9,66.9,60.1,34.9,50.5,64.9,72.4,77.5,30.5,-45.9,111.8,111.0,111.5,113.4,45.6,81.3,104.3,103.3,103.3,103.1,99.2,74.3,17.9,-5.0,67.4,105.8,110.2,111.6,113.1,114.4,114.9,115.9,118.7,107.4,108.1,109.4,112.0,117.3,123.8,123.3,125.8,127.3,128.5,130.4,130.7,132.4,139.6,122.2,111.9,90.7,101.9,113.5,102.1,120.2,117.3,117.2,119.7,112.9,111.5,124.8,125.5,127.3,128.1,128.2,130.5,131.8,135.8,138.3,140.1,143.1,145.6,149.3,151.7,154.2,155.9,157.3,157.1,153.3,149.3,145.8,142.6,142.5,136.9,131.6,140.9,140.2,-18.9,1.0,139.3,140.6,141.8,112.1,-19.0,-19.2,56.7,125.6,150.7,145.8,144.9,152.9,155.3,156.0,153.9,147.1,153.1,156.2,163.4,167.4,163.4,157.8,132.0,157.1,160.3,161.8,140.0,139.7,164.6,167.8,166.1,163.1,152.0,152.1,157.2,165.1,172.0,189.7,193.6,188.3,168.8,169.1,168.2,170.2,151.1,95.5,153.1,155.4,155.7,162.6,165.1,163.5,158.0,166.6,172.8,177.1,178.1,174.1,169.3,166.2,161.2,136.5,128.2,115.8,114.8,85.2,86.1,30.9,-4.7,-24.9,-25.6,-26.7,-26.4,-2.3,57.9,94.5,124.5,123.6,121.6,-25.1,-25.4,126.5,123.0,125.3,125.9,125.7,125.9,125.9,126.3,126.6,126.9,126.7,126.0,89.6,64.9,67.1,38.0,58.3,67.7,58.3,34.8,123.9,-20.6,-22.3,127.7,132.3,132.7,131.3,128.8,127.0,120.0,124.2,126.5,125.7,98.6,75.4,55.8,32.3,8.3,-13.6,-13.3,24.9,-38.2,-25.7,-24.9,-25.4,-37.0,25.6,-110.2,-184.2,-277.9,-363.2,-452.9,-542.3,-641.5,-765.1,-905.4,-1086.8,-1262.8,-1475.7,-1730.0,-2033.5,-2343.9,-2655.3,-2900.5,-3071.7,-3163.2,-3263.9,-3293.1,-3375.6,-3469.1,-3542.5,-3596.6,-3658.5,-3730.2,-3823.0,-3927.4,-4033.4,-4138.3,-4237.8,-4329.5,-4395.5,-4438.0,-4463.9,-4476.4,-4478.8,-4483.3,-4486.4,-4488.1,-4489.5
-3502.1,-3084.8,-2643.7,-2195.0,-1754.9,-1339.5,-964.7,-652.9,-426.4,-258.3,-116.3,10.6,88.5,105.2,103.5,102.4,114.1,132.7,165.6,183.1,130.1,80.9,30.8,-19.6,-63.0,-94.8,-130.5,-175.8,-215.9,-235.0,-242.6,-244.8,-243.9,-223.7,-186.0,-150.3,-118.1,-101.9,-89.9,-72.0,-53.5,-42.4,-44.8,-42.1,-41.7,-41.2,-41.8,-42.0,-40.5,-37.9,-38.9,-48.7,-65.3,-84.4,-87.4,-60.7,-24.3,10.1,19.3,-2.5,-43.4,-77.5,-85.4,-79.8,-66.2,-53.0,-48.6,-45.9,-46.4,-42.9,-20.0,-17.6,-16.1,-5.8,-2.7,4.1,25.0,25.7,2.3,-19.8,-23.4,-19.0,-16.0,20.4,20.6,20.7,20.6,20.4,-23.2,-24.6,20.6,20.8,20.5,20.5,25.4,41.2,74.5,109.3,124.4,118.4,102.5,59.9,59.6,49.9,107.3,134.9,155.7,141.4,141.0,141.5,140.8,127.6,146.6,149.2,150.5,148.8,108.3,101.1,144.5,144.4,146.9,148.0,149.3,150.5,142.5,144.2,160.6,166.0,169.0,180.8,142.6,16.6,-161.1,-325.2,-473.7,-621.6,-730.9,-763.7,-760.0,-705.0,-610.8,-519.8,-443.6,-362.8,-283.8,-214.8,-151.6,-78.2,-12.4,72.2,145.9,194.5,200.2,182.4,174.1,163.1,158.3,150.6,141.4,131.8,130.7,131.4,124.6,124.3,137.4,134.8,138.4,136.4,135.7,138.4,144.5,163.5,165.9,165.0,164.8,166.6,165.8,163.3,157.9,151.1,143.7,136.8,130.7,125.9,121.8,108.1,104.6,102.2,104.2,119.7,111.1,110.6,122.4,123.4,124.5,124.7,124.7,123.9,124.2,124.4,124.7,123.8,123.2,121.0,119.0,117.5,114.3,109.9,98.8,95.9,94.3,93.9,104.7,101.5,101.3,102.5,103.1,102.2,93.6,102.6,104.6,86.4,3.4,111.0,113.4,112.3,111.8,113.2,-54.8,8.9,52.8,72.7,79.1,75.2,63.0,39.9,3.7,-13.7,56.5,91.6,107.4,112.5,113.1,113.9,112.3,93.1,93.8,107.5,108.2,111.5,112.1,123.5,124.0,124.7,126.0,127.4,127.0,127.5,128.5,130.0,130.7,104.3,95.9,-14.3,-16.3,-16.0,-15.5,-13.4,-15.3,3.8,9.9,43.4,65.2,80.3,108.2,109.1,128.4,126.8,127.3,128.3,129.9,131.3,132.9,134.5,137.2,140.8,143.4,147.3,151.9,156.5,159.8,160.8,158.9,154.6,149.7,145.9,143.2,141.7,140.4,141.9,139.7,-19.3,-18.6,122.0,94.3,51.3,-20.3,-21.6,104.7,142.1,148.6,143.0,145.5,155.9,157.8,156.5,153.1,147.1,151.7,158.0,163.4,163.7,159.8,147.0,130.4,157.4,157.9,134.3,135.7,145.1,164.5,166.3,163.5,159.6,151.0,151.1,151.2,159.3,173.0,189.4,191.4,184.0,173.2,168.6,171.2,170.2,164.6,125.8,158.6,161.8,156.1,165.6,166.4,168.5,170.7,173.1,176.6,179.2,179.0,174.9,168.8,162.7,156.4,130.3,84.7,25.2,36.0,26.2,-23.8,-27.1,-25.8,-25.1,-4.8,-29.7,40.8,64.1,105.3,122.5,124.0,125.8,124.0,123.3,-25.2,-26.5,104.9,124.2,126.4,126.0,126.0,126.0,127.3,126.5,125.4,117.2,117.1,117.1,108.6,118.8,96.7,72.7,58.3,49.3,29.7,36.8,-20.4,128.1,125.8,125.2,126.5,125.6,124.4,124.4,116.6,122.9,125.6,124.5,96.2,76.6,56.9,30.3,7.7,30.9,24.9,8.6,24.9,-19.2,-27.2,-55.6,-80.7,-123.7,-186.1,-277.2,-370.2,-482.7,-594.6,-713.2,-829.5,-954.1,-1095.9,-1262.2,-1464.3,-1656.5,-1884.9,-2148.7,-2456.3,-2767.6,-3067.1,-3302.9,-3456.8,-3537.3,-3593.4,-3657.0,-3726.2,-3812.4,-3866.8,-3915.0,-3966.5,-4026.7,-4101.2,-4181.6,-4259.1,-4330.1,-4391.4,-4436.5,-4463.4,-4476.8,-4476.6,-4481.2,-4482.7,-4483.9,-4486.4,-4490.5
-3501.8,-3084.6,-2643.5,-2194.8,-1754.6,-1339.2,-964.4,-648.8,-417.4,-248.4,-106.0,18.4,98.3,102.6,101.8,100.5,99.1,105.7,124.3,139.2,146.7,147.9,121.0,64.2,9.5,-24.9,20.8,20.9,-113.0,-126.2,-135.6,-137.7,-134.4,-118.4,-97.5,-71.6,-53.4,22.9,23.3,-30.4,-26.3,-25.6,-7.4,-17.9,-19.9,-19.8,-20.6,-21.2,-20.6,-20.8,-21.1,-21.0,-22.3,-28.2,-19.2,34.5,130.8,187.3,212.6,175.1,113.9,48.9,2.4,-17.8,-18.2,-17.9,-18.6,-20.7,-18.2,-17.3,-14.0,-12.1,4.3,38.6,49.1,75.5,92.5,94.3,52.8,15.1,9.4,9.7,9.5,8.1,4.9,2.0,20.7,20.5,-5.2,-7.5,20.5,20.7,20.8,20.7,20.5,8.1,29.5,52.2,79.8,82.0,66.8,40.6,40.6,50.6,99.7,133.0,150.0,142.2,142.0,140.4,141.0,145.1,149.8,151.0,149.3,140.1,106.3,106.7,147.6,151.2,151.3,148.9,147.7,142.7,142.5,158.4,164.4,166.5,168.1,167.8,159.0,53.5,-87.6,-242.6,-372.5,-489.4,-560.7,-577.4,-569.8,-516.3,-445.6,-362.2,-278.6,-199.2,-111.0,-23.3,54.0,107.1,157.4,197.4,198.0,182.4,164.9,155.1,153.1,149.9,151.2,145.6,127.4,132.0,131.1,130.7,121.7,121.2,125.1,126.9,126.9,134.8,135.3,139.3,159.6,164.9,165.6,165.1,164.5,163.6,159.6,154.0,147.0,139.9,133.1,128.4,123.6,116.9,116.5,121.4,122.7,122.4,111.3,122.4,121.2,110.6,122.0,123.6,124.3,124.9,124.7,123.5,122.4,122.3,121.5,120.7,119.4,118.4,116.7,116.3,114.7,102.3,99.1,111.5,111.0,110.5,109.4,108.6,109.1,109.2,109.2,107.5,107.8,108.7,95.7,69.5,113.4,111.3,111.8,113.2,109.3,109.8,112.0,115.2,-42.9,-4.6,21.7,41.4,32.0,6.1,-12.8,-5.4,26.6,60.7,73.7,96.2,111.7,112.4,70.0,84.1,117.0,121.5,122.2,122.4,123.1,124.1,124.2,117.3,121.5,121.9,121.7,121.4,121.9,124.2,125.3,-14.7,-15.9,-14.5,-14.4,-15.4,-15.3,34.0,43.6,72.2,74.1,98.0,101.8,104.1,111.6,112.6,117.3,117.6,128.8,128.7,129.9,131.3,130.7,131.8,126.6,132.0,134.0,137.4,135.9,141.8,154.6,159.9,162.5,162.1,159.2,153.4,148.7,145.3,143.6,144.3,136.5,87.7,-18.8,47.1,47.9,47.1,-21.6,67.1,115.6,133.2,142.3,143.5,154.5,157.8,159.0,155.8,152.1,147.1,152.6,158.6,162.3,159.9,155.3,124.4,121.7,117.9,128.0,131.5,140.4,162.0,165.2,165.2,160.4,155.8,153.9,150.1,156.2,160.2,182.3,188.4,186.9,177.6,168.7,168.4,173.1,172.2,156.2,143.2,160.6,162.9,166.4,169.2,172.1,175.2,177.5,177.5,178.8,177.7,177.4,173.0,167.1,159.8,130.7,65.2,-24.2,-24.9,-26.4,-25.2,-26.4,-25.4,19.1,54.3,100.9,109.0,98.7,123.1,118.0,123.9,124.2,125.6,124.6,120.4,66.8,-26.5,-26.2,124.5,122.3,127.0,126.9,127.0,127.3,123.5,120.8,129.3,128.2,127.0,124.4,125.3,111.2,69.0,30.9,37.5,36.8,-22.7,119.6,111.2,105.2,105.5,116.5,119.2,120.0,110.6,103.4,124.1,125.3,126.1,126.9,125.4,119.7,101.0,91.4,78.6,52.0,23.7,23.7,26.1,24.2,-108.3,-154.6,-211.0,-285.3,-371.1,-483.8,-602.3,-752.6,-894.3,-1037.5,-1174.2,-1312.6,-1474.8,-1655.9,-1871.8,-2074.7,-2310.6,-2573.2,-2875.4,-3172.7,-3450.3,-3661.2,-3795.0,-3864.7,-3912.8,-3961.5,-4025.7,-4087.0,-4131.7,-4166.2,-4206.5,-4252.1,-4304.9,-4356.1,-4399.5,-4434.8,-4459.5,-4472.1,-4474.2,-4479.7,-4480.3,-4481.3,-4482.8,-4484.1,-4485.3
-3501.7,-3084.4,-2643.3,-2194.6,-1754.4,-1338.7,-967.1,-676.2,-456.8,-294.9,-153.1,-30.1,33.9,48.5,66.3,74.0,86.4,93.6,101.1,105.3,109.3,124.6,124.2,80.1,35.2,1.4,21.1,21.2,21.1,-57.9,-66.7,-71.1,-70.2,-55.4,-42.8,-35.3,22.9,24.1,24.6,24.1,22.9,-17.8,-1.5,0.5,4.8,6.2,5.6,4.7,3.9,3.3,-22.0,26.3,28.2,26.3,3.9,72.3,171.0,229.6,246.9,231.6,197.8,133.4,85.6,58.0,43.2,34.5,25.1,20.5,20.1,36.2,18.5,15.3,20.4,56.4,85.3,110.4,132.1,114.1,72.7,28.6,17.7,14.2,11.3,9.9,5.8,2.0,20.6,-3.0,-5.6,-7.8,-8.7,-11.0,20.6,-5.9,-2.4,3.1,15.3,17.0,37.7,49.9,43.2,30.5,41.4,66.3,102.3,138.4,139.7,141.8,140.2,140.7,141.5,145.8,150.9,138.6,138.6,138.3,107.4,151.2,153.6,154.1,152.3,149.1,139.5,142.4,154.1,161.0,164.5,164.6,162.2,160.9,122.8,54.8,-4.6,-134.1,-254.7,-340.1,-397.8,-414.0,-406.3,-351.1,-277.0,-194.4,-95.5,-6.0,74.4,139.7,188.2,194.2,175.9,173.6,154.2,145.7,134.1,135.6,148.5,149.4,147.1,139.2,132.2,127.4,132.4,132.9,120.7,136.3,138.4,127.1,144.0,149.1,153.1,158.7,163.6,165.3,163.7,161.5,157.7,144.6,138.1,138.8,122.9,129.6,127.1,124.5,124.9,125.3,126.0,126.2,126.5,126.0,124.9,123.8,123.3,123.0,123.1,123.5,123.2,122.3,122.0,119.6,118.8,118.2,117.6,117.2,116.7,116.7,117.0,118.1,118.5,117.7,117.2,116.3,115.7,114.8,113.1,111.8,112.7,112.3,111.9,110.7,109.8,108.5,93.3,39.0,112.8,109.5,108.1,113.9,105.0,104.7,107.0,111.3,115.4,118.1,-49.9,1.7,20.4,-6.3,-4.3,-12.9,0.9,18.4,39.7,67.7,91.5,92.6,44.1,61.6,100.7,111.3,114.0,118.8,119.0,118.4,117.1,116.5,115.9,116.1,116.4,-19.7,-17.5,-16.4,-18.4,-15.9,-17.1,-14.7,-15.2,-14.5,10.0,7.6,11.3,17.5,26.5,125.3,125.8,127.0,128.2,129.0,129.2,129.1,129.5,130.9,132.4,133.5,132.1,129.8,126.8,126.6,119.7,119.7,132.2,137.8,138.0,144.8,159.6,164.3,165.4,162.3,157.3,150.6,147.8,145.6,123.7,39.4,-19.0,21.4,47.1,-22.7,54.1,99.7,118.4,128.4,143.7,148.3,153.3,157.6,156.5,152.3,135.5,136.0,155.3,159.4,159.1,145.8,151.0,114.9,116.6,117.9,128.1,141.5,158.7,164.0,166.9,164.0,157.0,142.7,148.1,149.9,158.4,161.9,183.2,186.4,181.9,172.0,163.3,168.3,175.0,173.0,164.2,145.1,160.7,164.6,170.6,174.7,178.6,180.9,180.8,179.3,177.4,173.0,173.7,172.2,167.3,157.7,138.7,45.0,-24.4,12.5,8.7,89.9,77.5,100.0,98.1,118.3,129.6,120.6,121.0,115.5,115.7,115.5,114.4,107.1,104.1,96.0,14.5,-27.7,-27.7,-25.0,127.1,127.5,127.1,126.9,126.7,127.2,128.4,127.1,126.3,125.3,116.5,114.1,96.5,-22.1,37.5,-23.4,-26.0,117.2,93.1,79.1,73.7,71.6,75.8,84.3,88.0,87.4,91.3,119.0,123.2,124.3,124.6,121.9,120.7,116.1,108.7,82.7,64.1,38.2,10.4,26.8,24.8,-185.1,-254.2,-322.6,-397.7,-490.2,-604.5,-751.6,-904.2,-1084.2,-1250.9,-1410.3,-1558.5,-1711.9,-1884.9,-2074.0,-2296.9,-2500.0,-2733.2,-2988.1,-3273.4,-3546.1,-3792.1,-3969.5,-4075.9,-4127.7,-4162.8,-4202.8,-4247.8,-4292.0,-4318.5,-4339.7,-4365.3,-4393.9,-4421.0,-4444.6,-4460.1,-4470.0,-4471.2,-4476.2,-4478.3,-4478.7,-4479.7,-4481.5,-4482.5,-4484.0
-3501.7,-3084.4,-2643.3,-2194.5,-1754.0,-1342.2,-1002.8,-728.5,-516.4,-341.3,-192.7,21.2,21.5,2.9,3.1,-6.3,26.2,48.3,66.7,86.2,92.6,101.0,96.9,63.7,18.5,6.3,5.4,5.4,21.2,20.9,-25.0,-35.4,-32.7,-17.5,-20.7,-17.4,-13.1,24.6,1765.0,1.6,3.3,1.9,7.3,13.6,10.4,8.4,6.0,4.0,4.1,6.4,14.0,28.2,14.5,15.4,3.9,58.6,126.7,155.1,149.2,142.1,137.3,141.5,135.3,125.6,120.9,110.7,97.7,89.9,86.7,85.0,74.6,34.3,16.0,36.1,67.4,85.0,104.9,130.9,93.4,67.8,53.6,36.9,16.7,9.8,9.5,3.6,-0.5,-3.2,-5.7,-8.0,-9.7,-5.3,-7.5,-2.5,11.7,17.2,17.4,17.1,17.9,17.9,17.9,17.9,27.4,69.0,117.6,158.1,140.2,140.2,140.6,141.8,142.4,148.6,150.2,138.6,139.0,152.3,153.8,155.1,154.1,152.7,151.0,149.0,136.2,151.4,156.6,160.5,161.2,159.1,156.9,119.7,18.5,8.9,31.0,-33.4,-107.2,-188.5,-259.9,-280.5,-271.5,-196.6,-97.0,-2.9,87.2,157.6,202.5,208.5,188.4,169.8,151.3,143.3,138.1,132.0,137.4,135.4,151.8,152.5,145.7,133.5,134.1,130.3,117.6,115.3,120.3,140.8,143.1,145.3,148.5,153.1,158.0,163.3,164.4,162.1,156.6,143.5,136.1,117.6,117.2,119.7,119.7,119.7,124.7,128.0,129.5,130.7,130.7,129.9,128.6,127.6,126.5,125.9,125.8,123.4,122.8,122.2,120.5,119.2,119.2,119.2,119.5,119.1,118.4,116.7,116.7,119.3,118.6,120.5,121.9,121.9,120.9,119.5,118.1,115.7,114.1,111.8,111.6,111.9,107.3,109.5,106.2,106.9,92.5,22.7,110.8,106.5,102.5,108.3,99.1,-502.8,-423.1,-344.3,110.2,114.8,118.6,122.3,29.7,5.9,-0.6,1.4,4.7,8.8,13.7,37.1,65.7,72.9,26.9,45.6,67.8,88.9,99.3,97.5,98.0,113.8,113.5,-15.9,-17.9,-16.8,-17.0,-16.9,124.1,125.5,120.8,123.0,118.0,120.4,120.9,122.1,125.2,131.4,129.4,130.8,130.5,130.9,131.2,131.4,131.6,130.6,128.9,128.9,129.5,130.4,132.0,133.0,132.5,132.2,130.3,128.7,120.5,120.1,119.7,129.7,134.9,135.3,144.3,159.6,165.1,167.9,165.1,157.3,150.0,135.9,135.3,56.4,21.4,2.4,21.4,-19.8,72.5,78.1,112.8,130.8,136.6,145.7,150.0,152.6,150.3,135.7,135.5,152.1,152.2,157.1,138.9,114.0,97.1,105.9,121.8,135.4,156.4,156.4,161.3,166.8,167.9,161.9,154.1,142.3,143.5,151.2,154.6,174.8,183.5,182.4,175.6,167.0,159.1,171.0,177.2,173.9,166.0,148.2,164.8,170.2,176.1,179.9,182.5,181.7,179.5,177.1,174.9,164.0,122.3,120.5,116.9,113.9,111.1,87.7,112.5,128.5,114.8,136.2,138.6,140.8,144.3,131.4,124.2,120.9,123.6,127.3,127.1,125.9,125.5,125.3,117.2,111.4,91.8,66.1,72.3,-25.3,-25.1,127.3,127.5,128.7,130.7,125.1,127.6,123.1,125.2,112.3,104.6,-21.9,-22.5,-22.0,65.6,83.9,90.6,-21.3,51.0,33.5,25.2,22.9,23.4,34.9,37.1,35.3,61.2,77.5,93.4,102.7,98.7,105.5,90.3,79.1,51.2,24.3,15.9,2.1,26.8,26.1,-180.0,-277.9,-366.5,-454.0,-544.9,-641.9,-765.9,-903.1,-1085.0,-1260.1,-1463.4,-1644.4,-1814.4,-1971.8,-2131.6,-2309.1,-2500.4,-2720.2,-2927.3,-3140.8,-3378.6,-3635.6,-3870.8,-4073.4,-4208.4,-4283.0,-4313.2,-4333.4,-4359.4,-4388.5,-4410.9,-4420.7,-4430.6,-4442.7,-4455.9,-4463.5,-4463.2,-4469.4,-4473.7,-4474.8,-4476.4,-4477.9,-4478.2,-4480.1,-4481.0,-4481.9
-3501.8,-3084.5,-2643.3,-2194.1,-1758.2,-1384.7,-1068.1,-806.9,-577.2,-379.5,-204.8,21.5,2.7,2.3,-5.5,3.1,57.4,77.0,85.7,85.9,97.3,100.9,90.2,64.3,-9.5,6.6,21.1,6.3,11.9,19.9,16.9,5.0,9.9,12.2,-5.8,-7.9,22.9,0.7,1.6,24.1,8.9,5.7,8.6,27.7,25.9,14.6,4.8,6.2,7.7,6.1,13.1,26.3,14.2,13.2,11.5,34.1,83.7,96.3,90.6,91.9,93.8,97.3,109.3,119.7,125.4,131.8,129.0,125.6,120.3,129.0,111.9,50.3,16.1,16.0,21.7,16.3,16.3,81.6,124.9,119.3,106.8,85.0,42.6,14.5,11.0,5.9,4.2,1.9,0.5,-7.8,-8.0,-6.4,-1.3,10.2,28.9,49.7,42.5,26.4,19.1,17.9,17.9,17.9,30.3,76.1,127.0,160.6,160.2,140.8,141.2,143.3,142.8,153.2,152.4,151.9,154.0,156.0,156.7,155.9,152.3,148.5,147.3,132.2,132.4,150.7,156.0,158.9,157.7,157.3,157.5,99.3,11.0,61.8,108.3,84.7,42.7,-42.5,-76.8,-115.8,-117.0,-38.5,79.2,160.4,207.6,210.1,194.4,176.4,160.3,147.1,138.7,139.0,138.6,132.0,147.1,153.6,157.0,151.6,135.1,135.2,134.2,132.5,116.4,115.2,114.9,118.5,144.7,146.8,150.0,154.2,158.7,161.0,159.1,153.4,138.0,130.5,116.1,116.6,116.6,125.3,124.6,127.1,128.3,131.7,134.3,134.1,132.5,130.7,129.2,128.8,127.9,127.2,126.2,124.5,121.4,121.4,120.7,121.2,119.7,120.4,120.5,120.5,118.3,119.9,120.9,121.2,122.4,123.9,124.0,123.6,122.5,121.0,118.1,115.4,113.9,110.3,93.9,70.7,80.5,79.4,103.1,104.9,79.7,8.8,107.6,102.5,95.8,-540.5,-514.2,-636.7,-570.7,-481.2,-387.3,108.7,114.8,119.6,122.8,23.7,38.3,34.3,17.9,7.3,7.9,19.1,50.4,65.8,1.1,31.8,35.4,-15.2,-17.6,-16.7,-15.8,-16.8,-16.8,115.1,114.8,115.7,116.2,119.2,123.7,125.3,128.6,118.9,120.5,122.0,123.9,129.0,129.6,131.1,132.1,132.7,133.3,133.6,133.0,132.3,131.9,131.1,129.5,114.9,112.3,114.0,130.8,131.8,130.5,131.8,129.9,129.3,128.1,127.2,118.9,127.0,129.3,134.7,134.9,144.8,151.8,166.3,167.2,162.5,154.1,143.2,142.5,70.1,3.7,21.4,-20.2,-21.3,-20.7,58.8,93.0,91.5,115.4,122.1,132.4,144.7,137.6,135.5,141.0,151.2,148.2,143.2,113.9,58.8,33.7,94.7,139.9,154.5,147.5,157.2,163.7,167.4,166.2,158.9,150.8,140.9,148.5,154.2,159.6,177.9,182.2,176.6,168.7,160.8,159.1,173.3,178.5,173.4,166.4,158.6,170.0,176.8,179.4,181.1,179.6,177.4,174.9,174.3,174.0,173.8,143.1,141.2,130.7,122.2,115.4,120.2,135.9,148.0,145.5,145.3,146.4,146.1,144.0,138.8,124.7,133.3,130.7,132.5,128.9,125.7,125.8,125.9,124.9,126.1,113.7,110.1,115.2,127.2,0.1,-24.9,127.6,126.2,125.8,124.7,104.6,122.3,108.0,83.3,-23.1,-21.8,80.8,105.8,110.7,104.8,77.6,40.0,-21.9,-2.1,-21.3,-23.2,-23.3,-19.2,-15.9,-5.4,9.3,28.7,53.5,75.7,79.9,54.0,25.8,-4.0,-54.0,-97.9,-124.9,24.2,24.8,-201.3,-279.5,-368.4,-483.0,-597.2,-715.7,-829.3,-952.8,-1096.1,-1259.9,-1460.4,-1655.8,-1872.6,-2059.7,-2238.8,-2397.8,-2557.3,-2733.1,-2919.6,-3130.5,-3318.4,-3518.1,-3730.3,-3947.9,-4134.4,-4279.4,-4367.7,-4403.0,-4415.3,-4425.1,-4436.9,-4449.4,-4456.0,-4460.1,-4461.7,-4460.7,-4466.5,-4468.8,-4471.4,-4472.5,-4474.4,-4474.8,-4476.1,-4477.3,-4478.4,-4479.7,-4480.4
-3502.0,-3084.6,-2642.9,-2198.9,-1805.6,-1459.9,-1161.3,-882.7,-627.5,-395.1,-217.8,21.2,21.5,10.9,40.4,73.3,91.7,101.1,88.5,100.0,101.9,102.4,99.7,23.6,24.5,8.0,20.8,5.6,73.3,72.2,58.9,47.7,49.5,46.7,40.5,39.9,40.7,46.5,42.9,25.4,2.8,-1.1,27.7,13.6,27.7,-9.1,-17.0,13.1,13.2,-12.5,6.9,21.8,36.0,13.2,12.1,16.0,15.8,15.9,19.8,72.6,80.0,93.8,91.7,96.7,123.8,127.2,130.5,134.3,137.4,135.6,135.4,99.4,16.0,16.0,16.0,16.5,33.3,83.4,128.3,147.0,146.7,115.7,60.6,13.4,14.7,8.2,11.7,10.8,11.1,10.1,9.0,12.0,16.5,23.0,71.9,104.4,109.2,82.9,42.4,17.9,28.5,31.2,26.8,75.9,129.1,157.9,160.1,157.2,152.2,152.9,156.5,158.7,157.8,158.4,159.1,158.4,157.2,154.1,149.8,146.2,125.3,125.6,133.1,149.8,155.3,158.9,158.7,158.2,157.9,160.7,159.4,140.1,149.5,143.4,128.1,48.3,0.8,1.4,6.0,98.3,184.9,208.1,194.1,174.8,163.5,152.1,145.5,145.1,139.8,138.7,132.0,146.8,154.5,159.5,157.1,148.9,137.4,134.8,134.2,124.0,129.3,112.3,139.8,143.0,144.9,146.4,149.3,152.8,155.0,153.4,148.6,133.3,114.4,114.7,114.7,126.3,124.9,124.6,126.6,130.1,132.6,133.8,133.1,133.0,131.9,130.8,129.7,129.0,125.7,126.0,123.8,122.6,122.2,122.0,122.4,122.5,121.7,111.4,121.5,120.1,121.5,122.8,124.3,124.3,123.6,122.9,124.1,124.5,123.3,121.8,119.0,116.4,101.5,82.2,19.0,-4.6,-5.9,33.4,106.1,89.2,58.3,-15.0,103.6,98.5,-538.9,-681.0,-371.2,-768.9,-750.4,-630.7,-516.3,-396.9,107.3,112.8,117.1,120.2,8.3,47.0,39.2,10.9,-0.8,1.2,42.7,51.3,-15.2,35.4,27.2,80.4,94.9,103.4,102.4,112.6,112.9,111.7,112.1,94.4,101.8,102.4,121.2,105.9,112.3,62.0,51.2,76.5,123.2,126.3,129.0,129.9,130.8,132.6,133.6,133.0,132.0,131.5,131.0,131.0,131.0,117.8,100.1,98.9,97.6,94.7,92.8,91.8,128.4,128.6,128.4,128.1,127.9,118.2,127.2,129.1,134.1,134.8,144.8,159.6,163.7,163.0,157.3,148.2,142.8,52.8,-23.1,12.2,82.6,5.1,-22.3,-23.1,-23.3,-22.5,58.4,87.0,106.1,128.0,134.2,147.7,148.5,146.6,139.7,111.5,101.0,9.1,58.9,94.5,140.0,146.5,148.6,159.7,164.4,166.5,163.6,146.2,146.2,140.4,149.4,153.5,172.2,179.8,179.6,162.7,163.6,159.1,164.9,175.1,177.8,171.7,165.3,160.2,176.1,179.4,179.1,177.3,174.1,170.4,171.5,175.0,177.4,178.6,175.5,169.9,152.5,149.0,140.9,141.0,155.8,152.6,149.2,147.4,147.5,145.4,143.9,129.4,138.8,138.5,136.8,133.0,127.5,125.7,125.9,125.7,126.1,126.0,126.0,127.9,127.9,126.7,126.6,91.2,74.5,67.0,59.4,57.6,-25.4,-23.0,-23.7,-23.4,89.2,110.0,110.0,115.9,116.2,95.4,61.2,20.6,-6.7,-6.0,-38.2,-53.1,-66.3,-68.6,-66.8,-64.4,-59.9,22.3,23.2,22.9,23.2,22.3,-94.2,-145.3,-193.2,-246.8,-288.8,-314.0,-327.2,-355.2,-404.1,-489.4,-600.9,-752.2,-896.3,-1036.9,-1173.2,-1312.1,-1473.4,-1653.1,-1870.9,-2074.2,-2295.8,-2485.6,-2661.4,-2819.4,-2975.9,-3143.7,-3316.3,-3507.0,-3678.2,-3849.8,-4024.0,-4192.0,-4317.4,-4402.8,-4439.5,-4450.5,-4451.9,-4455.1,-4454.8,-4460.0,-4462.9,-4463.6,-4465.5,-4468.1,-4469.1,-4470.3,-4472.0,-4473.4,-4474.1,-4474.9,-4476.5,-4478.1,-4478.5,-4479.6
-3502.3,-3084.3,-2648.2,-2249.4,-1887.6,-1563.8,-1248.5,-942.5,-647.9,-416.5,-248.3,-125.6,-38.8,0.3,38.4,75.7,102.3,104.0,92.7,103.0,104.3,103.9,102.2,29.2,-4.9,84.8,9.6,-12.8,90.0,112.3,94.2,78.8,89.5,88.7,81.6,82.3,83.8,86.6,82.3,64.9,46.7,41.0,25.2,11.7,-5.6,20.0,18.4,15.4,17.7,29.5,49.7,62.8,51.3,9.8,13.3,15.6,13.3,13.6,15.3,26.6,79.9,85.6,92.5,114.3,122.5,130.0,136.4,142.2,143.0,141.9,138.4,127.2,16.0,16.0,16.0,72.2,120.4,126.3,128.5,133.0,150.2,123.6,71.1,27.4,13.3,18.3,33.0,42.4,48.3,51.4,52.3,55.0,59.3,66.2,111.3,144.3,156.1,137.1,75.7,17.9,57.1,84.4,44.2,59.6,135.0,157.5,160.4,160.3,160.2,163.3,165.6,167.4,165.6,164.4,162.9,160.2,157.7,129.4,117.1,117.1,110.7,134.9,134.2,150.8,156.3,161.5,164.1,164.5,164.9,165.9,163.1,154.7,146.5,140.5,137.8,115.2,38.1,6.5,81.7,159.3,179.3,166.9,158.8,152.4,149.3,150.2,136.0,136.0,130.0,124.9,132.1,151.3,157.9,159.6,154.2,144.2,136.8,135.6,119.3,102.2,78.3,110.3,141.9,144.8,144.5,144.8,147.1,148.5,146.6,142.3,136.2,112.2,112.2,126.8,127.1,126.6,126.1,127.2,129.2,131.9,131.5,130.9,130.6,129.4,129.5,128.7,129.2,127.1,115.6,115.6,115.7,124.1,124.2,113.7,124.2,124.1,125.1,111.4,111.4,113.9,104.3,78.5,103.0,75.4,100.9,124.6,124.6,127.2,125.7,123.7,120.0,119.1,116.9,115.6,101.5,59.0,38.6,-4.5,94.8,78.3,36.2,-35.8,-158.6,-331.9,-554.2,-784.6,-672.6,-826.7,-892.0,-798.3,-639.6,-519.9,-422.4,-339.8,108.2,112.7,116.3,-41.2,-12.2,-16.2,-18.1,-12.5,19.9,29.8,-17.2,-20.6,46.5,83.1,100.5,93.9,88.2,80.0,72.5,-15.7,-15.7,-16.6,-19.0,-18.8,-15.7,-15.6,32.1,38.6,60.0,83.2,102.2,120.3,120.6,128.3,125.2,122.9,123.1,132.3,126.8,129.0,116.4,116.4,113.1,102.7,101.6,133.1,122.4,134.0,132.2,89.8,129.7,129.3,129.0,128.7,129.0,118.2,127.2,99.7,116.9,134.2,134.4,150.2,158.2,161.4,159.3,152.4,142.8,49.5,-22.5,116.6,122.9,102.6,51.9,-24.6,-25.9,-22.7,94.0,113.6,128.3,145.0,149.4,149.9,149.7,137.6,94.8,63.6,-24.4,2.0,101.0,133.0,152.8,155.5,157.9,161.8,166.8,167.6,160.5,149.5,137.6,146.5,153.8,166.0,176.4,178.9,175.6,165.9,159.1,159.6,167.7,176.6,176.2,169.9,167.6,173.3,177.8,178.2,175.4,171.6,166.8,166.8,175.4,179.4,181.8,178.8,171.9,164.3,144.0,142.9,142.0,159.7,159.8,157.2,152.0,149.1,139.9,143.1,136.9,143.2,143.1,140.3,135.2,128.2,126.6,125.7,125.7,126.7,126.2,126.3,126.5,126.9,126.3,126.3,126.3,125.8,108.7,87.7,69.6,66.5,57.6,-27.3,-23.9,109.7,112.2,121.3,118.1,106.1,91.9,56.2,6.1,-7.6,-7.7,-20.5,-43.3,-106.9,-146.5,-165.9,-173.5,-171.0,-170.8,-165.3,22.9,23.2,22.9,-192.5,-243.2,-291.4,-350.9,-401.0,-454.2,-506.0,-544.6,-562.6,-589.5,-650.6,-760.4,-902.9,-1084.7,-1249.0,-1409.5,-1558.1,-1710.0,-1882.4,-2074.7,-2292.8,-2500.4,-2720.0,-2905.0,-3074.1,-3221.2,-3370.3,-3519.7,-3674.1,-3840.6,-3980.8,-4123.2,-4246.9,-4350.5,-4417.8,-4447.4,-4453.2,-4457.6,-4458.5,-4460.3,-4462.8,-4463.5,-4464.4,-4466.7,-4467.2,-4469.0,-4470.2,-4470.8,-4472.5,-4473.6,-4473.5,-4475.2,-4475.7,-4476.6,-4477.4
-3502.1,-3089.9,-2700.0,-2335.2,-1998.3,-1658.9,-1315.1,-966.4,-676.2,-457.3,-295.9,-159.4,-56.6,3.9,56.9,88.4,104.0,106.5,105.6,106.1,106.4,105.2,102.5,41.7,77.7,100.0,100.4,29.7,63.8,112.8,112.9,111.1,114.8,115.8,111.5,111.6,109.4,104.7,102.8,95.8,76.6,74.4,48.5,13.1,0.1,49.7,58.3,57.2,60.3,68.7,78.9,86.3,-10.4,14.3,14.7,13.3,17.4,20.9,30.7,50.5,62.8,105.1,111.1,119.8,128.1,136.6,144.4,147.5,144.3,138.1,133.3,125.4,16.0,16.0,17.7,113.7,132.9,145.7,147.9,135.0,148.2,129.7,94.7,67.5,63.3,70.2,89.5,104.1,115.6,119.9,121.8,126.1,127.5,121.2,152.8,174.8,171.7,152.1,101.7,18.1,84.7,134.6,116.8,67.4,140.1,158.7,161.7,165.1,168.6,171.3,172.8,171.4,167.7,166.1,164.5,162.5,158.5,130.0,134.9,146.1,110.7,132.1,147.6,151.6,156.8,163.2,166.8,167.7,167.9,166.8,163.0,153.2,144.3,118.4,41.6,65.4,34.0,6.5,89.9,125.5,146.3,144.6,140.3,140.3,149.6,149.5,146.8,142.8,122.8,116.2,143.4,150.8,155.3,156.1,151.1,143.2,135.1,135.3,102.0,48.7,72.4,107.6,140.1,144.3,142.0,140.3,141.1,139.4,113.1,110.4,110.6,112.3,128.4,128.1,128.2,128.4,129.3,130.3,130.8,129.8,126.9,124.6,117.8,117.8,115.5,115.5,115.7,115.8,123.8,117.8,110.0,111.1,104.1,115.4,123.9,104.7,115.6,133.5,113.6,107.8,57.9,4.8,0.2,47.2,91.0,105.4,127.9,126.6,125.9,126.0,122.1,116.4,117.9,117.7,112.9,104.0,32.8,38.6,66.7,53.1,16.2,29.2,-162.8,-331.3,-556.6,-821.0,-937.0,-683.4,-984.5,-948.4,-799.7,-672.7,-568.2,-479.1,-385.3,-303.3,-221.4,-154.9,-109.8,-80.0,-59.2,-37.8,24.1,7.3,24.1,-18.0,35.9,63.9,73.9,65.4,-14.7,6.8,-16.1,-15.2,-17.2,-15.3,60.6,78.3,106.7,108.9,102.5,99.9,102.2,102.4,117.4,130.3,130.9,122.6,122.9,130.1,134.8,134.9,135.5,126.8,133.9,133.2,134.6,134.4,135.1,135.7,135.8,135.9,134.8,90.4,89.2,130.2,130.0,129.2,129.9,118.7,114.8,12.5,120.5,119.7,133.3,141.2,141.9,157.6,158.8,153.9,143.7,63.1,-24.0,134.3,134.5,119.3,93.5,67.1,-23.1,-22.2,135.2,141.1,146.3,150.2,148.7,150.6,136.2,109.4,72.1,-25.6,-24.7,65.7,146.3,152.1,156.5,158.3,162.0,165.8,169.6,165.5,155.8,148.4,137.6,151.6,161.2,171.2,177.5,176.2,170.5,161.5,155.7,161.8,171.0,175.8,173.5,168.9,169.7,174.9,176.9,173.8,170.9,166.8,171.3,176.4,181.1,183.8,181.7,173.8,165.0,158.1,146.7,147.7,160.1,165.3,164.1,160.7,153.4,149.3,139.9,139.9,148.4,148.0,144.2,137.6,130.0,125.7,125.7,126.3,126.0,125.9,126.0,126.3,126.3,-25.2,-25.9,-25.7,74.5,91.2,81.5,69.6,59.4,57.6,-23.3,100.0,105.8,103.3,121.7,117.3,108.5,107.9,90.7,55.7,14.0,-18.8,-20.7,-45.9,-83.6,-112.3,-237.4,-301.1,-335.2,-338.2,-337.1,-335.9,22.0,22.3,22.0,-358.0,-400.3,-455.2,-515.4,-582.7,-644.9,-716.8,-782.8,-828.3,-847.6,-885.9,-960.7,-1093.5,-1260.3,-1463.9,-1643.9,-1814.3,-1971.0,-2129.4,-2309.3,-2497.5,-2718.2,-2918.3,-3127.7,-3303.3,-3458.6,-3591.9,-3718.8,-3850.8,-3979.6,-4111.0,-4217.4,-4310.8,-4384.0,-4431.3,-4453.0,-4456.1,-4459.2,-4459.9,-4461.0,-4461.9,-4462.9,-4463.9,-4465.2,-4466.5,-4467.3,-4468.8,-4469.6,-4471.2,-4472.1,-4472.9,-4473.6,-4474.1,-4475.1,-4476.3
-3507.8,-3141.2,-2786.5,-2448.6,-2097.7,-1729.8,-1342.0,-1002.2,-727.4,-514.9,-339.0,-186.4,-56.9,19.0,65.9,93.0,108.4,109.3,109.1,109.1,108.8,106.3,102.5,91.7,101.0,101.8,104.0,75.7,71.6,102.2,104.8,116.4,117.3,117.8,117.1,115.1,111.2,106.7,102.9,99.1,93.9,79.0,29.9,13.2,25.6,75.2,85.9,91.1,92.0,93.8,95.6,72.5,43.9,14.9,15.9,32.6,93.5,96.0,95.7,76.3,77.4,109.5,116.2,126.2,138.3,145.0,150.2,147.1,140.5,119.8,71.1,16.0,16.0,16.0,74.6,122.6,140.7,147.1,148.6,138.0,134.5,149.0,128.3,116.6,116.2,124.7,138.7,148.2,153.3,158.8,166.3,163.7,165.4,162.8,180.1,179.0,171.0,149.9,105.5,19.3,100.3,145.5,151.4,124.6,158.9,160.2,165.5,170.1,175.0,174.5,171.6,168.4,164.9,163.6,164.1,163.6,161.8,158.8,154.1,145.6,110.7,131.6,146.3,151.0,155.9,160.4,164.2,165.3,165.6,164.5,161.0,153.5,145.4,97.2,7.0,6.5,6.5,6.5,6.5,77.1,139.8,140.3,140.9,140.3,153.1,155.9,153.0,148.2,114.9,114.7,143.7,148.1,152.1,152.8,147.5,138.1,134.3,129.8,93.7,0.9,39.1,112.2,120.8,117.0,125.5,110.3,90.1,90.7,109.0,110.2,128.6,130.4,132.2,132.3,132.3,131.4,130.1,129.6,128.3,126.5,125.6,126.9,124.4,128.9,117.8,117.2,113.6,116.9,110.0,112.0,108.3,112.0,106.2,101.8,39.5,-0.4,-2.3,-1.4,-0.3,-2.5,0.6,2.0,1.6,-1.8,44.3,125.8,127.7,124.9,123.7,124.5,116.1,115.7,114.1,103.7,76.2,78.9,38.6,-3.4,57.8,-4.2,29.2,-50.1,-162.9,-331.5,-555.5,-828.1,-1020.8,-585.7,-1105.2,-1121.9,-988.2,-861.7,-746.5,-625.0,-518.6,-422.2,-341.5,-275.9,-223.5,-169.2,65.4,79.4,80.8,24.1,23.1,-13.2,23.1,40.2,42.9,-15.1,-16.4,85.1,97.6,111.4,119.3,119.1,109.9,121.3,118.0,130.5,133.3,113.3,125.7,118.2,134.8,135.5,136.3,136.1,136.7,137.9,138.9,139.2,140.4,127.3,138.7,137.8,138.9,138.4,139.1,138.9,139.1,138.5,136.7,132.7,87.0,129.3,129.4,129.3,119.4,126.1,113.8,-18.4,125.6,119.8,120.3,133.4,133.9,150.5,155.8,154.2,148.5,63.5,-22.2,132.4,136.8,132.0,116.3,69.8,-24.6,-24.8,99.8,138.2,145.1,150.6,149.0,132.6,104.6,66.7,-24.9,-24.1,49.5,118.2,144.9,150.4,157.3,161.0,166.0,167.6,168.3,161.1,151.6,137.6,138.1,157.7,167.3,173.6,175.5,171.3,163.3,156.2,154.7,163.4,172.1,173.2,171.0,140.7,170.9,173.1,172.6,168.2,166.8,167.6,177.7,183.1,186.0,182.4,175.8,166.5,160.4,149.0,147.9,155.2,158.3,168.3,165.3,160.4,152.7,147.3,148.7,152.8,150.9,146.9,139.9,131.8,126.4,125.8,125.8,126.5,126.0,126.0,126.6,-25.2,-24.0,-26.2,126.4,123.8,122.6,121.4,104.5,60.4,-2.9,-23.5,61.8,107.6,126.8,121.9,116.0,109.2,107.9,114.7,112.6,89.4,55.8,16.4,-40.6,-97.5,-166.1,-211.3,-241.6,-417.1,-514.5,-552.4,-565.3,-563.8,-562.3,-559.1,-557.4,-563.8,-592.6,-645.6,-715.8,-789.7,-876.2,-954.2,-1040.1,-1116.0,-1167.6,-1191.7,-1235.6,-1323.7,-1472.9,-1654.0,-1872.6,-2060.0,-2236.4,-2396.0,-2557.2,-2731.8,-2916.6,-3127.2,-3314.8,-3507.2,-3663.1,-3797.7,-3911.0,-4013.2,-4117.6,-4220.7,-4305.6,-4369.9,-4415.8,-4443.7,-4454.8,-4456.5,-4458.8,-4459.9,-4460.3,-4461.5,-4462.8,-4463.4,-4464.3,-4465.3,-4466.7,-4467.7,-4469.0,-4470.4,-4471.0,-4472.0,-4473.1,-4474.1,-4475.0,-4475.3
-3556.7,-3225.3,-2898.6,-2549.0,-2171.8,-1759.6,-1384.6,-1068.5,-807.9,-576.0,-379.1,-192.9,-40.6,49.4,89.6,110.3,112.9,114.2,114.1,112.7,111.0,107.1,103.0,101.4,101.9,105.2,106.5,100.6,111.9,114.3,112.4,118.3,118.3,119.1,118.3,115.5,111.1,107.1,102.4,98.8,80.1,48.2,18.0,13.6,51.0,74.8,95.9,97.1,97.9,98.0,96.7,91.8,81.1,14.9,16.0,14.9,76.8,109.9,109.2,95.6,94.3,115.2,123.5,126.6,146.4,151.5,150.1,142.9,134.0,127.7,57.1,16.0,16.0,16.3,71.5,123.6,145.3,148.6,149.8,148.9,136.2,136.7,152.2,154.8,157.8,160.4,163.0,164.4,167.9,170.9,172.7,174.2,176.2,177.6,179.3,172.9,168.2,149.6,29.5,19.3,19.3,132.3,160.1,159.9,161.1,163.6,168.3,172.8,173.9,170.5,165.6,161.4,158.9,160.6,161.9,163.5,162.0,158.9,152.0,144.5,104.3,139.0,110.9,149.8,152.9,154.9,157.1,158.9,159.3,159.9,158.1,154.0,148.0,143.0,107.9,106.3,71.5,6.5,6.5,83.5,126.2,139.3,145.8,153.7,159.1,161.4,158.5,151.0,143.8,113.6,143.3,146.0,149.5,149.8,144.0,137.8,137.8,124.7,78.1,-0.7,71.0,62.4,71.0,49.9,16.7,59.7,81.1,102.7,132.6,131.1,134.1,136.7,138.2,136.4,133.3,122.2,122.2,74.2,4.8,0.2,-0.5,-0.7,-2.4,0.7,0.7,1.1,-0.1,-4.0,1.2,1.3,1.6,1.6,1.6,1.7,1.7,-0.4,10.7,2.2,-0.2,-1.3,-2.5,0.4,0.4,0.2,1.2,130.1,129.3,127.0,124.5,123.7,121.9,110.3,-1.7,0.1,-1.3,-1.6,-2.0,41.4,64.0,24.9,7.1,24.0,-150.0,-303.5,-512.1,-776.2,-1095.4,-1143.3,-1153.4,-1303.7,-1209.0,-1078.4,-932.2,-798.0,-672.3,-568.0,-482.3,-411.5,-345.0,-278.7,79.4,105.0,107.5,80.8,-44.0,-36.0,27.3,12.9,27.3,-13.5,58.0,94.3,118.9,129.4,125.2,125.7,125.1,130.4,135.5,138.5,138.9,125.1,140.3,141.2,141.4,143.6,144.5,144.4,144.8,145.2,145.1,144.3,144.0,143.1,142.4,141.3,140.3,140.2,140.1,140.0,139.4,139.0,137.3,135.5,132.1,85.4,129.3,117.4,111.5,128.8,112.3,-19.1,123.4,119.3,119.8,118.8,133.0,133.5,150.0,152.1,149.8,66.6,-22.5,132.5,138.4,135.9,131.1,97.9,64.5,-23.1,108.3,140.5,149.2,145.8,128.1,98.5,59.4,-24.2,-25.3,63.4,102.4,131.1,141.2,154.2,158.4,164.5,169.4,167.9,164.6,156.2,136.4,136.4,155.9,163.9,170.7,173.8,168.6,164.4,158.2,147.3,157.9,166.9,172.2,170.8,169.2,140.7,169.7,170.1,169.8,165.6,171.5,177.4,184.4,187.2,183.4,168.8,167.6,161.5,153.3,153.4,153.5,173.3,173.4,169.7,164.3,159.7,150.5,148.9,151.0,153.6,148.8,141.9,133.5,128.0,127.9,125.4,125.3,126.5,125.3,126.9,-24.8,-24.7,130.9,130.4,127.2,125.7,124.9,124.8,106.2,57.2,16.5,76.0,107.8,125.0,120.0,117.2,118.1,116.0,113.7,114.4,114.8,97.9,71.2,2.5,-90.4,-160.0,-242.0,-336.1,-395.3,-409.4,-663.0,-789.0,-834.7,-846.0,-844.7,-843.1,-843.0,-842.2,-848.4,-887.7,-953.6,-1042.4,-1125.7,-1228.0,-1315.3,-1412.7,-1496.0,-1552.7,-1577.5,-1627.7,-1724.4,-1882.5,-2073.6,-2295.2,-2485.7,-2661.0,-2818.7,-2971.6,-3139.0,-3313.3,-3504.5,-3674.4,-3839.7,-3973.3,-4077.0,-4162.8,-4239.9,-4312.7,-4369.2,-4413.3,-4440.5,-4451.8,-4453.5,-4456.9,-4458.3,-4458.7,-4460.4,-4461.4,-4462.5,-4463.3,-4464.5,-4465.7,-4466.0,-4466.9,-4467.6,-4469.6,-4469.7,-4470.8,-4472.5,-4474.2,-4475.1,-4474.9
-3635.3,-3332.0,-2996.2,-2622.1,-2200.1,-1808.1,-1459.5,-1161.7,-885.0,-628.3,-391.3,26.5,28.4,87.1,122.5,120.5,116.0,117.3,117.2,116.0,112.2,106.8,80.9,98.7,101.9,105.8,110.2,111.6,113.8,117.0,119.3,119.6,120.2,120.8,118.9,115.1,110.9,107.3,103.1,75.8,58.3,26.7,13.7,-14.4,65.9,95.8,98.5,99.5,98.8,100.3,100.9,99.9,80.7,18.1,14.9,14.9,54.1,88.8,115.3,97.5,102.3,121.7,130.5,141.2,149.7,151.8,145.9,137.4,129.8,121.4,85.8,65.1,60.8,31.5,83.2,126.7,148.5,150.9,151.8,150.4,149.3,148.6,153.0,158.0,162.4,164.6,165.3,166.6,168.6,169.9,169.4,168.9,170.0,170.3,168.3,165.8,154.0,118.7,78.1,19.3,19.3,19.3,125.2,160.6,163.4,165.9,170.0,171.2,168.7,164.7,159.7,157.6,147.6,159.0,159.7,160.3,159.6,155.4,148.1,130.7,87.3,86.6,87.2,149.1,148.9,148.0,140.0,139.9,139.8,153.3,153.5,152.8,150.0,147.3,145.1,145.3,81.0,6.5,37.6,114.9,145.2,147.6,153.1,159.2,159.5,160.9,157.5,149.5,143.9,109.7,141.7,143.6,145.9,146.1,141.3,139.2,137.1,132.1,96.5,1.1,0.2,2.4,1.2,-1.5,64.1,67.5,70.2,76.4,133.7,134.9,139.2,141.9,140.6,136.9,133.9,131.9,132.0,103.4,6.3,6.7,9.0,7.4,2.4,0.8,1.8,3.2,0.1,2.2,2.3,3.5,1.5,1.5,2.6,3.7,3.8,4.8,4.0,12.2,4.3,3.3,1.7,1.3,124.8,122.5,132.9,3.2,2.9,2.6,2.2,2.2,-1.0,9.8,1.2,110.7,96.6,103.7,99.4,108.9,101.8,71.2,28.7,-47.1,-164.6,-328.9,-553.9,-841.8,-1161.1,-1365.7,-1068.6,-1504.5,-1449.2,-1292.8,-1137.1,-987.6,-858.9,-752.6,-658.7,-567.7,-482.6,-411.3,-343.6,79.4,101.9,103.5,104.6,106.1,-64.1,27.3,-12.9,46.5,87.1,115.7,130.1,133.2,135.4,129.5,124.6,129.5,138.3,143.1,144.3,145.7,146.7,148.5,149.0,150.7,151.9,151.8,151.9,151.8,150.4,149.2,148.7,147.5,145.3,143.2,141.1,139.9,130.5,139.9,138.7,137.8,136.6,135.1,132.4,82.6,72.9,116.5,108.8,114.7,108.2,47.1,122.2,123.7,118.8,121.8,124.5,134.2,142.9,146.8,148.0,69.9,-21.8,128.3,136.3,136.5,133.9,113.5,61.3,-25.6,62.3,112.5,96.4,111.2,83.0,21.4,-25.5,-25.6,58.5,91.0,124.8,141.4,145.7,154.7,160.6,167.1,170.6,166.5,159.2,135.5,136.2,154.5,161.9,169.0,173.0,172.5,166.2,160.1,144.2,144.7,162.2,168.6,170.6,169.0,168.5,136.5,166.8,165.9,160.9,161.6,177.1,183.7,188.0,185.6,178.2,168.8,162.6,156.3,154.2,154.3,175.4,175.2,171.9,167.5,164.5,153.8,148.5,149.8,149.0,149.4,142.6,134.8,121.0,129.9,132.1,126.0,125.9,121.8,125.8,-24.7,-24.5,132.9,132.9,129.0,126.4,125.9,127.3,125.9,88.7,64.8,112.0,116.3,126.5,123.0,117.9,118.8,116.6,116.2,115.7,116.2,116.0,111.3,50.3,-55.9,-167.2,-258.9,-337.8,-435.2,-557.3,-632.3,-632.5,-975.2,-1122.7,-1174.0,-1185.5,-1184.5,-1182.6,-1183.4,-1183.7,-1190.9,-1239.3,-1316.2,-1411.3,-1511.3,-1618.7,-1713.4,-1815.8,-1904.7,-1961.6,-1991.2,-2040.9,-2143.1,-2307.4,-2498.7,-2720.1,-2904.9,-3073.7,-3220.6,-3363.7,-3517.3,-3672.0,-3838.3,-3979.7,-4110.8,-4210.1,-4282.6,-4337.3,-4381.9,-4421.0,-4442.4,-4450.7,-4452.0,-4455.5,-4457.1,-4458.0,-4459.1,-4459.7,-4460.7,-4461.4,-4463.5,-4463.7,-4464.7,-4465.1,-4466.4,-4467.7,-4469.0,-4468.9,-4469.8,-4471.2,-4473.8,-4472.6,-4473.1
-3732.6,-3423.0,-3065.2,-2649.9,-2251.8,-1890.2,-1565.9,-1249.4,-943.5,-645.3,-387.9,28.4,26.5,114.2,117.6,99.6,93.3,92.4,101.1,112.7,110.0,103.1,81.8,80.9,95.2,106.2,109.5,113.4,116.2,118.6,120.4,121.8,122.9,122.2,119.2,115.0,97.3,97.1,97.0,99.4,48.3,-7.2,17.5,45.6,94.0,98.0,100.9,101.8,103.1,104.1,104.0,103.3,100.6,54.2,39.2,15.5,14.9,59.4,94.0,119.1,123.8,129.5,136.8,144.3,148.3,146.8,141.7,134.8,121.4,132.5,135.4,135.1,99.5,55.6,98.0,128.4,151.0,153.8,154.3,153.9,152.8,150.9,148.6,156.6,161.2,164.4,166.0,166.9,167.0,165.7,164.0,163.2,162.1,162.5,163.0,164.9,159.7,100.8,20.0,19.3,105.6,134.6,146.3,165.5,169.1,172.1,173.3,171.3,167.3,152.7,150.8,146.9,147.1,156.5,156.8,156.5,154.8,150.3,144.7,132.3,81.1,81.2,114.3,150.4,146.8,144.8,138.8,138.7,138.7,138.6,147.5,147.4,148.0,147.6,145.3,142.2,111.2,20.6,62.3,128.0,151.1,155.7,159.7,162.5,159.7,156.5,152.0,146.0,140.4,109.4,137.8,139.6,142.1,141.7,139.4,137.2,137.8,132.1,92.9,0.2,1.8,83.4,101.8,81.6,111.9,125.7,77.4,77.3,138.7,140.0,142.4,142.7,139.8,137.3,134.3,134.4,133.6,133.0,132.6,133.7,134.2,132.6,133.0,133.4,133.8,132.7,130.5,123.3,120.3,111.6,103.5,101.4,90.7,53.3,5.2,3.9,3.9,3.9,-2.5,1.2,94.4,114.0,131.4,135.7,136.2,103.7,65.2,63.9,132.0,131.6,130.9,131.5,131.2,130.0,130.4,129.6,122.1,120.5,113.1,87.8,39.6,-44.9,-160.5,-330.0,-552.7,-839.8,-1179.3,-1497.8,-1689.7,-1714.2,-1664.1,-1519.9,-1353.6,-1206.4,-1079.6,-976.4,-859.3,-749.5,-658.1,-566.4,-481.0,-283.0,-291.5,92.9,95.9,98.1,101.4,103.1,-23.9,43.7,90.6,114.2,114.1,109.2,103.3,100.4,101.0,109.3,127.0,144.6,147.7,148.8,150.7,151.7,152.9,154.1,154.0,154.4,153.3,152.7,152.0,151.6,151.2,149.9,147.1,143.8,140.5,138.0,134.0,129.9,136.9,136.1,134.6,133.0,130.6,102.2,48.5,107.8,99.4,104.0,105.2,48.1,115.9,122.9,117.5,111.8,24.7,127.8,137.1,143.1,146.0,89.1,-21.7,134.8,135.5,134.5,129.9,93.8,65.8,48.9,51.1,29.1,34.2,-28.7,-26.7,-24.8,-12.3,56.1,87.6,88.8,132.3,140.0,149.8,156.7,164.2,168.8,167.6,161.8,153.2,135.2,137.2,159.7,167.0,171.7,173.1,169.5,162.2,142.0,142.0,156.8,165.4,169.0,169.2,167.8,166.2,136.5,163.1,163.4,157.3,173.7,181.1,186.7,186.7,180.5,171.5,164.2,156.9,157.1,158.8,176.8,176.9,173.2,167.8,159.4,152.4,152.3,152.3,148.5,143.1,141.8,135.4,130.0,96.0,59.5,59.5,59.5,50.3,-25.4,-24.3,-24.5,135.0,135.4,131.8,127.4,126.9,123.4,125.9,98.7,98.3,129.7,128.7,125.8,123.0,120.7,120.0,117.9,117.1,117.0,118.0,118.0,115.8,85.0,11.1,-121.3,-251.6,-366.5,-462.6,-556.9,-688.2,-846.2,-940.3,-900.2,-1335.7,-1500.6,-1554.3,-1568.7,-1566.4,-1566.4,-1566.6,-1565.9,-1575.5,-1628.4,-1712.6,-1815.9,-1915.7,-2030.8,-2132.4,-2238.7,-2328.6,-2383.7,-2412.2,-2466.6,-2569.3,-2730.0,-2919.7,-3127.9,-3304.4,-3456.0,-3590.2,-3715.4,-3847.0,-3978.6,-4110.8,-4215.2,-4306.3,-4365.4,-4402.6,-4427.5,-4443.0,-4452.9,-4451.7,-4455.2,-4456.1,-4456.7,-4459.2,-4459.2,-4460.8,-4460.7,-4462.7,-4462.8,-4463.9,-4463.6,-4464.9,-4465.6,-4466.4,-4467.9,-4468.2,-4469.1,-4470.1,-4472.0,-4471.8,-4471.6
-3813.5,-3487.5,-3093.4,-2703.2,-2337.3,-2000.0,-1660.5,-1316.7,-963.4,-645.3,-386.5,26.5,28.4,39.4,56.7,49.7,47.1,50.0,61.1,78.6,87.4,68.7,48.6,76.8,86.5,106.1,109.4,112.7,116.3,118.5,120.8,122.8,123.5,121.9,117.9,113.2,109.3,98.2,99.6,96.9,45.2,55.4,55.1,79.3,97.7,102.5,103.1,105.0,106.4,106.7,107.1,105.3,83.5,69.8,80.4,54.2,14.9,16.1,72.1,107.5,129.0,136.1,141.5,144.1,144.0,141.5,140.9,136.5,122.6,141.3,143.6,144.4,142.3,86.7,112.4,127.9,152.2,155.1,155.8,156.3,155.7,155.1,154.8,156.7,158.8,160.9,163.0,163.3,162.7,160.3,141.2,99.3,21.0,20.0,20.0,20.0,20.0,20.0,20.3,96.4,162.0,158.3,169.1,174.1,178.0,179.1,176.7,172.9,168.5,163.8,159.7,146.1,146.2,155.1,153.2,150.1,149.1,145.0,141.6,142.3,78.5,101.5,149.2,152.3,148.0,144.1,144.3,144.8,144.0,137.1,129.0,119.9,114.1,144.5,144.3,144.3,103.2,92.0,104.9,147.1,153.0,159.3,161.7,161.1,158.0,151.0,138.1,139.8,136.8,106.9,135.4,136.7,139.7,139.9,138.6,130.5,135.2,76.6,2.0,137.4,138.9,126.8,132.5,144.6,143.2,143.2,142.2,129.1,141.1,143.2,143.6,142.0,139.3,136.7,133.9,134.8,134.1,133.4,133.3,133.1,134.3,134.8,136.7,138.4,138.5,137.3,134.6,132.7,132.4,134.0,131.0,131.4,138.5,137.0,136.4,111.7,82.3,5.9,5.8,91.6,109.5,126.2,140.7,141.2,138.4,140.0,139.4,138.9,135.9,136.7,134.9,133.1,131.8,130.3,129.3,116.7,122.5,107.6,97.6,72.0,30.0,-44.5,-158.9,-326.3,-550.4,-836.6,-1184.5,-1541.0,-1793.2,-1871.4,-1862.7,-1751.5,-1595.9,-1455.1,-1333.4,-1210.6,-1079.3,-969.7,-858.2,-750.5,-658.8,-568.3,-480.2,-414.0,85.0,88.1,93.3,93.1,95.7,97.7,-15.3,40.4,52.1,54.6,57.1,61.0,62.9,94.8,124.1,145.4,148.8,149.1,150.0,149.8,149.8,149.9,148.6,148.1,148.4,149.0,148.8,149.5,150.0,149.5,146.6,142.5,138.1,133.6,106.0,131.3,132.5,131.5,129.8,130.4,129.1,48.6,11.9,65.1,83.2,99.4,94.9,49.0,115.4,121.3,120.6,106.5,-19.8,114.4,132.6,138.7,143.3,115.7,-22.5,128.6,134.8,134.5,132.9,132.0,81.6,-26.3,48.9,-26.7,-26.8,-28.0,-27.1,-27.2,-28.4,6.7,61.4,126.3,132.2,144.6,152.1,160.0,165.9,167.1,150.7,155.3,132.9,135.0,156.4,163.8,169.4,172.2,169.9,164.4,156.5,142.0,154.2,158.9,168.1,168.2,166.5,164.0,161.5,136.5,144.7,151.3,158.3,176.5,182.5,183.5,179.6,172.8,166.7,164.3,167.4,173.0,177.7,178.5,174.8,161.6,161.6,167.9,165.3,164.5,145.3,141.9,128.0,125.3,131.5,129.1,117.4,74.5,73.5,69.9,59.5,-27.4,118.5,136.7,137.5,134.3,129.5,128.5,128.1,128.0,102.9,100.1,131.8,130.5,126.0,121.2,120.2,119.8,119.8,119.4,117.6,118.6,119.8,118.8,102.6,56.6,-55.2,-189.1,-327.5,-462.8,-595.8,-720.6,-845.1,-1004.3,-1189.3,-1298.0,-1211.5,-1736.3,-1908.7,-1963.9,-1979.1,-1978.7,-1976.9,-1976.6,-1975.9,-1988.2,-2044.7,-2133.6,-2236.5,-2340.3,-2454.9,-2557.7,-2661.8,-2750.7,-2802.1,-2828.7,-2885.8,-2985.1,-3141.3,-3314.1,-3506.3,-3663.3,-3795.4,-3908.1,-4012.0,-4117.2,-4215.5,-4303.4,-4369.8,-4413.8,-4435.4,-4445.1,-4446.5,-4452.4,-4455.2,-4455.7,-4457.1,-4457.4,-4459.7,-4460.5,-4462.0,-4461.8,-4461.8,-4461.7,-4463.5,-4463.8,-4464.6,-4465.5,-4466.2,-4467.0,-4468.1,-4468.6,-4469.5,-4469.9,-4471.0,-4470.9
-3867.0,-3511.0,-3144.9,-2789.4,-2451.6,-2099.8,-1731.4,-1339.8,-963.9,-646.8,-418.0,-263.3,-147.6,-79.1,-35.5,-9.3,2.3,6.2,21.7,43.1,44.1,8.8,31.9,73.7,103.1,106.6,109.9,112.9,115.7,118.8,121.0,122.6,121.9,120.1,116.1,111.9,108.4,105.5,101.9,85.2,55.4,95.7,82.7,101.1,102.1,102.9,105.3,106.5,107.2,106.8,106.4,93.0,91.5,102.3,109.0,87.6,60.7,14.9,37.7,102.6,130.7,138.0,141.6,140.3,132.1,140.0,142.5,130.3,133.4,151.0,151.9,151.4,147.6,132.6,122.9,126.2,137.3,153.3,155.0,156.0,157.2,157.1,157.0,156.9,156.4,157.5,158.3,158.4,157.3,154.7,136.5,124.4,86.0,88.4,79.1,58.1,20.0,20.4,20.0,115.7,146.5,172.5,176.5,180.9,182.2,180.2,176.0,171.4,167.0,162.3,157.3,153.4,144.7,153.7,150.1,143.8,141.1,140.5,138.4,139.8,74.4,147.1,150.7,152.5,150.6,146.3,143.7,142.1,141.4,141.3,127.6,116.9,110.5,108.4,107.6,105.2,103.3,142.4,141.3,144.9,151.7,156.7,157.8,156.7,152.4,145.0,115.6,115.6,134.4,104.5,124.0,138.0,141.2,142.5,140.8,119.8,-0.5,18.5,138.4,142.1,142.2,147.3,146.7,148.7,147.8,147.4,145.5,145.3,146.0,146.2,145.7,143.2,139.8,126.9,131.7,135.6,133.8,134.1,125.4,135.7,135.8,136.0,138.4,139.2,138.9,136.3,135.0,134.3,135.1,135.5,137.6,137.9,137.9,138.4,123.1,86.2,17.6,7.0,70.2,112.4,135.6,145.0,144.9,143.7,143.8,141.6,138.9,133.7,130.9,132.9,124.9,115.6,100.6,96.3,83.8,99.5,93.7,85.0,69.3,46.3,16.7,-51.5,48.9,42.1,-548.8,-834.9,-1179.5,-1548.4,-1868.5,-2021.5,-2036.0,-1989.8,-1862.1,-1731.5,-1594.7,-1460.3,-1333.5,-1205.5,-1079.0,-969.4,-857.6,-750.2,-661.5,-600.0,-533.1,-481.2,-413.3,83.0,86.5,89.6,92.8,95.3,95.4,-52.1,-31.3,9.0,42.0,82.8,118.6,143.0,145.7,144.0,142.2,129.6,125.9,121.7,115.2,113.7,120.7,131.0,143.8,144.9,145.7,145.1,143.1,139.6,134.7,129.1,87.4,74.2,125.0,123.8,121.4,126.2,127.4,110.3,80.6,-19.6,59.0,75.4,88.8,49.4,108.3,119.5,118.6,102.7,-19.9,113.0,112.1,134.5,141.1,121.0,-22.7,131.1,133.5,133.1,131.6,105.4,103.5,80.7,-25.9,-28.3,-26.1,-28.3,-28.5,-26.5,-26.7,3.9,119.5,121.1,121.0,134.6,155.3,161.8,165.0,163.5,157.8,150.3,130.5,132.7,159.7,166.4,170.2,169.7,165.5,158.3,152.5,142.0,155.7,163.0,163.6,162.6,161.2,159.2,143.8,127.6,145.6,150.1,171.2,177.6,179.0,176.6,171.6,166.5,165.7,169.3,174.0,178.4,178.7,175.8,172.0,166.9,170.7,170.5,169.1,162.8,131.4,122.6,77.0,39.4,98.4,121.2,127.5,125.4,129.8,59.5,-23.9,127.2,127.0,140.0,137.1,129.5,130.1,118.5,129.8,104.7,104.4,136.8,134.9,128.4,123.1,121.3,120.9,119.9,120.4,118.6,120.0,120.3,120.7,119.3,80.1,11.7,-118.2,-257.9,-400.8,-553.8,-725.7,-892.2,-1045.7,-1191.4,-1371.0,-1577.4,-1741.1,-2054.7,-2230.4,-2331.4,-2386.0,-2400.4,-2400.2,-2399.6,-2399.9,-2398.0,-2410.7,-2468.0,-2562.0,-2662.1,-2762.5,-2875.2,-2973.6,-3073.1,-3155.7,-3203.1,-3229.2,-3281.6,-3377.0,-3516.9,-3672.9,-3839.9,-3969.3,-4076.5,-4165.4,-4241.1,-4308.1,-4368.2,-4412.2,-4438.3,-4451.1,-4449.6,-4453.5,-4454.8,-4455.2,-4456.7,-4468.6,-4458.6,-4459.0,-4460.7,-4461.0,-4460.4,-4461.0,-4461.7,-4462.6,-4464.9,-4464.3,-4464.6,-4465.5,-4466.8,-4468.2,-4467.5,-4468.1,-4469.0,-4470.4,-4470.9
-3891.6,-3560.1,-3229.0,-2902.2,-2552.0,-2173.6,-1756.6,-1340.9,-964.5,-677.3,-483.7,-356.1,-269.3,-193.3,-130.2,-66.1,-22.7,-2.5,9.1,15.8,8.8,10.8,45.0,76.5,102.2,106.7,108.8,111.6,115.4,118.3,119.7,121.2,120.4,117.8,113.2,109.5,107.5,105.8,91.7,66.6,61.9,86.0,88.2,88.6,95.7,104.1,106.2,106.4,105.5,100.7,100.7,93.7,109.8,114.7,112.2,119.8,99.4,54.4,56.5,74.2,96.8,119.9,138.2,131.1,131.6,142.6,147.6,133.2,133.4,143.2,156.5,156.6,155.2,152.6,150.4,128.0,130.4,131.0,152.4,153.3,155.5,156.6,157.7,157.2,154.4,147.6,155.4,153.9,152.2,141.1,135.3,86.0,20.0,20.0,20.0,20.0,20.7,78.1,70.5,137.5,166.2,169.2,177.1,180.1,178.8,175.6,171.1,166.7,162.1,157.3,152.8,142.8,142.7,151.1,145.8,75.0,90.1,137.6,126.9,119.8,69.9,144.0,148.3,150.9,152.0,149.6,146.0,142.0,141.3,141.8,143.6,143.9,139.5,133.2,145.2,145.0,144.3,143.7,142.8,143.4,147.8,152.1,153.8,152.7,148.4,141.2,114.2,112.2,132.6,91.0,111.2,99.4,142.2,144.4,140.0,85.5,5.4,137.2,139.2,139.5,146.0,147.1,147.7,150.3,152.1,153.5,153.1,152.8,152.8,152.3,150.0,145.5,141.6,128.3,124.8,124.6,135.6,125.4,136.5,136.2,135.7,137.0,137.0,136.1,135.8,135.8,136.3,136.8,137.1,137.8,139.3,138.3,119.9,117.5,116.9,64.9,22.2,89.3,120.2,143.5,145.0,143.9,145.1,142.4,139.5,135.9,132.7,129.9,127.7,127.0,85.6,77.9,40.5,19.4,6.2,30.2,43.3,47.8,30.8,18.2,-12.8,48.9,51.1,51.7,49.2,-832.6,-1175.3,-1557.2,-1897.5,-2118.4,-2199.0,-2198.4,-2145.4,-2009.4,-1861.8,-1734.8,-1595.9,-1454.5,-1332.2,-1206.7,-1077.6,-973.6,-897.6,-810.9,-737.5,-660.7,-566.5,-482.0,77.4,82.6,88.2,91.9,91.4,88.0,-101.9,-47.4,19.2,60.9,91.8,113.6,118.0,109.2,98.3,88.3,80.6,71.8,66.0,65.9,75.6,96.7,117.6,136.2,138.0,138.3,136.0,134.0,129.5,124.3,80.8,51.5,95.0,87.9,91.6,121.3,124.9,113.0,93.8,23.9,-21.1,26.4,79.7,49.6,110.2,117.9,116.6,99.2,-23.3,102.5,110.9,136.2,139.6,120.5,-23.0,123.3,134.8,133.7,131.8,130.1,128.7,99.9,63.1,12.5,55.1,97.4,107.4,121.5,62.8,102.4,121.1,120.9,123.5,151.9,159.2,162.5,161.2,158.0,153.1,129.9,130.7,155.1,161.6,166.2,168.0,165.1,159.3,153.0,142.0,142.0,158.3,162.5,163.7,159.9,145.8,152.4,126.7,127.0,159.5,168.2,173.7,175.8,172.1,166.1,160.4,149.8,167.0,174.3,178.8,179.4,175.0,172.8,169.0,171.1,173.7,172.9,168.0,149.0,125.8,82.3,7.4,4.7,4.8,87.3,85.6,115.4,-23.3,-24.6,134.5,140.0,137.4,139.3,129.6,129.5,129.5,119.4,105.7,105.6,139.0,141.0,134.4,126.7,122.3,110.3,109.8,109.8,110.4,110.4,122.0,123.0,122.3,117.8,58.2,-53.1,-190.3,-328.8,-470.0,-643.5,-838.9,-1047.9,-1245.8,-1417.5,-1578.7,-1771.9,-2014.4,-2244.1,-2480.4,-2654.7,-2753.1,-2805.2,-2819.1,-2819.5,-2818.5,-2819.3,-2816.1,-2829.6,-2887.4,-2974.1,-3072.3,-3168.3,-3273.3,-3367.3,-3456.9,-3528.6,-3571.5,-3596.3,-3643.4,-3726.3,-3848.1,-3979.5,-4113.3,-4209.1,-4281.0,-4335.7,-4378.8,-4414.3,-4437.1,-4450.9,-4451.2,-4454.3,-4455.2,-4456.3,-4455.4,-4456.5,-4458.2,-4471.1,-4459.6,-4459.4,-4460.3,-4460.7,-4460.9,-4461.7,-4462.5,-4464.9,-4463.6,-4464.4,-4465.6,-4466.5,-4467.0,-4467.4,-4467.9,-4468.2,-4469.1,-4471.1
-3935.4,-3638.8,-3336.4,-2998.7,-2624.8,-2199.2,-1757.0,-1341.9,-1005.7,-765.3,-599.6,-491.0,-393.9,-303.5,-203.5,-116.5,-47.7,-13.5,0.1,10.6,9.0,8.7,27.7,53.9,78.7,94.3,107.9,90.4,114.4,118.0,118.5,119.2,117.1,115.0,111.1,109.5,106.8,98.2,88.0,73.3,65.0,101.0,103.6,104.4,97.1,103.3,105.7,104.6,104.8,103.9,103.6,108.9,114.9,120.7,124.4,125.2,124.1,109.2,103.5,95.8,96.2,107.0,119.4,139.5,142.7,148.0,155.2,157.5,135.9,136.1,160.2,162.0,162.3,161.0,157.2,153.5,130.6,130.5,150.4,151.7,152.1,153.8,155.1,154.9,153.1,150.8,141.4,141.6,141.4,153.0,151.6,140.2,133.5,132.6,131.0,100.6,104.2,126.9,132.7,152.8,164.6,169.0,174.0,174.8,173.4,169.1,164.5,160.6,140.5,151.8,148.1,137.2,149.0,149.0,138.6,37.8,55.6,117.0,114.8,55.1,63.4,140.1,143.6,147.5,150.2,150.2,148.9,146.8,146.5,147.4,149.8,152.1,153.8,152.6,151.1,150.1,148.8,146.1,141.8,140.0,141.9,145.7,147.8,148.3,146.1,141.7,136.5,110.8,111.0,78.3,81.7,85.7,140.9,142.7,141.2,134.7,6.3,130.0,120.8,128.7,142.8,144.7,147.4,151.0,154.3,156.2,157.1,157.7,157.6,155.3,152.8,148.5,143.0,137.9,123.5,133.8,125.5,125.4,136.1,136.6,136.4,135.9,134.3,131.4,136.1,136.0,135.2,127.7,127.7,125.6,122.5,122.5,120.6,143.5,144.0,141.8,129.3,122.6,142.1,142.5,137.6,140.4,137.7,135.0,107.7,96.8,94.5,93.6,90.6,88.2,86.6,98.0,79.6,43.4,5.7,5.0,4.7,4.3,0.1,-8.2,21.8,-62.0,45.3,46.4,42.4,-832.3,-1177.2,-1554.9,-1891.7,-2134.3,-2316.4,-2370.2,-2362.2,-2278.6,-2150.6,-2010.9,-1863.1,-1730.1,-1593.4,-1454.6,-1336.6,-1249.5,-1148.7,-1061.5,-969.2,-859.0,-748.8,-658.3,69.2,76.5,83.8,88.2,87.8,82.2,-161.8,-85.8,89.1,19.2,48.8,64.5,64.9,58.1,44.5,33.5,25.7,20.8,15.7,12.2,24.7,55.0,82.9,99.4,113.9,118.1,124.6,124.1,122.3,117.3,105.2,45.0,44.9,70.1,90.4,114.8,123.8,123.3,109.6,96.9,45.7,-20.0,59.2,49.5,107.0,117.3,116.5,96.3,-23.3,100.8,115.3,135.7,140.0,120.9,-4.2,133.1,133.9,133.9,132.9,130.0,126.3,127.0,127.0,106.1,124.5,123.9,130.5,131.1,131.1,107.8,119.7,138.3,146.9,156.2,161.0,160.4,156.4,152.7,149.6,129.0,131.7,156.8,162.0,164.9,164.6,160.0,152.8,148.4,144.6,142.0,159.0,160.8,159.0,142.9,140.8,126.5,126.8,158.3,164.5,171.7,173.3,170.1,163.0,157.1,144.4,147.9,172.3,179.4,181.0,177.0,173.5,172.1,173.1,173.6,173.7,169.7,162.0,139.8,107.3,46.7,32.4,54.1,-2.3,-24.3,-24.0,-25.2,-24.0,34.2,131.0,135.6,135.6,123.4,132.0,130.4,131.3,110.6,110.5,139.9,144.4,140.9,133.7,127.5,124.9,107.3,110.5,111.5,111.1,120.7,123.7,124.6,123.7,85.9,11.8,-116.5,-256.0,-402.9,-553.1,-735.2,-952.0,-1184.1,-1422.2,-1637.3,-1822.4,-1993.0,-2195.0,-2419.5,-2666.6,-2897.4,-3066.2,-3159.7,-3207.4,-3219.5,-3218.0,-3216.7,-3218.5,-3216.6,-3229.5,-3285.2,-3365.5,-3455.0,-3540.5,-3635.1,-3716.3,-3795.1,-3857.8,-3892.1,-3907.7,-3950.2,-4019.7,-4117.4,-4216.2,-4304.7,-4364.4,-4400.3,-4424.9,-4439.3,-4449.4,-4450.1,-4455.3,-4454.9,-4454.9,-4455.9,-4456.0,-4456.9,-4456.7,-4457.8,-4458.3,-4459.3,-4459.9,-4460.5,-4461.3,-4461.7,-4462.0,-4465.0,-4463.4,-4463.9,-4465.1,-4467.2,-4466.6,-4466.5,-4467.0,-4467.4,-4468.5,-4469.7
-4005.8,-3737.9,-3428.7,-3069.7,-2648.1,-2199.5,-1759.5,-1389.7,-1113.6,-916.0,-773.8,-647.3,-528.9,-399.8,-280.9,-161.7,-68.7,-19.8,-5.6,5.0,12.6,10.8,0.5,19.2,54.1,78.4,59.3,78.6,114.4,116.9,116.0,115.9,114.5,112.7,110.5,110.2,108.6,100.2,102.3,81.0,102.3,104.0,106.2,106.6,106.1,106.5,105.2,105.0,103.9,105.1,107.8,113.8,120.1,125.3,128.4,128.2,128.5,128.3,130.2,131.8,97.9,98.3,125.0,142.8,148.8,156.3,161.1,160.3,149.9,152.0,160.1,165.8,167.2,167.3,163.2,158.8,132.1,131.1,139.3,151.6,150.6,150.9,151.8,151.6,150.5,149.9,148.3,141.4,151.0,153.5,153.6,153.1,153.2,152.9,152.8,153.9,152.0,150.8,154.6,158.9,166.6,168.0,168.9,169.2,168.8,164.1,159.8,155.5,132.7,118.2,119.5,146.5,147.9,143.1,137.4,20.3,48.8,94.2,20.3,49.7,131.2,136.8,139.5,141.4,143.3,145.1,146.3,146.8,147.8,149.4,152.4,154.5,154.5,152.8,151.6,149.1,146.4,142.3,136.5,134.0,123.2,136.5,137.4,140.6,142.4,143.0,139.6,116.9,93.1,71.6,76.0,67.9,139.8,140.6,138.4,130.8,7.3,6.3,97.3,110.8,97.5,89.6,134.7,149.0,152.4,154.1,154.7,156.0,156.0,153.5,150.5,146.4,142.3,138.6,108.2,107.9,123.5,134.8,136.8,136.8,137.4,136.2,133.2,131.3,131.3,130.9,129.0,127.7,141.9,143.5,144.2,144.2,145.6,144.8,142.9,140.2,138.7,138.8,110.5,108.5,106.6,104.7,104.7,104.7,104.7,99.3,128.3,129.2,111.9,130.8,131.9,131.2,114.5,102.0,73.0,7.2,4.2,3.2,6.3,6.0,3.2,21.8,43.3,41.1,43.3,-833.4,-1169.3,-1505.3,-1834.5,-2118.6,-2336.5,-2487.3,-2529.1,-2518.3,-2428.0,-2285.4,-2149.6,-2006.6,-1860.5,-1737.3,-1640.4,-1530.2,-1434.6,-1332.8,-1205.3,-1079.3,-968.9,-858.2,62.0,70.8,79.5,85.1,84.7,78.1,-213.2,-126.4,88.8,97.7,100.7,16.0,16.0,9.5,-19.1,-27.3,-29.2,-31.2,-34.8,-34.5,-23.8,16.7,36.9,59.4,85.8,103.0,98.0,114.2,114.6,112.1,104.9,69.6,43.2,46.4,63.8,89.1,120.7,120.8,120.5,108.6,75.8,-19.0,48.0,49.5,101.1,114.2,114.8,100.5,-21.2,110.4,126.5,134.6,139.3,136.8,45.3,133.6,134.1,133.1,133.0,131.9,132.9,129.2,127.9,125.8,130.3,129.2,130.3,130.9,131.9,133.1,136.6,142.7,152.0,158.8,160.6,156.7,152.5,150.2,128.8,131.5,155.0,158.9,161.4,162.6,159.4,153.6,141.2,132.3,131.0,152.5,159.0,142.7,122.2,111.9,93.5,108.3,154.7,162.1,167.8,170.1,168.1,162.6,155.6,144.4,144.4,167.6,177.5,181.6,178.7,175.3,174.9,174.9,175.2,175.2,170.5,163.8,156.6,134.7,81.6,53.7,88.1,88.1,125.3,78.9,22.1,-2.4,57.5,122.8,129.9,125.7,124.3,124.9,123.4,123.6,110.5,110.5,127.8,144.1,143.4,137.1,131.1,128.2,127.1,60.7,44.7,105.0,118.8,124.1,123.1,124.5,92.6,33.9,-73.3,-194.6,-328.6,-470.9,-644.6,-838.5,-1058.8,-1310.2,-1571.7,-1824.2,-2055.0,-2243.9,-2427.7,-2620.3,-2841.0,-3078.2,-3294.7,-3449.0,-3534.7,-3574.4,-3584.0,-3583.4,-3583.2,-3583.2,-3583.4,-3593.5,-3644.5,-3717.3,-3794.4,-3868.7,-3944.1,-4012.3,-4074.9,-4121.5,-4145.8,-4158.0,-4190.1,-4244.2,-4308.7,-4368.0,-4414.4,-4435.6,-4447.2,-4452.3,-4450.6,-4453.5,-4455.8,-4455.3,-4455.4,-4456.1,-4456.4,-4457.0,-4458.5,-4458.1,-4458.6,-4459.3,-4460.0,-4460.3,-4461.6,-4461.7,-4463.0,-4463.5,-4463.5,-4464.0,-4464.9,-4466.5,-4466.3,-4466.3,-4466.9,-4467.1,-4467.9,-4468.5
-4092.0,-3818.3,-3492.6,-3092.5,-2650.2,-2202.3,-1816.1,-1512.1,-1287.4,-1125.9,-973.1,-826.2,-658.2,-499.3,-336.9,-190.3,-81.8,-24.9,-5.7,10.3,0.6,-1.0,8.3,14.1,14.5,14.5,42.9,111.3,115.1,114.9,113.9,105.1,112.5,111.8,111.0,109.5,107.7,108.8,99.9,89.6,106.2,107.6,108.6,109.2,106.8,106.9,105.2,104.8,104.6,104.8,109.7,117.6,123.6,127.3,129.0,129.7,130.9,132.1,134.4,136.6,136.7,114.5,114.8,122.7,127.0,160.1,163.8,157.4,162.8,152.2,152.4,152.6,166.9,167.8,164.6,150.9,143.8,153.2,141.7,141.6,143.3,148.9,150.8,152.3,152.9,152.9,152.8,153.6,154.1,155.7,154.6,153.0,151.3,151.2,151.9,152.4,152.6,153.3,154.5,158.6,162.1,163.8,164.9,164.8,162.2,157.2,153.1,148.8,118.1,112.1,111.7,146.5,143.0,129.0,128.7,20.3,40.3,20.3,20.3,95.2,130.5,134.8,135.3,133.8,126.4,126.8,138.5,141.2,142.6,145.1,147.3,148.9,148.1,145.9,130.6,140.0,138.5,129.8,117.6,131.6,119.3,119.5,131.1,133.7,137.0,139.8,140.1,136.7,106.3,70.1,43.5,21.4,135.8,139.4,139.7,134.0,113.3,91.8,6.6,33.6,40.5,102.5,134.2,149.6,151.1,151.4,150.7,150.0,149.5,147.7,145.3,142.8,139.9,137.9,98.9,98.7,119.6,135.2,135.3,133.9,136.4,137.6,137.0,137.2,131.4,141.6,143.0,143.7,142.8,142.5,142.0,141.0,140.7,140.2,137.0,118.7,114.9,113.5,110.7,108.7,119.9,114.3,137.7,137.2,136.5,135.1,134.5,133.7,134.4,135.9,136.6,136.2,135.1,109.1,48.6,22.2,5.7,34.1,7.4,3.2,21.8,21.4,-158.5,43.3,37.8,-826.2,-1122.3,-1428.3,-1730.0,-2051.1,-2319.4,-2522.6,-2663.2,-2681.7,-2653.4,-2569.4,-2431.9,-2281.9,-2153.8,-2055.0,-1939.6,-1838.8,-1730.0,-1594.4,-1454.8,-1332.4,-1204.5,-1078.2,55.9,65.4,75.7,82.4,82.6,75.4,-272.7,-201.9,85.6,94.9,97.5,94.3,86.1,-32.8,-37.1,-43.6,-43.7,-44.3,-39.4,-36.6,-35.6,-28.1,5.3,36.3,69.2,81.5,96.2,109.9,111.0,104.0,90.1,60.7,31.7,37.0,44.3,67.5,95.1,119.2,119.1,114.0,90.9,15.5,-22.2,49.6,93.1,108.6,107.3,98.6,-24.3,98.0,124.3,132.3,136.8,137.3,134.6,135.0,133.3,134.2,133.1,132.4,132.4,132.1,129.0,129.8,130.7,130.6,132.3,129.9,132.7,134.9,140.6,148.9,157.4,161.5,158.4,153.1,149.9,149.1,125.6,152.4,156.4,159.2,159.4,158.8,155.0,148.2,144.3,128.9,102.7,142.2,148.9,130.7,87.4,31.5,47.7,113.4,158.9,165.5,167.8,165.9,161.1,155.4,148.1,144.4,163.3,173.3,179.6,178.8,176.0,175.2,176.9,178.8,178.2,173.2,165.8,158.6,153.8,118.8,96.6,89.8,124.9,122.5,130.0,70.3,42.9,76.7,98.1,125.4,130.5,129.7,124.4,124.0,124.1,110.5,110.5,124.8,132.2,135.2,130.0,124.1,120.0,115.6,119.2,49.9,-22.0,51.3,98.2,122.5,119.2,98.3,37.2,-69.6,-167.0,-285.4,-408.5,-552.3,-734.3,-951.9,-1183.4,-1432.5,-1707.6,-1983.3,-2250.5,-2481.1,-2672.2,-2853.5,-3032.9,-3238.8,-3461.8,-3655.6,-3790.6,-3860.7,-3894.8,-3902.3,-3899.5,-3900.4,-3899.3,-3899.2,-3911.7,-3952.7,-4013.6,-4077.8,-4129.8,-4188.4,-4237.5,-4280.1,-4307.4,-4318.3,-4327.4,-4350.9,-4381.9,-4414.1,-4436.9,-4450.8,-4449.6,-4452.7,-4454.0,-4473.9,-4454.9,-4455.7,-4456.0,-4457.0,-4456.7,-4457.8,-4458.3,-4459.1,-4459.1,-4459.8,-4460.6,-4460.4,-4461.4,-4462.0,-4462.8,-4463.7,-4463.1,-4463.7,-4464.6,-4466.3,-4466.2,-4465.6,-4466.3,-4466.9,-4467.5,-4468.3
-4158.9,-3876.6,-3512.6,-3093.0,-2654.4,-2258.8,-1945.0,-1704.2,-1527.9,-1356.1,-1174.0,-973.2,-785.3,-572.6,-374.3,-201.9,-79.5,-23.6,-5.3,-1.0,0.6,11.7,13.5,14.0,15.4,35.2,85.4,113.3,116.3,115.7,113.4,105.1,111.6,112.0,111.2,110.7,109.9,107.2,108.1,91.3,93.5,109.5,110.4,110.2,109.2,108.1,105.5,104.9,107.5,108.0,114.0,120.5,124.9,127.6,128.6,128.6,130.1,131.1,133.0,136.1,137.1,136.7,114.5,121.7,123.3,160.6,164.1,164.7,166.8,166.3,164.8,152.4,163.3,164.1,161.7,151.3,159.7,156.9,150.8,141.6,141.9,148.3,151.5,153.6,154.0,152.9,152.0,152.9,154.7,155.7,154.4,151.8,149.7,144.9,147.8,151.3,151.1,150.5,150.9,153.0,144.4,157.0,159.6,159.2,156.3,151.6,147.9,145.9,107.9,107.5,141.2,144.4,136.4,125.7,118.2,20.3,20.3,20.3,86.8,112.4,131.9,133.8,132.5,129.1,131.4,123.0,129.6,132.8,133.5,125.9,115.2,119.2,115.3,89.4,90.8,93.9,105.3,102.1,88.1,67.1,89.8,108.2,130.8,131.3,133.8,136.1,135.5,133.4,127.7,68.4,40.0,13.2,133.5,138.2,144.1,140.2,122.7,94.0,7.8,6.6,16.7,120.1,139.6,151.6,151.5,150.0,147.4,143.4,143.0,141.6,140.2,138.9,138.2,137.2,98.8,88.7,101.9,135.0,135.0,126.1,135.8,138.7,139.5,140.7,142.7,143.4,142.0,140.4,139.2,139.6,123.3,122.8,122.2,119.2,118.6,114.9,115.1,119.9,140.2,140.9,141.3,141.7,141.6,140.8,139.4,137.1,135.4,133.9,134.1,134.6,134.1,117.0,119.9,79.1,53.8,56.5,67.7,63.2,48.4,39.4,41.2,-19.9,-140.5,-318.2,-539.1,-783.9,-1049.8,-1329.7,-1635.8,-1935.8,-2252.7,-2518.8,-2697.0,-2815.7,-2835.8,-2811.5,-2700.7,-2576.6,-2477.9,-2364.1,-2259.6,-2148.0,-2007.0,-1860.9,-1730.4,-1593.8,-1452.5,-1337.1,51.5,61.6,72.6,80.2,80.7,73.4,-377.2,-313.1,77.8,87.2,89.2,85.8,-55.4,-49.4,-42.9,-46.5,-50.1,-50.8,-47.7,-43.7,-37.5,-34.9,-20.6,24.0,52.3,82.1,84.9,89.1,87.5,80.6,67.9,35.5,4.7,4.7,37.1,53.8,86.4,113.4,116.7,118.0,105.2,87.0,-22.5,50.1,71.5,97.5,64.5,62.6,-24.4,64.7,122.6,130.0,134.9,136.4,134.3,134.3,133.9,133.2,133.4,133.0,131.2,130.9,129.6,132.2,131.8,132.6,132.8,129.9,133.1,137.5,144.8,154.1,161.2,159.6,156.6,151.9,137.8,108.7,103.9,149.5,155.5,157.0,156.0,154.4,143.7,143.7,149.2,147.7,96.5,143.7,150.7,114.0,26.3,15.7,53.8,127.1,162.9,167.4,165.7,160.5,154.5,151.2,143.9,143.9,169.0,176.2,177.3,173.9,164.4,176.4,179.6,180.8,176.8,168.7,160.9,155.3,128.6,117.3,115.0,149.3,148.6,146.9,132.1,112.8,115.2,117.9,127.2,134.4,133.1,125.6,124.0,124.3,111.0,110.5,125.4,132.1,134.5,131.6,125.5,119.5,93.8,22.0,18.7,-21.8,-22.9,26.3,59.3,94.0,101.4,53.6,-48.1,-161.0,-274.6,-377.5,-501.7,-652.4,-838.9,-1061.7,-1312.1,-1569.2,-1838.8,-2126.9,-2409.5,-2673.3,-2900.2,-3081.0,-3240.9,-3422.5,-3607.6,-3801.5,-3965.7,-4072.8,-4127.5,-4146.6,-4151.2,-4200.4,-4155.9,-4150.7,-4151.6,-4158.1,-4193.5,-4241.3,-4281.0,-4314.6,-4350.3,-4378.6,-4400.6,-4410.0,-4413.5,-4418.6,-4428.6,-4441.0,-4451.6,-4451.1,-4454.5,-4454.7,-4455.2,-4454.9,-4455.7,-4456.2,-4456.9,-4457.4,-4457.6,-4458.4,-4458.1,-4458.8,-4459.0,-4459.9,-4461.5,-4462.2,-4461.8,-4462.2,-4462.4,-4462.8,-4463.0,-4463.6,-4464.8,-4465.4,-4465.8,-4466.1,-4466.4,-4466.5,-4467.3,-4467.7
-4200.4,-3890.8,-3514.6,-3100.0,-2716.1,-2397.4,-2148.0,-1960.3,-1772.3,-1557.6,-1302.6,-1075.0,-848.7,-620.3,-390.7,-201.0,-78.3,21.1,21.4,-1.9,2.3,12.6,11.7,16.2,30.8,68.4,99.3,116.6,117.9,116.2,114.0,105.1,111.7,103.2,111.3,110.3,109.2,109.8,110.4,97.2,109.6,110.5,111.3,111.7,111.1,108.0,105.8,105.6,108.3,111.7,117.1,121.8,124.5,127.0,127.3,127.6,126.2,125.5,114.5,132.7,136.2,138.5,143.5,149.2,155.3,160.9,165.3,169.1,171.9,171.7,168.1,162.6,162.1,163.9,160.8,160.5,161.3,158.3,154.4,152.3,150.3,150.4,152.8,153.4,151.7,149.0,147.7,149.4,154.4,157.5,158.1,154.5,150.5,142.9,143.3,145.7,148.3,147.8,144.3,142.0,148.0,135.1,155.2,155.4,151.3,146.9,142.6,140.7,102.9,111.3,137.6,137.0,133.5,111.7,86.2,20.3,20.3,77.4,106.4,130.5,132.9,132.0,129.7,125.8,125.9,121.7,118.8,122.3,124.3,82.3,82.3,54.1,15.4,15.4,15.4,15.4,80.4,50.8,15.4,70.7,119.4,133.0,134.0,135.0,135.9,135.1,132.1,127.6,125.2,65.6,13.2,13.2,123.9,136.3,142.7,140.7,136.4,89.7,24.8,7.8,9.4,89.6,121.0,146.7,148.8,145.4,141.7,30.7,128.6,136.9,134.4,135.0,133.3,133.1,122.4,86.2,83.7,120.6,131.9,121.3,134.2,134.7,127.1,134.7,136.7,138.1,137.6,136.0,133.8,124.4,125.0,123.9,138.7,139.4,140.7,141.4,141.9,143.6,143.6,143.2,142.8,137.8,137.8,137.8,129.6,129.6,129.6,129.6,121.3,121.3,118.5,117.4,114.9,108.4,110.4,108.0,101.8,88.2,83.5,73.4,82.5,33.6,-116.7,-304.2,-504.0,-723.1,-962.3,-1239.0,-1522.8,-1831.3,-2150.3,-2465.5,-2692.3,-2881.8,-2986.0,-2995.4,-2970.7,-2894.3,-2781.1,-2680.8,-2571.1,-2430.2,-2281.6,-2150.6,-2006.9,-1861.1,-1734.3,-1641.9,49.0,59.5,71.5,79.5,80.1,73.3,61.9,-441.4,-348.0,72.7,74.7,-135.0,-107.0,-81.0,-64.2,-55.6,-57.6,-58.2,-55.8,-50.1,-43.0,-41.3,21.7,3.0,27.9,43.1,45.3,43.6,41.6,38.1,30.0,15.6,-16.7,18.2,36.4,57.9,84.7,97.8,113.8,113.2,114.5,99.3,-23.3,-22.3,78.2,93.0,22.9,7.4,-23.1,30.3,121.0,129.2,134.4,136.4,135.4,134.1,133.4,133.6,133.7,133.9,133.5,133.9,132.1,132.8,132.6,133.3,132.7,129.9,133.9,139.5,148.8,158.1,162.1,155.2,155.4,153.6,151.4,104.3,103.9,150.6,153.2,153.8,152.2,150.0,147.0,143.7,149.6,141.1,82.4,131.8,125.4,80.5,-23.3,-24.8,90.1,141.1,167.7,168.6,163.7,156.6,152.3,153.9,143.9,164.7,173.1,175.7,173.7,164.4,164.4,177.7,181.4,178.9,172.2,163.0,156.9,130.4,130.1,132.9,153.1,153.8,152.8,149.1,142.6,127.1,129.9,127.4,137.5,140.3,135.6,129.6,122.7,112.2,111.1,127.9,128.4,141.0,131.1,129.8,119.6,87.6,-22.9,-21.4,-21.7,-21.6,-24.8,-22.6,29.3,29.3,30.6,-21.9,-116.8,-239.1,-351.2,-472.6,-608.6,-778.2,-963.3,-1183.6,-1434.9,-1710.0,-1983.6,-2262.6,-2555.6,-2822.0,-3081.6,-3291.9,-3455.8,-3598.6,-3758.4,-3918.5,-4079.9,-4208.5,-4278.0,-4309.8,-4321.1,-4325.1,-4324.7,-4323.8,-4324.8,-4324.3,-4330.2,-4352.2,-4381.7,-4399.9,-4415.9,-4430.3,-4440.0,-4445.6,-4447.7,-4447.1,-4449.1,-4447.4,-4453.4,-4455.6,-4455.9,-4455.3,-4455.8,-4486.9,-4456.6,-4457.3,-4457.1,-4458.0,-4459.3,-4458.7,-4458.9,-4459.3,-4477.2,-4460.6,-4461.0,-4461.5,-4462.2,-4462.0,-4462.7,-4463.0,-4463.1,-4463.8,-4464.9,-4464.8,-4465.2,-4465.5,-4466.3,-4466.6,-4467.0,-4467.2
-4217.9,-3893.7,-3519.9,-3155.1,-2851.4,-2601.5,-2413.6,-2218.3,-1978.5,-1669.7,-1363.8,-1090.4,-852.1,-630.8,-391.4,-198.9,-72.8,21.4,2.5,12.9,12.0,11.8,11.7,18.7,46.5,85.2,113.8,118.3,119.1,117.0,114.4,100.2,112.8,103.2,113.1,110.5,111.6,112.5,112.3,109.3,112.7,113.2,112.2,112.2,109.5,110.0,109.3,109.8,112.3,116.2,118.3,121.8,123.4,125.1,111.7,111.8,120.3,120.0,113.9,132.0,136.1,139.2,143.6,148.5,154.9,162.2,168.4,173.1,176.0,176.5,172.2,164.4,161.2,160.6,161.4,162.6,163.2,161.1,157.6,155.8,154.0,152.7,152.8,150.2,146.2,143.5,143.5,150.0,155.7,160.3,161.0,157.6,152.1,146.4,141.9,141.9,141.9,122.0,122.3,144.7,121.2,130.5,148.4,148.3,146.8,140.1,98.1,103.6,22.8,68.7,118.3,127.3,127.1,102.1,20.3,20.3,88.9,105.7,127.7,128.7,130.2,127.1,124.4,122.1,122.8,123.9,125.0,92.6,89.8,87.4,86.0,63.3,15.4,27.9,25.4,15.4,15.4,15.4,48.4,96.4,128.1,133.7,135.1,135.8,135.8,134.4,129.9,121.4,93.5,24.8,13.2,13.2,98.1,131.9,137.5,136.2,131.1,85.2,31.2,8.7,9.6,55.5,97.8,106.3,117.2,114.0,113.8,14.6,107.0,124.2,112.6,112.4,118.6,117.8,105.4,77.5,61.2,76.2,73.0,73.4,93.0,103.1,104.4,105.3,130.3,135.4,137.0,136.8,128.7,139.5,140.4,141.1,142.3,143.1,143.4,144.0,144.8,144.6,140.8,140.8,140.2,137.8,142.6,141.0,129.6,129.6,129.7,137.2,138.5,140.2,140.1,139.1,137.9,136.8,138.4,125.3,96.9,71.0,64.5,71.1,91.4,43.9,-102.6,-274.1,-455.2,-647.2,-883.8,-1135.8,-1423.5,-1727.1,-2048.8,-2355.0,-2652.6,-2885.6,-3089.2,-3209.6,-3219.0,-3180.1,-3090.6,-2983.9,-2848.3,-2703.0,-2570.8,-2430.3,-2281.2,-2153.6,-2055.2,-1936.9,48.4,57.8,70.2,78.5,79.5,75.3,67.4,57.9,-457.3,-351.4,-278.9,-228.7,-179.3,-137.7,-107.9,-84.7,-63.9,-60.9,-59.6,-54.9,-48.3,-40.6,-37.2,21.7,21.3,3.0,3.2,1.4,-15.2,-15.3,-14.3,-16.2,14.5,38.1,65.4,72.3,67.7,72.3,78.6,87.0,101.9,90.0,39.9,-19.6,54.5,14.6,-2.9,50.0,43.4,65.6,107.4,128.3,134.5,136.9,134.5,134.3,133.8,133.5,134.1,134.1,133.9,133.8,133.5,133.3,133.6,132.9,131.1,127.1,135.3,142.1,152.8,159.6,161.0,156.7,155.2,155.2,154.5,151.3,103.0,148.7,150.3,149.7,149.1,148.8,149.2,149.0,135.5,126.1,67.4,124.0,74.2,-23.1,-23.9,28.7,138.5,167.4,166.9,165.9,160.6,135.0,135.0,135.5,160.9,168.7,173.3,172.4,164.4,164.4,174.0,179.5,179.8,174.2,154.3,157.8,131.9,131.9,154.6,155.6,156.0,156.3,154.3,137.8,137.4,137.0,136.9,142.4,145.1,143.9,136.7,130.9,114.1,112.3,138.7,146.0,145.8,147.4,139.8,132.1,100.6,0.3,-22.6,-22.6,-21.5,-23.6,-24.6,-22.5,-22.5,-23.4,-23.4,-23.2,-139.6,-269.9,-389.8,-524.9,-723.9,-898.6,-1098.1,-1323.2,-1562.3,-1838.4,-2120.2,-2394.8,-2659.5,-2926.6,-3173.0,-3407.6,-3585.3,-3729.7,-3857.4,-4001.8,-4151.2,-4277.9,-4358.0,-4396.3,-4411.3,-4415.5,-4417.1,-4416.9,-4417.9,-4418.9,-4417.1,-4421.7,-4433.1,-4442.3,-4446.4,-4449.8,-4454.3,-4452.2,-4454.1,-4453.9,-4453.7,-4454.5,-4456.7,-4456.9,-4457.1,-4457.0,-4457.1,-4457.3,-4457.6,-4458.0,-4458.1,-4458.7,-4459.9,-4458.8,-4459.9,-4460.4,-4496.5,-4480.1,-4460.9,-4462.3,-4461.7,-4462.6,-4463.3,-4463.8,-4463.9,-4464.1,-4465.0,-4465.2,-4465.3,-4465.7,-4466.4,-4466.5,-4467.0,-4466.8
-4218.2,-3899.8,-3573.9,-3290.8,-3053.1,-2866.0,-2673.6,-2429.9,-2102.2,-1734.3,-1368.9,-1069.6,-819.8,-590.5,-380.6,-195.9,-64.6,-1.4,11.5,32.2,42.4,43.7,34.6,44.1,69.9,95.5,116.3,119.6,120.1,116.8,113.8,88.6,112.3,103.2,106.5,112.7,113.5,114.9,114.0,111.4,110.3,110.3,114.5,114.3,113.2,113.8,114.5,112.1,112.2,117.9,118.5,118.9,120.3,122.6,111.5,111.5,105.4,107.3,127.8,134.6,137.3,125.8,139.6,146.1,154.9,163.4,170.5,176.2,178.3,176.6,171.7,164.7,160.6,160.6,161.6,163.6,164.3,162.6,161.6,159.5,157.4,154.2,150.9,146.1,143.5,140.2,141.7,148.5,154.9,157.5,155.9,153.2,149.3,143.2,143.8,142.7,142.1,141.3,101.5,47.8,23.1,113.2,147.7,134.9,127.2,121.8,38.0,20.3,20.3,31.8,100.7,121.0,113.7,85.9,20.3,52.8,103.0,117.1,122.7,121.8,121.6,105.7,101.6,94.5,95.2,93.9,92.0,91.1,115.6,124.2,112.7,79.2,78.3,82.2,96.3,50.2,15.4,15.4,79.8,126.2,126.4,132.4,129.9,126.1,126.1,128.8,121.2,93.1,85.8,18.8,13.2,13.2,102.0,128.5,131.9,130.1,107.5,73.2,33.8,10.7,8.7,23.7,49.7,46.8,15.2,57.9,67.2,12.3,20.5,80.9,82.3,90.6,76.3,85.5,60.5,13.2,13.2,64.8,71.0,96.5,108.5,108.4,104.5,118.9,119.4,137.3,139.3,138.0,130.9,131.5,138.5,140.6,142.3,145.0,146.9,148.2,147.4,146.3,140.8,146.8,147.7,149.4,150.1,149.0,146.6,144.8,144.5,145.6,147.2,147.9,147.5,145.3,143.5,142.9,141.1,120.3,82.3,47.3,42.6,37.1,34.9,23.0,-90.9,-240.9,-396.0,-584.7,-794.3,-1047.7,-1325.4,-1631.0,-1931.6,-2252.3,-2569.7,-2866.8,-3160.8,-3373.7,-3435.0,-3432.0,-3369.9,-3247.6,-3109.5,-2983.4,-2847.7,-2702.9,-2576.6,-2480.1,-2358.9,-2202.0,47.2,56.1,66.8,74.3,76.6,75.8,72.4,66.4,59.3,-478.6,-408.9,-340.3,-277.9,57.7,48.8,-135.9,-97.1,-73.5,-57.4,-53.6,-48.4,-42.5,-36.4,-37.0,-30.6,-27.1,-28.5,-30.0,-30.4,-21.3,-15.8,25.9,10.4,27.1,31.4,30.4,28.3,29.3,33.2,47.3,74.8,103.8,68.3,-20.0,56.5,57.9,57.2,53.7,67.4,82.8,109.5,126.5,133.6,136.4,134.6,133.8,133.7,134.1,134.2,134.3,134.2,134.3,134.0,134.2,134.1,132.2,128.2,127.1,136.5,145.3,155.2,159.8,158.3,156.2,155.2,158.9,158.3,153.6,128.8,102.0,148.3,148.7,148.7,149.6,150.1,149.8,147.2,123.6,52.5,97.8,53.2,-22.9,-22.9,101.4,150.5,171.3,168.1,165.5,159.9,135.0,135.6,136.2,166.2,173.1,172.0,168.5,164.4,164.7,176.5,178.7,174.8,168.0,160.1,133.3,133.4,156.9,157.9,158.6,158.4,157.2,142.0,139.2,138.8,154.2,155.3,157.6,157.7,152.4,144.9,140.7,123.5,138.7,134.5,151.6,156.1,154.4,145.1,126.5,8.5,-29.8,56.7,75.5,41.0,70.3,32.4,58.9,22.9,24.0,12.6,-21.1,-101.1,-213.2,-349.0,-568.1,-776.4,-987.6,-1198.4,-1421.4,-1669.7,-1919.6,-2192.2,-2448.9,-2697.3,-2943.3,-3181.5,-3413.1,-3597.4,-3745.4,-3873.2,-4020.3,-4169.5,-4295.1,-4376.8,-4420.0,-4438.1,-4444.4,-4450.4,-4451.6,-4450.3,-4452.3,-4451.2,-4453.0,-4456.0,-4457.2,-4453.4,-4455.1,-4455.6,-4457.0,-4457.1,-4456.9,-4456.6,-4456.7,-4457.1,-4457.5,-4458.2,-4460.0,-4459.6,-4458.6,-4458.5,-4459.2,-4458.9,-4459.4,-4460.4,-4460.0,-4460.7,-4460.9,-4460.8,-4461.1,-4461.6,-4462.2,-4463.4,-4463.6,-4464.5,-4464.2,-4463.7,-4464.0,-4465.3,-4465.4,-4465.3,-4465.9,-4467.2,-4466.2,-4467.5,-4468.4
-4221.5,-3949.3,-3695.4,-3478.0,-3305.2,-3120.4,-2883.4,-2558.0,-2177.2,-1755.3,-1347.2,-1012.4,-741.7,-529.7,-343.4,-186.0,-58.3,11.6,34.2,56.8,74.8,75.0,74.9,79.1,92.5,112.5,117.9,120.8,120.8,117.3,100.3,47.4,87.2,112.4,113.4,113.7,115.7,114.4,115.4,115.7,116.0,117.5,118.4,118.8,118.8,118.9,115.8,117.5,115.4,102.7,95.6,89.8,98.9,86.6,113.8,100.3,103.3,119.4,130.5,135.3,134.2,124.9,124.8,146.0,155.8,166.0,174.1,177.3,174.8,170.8,166.9,162.8,160.6,161.4,162.6,163.8,163.2,162.6,161.8,160.3,157.9,153.8,149.0,142.2,138.6,137.2,137.6,143.0,147.3,147.8,143.2,142.3,141.3,141.5,141.2,140.4,139.7,106.9,24.2,23.1,23.1,100.4,127.1,116.6,119.2,118.4,58.0,20.8,21.0,20.3,43.7,119.8,110.9,62.5,20.3,65.0,105.9,117.7,118.3,118.3,103.7,103.7,99.5,93.1,93.1,92.0,99.0,126.1,127.1,126.5,111.2,81.6,112.6,118.8,120.1,85.6,15.4,30.5,82.9,89.6,109.7,112.9,127.4,122.6,123.9,115.5,115.7,13.2,66.7,13.2,13.2,47.8,124.6,125.8,127.4,124.4,91.8,54.2,23.5,11.4,11.5,12.3,12.3,12.3,12.3,12.3,12.3,12.3,12.9,13.2,13.2,13.2,13.2,13.2,13.2,13.2,48.7,87.5,111.3,121.2,132.3,135.8,137.3,120.8,118.9,136.6,139.0,138.6,138.2,134.9,139.6,141.4,144.5,149.4,154.5,156.5,155.3,152.5,150.8,152.0,154.5,157.1,158.4,157.1,154.0,151.4,150.4,150.6,151.5,151.9,150.4,147.8,145.6,144.5,142.8,123.4,92.6,64.3,48.7,27.7,22.6,3.6,-82.8,-203.7,-349.2,-511.7,-717.8,-960.6,-1236.7,-1518.9,-1829.4,-2145.4,-2476.6,-2823.5,-3187.8,-3473.4,-3616.8,-3633.3,-3594.2,-3486.7,-3370.8,-3245.3,-3108.7,-2989.2,-2895.1,-2781.6,-2629.0,-2390.2,-2110.8,52.7,61.0,67.3,71.2,74.1,74.9,72.7,68.1,65.4,65.3,65.2,66.0,66.6,57.7,-208.2,-150.5,-98.5,-69.7,-51.2,-46.5,-42.6,-38.4,-34.9,-31.5,-31.2,-33.2,-35.1,-35.3,-29.1,-32.0,-25.8,25.9,24.5,-15.7,-16.0,-16.9,-17.1,3.0,16.3,42.7,87.9,69.0,-18.9,58.6,60.2,53.7,53.7,78.3,94.4,109.6,122.4,130.1,134.7,134.7,133.8,133.6,134.0,134.4,134.4,134.6,134.6,134.6,134.7,132.7,129.5,126.4,131.8,139.7,149.2,156.9,159.0,157.2,156.1,159.5,161.8,160.4,154.2,148.8,101.0,149.1,141.1,141.1,149.8,150.9,150.2,147.3,119.3,52.5,57.4,52.5,-22.8,76.3,118.9,167.2,168.5,165.6,162.6,157.3,135.0,136.2,164.1,172.0,173.4,168.8,164.4,164.9,171.6,176.6,174.8,168.4,161.8,140.4,135.4,157.7,160.9,161.4,161.5,160.6,156.9,143.4,155.6,157.6,158.5,156.8,160.5,156.6,150.8,144.6,128.7,128.2,144.6,149.6,153.0,157.2,150.2,142.0,75.3,-22.2,70.7,114.2,112.4,121.7,124.5,118.4,106.6,117.5,93.4,61.9,5.6,-99.7,-221.8,-369.6,-567.6,-776.8,-999.6,-1217.3,-1442.7,-1694.9,-1929.0,-2191.5,-2442.2,-2688.2,-2904.5,-3138.0,-3343.1,-3544.8,-3702.4,-3851.5,-4008.3,-4161.8,-4288.7,-4370.5,-4416.0,-4436.4,-4447.4,-4449.2,-4454.8,-4456.8,-4457.4,-4457.3,-4457.3,-4457.4,-4457.8,-4458.3,-4458.6,-4458.3,-4458.2,-4457.9,-4458.3,-4458.3,-4458.6,-4458.8,-4458.8,-4459.4,-4460.0,-4474.1,-4459.9,-4459.5,-4459.5,-4459.7,-4459.9,-4460.4,-4460.4,-4460.9,-4461.6,-4461.9,-4462.1,-4462.5,-4463.1,-4463.4,-4464.0,-4464.7,-4464.7,-4464.6,-4464.8,-4465.6,-4465.7,-4465.7,-4466.0,-4466.5,-4467.2,-4468.0,-4468.5
-4269.2,-4057.1,-3868.2,-3713.0,-3545.0,-3321.4,-3006.9,-2627.9,-2200.1,-1758.3,-1338.8,-968.2,-683.9,-464.7,-298.2,-158.3,-54.5,5.2,43.3,65.5,89.8,95.5,98.1,102.7,108.8,114.2,119.4,122.2,121.6,117.8,86.3,44.0,87.3,114.4,114.2,114.9,114.1,115.5,116.5,118.4,119.6,121.8,123.7,124.6,122.5,122.8,123.6,118.4,96.3,71.8,54.6,26.5,28.3,42.6,42.5,86.3,118.3,117.4,126.0,131.2,116.7,124.2,138.4,148.0,158.9,167.8,174.9,174.6,169.0,162.0,158.2,155.9,156.6,158.6,159.8,159.3,158.1,146.8,155.9,155.7,153.5,150.0,145.3,141.0,137.5,135.5,135.9,135.7,137.6,135.4,137.0,140.7,136.0,138.9,138.9,23.7,23.7,23.7,23.7,62.3,23.3,23.1,100.4,105.2,101.1,97.8,87.8,39.1,20.3,20.3,55.4,83.4,63.5,62.3,20.3,20.3,99.6,116.0,119.0,118.3,110.3,119.1,120.5,109.3,120.7,121.9,110.7,123.2,124.8,123.4,109.0,110.7,126.4,124.5,124.7,78.9,15.4,15.4,15.4,58.5,21.2,78.3,90.4,108.9,114.9,109.1,112.0,13.2,48.3,13.2,41.7,90.7,120.3,125.0,101.8,79.5,44.4,14.0,12.2,11.4,11.4,13.7,12.4,12.3,13.5,32.5,51.4,61.8,16.5,30.0,63.8,75.3,75.1,89.6,101.0,110.0,120.3,119.9,138.0,137.6,139.4,140.4,139.3,138.7,129.7,136.6,139.5,141.1,142.2,142.9,142.7,145.1,149.9,155.6,161.7,164.3,162.8,158.8,156.0,156.4,158.6,161.0,161.7,159.9,156.9,154.1,152.3,151.5,151.0,150.3,148.3,145.8,143.4,142.4,143.4,135.5,114.4,89.6,60.9,46.1,35.6,7.7,-60.3,-167.3,-293.8,-451.7,-643.6,-881.6,-1133.5,-1419.9,-1723.2,-2049.2,-2404.9,-2801.8,-3200.2,-3531.8,-3734.7,-3788.4,-3783.7,-3716.2,-3607.8,-3484.9,-3375.3,-3288.5,-3180.0,-3034.8,-2811.1,-2531.5,-2264.6,-2077.7,55.1,61.1,65.1,70.5,74.7,75.2,72.8,70.6,69.5,67.3,65.1,63.6,-382.8,-301.8,-213.4,-150.7,-107.8,-77.4,-47.5,-41.9,-40.2,-39.0,-37.1,-38.1,-40.5,-41.1,-39.1,-34.9,-32.2,-27.8,-25.7,-28.8,-24.1,-24.1,-23.2,-22.0,-18.0,0.1,24.6,73.8,86.6,43.3,60.3,62.0,62.0,86.7,94.6,98.4,109.8,119.0,126.3,131.6,134.4,133.6,133.7,133.7,134.1,134.3,134.5,136.0,135.6,133.6,131.3,126.4,126.9,134.8,142.5,152.0,158.0,158.7,148.5,156.7,161.7,164.3,161.5,153.6,148.9,99.8,149.5,141.1,141.1,150.3,151.1,152.9,148.5,117.8,-24.9,52.5,-23.0,74.4,116.2,147.0,164.6,169.0,163.6,158.9,152.6,131.6,159.3,167.2,172.4,169.9,150.8,151.5,169.1,173.9,174.6,168.7,161.4,142.3,141.5,159.5,161.2,163.8,164.0,163.6,162.7,158.7,159.3,161.9,165.5,158.3,159.8,158.8,153.6,148.8,134.8,133.7,147.1,153.7,149.8,160.9,156.2,146.9,82.8,-22.9,73.4,127.3,128.1,126.8,127.0,126.8,125.1,127.9,120.9,93.0,79.4,41.7,-53.4,-183.9,-343.7,-531.4,-746.1,-969.4,-1195.1,-1420.8,-1638.6,-1881.8,-2105.4,-2341.4,-2557.6,-2773.6,-2977.3,-3191.9,-3375.8,-3570.7,-3761.7,-3938.0,-4107.7,-4237.4,-4315.8,-4366.0,-4403.6,-4431.0,-4447.3,-4456.0,-4455.9,-4459.1,-4460.5,-4460.3,-4460.3,-4460.0,-4460.0,-4474.4,-4459.8,-4459.5,-4459.6,-4460.1,-4459.6,-4459.7,-4460.1,-4459.6,-4460.0,-4460.2,-4460.5,-4460.7,-4461.6,-4461.0,-4460.9,-4461.0,-4461.2,-4461.8,-4462.1,-4462.6,-4462.5,-4462.9,-4463.0,-4463.8,-4463.9,-4464.4,-4464.5,-4464.7,-4465.6,-4466.1,-4466.2,-4466.0,-4466.1,-4466.4,-4466.7,-4466.9,-4467.4,-4468.6
-4356.2,-4203.2,-4070.7,-3929.4,-3727.1,-3435.1,-3074.4,-2652.1,-2200.9,-1758.9,-1340.6,-961.2,-648.1,-424.7,-249.5,-125.5,-33.1,8.1,45.1,71.5,92.4,97.9,101.9,106.4,110.6,115.5,119.8,122.0,119.7,114.9,90.0,39.6,75.8,113.5,114.0,115.0,111.8,116.9,118.8,117.3,123.2,126.7,129.6,128.4,127.9,126.9,107.4,88.3,37.5,26.5,26.5,26.5,26.5,26.5,26.5,84.8,119.8,124.3,121.7,116.9,116.7,131.9,140.5,150.9,159.9,168.0,171.2,168.2,162.1,155.3,120.2,122.2,150.3,154.0,152.2,151.0,148.5,145.9,127.2,136.6,138.9,136.4,133.3,134.7,133.4,134.4,134.5,132.3,101.6,113.7,113.3,109.7,85.4,23.7,23.7,23.7,139.3,138.5,135.7,131.7,129.8,24.3,23.1,23.1,22.8,22.5,22.3,-6.6,20.7,20.4,20.3,58.0,20.3,20.3,20.3,65.6,115.6,116.7,119.9,118.6,115.6,119.7,120.8,120.9,120.4,120.9,124.1,125.4,125.7,127.9,129.7,132.2,133.4,133.9,131.4,106.2,100.8,67.5,15.4,15.4,15.4,15.4,62.0,87.4,105.1,90.8,49.6,13.5,13.2,103.4,95.7,108.1,121.3,112.6,110.5,88.4,57.1,30.1,11.4,11.4,14.4,11.4,11.9,11.9,33.2,74.2,104.5,111.3,107.9,105.9,109.8,113.3,125.3,122.3,129.7,136.9,139.0,139.1,140.5,138.3,138.1,138.9,138.7,139.1,137.3,139.6,142.3,145.4,147.6,148.6,148.2,149.4,153.2,157.9,163.3,165.6,163.8,160.0,157.6,157.7,159.2,160.5,160.4,158.5,155.6,153.0,151.0,149.7,148.4,146.9,144.6,141.5,121.5,116.8,101.4,76.7,91.4,119.1,97.0,77.0,61.9,42.7,-28.9,-122.6,-247.4,-394.0,-581.4,-793.2,-1047.7,-1322.0,-1634.2,-1981.9,-2382.6,-2803.5,-3202.8,-3553.9,-3809.3,-3929.8,-3940.2,-3909.3,-3815.8,-3721.2,-3643.9,-3548.4,-3416.5,-3207.9,-2949.8,-2688.2,-2499.5,-2355.5,-2207.2,-2019.6,59.7,64.4,69.1,70.5,69.4,67.3,65.4,62.5,59.8,58.0,52.8,-392.4,-304.0,-233.2,-176.5,-129.7,-87.9,-59.5,-42.9,-41.8,-42.1,-43.4,-44.2,-43.6,-40.5,-37.6,-33.0,-30.2,-29.3,-29.4,-28.7,-28.1,-26.5,-25.5,-24.8,-25.2,4.4,14.3,53.9,50.5,61.8,37.1,70.3,98.9,107.5,106.2,107.6,113.5,120.8,127.7,131.4,133.1,132.9,132.7,132.9,135.3,135.8,135.8,134.6,132.5,116.2,116.4,123.4,123.7,144.4,152.0,158.2,149.8,148.5,158.6,163.9,165.6,160.0,152.5,149.0,98.5,150.1,149.2,141.1,151.0,131.4,133.1,119.6,107.5,-28.1,-23.1,84.3,114.0,143.1,161.3,166.0,166.0,161.4,148.3,131.6,155.5,161.9,167.4,167.9,164.3,150.8,151.5,170.1,172.7,168.6,161.6,145.2,141.7,145.3,161.2,163.8,164.4,164.5,164.5,161.1,161.3,165.9,169.5,170.7,167.5,161.8,155.5,150.6,136.2,135.5,149.4,155.6,161.3,162.0,161.1,152.2,144.3,45.4,79.0,135.7,132.1,128.9,128.0,127.6,128.0,127.5,123.9,101.2,72.8,62.2,40.2,-35.4,-158.4,-311.8,-482.0,-671.7,-874.1,-1091.2,-1303.4,-1514.5,-1714.9,-1940.2,-2141.6,-2368.5,-2567.9,-2788.8,-2984.7,-3204.6,-3422.1,-3638.9,-3844.0,-4008.7,-4126.2,-4210.5,-4279.3,-4345.0,-4389.8,-4422.0,-4442.7,-4453.6,-4454.8,-4460.4,-4461.6,-4461.6,-4462.4,-4462.1,-4462.4,-4461.6,-4461.2,-4461.8,-4461.7,-4461.2,-4462.1,-4461.4,-4461.6,-4462.1,-4461.8,-4461.6,-4462.0,-4462.3,-4462.7,-4462.8,-4462.4,-4462.9,-4463.5,-4463.2,-4463.5,-4463.7,-4464.3,-4464.4,-4464.5,-4464.6,-4465.1,-4464.9,-4464.9,-4465.8,-4466.5,-4466.4,-4466.5,-4466.8,-4466.9,-4467.9,-4467.9,-4468.1,-4468.0
-4463.6,-4359.8,-4248.4,-4085.1,-3830.1,-3497.4,-3097.2,-2653.8,-2201.0,-1762.0,-1342.5,-964.3,-643.7,-395.7,-218.3,-81.2,-4.5,7.6,42.5,75.0,92.7,96.0,100.8,106.7,111.0,114.7,117.8,119.0,117.7,115.6,93.0,39.6,70.5,112.3,113.6,101.1,114.5,118.2,121.8,118.4,126.1,132.2,137.3,135.0,117.3,105.3,81.9,26.5,26.5,26.5,26.5,26.5,54.8,38.3,26.5,26.5,90.8,100.8,107.3,117.1,116.7,136.1,144.7,152.2,157.8,162.4,165.9,163.5,157.5,152.4,128.0,95.6,118.4,132.9,141.9,140.2,136.7,107.7,112.1,116.7,115.6,115.6,115.7,113.6,98.4,92.8,85.0,51.5,24.0,24.0,23.7,25.5,23.7,23.7,138.0,138.1,136.3,130.2,128.5,130.1,127.4,124.7,125.3,126.2,118.0,117.5,111.4,81.2,96.8,61.7,20.3,20.3,20.3,20.3,52.2,92.6,115.5,118.7,118.5,116.6,117.4,119.3,121.2,121.2,122.2,123.9,127.4,129.5,128.2,130.7,131.9,134.0,135.2,135.9,131.8,126.8,115.0,104.7,91.7,70.1,69.7,15.4,15.4,31.5,82.9,77.7,13.7,13.2,66.0,99.5,122.0,125.1,123.1,125.9,114.8,114.1,101.9,80.5,57.0,43.4,36.6,36.0,29.4,15.4,14.5,45.1,65.4,80.4,93.0,102.8,106.5,115.4,135.0,136.3,136.6,137.2,138.6,139.0,137.7,137.1,137.1,138.3,138.5,138.8,139.1,140.9,143.3,147.2,149.1,149.2,148.5,149.2,151.7,155.7,160.0,161.7,160.2,157.2,155.6,155.7,156.9,157.9,157.7,155.9,153.0,150.2,147.4,146.7,146.1,126.9,126.9,91.1,16.3,15.6,15.6,14.2,20.4,97.8,116.7,113.8,98.0,67.1,-0.9,-88.5,-203.1,-348.4,-509.9,-718.1,-957.8,-1238.2,-1567.7,-1961.1,-2383.1,-2802.8,-3203.0,-3565.1,-3854.0,-4025.8,-4067.1,-4061.5,-4010.1,-3947.6,-3867.7,-3759.8,-3574.9,-3335.6,-3098.0,-2916.2,-2774.4,-2626.6,-2444.5,-2237.3,-2026.6,57.2,59.9,60.1,58.9,56.3,54.1,51.7,45.1,52.8,45.1,-514.2,-418.2,-341.7,-275.2,-205.4,-145.9,-100.3,-71.4,-45.7,-44.0,-42.8,-42.7,-41.3,-39.6,-36.5,-33.7,-31.8,-30.8,-31.2,-30.0,-27.9,-25.5,-24.3,-16.2,-16.7,-18.6,-20.1,50.5,-4.3,62.5,37.1,64.0,91.5,106.5,108.3,104.9,109.6,114.2,121.0,126.5,129.7,131.2,132.7,134.0,133.7,133.0,132.1,130.5,114.0,115.3,133.9,137.3,123.9,130.8,131.3,140.7,143.3,149.2,160.6,164.2,163.5,156.9,150.2,136.4,97.6,150.7,150.6,133.2,138.4,136.6,107.3,95.8,-26.0,-25.7,114.9,116.3,142.2,156.8,165.4,167.5,163.2,157.9,129.3,129.9,158.5,163.2,164.3,162.3,150.8,151.1,165.4,169.2,168.0,161.6,150.3,149.9,158.0,147.2,149.1,162.6,162.7,162.9,163.5,165.5,169.0,172.5,173.4,170.6,164.2,157.2,152.0,137.3,136.6,151.0,156.9,163.2,164.5,163.4,156.9,147.6,143.8,140.1,140.1,136.3,132.8,129.3,129.0,127.3,127.8,128.1,122.7,103.4,86.2,78.1,57.8,-22.4,-135.9,-275.7,-423.5,-579.5,-775.0,-962.0,-1146.8,-1323.4,-1529.8,-1723.4,-1941.9,-2144.6,-2368.2,-2569.1,-2795.2,-3032.7,-3275.2,-3512.5,-3709.3,-3860.3,-3972.0,-4066.8,-4166.4,-4250.6,-4320.0,-4370.3,-4406.3,-4435.8,-4451.3,-4457.9,-4460.9,-4464.8,-4478.5,-4464.3,-4464.4,-4463.7,-4463.7,-4463.2,-4463.0,-4462.6,-4463.2,-4463.7,-4463.0,-4463.1,-4462.7,-4463.5,-4463.2,-4463.4,-4463.6,-4463.6,-4464.1,-4464.6,-4464.5,-4464.4,-4464.7,-4464.1,-4464.6,-4466.4,-4466.0,-4466.2,-4465.8,-4466.4,-4466.9,-4467.3,-4468.3,-4467.5,-4467.9,-4467.4,-4467.8,-4467.5,-4468.2,-4467.9,-4468.2
-4568.0,-4481.9,-4359.3,-4166.0,-3885.3,-3519.4,-3099.2,-2654.1,-2203.0,-1759.6,-1339.1,-962.7,-643.0,-387.3,-181.0,-31.5,22.2,38.2,40.1,65.3,75.0,89.5,96.5,104.0,109.4,113.1,115.2,116.5,113.7,113.2,89.7,38.2,57.9,78.4,97.0,101.6,112.6,120.0,124.0,128.6,131.7,136.6,138.9,137.2,131.0,69.8,26.5,26.5,26.5,26.5,49.8,79.2,100.3,95.1,75.3,26.5,26.5,26.5,70.0,126.5,106.0,134.4,148.0,151.3,154.8,157.4,159.4,159.0,154.8,150.4,132.7,92.5,73.0,72.7,72.0,69.3,36.0,26.2,26.5,26.3,26.2,26.3,26.2,26.2,26.2,26.2,25.1,25.0,25.0,24.9,24.8,23.7,25.6,124.4,136.6,133.4,128.5,126.2,126.0,124.7,125.8,127.4,128.6,133.3,131.2,126.9,118.5,109.7,108.8,21.4,29.9,20.3,42.6,72.0,106.0,115.1,114.7,117.5,119.6,119.3,119.9,121.9,124.1,123.9,123.1,124.6,127.2,128.6,128.1,127.2,126.6,125.7,125.3,127.9,135.0,136.1,131.4,121.9,117.5,104.0,89.4,71.0,15.4,15.4,15.4,48.8,13.2,36.5,92.5,109.6,126.4,125.8,130.7,130.8,131.6,130.1,116.6,109.2,99.1,89.2,85.0,84.7,64.3,37.5,15.6,16.8,16.8,30.1,43.7,53.9,61.1,78.3,112.4,124.4,135.2,136.6,135.5,135.7,135.6,131.3,131.5,131.3,123.1,132.8,137.2,137.5,140.9,144.1,144.7,143.6,144.1,146.1,148.0,152.0,155.6,157.5,156.9,154.8,153.2,153.0,152.8,154.5,155.5,154.1,151.8,136.8,134.2,134.2,130.3,127.5,125.6,118.9,102.9,76.7,16.8,20.0,14.1,14.1,53.4,90.9,67.6,40.6,6.9,-69.5,-170.1,-295.3,-450.2,-641.1,-883.7,-1180.6,-1548.6,-1962.7,-2385.7,-2802.3,-3203.7,-3566.5,-3873.7,-4082.3,-4176.9,-4189.3,-4176.3,-4124.2,-4039.2,-3892.2,-3687.5,-3471.5,-3310.2,-3178.7,-3037.4,-2863.1,-2661.5,-2451.0,-2282.1,-2148.3,-2005.2,51.5,49.9,47.0,45.1,-1287.3,-1129.7,-944.0,-794.2,-668.3,-564.4,-476.2,-382.9,-305.0,-231.6,-171.9,-128.5,-98.3,-70.9,-43.0,-37.0,-35.6,-35.0,-33.1,-32.1,-31.5,-31.3,-29.9,-25.6,-26.7,-20.9,-19.3,-19.8,-20.6,-3.6,23.8,64.0,65.3,62.5,62.5,37.1,77.2,87.0,98.3,101.6,103.7,106.7,111.6,118.8,123.3,125.5,128.2,128.9,128.7,128.9,106.2,102.5,113.2,131.6,135.6,140.3,144.6,149.3,136.8,140.3,143.5,161.2,162.8,164.2,160.0,152.6,150.7,152.0,95.4,151.3,151.9,150.7,132.3,111.0,90.1,-27.0,-24.6,110.6,132.7,155.2,157.4,162.6,167.6,163.7,159.3,126.8,126.8,156.9,160.0,162.9,161.2,159.3,150.8,161.5,165.8,165.8,155.7,155.7,149.9,149.9,158.9,147.2,150.1,150.3,151.2,161.6,166.4,170.8,174.7,175.4,171.7,165.4,158.8,152.4,149.7,137.3,151.8,157.9,165.5,167.9,164.6,160.2,152.8,146.9,145.0,143.5,140.6,136.4,132.9,128.4,126.2,126.7,127.4,128.5,127.1,120.7,98.7,93.9,71.8,17.1,-98.7,-220.5,-350.5,-490.3,-639.1,-807.1,-962.2,-1147.0,-1324.5,-1530.4,-1723.9,-1942.7,-2144.8,-2373.7,-2618.3,-2878.0,-3135.1,-3356.1,-3532.5,-3664.2,-3783.0,-3910.7,-4026.9,-4130.4,-4214.0,-4280.8,-4347.6,-4396.0,-4426.0,-4439.9,-4455.7,-4465.7,-4463.0,-4465.4,-4466.0,-4465.2,-4465.5,-4464.9,-4464.5,-4464.7,-4464.5,-4464.6,-4464.7,-4464.4,-4464.1,-4464.2,-4464.5,-4464.7,-4465.2,-4464.8,-4464.8,-4465.6,-4465.2,-4465.5,-4466.4,-4465.5,-4465.9,-4467.3,-4467.3,-4466.6,-4466.5,-4467.2,-4468.7,-4469.2,-4468.7,-4471.2,-4468.3,-4468.2,-4468.4,-4468.5,-4468.5,-4468.9,-4468.5
-4629.3,-4530.3,-4385.2,-4183.8,-3898.6,-3522.1,-3100.3,-2654.9,-2202.9,-1760.0,-1340.4,-962.3,-641.6,-377.8,-150.5,13.0,64.9,63.4,81.0,74.8,74.8,80.0,80.7,101.1,107.0,111.3,113.8,114.9,113.4,110.8,57.6,23.8,23.8,81.2,98.5,116.0,119.9,122.2,127.7,132.8,135.2,138.3,137.8,133.4,126.2,26.5,26.5,26.5,26.5,26.5,26.5,50.8,125.6,124.3,93.4,26.5,26.5,26.5,26.8,26.5,89.8,129.6,149.3,150.6,151.1,153.2,155.8,156.2,153.1,136.2,132.5,121.5,82.2,72.4,136.4,117.5,116.3,26.7,26.2,26.2,26.2,26.2,26.6,26.3,26.6,26.5,26.5,24.3,-8.8,26.3,-8.6,115.7,115.8,135.4,133.5,121.6,124.6,120.3,25.7,36.2,122.7,124.0,127.6,125.4,121.9,117.3,107.6,22.2,22.1,112.2,117.1,113.2,113.0,110.4,113.6,116.0,122.4,123.1,123.7,123.2,123.1,123.9,124.0,122.3,120.6,120.0,120.6,121.9,121.6,121.0,119.3,119.4,118.6,116.6,136.9,150.2,148.3,117.3,105.1,107.9,107.6,89.6,77.3,34.3,15.5,12.0,14.0,70.1,112.4,129.6,130.3,134.0,133.1,135.3,135.1,134.7,133.4,131.9,128.4,122.0,121.9,117.2,102.2,76.5,45.2,17.8,16.9,17.0,18.0,18.0,18.0,18.0,89.8,114.7,116.3,130.0,121.5,126.7,124.2,124.2,106.2,114.8,93.6,70.4,99.9,101.6,111.1,141.3,108.4,108.7,122.8,125.1,142.7,148.9,152.9,155.7,156.5,155.6,153.9,153.0,152.7,140.2,140.2,143.3,139.2,137.3,134.2,144.9,146.0,145.3,144.3,142.4,137.6,46.1,16.7,16.3,14.8,14.6,14.0,13.8,13.8,13.8,7.2,-50.9,-94.1,-248.5,-392.2,-583.1,-834.9,-1164.2,-1549.7,-1960.8,-2383.2,-2802.5,-3204.4,-3566.2,-3878.9,-4114.3,-4250.0,-4290.1,-4290.4,-4248.9,-4143.1,-3983.5,-3804.4,-3663.7,-3547.5,-3420.9,-3261.0,-3071.3,-2870.7,-2702.5,-2570.4,-2430.9,-2281.5,-2148.7,-2008.3,-1855.7,-1684.7,-1512.1,-1306.5,-1133.4,-984.2,-856.6,-743.0,-622.8,-515.2,-420.4,-340.7,-276.1,-223.9,-172.8,-127.6,-82.5,-54.2,-31.3,-28.7,-29.9,-30.5,-31.4,-30.6,-31.4,-20.9,3.3,15.2,22.2,21.0,22.2,26.8,53.3,86.5,85.6,51.7,60.4,56.9,34.2,43.4,47.4,57.2,62.6,68.1,79.4,96.2,116.2,119.5,121.3,123.4,92.6,95.2,97.7,123.7,128.6,133.0,136.6,141.1,145.3,150.9,156.0,159.8,161.6,163.6,165.2,164.1,157.7,151.1,151.2,151.0,93.8,152.9,150.9,134.3,117.6,85.0,-27.4,-24.0,104.9,131.1,155.3,156.0,162.1,168.1,166.3,160.0,154.8,126.8,127.3,157.0,160.9,161.7,160.0,150.2,150.8,164.9,166.1,162.3,155.7,158.3,156.7,158.6,158.5,158.8,149.3,149.4,161.8,165.0,170.3,174.7,175.7,172.5,165.9,159.6,155.8,140.8,140.2,139.5,158.2,166.2,169.1,160.1,160.1,153.8,148.0,145.9,145.4,142.6,138.7,134.9,131.0,128.4,125.6,119.2,125.3,125.9,127.7,127.9,110.0,78.8,52.3,18.5,-66.6,-163.1,-278.7,-396.8,-529.4,-651.6,-807.5,-962.1,-1147.3,-1326.1,-1531.2,-1724.9,-1948.9,-2193.7,-2456.2,-2728.4,-2964.5,-3156.9,-3306.7,-3442.1,-3590.9,-3730.0,-3866.8,-3975.0,-4071.3,-4170.7,-4254.5,-4321.9,-4354.7,-4386.2,-4423.5,-4454.6,-4462.4,-4465.5,-4467.8,-4468.1,-4467.1,-4466.4,-4466.5,-4466.6,-4467.1,-4466.6,-4466.1,-4466.5,-4466.1,-4466.3,-4466.5,-4466.6,-4466.4,-4466.1,-4466.7,-4466.7,-4467.1,-4466.9,-4468.6,-4467.2,-4467.5,-4468.2,-4467.5,-4467.2,-4467.9,-4468.1,-4469.1,-4470.3,-4471.6,-4472.3,-4469.1,-4469.1,-4468.7,-4469.1,-4469.8,-4469.4,-4469.3
-4644.9,-4531.8,-4379.9,-4176.5,-3893.1,-3521.6,-3104.1,-2659.2,-2203.6,-1760.2,-1341.2,-963.2,-641.8,-375.6,-143.0,23.8,98.3,83.4,83.6,95.8,96.0,80.6,80.6,91.6,109.7,112.2,113.7,113.8,112.6,111.1,53.7,23.8,29.3,85.4,101.1,117.7,122.7,126.5,131.3,135.6,136.5,136.3,133.7,127.9,26.9,26.5,94.9,71.1,52.1,26.5,27.0,26.5,52.9,123.7,97.5,43.0,37.1,26.5,26.6,26.5,72.1,91.5,120.2,120.6,120.6,152.2,155.3,155.2,154.3,136.7,136.1,149.2,121.1,141.6,144.6,143.3,135.4,120.7,108.7,128.7,142.8,136.9,122.8,78.9,-8.7,26.5,76.8,97.9,109.9,109.6,139.7,106.5,134.7,133.8,127.5,122.3,102.6,88.1,25.7,25.7,82.0,107.6,109.5,96.7,96.4,105.9,24.2,22.6,112.5,117.4,121.8,121.7,114.3,113.3,122.4,124.9,126.6,127.5,125.8,123.0,121.8,121.8,121.8,119.5,116.9,116.6,115.5,116.4,116.5,116.4,117.1,115.6,114.4,132.9,158.1,185.2,129.3,55.1,31.8,33.3,45.4,50.0,66.9,74.0,20.8,15.0,12.0,67.4,109.5,125.8,129.0,135.7,134.7,135.9,136.3,136.2,135.9,135.2,134.8,135.1,134.9,131.9,121.2,114.4,81.8,43.0,18.0,38.2,57.9,69.4,43.2,47.2,18.0,104.0,125.6,110.6,126.7,90.2,91.7,64.8,76.0,20.7,20.4,20.9,45.4,56.1,63.4,96.4,107.5,108.8,128.6,127.3,128.5,146.1,150.9,154.9,157.3,157.9,156.6,154.7,153.6,140.2,140.2,140.2,140.7,150.8,149.8,149.4,148.7,147.6,146.3,144.7,142.8,139.0,133.3,124.3,93.1,80.1,45.9,40.4,32.8,27.2,20.5,-4.5,-89.5,-199.7,-348.7,-546.1,-821.6,-1165.6,-1548.6,-1960.8,-2382.1,-2803.0,-3200.5,-3565.1,-3880.6,-4127.4,-4286.6,-4349.9,-4354.5,-4311.4,-4209.9,-4078.4,-3963.0,-3869.4,-3765.6,-3620.9,-3451.4,-3268.3,-3111.7,-2984.6,-2850.9,-2706.7,-2572.2,-2432.9,-2278.5,-2101.2,-1923.3,-1703.7,-1516.5,-1350.4,-1205.2,-1072.9,-928.2,-795.5,-669.9,-564.9,-479.4,-410.1,-342.3,-275.1,-204.5,-145.9,-97.3,-63.4,-43.2,-29.2,-28.2,-29.4,-29.7,-14.8,14.6,37.9,56.0,62.6,65.5,65.7,71.0,83.0,101.9,112.0,79.8,50.9,52.5,45.5,-23.4,-25.8,-22.1,-23.5,-24.5,-23.2,46.3,83.4,83.6,86.7,88.7,91.1,124.4,125.4,127.5,127.7,131.2,134.7,138.3,142.5,148.8,153.1,155.6,158.2,161.7,164.5,162.6,156.5,151.1,149.0,141.3,84.4,150.9,131.6,108.7,76.4,-25.5,-30.4,105.2,123.7,151.7,159.3,166.1,168.3,167.4,162.2,156.4,122.1,126.3,157.3,159.0,160.0,159.8,149.7,150.5,162.8,166.6,165.7,155.7,155.7,157.0,156.7,157.7,157.9,158.6,161.1,161.6,165.0,169.7,173.7,174.0,171.9,167.1,160.5,145.8,145.4,143.2,139.5,160.4,166.8,169.2,164.4,150.6,149.7,134.9,131.8,143.4,142.0,138.3,134.4,130.7,128.4,125.7,115.4,108.0,122.6,123.5,126.5,125.7,91.1,42.7,19.6,-22.1,-54.1,-120.3,-210.9,-314.7,-408.1,-527.2,-651.4,-807.7,-962.4,-1147.8,-1326.9,-1536.9,-1773.7,-2031.4,-2302.7,-2608.7,-2748.6,-2909.1,-3057.9,-3223.9,-3378.9,-3535.0,-3669.2,-3786.3,-3914.0,-4030.9,-4130.1,-4189.8,-4246.7,-4319.8,-4376.5,-4430.5,-4454.6,-4467.0,-4468.4,-4471.1,-4469.0,-4468.7,-4468.4,-4468.5,-4468.6,-4468.4,-4468.0,-4468.6,-4468.1,-4467.8,-4467.8,-4467.8,-4468.1,-4467.9,-4468.1,-4468.1,-4468.7,-4468.2,-4469.1,-4468.3,-4468.5,-4468.9,-4468.7,-4469.3,-4469.2,-4469.1,-4469.4,-4470.5,-4471.3,-4472.2,-4470.3,-4470.5,-4469.8,-4469.6,-4470.7,-4470.9,-4471.1
-4643.8,-4512.8,-4338.1,-4123.7,-3847.9,-3513.0,-3103.3,-2663.2,-2205.1,-1760.1,-1342.8,-961.9,-641.8,-381.8,-156.3,17.1,83.7,103.8,97.8,98.4,100.3,81.6,103.8,108.9,111.1,111.7,112.2,112.6,111.2,95.7,23.8,24.4,91.6,112.6,116.6,121.8,127.5,132.1,136.3,136.6,134.7,131.3,127.6,28.1,26.5,127.1,127.9,131.6,105.6,61.3,100.8,27.8,28.1,28.1,110.2,89.3,91.2,26.5,26.5,98.8,81.6,83.4,117.1,125.6,140.5,151.2,156.5,155.9,153.2,137.9,137.2,156.4,135.5,155.6,152.8,152.7,140.5,140.5,145.8,147.2,143.4,140.8,123.7,115.5,131.2,119.1,140.7,146.1,144.3,141.8,139.6,135.0,132.2,129.5,128.6,124.5,99.4,98.6,30.5,25.7,28.2,74.3,89.3,83.2,65.5,24.8,105.5,111.9,118.2,122.4,121.9,121.0,121.1,120.0,125.3,129.1,129.1,126.4,121.7,118.7,117.2,121.1,121.8,119.4,115.8,116.2,105.1,113.7,114.6,114.0,112.1,112.6,124.4,154.6,195.6,200.7,70.3,-41.4,-94.7,-98.2,-85.2,-60.2,-11.5,17.6,11.9,14.2,9.9,15.5,60.1,77.6,96.3,128.6,130.3,130.6,131.8,131.8,131.1,130.2,130.5,130.7,130.1,128.1,122.7,123.3,87.2,47.0,18.0,62.1,101.5,107.3,96.7,99.8,108.4,18.2,20.4,20.4,20.4,20.4,20.4,20.4,20.4,20.4,20.4,33.3,69.9,82.7,113.5,129.9,142.0,143.7,144.9,145.1,127.8,131.8,149.9,153.0,156.3,158.3,158.5,157.5,156.4,155.7,155.0,154.4,153.7,153.4,153.5,153.6,152.5,150.7,148.6,146.5,144.8,142.7,141.6,136.8,128.9,141.1,113.2,103.8,92.2,79.2,66.4,32.4,26.5,-152.4,-316.3,-535.6,-821.5,-1164.5,-1549.9,-1959.6,-2382.1,-2803.7,-3200.7,-3566.7,-3881.4,-4133.0,-4299.6,-4372.1,-4376.8,-4349.8,-4275.7,-4197.9,-4125.2,-4045.2,-3931.3,-3788.7,-3628.6,-3488.4,-3373.5,-3248.7,-3113.8,-2986.7,-2851.7,-2703.1,-2526.8,-2346.8,-2123.5,-1928.1,-1751.6,-1594.7,-1449.3,-1287.6,-1135.2,-986.2,-857.4,-748.5,-657.4,-566.8,-477.7,-385.0,-306.0,-232.2,-173.2,-126.7,-90.9,-55.9,-26.1,-25.5,-25.5,5.8,38.6,70.7,98.2,97.8,96.9,99.2,102.3,107.9,110.0,111.8,99.9,62.8,50.9,-12.3,-22.3,-22.8,33.3,-22.5,-22.5,62.3,72.7,109.4,113.3,117.3,121.1,123.6,125.0,126.7,128.5,128.4,131.4,132.2,134.9,138.5,142.3,144.9,146.5,149.6,155.4,159.8,161.5,157.2,151.0,150.7,125.0,56.1,124.2,107.5,70.1,1.6,1.9,100.2,129.1,152.1,156.9,163.4,168.2,168.5,165.4,127.5,98.5,99.0,154.1,158.6,158.9,142.9,139.2,147.5,162.0,165.3,167.0,165.4,155.7,155.7,157.2,156.7,157.3,159.9,162.6,164.7,165.0,169.7,172.2,171.1,168.4,165.3,161.3,155.4,155.1,155.6,158.5,163.5,169.1,170.0,157.7,157.0,153.9,134.6,133.7,126.3,128.6,136.6,133.5,129.7,123.7,120.1,78.0,23.6,79.1,102.8,123.3,123.0,97.7,62.9,26.6,-21.1,-35.2,-48.6,-86.1,-152.7,-223.0,-316.5,-407.9,-527.2,-652.6,-807.9,-963.3,-1153.0,-1370.4,-1615.4,-1879.2,-2120.8,-2324.2,-2489.9,-2643.0,-2821.1,-2992.4,-3156.9,-3308.0,-3445.1,-3596.0,-3733.9,-3860.9,-3944.1,-4020.6,-4115.3,-4223.9,-4331.8,-4396.2,-4439.4,-4460.1,-4470.7,-4469.6,-4471.6,-4470.8,-4470.2,-4470.4,-4470.3,-4470.4,-4470.2,-4470.7,-4470.0,-4469.8,-4469.8,-4469.5,-4469.7,-4469.7,-4469.4,-4469.6,-4469.8,-4469.4,-4470.3,-4470.3,-4470.0,-4470.2,-4470.3,-4470.8,-4470.4,-4470.7,-4471.1,-4471.8,-4470.9,-4471.0,-4471.0,-4471.2,-4470.9,-4498.8,-4497.7,-4470.8,-4471.4
-4647.0,-4486.7,-4283.4,-4043.7,-3777.6,-3459.7,-3093.0,-2659.5,-2206.7,-1761.7,-1342.2,-964.0,-643.5,-389.2,-181.2,-20.3,46.7,77.5,78.1,77.2,95.4,103.3,107.4,109.7,109.9,111.2,112.4,110.6,109.3,85.9,22.3,23.5,113.3,116.2,118.1,128.5,133.9,134.8,133.1,134.5,130.0,108.2,26.5,26.5,129.8,133.9,135.8,134.7,120.0,106.4,112.4,122.1,65.2,80.6,134.6,127.9,118.8,92.4,27.1,33.5,135.4,125.1,135.8,127.4,146.2,145.1,159.0,160.1,159.8,160.5,162.9,164.8,165.2,163.8,162.7,161.1,149.4,147.0,163.3,163.5,162.6,159.6,141.4,141.5,152.3,151.6,151.0,149.6,146.4,144.2,141.0,136.8,131.9,130.6,130.4,129.5,124.5,111.8,78.1,25.7,26.0,24.8,70.6,67.4,24.8,63.3,98.3,118.7,122.5,122.2,117.8,114.7,116.9,121.2,126.7,129.5,126.2,120.4,117.3,113.7,119.0,123.7,123.3,118.5,114.2,114.0,114.6,103.1,113.8,111.0,116.2,116.5,138.3,186.5,233.2,198.6,11.3,-185.5,-279.0,-273.6,-266.2,-229.3,-174.8,-131.1,-109.3,-16.0,-26.6,-40.7,-19.3,9.1,34.1,78.7,104.6,122.4,126.4,126.0,124.8,123.5,118.4,118.4,118.4,118.4,98.8,97.1,52.1,18.4,18.6,24.6,64.2,102.6,111.6,117.4,122.4,123.7,123.2,123.5,58.0,57.1,65.7,76.6,84.1,111.0,112.1,114.1,120.4,140.3,129.5,134.5,147.7,148.5,149.2,149.1,148.5,148.5,134.2,142.7,151.5,155.8,158.2,158.8,158.7,158.3,157.4,156.5,155.8,155.6,155.8,155.6,154.9,150.8,150.3,146.8,143.1,142.1,140.7,140.6,137.0,136.5,138.3,128.7,118.4,114.3,109.6,87.1,11.5,26.5,-303.9,-534.1,-821.5,-1163.4,-1548.8,-1959.0,-2383.9,-2800.7,-3200.3,-3565.8,-3881.6,-4132.3,-4302.5,-4382.5,-4394.7,-4384.6,-4347.6,-4304.5,-4253.5,-4176.4,-4066.8,-3939.4,-3822.7,-3723.0,-3613.7,-3492.1,-3375.9,-3251.4,-3109.8,-2945.1,-2769.7,-2549.5,-2353.0,-2172.7,-2010.0,-1857.1,-1684.6,-1518.8,-1353.0,-1206.4,-1079.5,-970.5,-859.5,-746.2,-624.6,-518.0,-422.2,-343.6,-279.6,-226.1,-168.8,-112.0,-62.1,-36.3,-22.7,8.6,48.6,83.2,103.1,99.3,97.0,99.5,105.0,110.2,112.6,111.0,101.8,104.2,83.0,38.5,-22.4,33.3,23.5,69.6,82.9,84.2,89.9,106.9,114.8,119.4,123.1,125.6,127.0,127.6,128.0,128.4,129.8,131.6,132.4,133.5,134.6,134.9,112.2,138.4,145.3,153.2,157.2,157.6,154.2,136.0,88.4,20.7,92.9,74.8,-26.7,-26.5,94.3,121.7,151.9,156.5,162.6,167.3,169.2,166.1,160.3,113.3,52.4,110.9,156.0,158.8,158.3,132.1,136.5,160.6,164.1,167.1,167.8,164.8,160.2,158.4,157.9,159.6,161.5,164.6,167.3,166.8,169.2,169.4,166.9,163.2,160.0,158.5,157.2,157.8,159.6,162.6,167.1,170.7,171.6,164.2,161.2,155.4,150.3,146.6,145.2,141.0,122.5,117.9,108.9,123.1,105.8,83.0,-21.4,39.2,78.1,116.0,106.2,87.0,64.6,34.4,3.9,-32.6,-34.5,-37.8,-60.8,-94.7,-154.1,-223.6,-317.5,-407.9,-529.3,-650.9,-813.1,-1005.3,-1225.9,-1470.6,-1701.5,-1899.8,-2063.2,-2217.8,-2396.8,-2572.8,-2751.7,-2910.9,-3059.2,-3224.3,-3384.6,-3530.6,-3629.4,-3724.8,-3840.7,-3990.5,-4140.3,-4254.1,-4346.8,-4402.5,-4440.9,-4462.7,-4470.5,-4471.6,-4472.7,-4472.5,-4472.5,-4472.3,-4472.3,-4471.9,-4472.0,-4471.5,-4471.3,-4472.5,-4472.2,-4471.3,-4471.0,-4471.1,-4471.3,-4471.7,-4472.1,-4471.9,-4471.8,-4471.9,-4471.5,-4471.3,-4471.8,-4471.9,-4471.9,-4471.7,-4472.7,-4472.8,-4472.1,-4472.3,-4471.8,-4471.8,-4497.4,-4472.6,-4471.8,-4471.7
-4650.9,-4483.4,-4240.8,-3975.8,-3686.2,-3381.3,-3035.2,-2649.5,-2208.3,-1763.2,-1348.3,-964.6,-643.1,-391.0,-192.3,-47.3,19.0,51.0,61.7,61.7,72.7,103.9,110.1,108.7,110.6,112.6,104.0,96.1,22.4,22.3,24.2,98.6,117.3,119.4,130.6,135.2,138.2,137.6,133.5,130.1,60.7,27.2,26.5,129.1,135.0,138.6,138.6,135.5,120.9,134.8,115.4,123.4,140.3,141.4,143.0,143.9,132.6,132.3,107.0,59.2,101.7,159.2,159.7,142.8,156.4,160.6,162.3,166.1,169.3,171.2,172.9,174.8,176.0,175.6,174.1,172.3,170.6,172.1,173.2,171.6,168.3,149.7,142.6,142.8,156.5,153.5,151.8,150.1,147.8,129.2,129.0,135.8,121.4,105.1,92.6,101.8,76.5,84.3,89.5,72.3,24.8,24.8,24.8,24.8,65.5,79.5,99.3,121.4,122.2,117.5,112.2,109.2,113.1,119.7,124.3,125.2,121.1,114.7,109.5,115.9,122.9,125.8,122.9,117.0,113.1,99.4,100.8,102.7,102.9,103.2,122.2,127.1,159.2,215.7,286.4,194.4,-23.5,-265.9,-393.8,-441.0,-423.4,-391.4,-347.8,-308.5,-272.8,-75.6,-112.3,-159.0,-141.4,-101.3,-46.7,12.1,37.4,72.6,100.4,125.2,124.3,124.1,123.9,126.1,126.1,123.1,97.7,93.4,18.4,18.8,20.6,21.7,21.7,39.9,63.7,82.3,95.4,98.8,118.3,125.0,126.2,117.8,118.8,128.9,128.9,130.2,133.6,137.9,128.9,143.3,145.6,148.0,149.7,151.0,151.7,151.8,151.6,151.6,151.7,152.0,153.6,151.5,156.7,157.9,158.8,159.0,158.4,157.4,156.4,155.7,155.1,154.0,150.0,143.0,145.6,127.4,115.8,114.8,108.4,90.0,102.6,102.3,73.5,85.6,74.9,64.1,74.1,51.2,26.5,-164.1,-333.9,-541.2,-821.1,-1163.6,-1548.4,-1960.3,-2382.9,-2803.7,-3201.1,-3566.5,-3882.6,-4131.8,-4304.1,-4390.9,-4414.3,-4414.0,-4400.8,-4380.9,-4337.6,-4271.4,-4182.3,-4093.3,-4015.4,-3926.8,-3823.5,-3724.6,-3615.6,-3488.8,-3337.7,-3176.5,-2966.5,-2776.0,-2598.4,-2435.7,-2280.8,-2104.0,-1931.1,-1754.8,-1596.4,-1456.9,-1335.0,-1208.9,-1076.9,-931.6,-798.8,-673.1,-568.1,-482.5,-413.0,-344.8,-274.7,-195.1,-129.0,-71.8,-43.2,-2.0,31.0,67.9,98.3,96.6,62.0,98.0,104.8,111.2,114.1,112.3,109.1,102.9,98.1,32.7,38.5,30.2,0.2,89.8,98.6,103.4,107.1,111.6,109.1,121.6,124.6,126.7,127.3,126.5,126.5,128.1,129.3,129.8,129.1,127.5,126.9,126.3,111.5,99.9,118.6,138.8,151.3,154.6,156.6,141.4,20.7,56.2,64.0,56.2,-26.2,91.9,123.7,150.9,157.6,160.3,165.5,169.3,167.7,154.8,143.7,85.3,-21.7,77.5,144.1,158.8,132.1,132.8,161.3,164.1,166.3,169.2,169.3,165.8,162.5,160.9,161.3,163.2,165.7,167.2,166.6,165.2,163.4,161.4,158.4,151.0,154.8,156.7,159.9,164.4,160.2,169.9,172.1,171.6,167.6,161.1,156.5,151.7,149.8,148.2,143.8,139.1,133.9,112.5,107.5,34.8,37.5,-21.1,39.2,34.0,70.1,73.9,64.4,44.9,24.4,2.9,-27.7,-30.8,-36.6,-85.3,-39.5,-61.1,-97.5,-155.1,-223.1,-315.0,-407.1,-530.2,-685.2,-874.6,-1096.0,-1304.0,-1490.1,-1645.6,-1795.4,-1970.0,-2144.2,-2326.4,-2494.3,-2646.4,-2822.2,-2990.7,-3156.1,-3263.7,-3375.9,-3507.8,-3674.1,-3855.6,-4025.6,-4167.0,-4267.1,-4348.2,-4404.9,-4446.4,-4465.4,-4469.6,-4474.4,-4474.4,-4474.5,-4473.9,-4473.8,-4473.9,-4473.9,-4473.5,-4474.4,-4474.3,-4474.1,-4473.5,-4473.0,-4473.4,-4472.8,-4473.2,-4472.9,-4473.5,-4473.2,-4473.3,-4473.1,-4473.0,-4473.0,-4473.7,-4473.8,-4473.3,-4473.3,-4473.9,-4473.6,-4473.3,-4473.6,-4473.3,-4474.2,-4475.1,-4473.7,-4473.1
-4652.4,-4487.0,-4233.7,-3921.0,-3601.5,-3273.4,-2946.8,-2588.7,-2196.4,-1762.5,-1350.5,-966.2,-643.7,-389.1,-192.6,-54.6,5.0,45.8,78.2,83.5,80.9,107.7,108.9,111.0,112.6,103.8,96.0,21.7,22.3,71.6,104.9,119.1,126.0,133.0,137.7,139.4,137.5,133.3,127.7,123.5,27.8,26.5,103.3,133.9,138.8,137.9,138.7,138.2,140.4,143.3,125.2,126.9,145.2,147.8,150.3,152.8,155.0,134.0,137.1,140.9,111.9,161.5,162.0,153.9,153.7,164.0,168.8,174.7,179.6,181.4,182.8,183.9,184.5,185.1,184.1,182.0,179.3,179.0,178.8,177.7,160.1,160.2,164.7,161.1,130.2,127.2,127.1,127.1,127.0,142.6,127.7,114.9,61.2,25.1,-5.9,26.1,27.1,43.0,42.2,40.3,24.8,27.2,24.8,25.4,73.7,97.6,111.9,116.9,116.1,107.9,107.4,104.6,109.5,113.7,115.7,117.8,116.4,113.1,108.6,115.9,120.5,121.8,118.8,115.4,113.5,99.2,99.2,90.7,90.9,120.2,127.4,136.5,173.2,226.6,276.4,176.3,-42.0,-287.0,-467.3,-567.6,-577.5,-574.8,-548.6,-500.6,-449.1,-297.2,-235.8,-310.6,-281.2,-239.0,-183.1,-123.0,-64.6,-13.8,31.8,81.5,110.3,124.3,125.5,126.5,127.2,127.1,125.3,122.4,105.8,101.2,64.1,57.8,21.7,69.6,64.8,90.9,105.0,110.8,111.3,125.3,123.3,126.7,127.1,132.8,135.0,137.5,139.5,140.4,142.7,144.4,146.9,149.0,150.8,152.4,153.6,154.3,154.6,154.8,154.9,154.9,155.1,155.7,156.4,156.9,157.5,157.5,156.5,155.0,153.5,152.2,151.0,147.2,144.5,124.2,85.7,83.5,15.9,15.8,15.5,15.3,15.0,14.6,14.2,13.8,13.3,15.4,26.3,-0.4,-89.7,-226.1,-378.8,-571.7,-828.7,-1163.4,-1548.5,-1960.1,-2383.6,-2802.3,-3204.2,-3569.0,-3883.9,-4134.3,-4306.0,-4397.1,-4427.3,-4430.4,-4428.2,-4416.0,-4388.2,-4343.1,-4288.9,-4235.6,-4172.8,-4095.4,-4017.3,-3929.0,-3822.5,-3692.6,-3548.8,-3359.2,-3181.8,-3013.2,-2856.5,-2705.3,-2530.6,-2356.7,-2176.6,-2012.3,-1865.5,-1735.4,-1599.3,-1454.2,-1291.8,-1139.2,-990.1,-861.1,-752.1,-660.9,-570.2,-482.2,-389.7,-303.2,-209.5,-141.8,-83.5,-41.6,-4.6,9.9,18.6,50.5,61.2,89.2,105.5,112.7,115.9,115.4,114.3,109.1,89.5,38.5,60.8,-24.0,29.1,81.0,107.0,109.7,113.5,117.2,120.7,123.7,126.3,127.4,127.3,126.3,123.8,126.6,128.3,127.7,124.8,123.6,124.4,124.5,90.5,70.0,105.0,121.7,142.7,148.3,147.7,126.5,-24.6,-26.0,56.2,-24.0,95.5,122.5,141.4,152.2,161.5,164.0,167.1,167.7,164.7,155.5,137.6,81.2,-22.4,80.6,95.2,127.2,132.7,160.7,163.9,167.1,169.0,169.4,167.9,165.3,162.4,161.5,161.9,163.5,165.2,164.4,160.8,143.4,143.1,143.8,143.8,143.8,156.9,162.0,168.0,172.8,174.6,172.8,169.2,165.2,160.7,155.4,151.5,148.7,148.2,145.7,140.4,133.7,122.4,122.5,98.6,38.9,-21.0,-21.0,34.7,39.2,17.3,15.7,10.7,3.8,-1.4,-26.7,-35.5,-32.4,-37.6,-63.5,-39.9,-40.3,-60.7,-94.0,-153.5,-221.8,-317.3,-433.2,-581.5,-760.8,-946.3,-1109.8,-1252.3,-1391.4,-1556.3,-1723.2,-1901.3,-2063.9,-2222.1,-2400.0,-2573.2,-2748.1,-2863.6,-2981.1,-3126.0,-3314.0,-3527.7,-3724.6,-3908.1,-4040.5,-4169.5,-4266.1,-4350.6,-4416.1,-4453.9,-4472.4,-4474.3,-4476.9,-4476.5,-4476.1,-4476.2,-4475.8,-4475.4,-4475.7,-4476.7,-4476.1,-4475.7,-4475.6,-4475.3,-4475.2,-4475.4,-4476.0,-4475.6,-4474.8,-4475.6,-4475.5,-4474.7,-4474.4,-4474.4,-4476.0,-4475.0,-4474.7,-4474.9,-4475.4,-4474.9,-4474.7,-4474.6,-4474.9,-4475.0,-4476.4,-4475.7,-4473.5
-4653.9,-4486.6,-4237.2,-3914.7,-3542.9,-3183.7,-2832.6,-2494.9,-2131.3,-1750.0,-1349.9,-964.6,-642.0,-386.7,-191.3,-57.0,8.4,55.6,80.3,86.0,95.0,107.4,112.1,110.9,97.7,94.8,21.7,23.9,92.1,99.0,120.7,127.6,135.4,139.0,139.9,137.6,132.5,126.2,121.0,26.5,26.5,127.4,134.2,137.5,139.0,137.7,139.1,142.7,146.6,149.5,126.3,132.8,149.9,153.6,157.4,161.4,163.8,162.6,161.2,142.7,141.8,165.3,165.3,167.0,166.5,172.1,176.8,185.0,189.2,190.4,190.0,189.7,189.7,189.4,187.3,185.0,183.1,181.6,181.8,180.6,177.8,174.3,167.7,163.6,160.4,156.3,150.7,128.1,120.2,136.4,113.2,71.4,68.3,56.1,26.0,26.1,24.1,26.2,25.1,24.8,26.0,24.8,24.9,25.8,26.8,26.5,100.3,105.6,106.2,97.6,103.4,107.2,110.6,110.5,110.3,111.0,111.3,108.0,107.6,111.0,111.6,111.1,109.7,110.8,113.1,115.2,113.7,81.4,96.2,96.6,111.0,142.4,181.7,242.5,262.5,138.5,-77.4,-308.1,-518.4,-689.6,-775.0,-796.3,-782.6,-724.1,-649.2,-589.1,-539.2,-499.6,-449.5,-391.0,-340.4,-278.0,-223.8,-143.6,-56.0,19.0,51.5,88.5,107.0,120.2,121.3,122.4,122.2,121.4,121.5,121.2,120.6,119.9,120.3,120.9,122.0,122.7,123.9,125.8,127.0,128.5,131.3,131.5,131.7,132.9,134.9,136.8,139.2,141.4,143.7,145.9,147.7,149.6,151.6,153.5,154.9,155.7,156.3,156.7,156.8,156.6,156.3,155.9,155.6,155.4,154.9,153.7,151.7,149.5,147.8,146.8,146.6,142.8,140.6,111.9,59.5,14.6,14.4,54.5,16.0,48.2,20.3,37.1,29.7,30.1,18.4,11.8,14.0,-21.2,-116.1,-253.4,-405.5,-624.5,-868.8,-1173.5,-1548.4,-1960.7,-2384.4,-2803.8,-3204.9,-3570.3,-3885.3,-4135.7,-4307.6,-4398.5,-4431.3,-4434.5,-4433.3,-4433.5,-4420.1,-4398.4,-4373.4,-4338.6,-4291.2,-4238.7,-4176.2,-4095.6,-3993.2,-3874.5,-3712.2,-3555.0,-3402.1,-3257.2,-3115.2,-2948.9,-2780.5,-2602.9,-2438.6,-2289.9,-2156.5,-2015.6,-1862.9,-1689.7,-1523.7,-1357.6,-1210.8,-1083.7,-974.7,-863.5,-750.0,-628.9,-518.6,-400.9,-305.8,-213.9,-144.4,-77.5,-17.5,34.8,-17.3,37.7,83.7,102.3,108.6,115.5,119.1,118.9,116.8,111.2,-2.9,60.8,72.2,60.8,-21.7,70.4,108.9,113.9,119.4,122.9,125.1,126.1,127.8,127.9,127.3,126.6,125.5,118.8,126.3,125.6,122.9,122.1,122.3,124.0,77.5,58.0,58.9,108.0,137.7,143.4,147.0,123.3,57.8,-28.7,-24.3,77.2,121.6,144.3,155.0,160.9,162.4,164.5,164.9,162.7,159.5,153.3,133.1,64.3,-21.9,36.3,28.7,118.0,159.7,161.8,164.3,166.9,168.5,168.6,166.4,162.9,161.3,160.3,158.7,158.0,158.1,157.7,139.7,139.3,142.0,149.0,154.4,160.1,164.8,170.4,174.6,174.7,172.4,167.3,161.8,157.3,154.3,151.1,148.1,144.3,144.1,140.8,133.2,128.2,110.8,98.9,67.1,33.4,38.9,26.2,24.8,-20.9,-22.0,-22.0,-22.0,-22.0,-21.0,-23.1,-20.5,-22.5,-30.1,-30.5,-40.1,-39.2,-37.6,-58.5,-91.5,-154.7,-242.1,-354.2,-493.0,-635.4,-777.1,-900.1,-1022.5,-1169.6,-1323.3,-1489.9,-1646.9,-1797.4,-1972.3,-2146.5,-2321.2,-2443.3,-2566.2,-2714.9,-2916.7,-3142.0,-3375.2,-3582.7,-3744.7,-3906.0,-4041.1,-4172.8,-4285.8,-4378.1,-4435.5,-4464.7,-4477.1,-4477.5,-4478.4,-4478.4,-4477.9,-4477.7,-4477.6,-4477.1,-4477.8,-4478.0,-4478.7,-4477.4,-4476.9,-4476.8,-4477.1,-4477.2,-4477.0,-4476.6,-4477.0,-4476.8,-4476.7,-4476.3,-4476.2,-4476.7,-4476.6,-4476.1,-4476.6,-4477.2,-4476.8,-4476.2,-4476.3,-4476.1,-4475.8,-4476.5,-4476.4,-4475.1
-4653.2,-4489.5,-4239.1,-3916.5,-3534.6,-3123.9,-2742.6,-2380.4,-2040.6,-1691.2,-1346.7,-964.2,-643.0,-385.3,-189.2,-52.5,14.2,67.1,90.6,100.1,107.4,109.6,96.2,92.1,81.8,21.7,23.0,91.0,101.3,108.0,121.6,130.7,139.9,139.8,136.0,131.1,124.7,119.7,26.5,122.1,126.6,132.0,135.8,137.3,124.6,131.3,140.0,146.4,150.1,151.4,131.1,149.3,154.0,159.8,166.5,170.1,170.4,168.6,165.3,152.5,155.9,168.7,170.0,171.3,175.1,181.0,188.0,193.9,196.2,195.0,192.8,190.6,189.6,187.9,185.2,182.2,173.8,182.7,183.4,184.1,183.7,179.2,171.9,165.0,160.8,157.2,152.3,117.8,111.8,96.0,90.0,84.2,111.9,97.9,69.3,83.5,61.3,-0.2,28.1,27.2,27.3,27.3,27.2,35.5,-13.5,27.1,24.9,96.7,97.6,96.4,104.1,106.9,112.8,110.9,104.0,105.0,106.1,88.6,88.0,102.6,101.2,100.4,99.7,103.0,110.5,116.2,114.0,79.7,80.2,99.0,125.1,157.8,205.5,266.3,253.0,89.3,-133.2,-349.1,-562.5,-787.8,-944.8,-1020.4,-1017.6,-965.1,-894.3,-840.5,-783.9,-721.3,-645.8,-584.5,-509.5,-444.5,-359.6,-274.2,-179.7,-96.8,-27.1,24.4,49.4,83.0,112.0,112.8,112.1,112.7,113.1,114.1,103.8,105.5,115.1,119.7,123.9,127.3,129.3,129.9,130.2,130.4,130.7,130.5,130.3,130.6,132.2,134.1,135.3,139.0,143.0,145.6,147.3,149.1,151.1,152.8,153.8,154.5,154.9,155.0,154.7,154.2,153.5,152.6,151.8,150.8,149.4,147.2,145.0,143.2,142.1,141.7,142.0,129.1,111.2,72.7,12.9,12.8,57.2,97.0,120.8,112.7,127.9,119.9,108.1,85.2,58.1,28.5,10.3,-25.0,-143.6,-305.7,-487.4,-697.6,-936.0,-1221.7,-1560.5,-1960.6,-2384.8,-2804.6,-3205.4,-3570.5,-3886.3,-4137.7,-4309.5,-4400.3,-4433.9,-4438.6,-4439.9,-4435.8,-4437.4,-4430.1,-4419.9,-4400.9,-4375.6,-4342.0,-4292.7,-4224.3,-4137.1,-4010.2,-3880.4,-3749.6,-3622.5,-3495.3,-3343.8,-3187.0,-3018.5,-2860.3,-2715.0,-2583.0,-2442.4,-2287.7,-2110.1,-1936.9,-1760.4,-1601.7,-1462.0,-1339.9,-1213.6,-1081.4,-936.6,-799.0,-644.6,-519.2,-401.5,-308.8,-214.9,-128.2,34.8,26.2,67.3,88.9,105.9,110.3,115.6,120.5,122.3,121.2,117.3,64.1,17.1,93.6,102.4,4.1,-16.4,76.2,108.1,117.2,123.4,127.4,129.0,128.7,127.8,127.0,126.0,125.7,125.2,108.4,105.5,105.5,105.5,102.3,101.3,100.2,74.3,57.6,56.1,56.7,134.2,138.4,132.7,132.4,124.5,-31.3,139.3,140.9,142.4,148.0,149.3,152.9,155.0,154.7,154.8,152.4,142.5,146.5,126.9,23.2,-23.2,12.5,-21.1,113.6,142.7,159.0,160.5,161.8,162.7,162.7,161.4,157.9,156.0,155.6,152.6,134.0,133.5,134.4,136.9,151.1,153.7,150.4,162.7,169.0,173.0,174.0,172.7,169.1,165.4,160.6,156.5,153.1,140.2,149.3,144.6,131.5,137.5,136.0,133.1,124.0,76.4,-3.9,-19.8,38.9,34.5,11.0,82.5,72.0,58.1,50.5,48.0,42.4,30.9,12.2,-24.6,-32.6,-36.1,-39.8,-35.3,-34.9,-34.8,-34.6,-56.6,-104.3,-182.7,-287.2,-395.5,-501.3,-600.9,-701.1,-825.9,-959.8,-1111.6,-1251.9,-1391.9,-1558.8,-1727.0,-1896.3,-2016.8,-2141.2,-2291.4,-2485.2,-2732.5,-2976.7,-3215.2,-3391.7,-3583.7,-3744.1,-3915.4,-4070.3,-4212.1,-4328.8,-4404.0,-4448.2,-4470.0,-4471.9,-4478.7,-4480.6,-4480.6,-4480.0,-4479.2,-4479.2,-4479.6,-4479.8,-4480.4,-4478.7,-4479.4,-4478.9,-4478.8,-4479.1,-4478.8,-4478.6,-4478.1,-4478.9,-4478.3,-4478.0,-4477.8,-4478.1,-4478.6,-4477.7,-4478.7,-4479.0,-4477.9,-4477.9,-4478.3,-4477.9,-4476.7,-4476.7,-4476.7,-4476.9
-4656.3,-4491.5,-4241.2,-3918.4,-3536.1,-3114.6,-2679.4,-2287.8,-1929.0,-1600.0,-1279.5,-952.9,-643.2,-387.8,-187.1,-36.5,39.4,87.2,112.4,106.5,106.3,86.9,74.7,21.8,21.6,22.4,77.6,101.2,109.5,122.2,130.8,138.7,138.0,134.0,128.3,123.4,118.4,26.5,120.8,125.4,130.4,134.2,133.5,123.7,124.2,124.7,142.2,147.7,130.4,151.1,152.0,154.6,160.0,169.0,175.1,177.3,175.6,171.1,157.5,156.9,157.7,173.4,175.2,178.2,183.0,189.0,194.9,198.8,198.8,195.9,192.6,189.4,186.2,183.2,163.1,166.3,183.0,185.0,185.4,184.9,184.5,178.1,170.5,162.7,159.3,156.5,151.9,136.7,119.8,90.8,89.3,103.7,129.6,136.9,136.9,118.6,106.0,58.4,54.7,49.5,42.1,49.7,35.5,27.4,35.5,-17.1,-17.6,26.3,25.5,69.4,103.7,108.9,111.7,110.5,105.7,102.8,100.0,100.8,87.3,87.3,87.3,87.6,98.2,98.1,106.2,113.4,114.2,102.3,70.5,117.1,137.2,187.2,248.2,307.7,227.4,33.8,-200.8,-398.5,-599.9,-841.5,-1061.0,-1210.9,-1243.5,-1238.9,-1192.4,-1132.1,-1056.3,-966.8,-888.4,-797.0,-718.6,-605.6,-495.2,-398.5,-314.1,-236.4,-168.8,-97.6,-27.0,16.7,69.2,107.8,106.5,106.2,92.4,86.6,78.9,80.6,83.0,86.5,95.1,123.3,127.6,128.9,128.5,128.0,127.6,127.4,126.6,113.5,113.6,113.8,115.9,137.5,140.7,143.4,145.1,146.7,148.3,149.4,150.0,150.6,151.0,151.1,150.6,149.9,149.3,148.7,148.0,146.9,132.0,132.0,132.4,132.8,118.1,105.0,30.5,13.4,13.5,10.8,10.8,11.2,100.1,111.2,131.0,139.9,140.1,140.2,138.4,122.3,96.0,67.5,37.3,-19.1,-140.9,-311.8,-527.9,-764.7,-1023.6,-1299.7,-1614.7,-1974.3,-2384.9,-2805.7,-3206.1,-3573.0,-3887.9,-4139.6,-4311.6,-4403.0,-4435.5,-4440.4,-4442.2,-4442.0,-4440.7,-4443.0,-4439.9,-4433.6,-4423.4,-4403.7,-4370.9,-4321.2,-4237.9,-4142.5,-4040.3,-3936.9,-3830.1,-3699.8,-3561.0,-3408.1,-3261.8,-3125.4,-2999.6,-2864.4,-2713.2,-2537.7,-2363.6,-2183.2,-2018.6,-1871.5,-1741.2,-1604.9,-1459.5,-1297.6,-1139.5,-954.9,-800.0,-643.9,-520.0,-401.2,-308.0,-206.9,31.4,34.8,67.2,112.5,116.2,120.9,124.5,126.7,126.6,124.0,120.1,115.8,113.3,111.1,107.3,78.9,89.6,90.6,94.0,118.5,125.2,128.8,128.9,127.4,125.7,125.9,122.2,115.0,105.5,105.5,105.5,105.8,126.1,125.1,123.5,123.8,122.1,122.1,125.8,56.1,29.3,72.3,63.6,106.5,105.2,79.5,141.6,144.1,142.0,143.2,137.0,131.4,139.5,139.5,143.0,130.2,129.9,146.6,121.9,-23.7,-22.9,51.9,110.6,138.4,151.8,152.2,153.8,154.5,154.7,155.1,143.2,142.6,130.1,129.5,130.3,130.7,134.6,154.1,156.4,159.1,162.7,167.0,169.8,170.9,170.5,168.9,166.4,163.3,160.4,156.9,153.7,150.9,136.2,135.4,142.2,127.5,112.8,79.7,-19.5,-21.5,-20.5,-21.5,36.8,29.6,-3.4,26.2,59.6,106.0,104.5,100.2,104.7,101.7,80.7,48.1,18.7,-7.5,-20.1,-24.7,-24.2,-29.0,-30.9,-20.2,-39.1,-68.6,-132.0,-209.6,-288.6,-365.2,-445.8,-540.6,-648.5,-774.1,-897.4,-1023.0,-1172.7,-1326.4,-1490.8,-1601.3,-1719.9,-1869.4,-2057.2,-2306.0,-2557.2,-2802.4,-3001.2,-3209.7,-3392.8,-3614.6,-3786.2,-3967.7,-4133.1,-4262.6,-4355.4,-4412.2,-4450.7,-4471.5,-4474.5,-4481.9,-4483.0,-4482.2,-4481.6,-4481.0,-4481.3,-4481.7,-4481.9,-4480.8,-4480.6,-4480.8,-4481.0,-4480.8,-4480.5,-4480.0,-4480.2,-4480.3,-4479.9,-4479.5,-4479.9,-4480.7,-4479.6,-4479.6,-4479.6,-4479.6,-4479.4,-4478.7,-4478.3,-4479.1,-4477.6,-4477.3,-4476.9,-4477.1
-4654.4,-4496.1,-4246.9,-3922.2,-3540.5,-3119.0,-2671.1,-2230.2,-1836.4,-1494.9,-1192.5,-899.7,-633.6,-387.4,-172.1,7.3,90.0,115.2,111.3,91.5,82.9,51.9,18.7,21.6,42.8,91.4,97.3,121.3,121.2,130.2,134.9,132.9,129.8,124.5,119.5,115.5,24.4,118.1,123.5,129.3,132.8,133.1,123.9,106.5,111.6,113.2,119.4,124.3,124.6,151.9,155.2,161.1,163.6,178.2,181.2,181.2,176.9,172.6,161.2,173.5,163.2,177.8,181.2,186.1,190.7,195.4,199.3,201.2,199.3,195.5,191.7,186.4,180.9,151.3,141.0,145.9,178.7,182.3,183.1,181.0,170.5,159.6,152.6,154.9,153.6,154.1,152.7,149.5,143.9,140.9,139.6,140.7,144.6,143.7,138.1,130.8,125.8,119.2,107.2,98.9,97.6,95.7,-1.8,26.6,27.7,27.7,26.7,25.5,26.5,45.2,99.2,102.6,105.5,105.4,103.0,100.7,95.7,98.8,99.0,96.7,95.6,86.7,96.9,94.1,74.2,94.1,110.4,59.3,61.9,121.0,154.1,215.9,293.6,293.6,166.3,-47.5,-264.2,-453.2,-654.3,-877.2,-1142.7,-1375.0,-1508.1,-1532.0,-1515.5,-1440.2,-1339.4,-1250.6,-1148.7,-1051.1,-919.7,-783.0,-652.3,-544.3,-458.8,-385.0,-312.0,-234.7,-143.4,-56.3,13.7,73.7,108.7,93.6,71.3,40.3,51.7,53.5,52.2,51.4,56.6,89.8,105.6,98.2,96.9,79.2,90.1,110.8,112.1,112.3,112.5,113.0,119.0,135.9,138.9,141.0,142.1,143.0,143.7,144.2,144.6,145.2,146.0,146.4,146.3,146.1,146.1,146.2,146.0,144.8,143.7,138.4,130.4,121.1,117.3,94.4,104.1,64.9,12.5,10.8,43.0,8.9,8.8,79.7,105.8,138.4,139.1,142.0,141.6,141.9,126.1,112.3,93.3,10.4,-124.1,-309.0,-537.6,-813.1,-1101.5,-1398.1,-1700.3,-2032.4,-2399.8,-2805.8,-3207.9,-3574.0,-3890.0,-4140.9,-4314.0,-4405.7,-4437.4,-4442.4,-4444.4,-4444.8,-4445.4,-4445.4,-4444.2,-4446.7,-4443.5,-4435.4,-4418.7,-4380.3,-4325.8,-4258.9,-4185.1,-4104.4,-4001.7,-3887.0,-3756.2,-3627.9,-3505.7,-3391.1,-3266.3,-3124.3,-2957.2,-2788.5,-2610.6,-2446.0,-2297.1,-2163.3,-2022.2,-1869.2,-1696.5,-1524.3,-1318.7,-1140.6,-955.5,-801.0,-644.8,-520.8,-402.8,-305.9,-194.3,-89.4,15.4,80.3,124.2,127.8,130.0,130.8,129.7,126.9,123.3,119.8,117.7,116.7,114.7,111.7,97.0,96.4,95.5,99.2,123.9,127.0,127.0,126.2,123.9,122.2,125.0,126.8,127.2,127.3,127.0,129.4,130.6,129.7,127.6,125.3,124.6,116.2,115.5,109.0,34.3,-23.1,-23.3,-25.2,79.5,65.6,100.1,-23.4,-23.3,-22.8,-22.4,-25.7,-23.4,-23.1,-21.9,52.9,117.4,132.5,119.6,-21.3,76.0,110.7,127.4,153.0,149.4,146.8,146.0,146.5,146.7,129.4,129.4,129.4,129.4,129.5,155.0,155.9,157.4,161.2,163.1,164.3,165.0,165.2,165.9,165.1,162.8,160.5,160.9,159.5,158.0,155.0,151.3,146.9,137.5,140.3,123.9,122.0,112.5,59.2,-5.0,-19.3,-19.5,-22.1,32.9,79.0,71.9,22.1,39.7,123.7,132.6,134.5,139.0,139.7,118.6,92.2,57.5,22.9,-8.3,17.6,17.6,2.4,-6.2,-19.2,-17.9,-35.6,-72.2,-117.6,-166.6,-229.5,-320.3,-405.6,-500.2,-597.7,-699.5,-827.3,-963.1,-1109.5,-1214.5,-1322.5,-1459.2,-1641.3,-1881.9,-2130.5,-2377.9,-2582.1,-2804.0,-2999.9,-3214.6,-3435.3,-3654.9,-3861.3,-4030.7,-4175.1,-4273.3,-4356.7,-4413.5,-4452.0,-4474.2,-4485.1,-4483.8,-4484.5,-4483.2,-4483.3,-4482.7,-4482.8,-4482.7,-4482.3,-4482.5,-4482.3,-4482.9,-4553.0,-4481.9,-4507.2,-4482.0,-4481.4,-4481.0,-4481.3,-4481.3,-4481.8,-4483.0,-4480.6,-4480.2,-4481.4,-4481.2,-4479.8,-4480.4,-4479.9,-4513.2,-4479.2,-4478.5,-4478.2
-4649.4,-4492.3,-4248.4,-3922.3,-3539.9,-3118.0,-2679.1,-2215.5,-1778.4,-1409.3,-1095.2,-830.2,-590.1,-363.9,-137.7,27.2,114.4,95.8,68.3,54.6,35.5,20.2,18.7,47.8,75.6,102.8,122.9,121.5,128.3,130.0,127.7,124.2,120.1,115.6,47.4,24.4,115.3,119.4,122.0,126.6,129.5,114.3,76.0,80.0,102.8,111.8,119.8,128.5,135.3,154.5,160.5,169.8,179.4,184.2,183.9,180.5,175.7,172.9,175.8,180.2,177.9,172.3,187.0,192.6,196.8,199.3,200.4,201.2,198.2,193.8,187.3,179.3,173.7,143.4,142.8,138.6,141.2,165.8,177.7,171.8,156.4,148.3,140.3,142.9,125.0,148.2,148.6,150.4,148.5,145.3,143.9,145.2,146.9,146.1,140.8,135.2,130.1,125.2,121.2,118.4,116.2,113.4,89.6,68.7,104.1,102.2,98.1,85.9,25.9,63.9,91.4,89.5,96.4,97.4,97.0,83.5,83.6,98.1,99.2,97.3,95.2,69.1,27.6,27.6,36.0,82.3,56.9,58.1,112.1,130.9,181.6,239.9,292.0,200.6,50.4,-141.3,-341.6,-517.2,-726.6,-949.1,-1230.9,-1507.8,-1722.9,-1812.0,-1812.1,-1748.1,-1652.7,-1538.7,-1434.7,-1286.7,-1134.4,-978.4,-845.2,-731.8,-638.9,-545.7,-454.6,-357.3,-267.4,-153.9,-52.4,16.6,77.0,112.4,82.0,24.6,24.6,24.6,24.6,24.6,24.6,60.7,70.9,73.8,76.1,78.4,87.1,123.5,124.8,126.4,128.5,130.9,133.0,135.2,137.5,138.9,139.5,139.8,139.7,139.4,139.4,140.2,141.3,141.8,137.6,141.4,143.0,143.7,143.5,142.3,140.3,136.6,134.2,131.9,122.0,119.9,115.0,87.5,72.6,57.0,78.9,27.4,6.4,6.3,73.7,100.9,128.5,138.4,139.2,139.5,139.6,136.0,101.0,17.2,-119.8,-307.8,-537.4,-825.5,-1155.7,-1483.7,-1805.7,-2122.7,-2459.9,-2821.6,-3208.5,-3576.1,-3892.6,-4143.3,-4314.1,-4403.9,-4437.6,-4444.0,-4446.9,-4447.4,-4448.0,-4448.5,-4449.2,-4449.2,-4447.5,-4449.5,-4441.1,-4422.5,-4392.0,-4351.8,-4302.5,-4233.9,-4149.8,-4047.6,-3943.2,-3840.6,-3741.9,-3632.7,-3505.5,-3353.2,-3196.2,-3027.4,-2868.8,-2723.3,-2591.0,-2450.0,-2295.0,-2118.0,-1938.2,-1719.7,-1525.7,-1319.6,-1141.8,-956.6,-801.9,-645.6,-521.6,-402.3,-303.4,-185.9,-82.8,21.5,86.8,131.0,130.9,130.1,130.6,128.2,124.3,119.9,117.5,117.9,119.8,119.6,120.9,121.9,122.3,97.9,108.6,124.3,127.7,128.7,129.8,131.0,132.3,133.1,133.2,131.8,131.1,132.1,132.3,132.0,130.6,129.8,128.1,128.9,129.1,120.2,100.3,95.6,51.3,48.9,43.3,43.3,67.7,73.1,73.7,74.2,66.7,85.2,5.5,-20.3,-23.0,59.6,-26.0,105.0,102.7,78.1,56.4,137.2,145.5,148.5,146.1,143.6,145.7,144.6,144.6,129.4,129.4,152.4,157.2,155.7,157.9,159.2,158.3,162.0,155.9,157.0,155.8,157.8,151.3,157.4,156.1,155.3,156.1,155.5,154.2,152.0,148.3,145.9,142.0,130.2,124.0,126.0,120.2,108.9,93.2,15.2,-21.0,-21.2,97.7,116.3,123.3,111.6,83.7,133.9,138.7,141.5,142.2,140.5,138.5,121.0,99.7,68.2,36.2,66.7,63.3,49.5,32.9,-17.2,25.9,24.4,15.0,-4.6,-40.7,-102.3,-188.2,-279.4,-364.3,-442.6,-539.7,-649.0,-771.6,-865.5,-958.1,-1082.8,-1248.7,-1470.6,-1708.1,-1951.8,-2155.2,-2378.2,-2582.4,-2810.0,-3048.5,-3290.3,-3528.9,-3733.0,-3913.3,-4050.2,-4175.2,-4274.1,-4359.0,-4423.6,-4464.7,-4482.3,-4484.0,-4486.4,-4486.0,-4485.4,-4485.6,-4484.8,-4484.4,-4484.2,-4484.3,-4484.5,-4484.2,-4483.9,-4483.9,-4485.0,-4484.6,-4483.0,-4483.0,-4482.6,-4482.7,-4482.4,-4484.4,-4483.5,-4482.0,-4482.4,-4481.7,-4481.2,-4481.4,-4481.7,-4480.7,-4479.6,-4500.6,-4506.7
-4628.9,-4470.9,-4242.2,-3923.9,-3541.8,-3119.4,-2675.0,-2220.7,-1772.1,-1360.9,-1021.4,-745.1,-530.4,-332.2,-138.7,8.1,47.8,33.0,18.9,10.1,6.4,18.7,19.2,36.9,83.8,109.9,121.4,127.7,124.6,120.1,117.2,113.9,111.4,24.2,24.4,81.7,115.0,120.8,122.0,123.3,109.4,27.2,21.8,75.3,116.0,134.8,141.3,146.9,152.1,159.0,168.0,178.1,184.5,186.8,183.5,178.6,175.2,178.1,183.0,186.7,177.1,178.5,192.3,197.0,199.8,200.1,200.0,197.9,193.8,176.5,179.1,175.5,161.6,172.8,159.4,132.8,132.0,171.4,169.9,163.1,155.3,132.5,124.3,28.5,28.5,101.9,133.9,143.6,146.5,145.4,144.8,144.0,145.3,144.0,139.6,135.2,131.3,127.3,123.9,121.6,119.3,116.5,112.8,108.4,100.8,97.3,95.6,89.5,27.1,85.7,86.1,86.6,89.4,81.7,81.5,81.5,85.7,96.1,97.1,96.9,78.1,76.1,27.6,27.6,27.9,35.9,54.6,107.6,127.3,159.6,210.6,278.8,201.5,55.0,-94.7,-258.2,-411.7,-595.3,-779.8,-1035.0,-1319.2,-1618.3,-1876.8,-2035.3,-2074.5,-2060.1,-1962.3,-1851.7,-1695.3,-1524.8,-1355.7,-1202.6,-1073.8,-959.5,-845.3,-727.6,-603.4,-493.5,-368.8,-266.7,-149.9,-49.6,21.1,81.2,98.8,24.8,24.6,24.6,24.6,24.6,46.4,78.7,97.5,103.2,106.0,101.3,122.4,125.0,126.2,127.8,129.2,130.4,131.5,133.4,135.1,136.4,137.0,137.2,136.8,135.2,119.7,135.3,136.3,129.5,141.1,141.5,142.2,142.4,141.9,140.5,138.4,131.9,131.9,133.0,131.0,130.5,129.3,98.5,108.4,117.1,106.9,89.5,45.6,3.9,3.8,68.9,131.3,133.4,135.1,136.3,135.3,114.7,77.6,3.9,-133.0,-312.3,-538.4,-825.3,-1169.6,-1541.8,-1896.1,-2231.3,-2540.9,-2867.3,-3220.4,-3577.8,-3895.2,-4142.6,-4307.2,-4398.4,-4435.9,-4443.1,-4449.1,-4450.2,-4450.7,-4451.3,-4451.9,-4452.6,-4453.3,-4451.9,-4453.0,-4446.7,-4433.9,-4414.3,-4381.4,-4333.7,-4266.7,-4192.3,-4114.6,-4036.7,-3948.2,-3841.4,-3710.4,-3571.3,-3418.1,-3271.5,-3134.8,-3008.8,-2873.2,-2721.8,-2546.7,-2366.0,-2142.4,-1939.9,-1720.8,-1527.2,-1320.9,-1143.0,-957.6,-802.7,-646.3,-522.2,-402.9,-302.5,-185.0,-80.6,24.9,88.9,126.2,124.4,127.8,127.5,122.2,115.9,114.2,117.3,123.0,127.4,130.3,131.6,132.3,131.8,131.6,131.9,132.7,134.1,135.4,135.8,135.3,135.0,134.1,132.5,130.7,129.2,128.8,129.5,129.8,128.8,128.2,124.1,123.8,124.5,123.0,123.3,120.8,123.5,113.9,124.3,135.5,136.2,133.1,133.1,126.2,127.6,125.5,109.3,99.9,69.9,59.6,-21.7,78.1,-22.5,-21.3,151.7,146.1,144.0,144.4,77.5,144.0,144.2,121.1,129.6,150.8,156.2,155.0,161.1,156.4,139.8,138.6,133.8,137.6,133.9,112.5,149.8,143.8,152.6,145.8,141.7,141.4,141.0,149.9,149.0,147.6,146.1,144.2,142.1,140.7,140.4,139.8,136.4,132.1,90.6,17.0,12.8,126.5,132.2,133.7,134.7,115.7,140.2,143.3,143.8,142.1,139.4,135.7,114.6,124.6,105.0,83.2,102.7,104.4,94.1,77.2,16.8,76.0,77.0,80.5,80.7,65.9,18.2,-66.3,-144.1,-223.7,-316.2,-402.8,-497.2,-570.3,-649.2,-749.8,-890.0,-1091.9,-1308.2,-1535.4,-1730.2,-1951.8,-2153.0,-2384.1,-2629.4,-2889.2,-3146.9,-3377.1,-3588.3,-3750.7,-3915.2,-4048.5,-4178.5,-4298.0,-4398.0,-4447.2,-4479.7,-4483.8,-4487.3,-4488.0,-4488.0,-4487.4,-4487.1,-4486.6,-4486.2,-4486.2,-4486.0,-4485.7,-4485.6,-4485.9,-4486.5,-4485.7,-4485.1,-4485.5,-4484.9,-4485.0,-4484.8,-4485.7,-4484.4,-4483.4,-4483.5,-4483.3,-4483.5,-4484.6,-4482.8,-4482.3,-4481.6,-4500.8,-4513.1
-4586.7,-4428.7,-4206.6,-3916.4,-3543.9,-3123.5,-2674.2,-2221.6,-1773.8,-1352.6,-974.0,-687.4,-464.7,-296.5,-137.8,-29.5,13.1,8.5,8.6,6.4,6.8,19.8,17.3,18.1,46.8,75.0,93.8,104.2,101.5,97.4,93.3,102.1,21.2,23.7,108.1,111.7,113.2,117.6,116.6,103.0,27.6,21.8,21.8,90.8,132.7,137.3,141.2,147.7,154.3,163.4,173.8,181.5,185.8,184.7,180.3,176.3,175.2,183.1,189.4,192.6,179.2,179.0,193.9,196.8,198.6,198.0,195.9,181.9,186.3,170.7,177.2,176.9,171.1,156.0,141.6,136.9,131.1,125.9,143.1,156.2,150.9,144.6,129.5,46.9,28.5,46.6,117.2,135.3,136.4,133.3,128.7,131.2,131.8,127.9,134.9,129.3,129.7,127.0,122.5,119.4,117.6,109.6,104.7,103.0,98.9,90.4,81.0,87.8,28.6,86.2,85.7,75.5,75.2,77.7,81.1,92.8,95.4,97.0,97.7,96.2,85.7,74.3,42.7,28.5,25.6,25.6,99.7,124.4,155.7,197.1,247.0,187.7,58.9,-92.4,-252.1,-371.0,-497.8,-636.9,-865.3,-1122.8,-1416.6,-1723.3,-2013.9,-2232.1,-2335.1,-2341.9,-2286.6,-2127.9,-1949.2,-1765.8,-1602.6,-1458.7,-1332.1,-1202.1,-1066.4,-920.1,-777.6,-618.4,-491.2,-369.6,-266.7,-149.7,-49.8,15.2,67.7,40.4,24.8,24.6,48.7,61.9,87.0,114.1,119.0,121.1,121.5,122.1,123.0,123.7,124.9,125.9,127.0,127.9,92.7,98.1,132.6,133.6,134.4,135.0,134.7,113.4,92.1,102.8,111.9,137.9,140.1,142.2,143.6,143.9,143.3,141.8,139.7,137.4,135.4,133.9,132.2,130.1,128.7,128.8,129.1,128.1,126.7,106.9,72.9,11.4,1.6,107.6,127.1,128.2,130.5,131.4,126.2,99.7,49.8,-28.7,-155.0,-317.4,-538.7,-825.5,-1169.5,-1557.1,-1955.7,-2295.3,-2596.4,-2900.0,-3238.3,-3583.8,-3893.3,-4127.2,-4287.6,-4381.9,-4427.7,-4445.9,-4450.2,-4453.2,-4453.7,-4454.3,-4454.9,-4455.5,-4456.2,-4456.9,-4456.0,-4457.8,-4454.8,-4446.7,-4430.9,-4400.3,-4359.7,-4312.3,-4260.1,-4197.4,-4116.6,-4013.4,-3898.5,-3767.4,-3638.8,-3516.4,-3401.4,-3276.3,-3134.0,-2967.4,-2792.1,-2571.7,-2367.9,-2143.9,-1941.7,-1722.4,-1528.6,-1322.1,-1144.1,-958.5,-803.5,-647.0,-522.8,-403.4,-302.5,-184.6,-81.2,23.2,87.7,118.0,121.5,124.6,119.9,40.1,73.4,117.8,126.1,132.5,136.6,139.2,141.3,141.0,140.9,140.9,139.5,138.3,136.9,134.7,133.1,133.0,133.5,132.4,129.9,125.8,128.7,112.3,84.3,77.5,83.0,103.1,60.1,14.4,56.7,90.9,133.7,137.0,136.7,144.9,145.7,143.9,144.8,135.1,134.2,133.7,134.0,120.2,103.9,59.6,-20.2,81.8,75.6,-20.9,-21.9,131.7,140.7,138.1,97.3,-22.8,145.2,82.4,70.1,121.6,148.9,152.2,152.8,113.2,113.4,-19.4,-19.6,9.2,84.4,115.4,-19.5,-19.4,-21.5,-19.5,-19.5,5.0,105.2,144.4,148.3,148.6,147.8,146.6,142.6,142.9,142.7,144.0,145.2,142.1,138.1,134.9,116.5,100.6,138.4,141.6,142.6,142.0,142.0,144.8,146.2,144.4,141.3,137.3,118.0,111.8,109.9,106.5,117.1,119.5,123.5,121.8,104.4,66.4,114.3,112.1,117.7,120.5,128.4,92.9,45.8,-19.3,-94.5,-184.3,-275.6,-335.7,-402.0,-481.6,-590.9,-758.9,-947.3,-1151.5,-1328.3,-1535.0,-1731.0,-1958.4,-2203.4,-2466.5,-2736.0,-2981.9,-3212.9,-3398.9,-3590.2,-3753.6,-3919.2,-4078.9,-4236.1,-4343.3,-4412.5,-4456.7,-4476.5,-4489.3,-4488.2,-4489.8,-4489.2,-4489.1,-4488.6,-4488.8,-4488.6,-4488.2,-4487.4,-4487.5,-4488.6,-4488.5,-4487.7,-4487.1,-4487.2,-4487.1,-4486.6,-4485.9,-4486.2,-4485.9,-4485.1,-4484.6,-4484.7,-4484.6,-4485.0,-4484.4,-4485.8,-4483.2,-4482.4,-4482.1
-4548.7,-4367.3,-4148.1,-3872.8,-3534.6,-3121.7,-2675.5,-2221.2,-1775.4,-1355.6,-969.4,-651.9,-421.0,-251.9,-128.1,20.5,0.9,20.5,-2.6,1.8,17.3,9.6,18.0,13.7,13.7,28.1,40.5,54.4,76.1,68.0,21.4,21.2,21.2,106.1,109.7,110.9,112.2,113.5,86.3,21.7,21.8,69.0,36.0,30.1,60.7,107.7,141.2,149.0,157.7,167.6,176.8,182.6,182.6,179.1,176.9,177.2,182.1,188.2,195.0,197.6,193.0,179.0,181.8,196.1,196.7,195.3,193.0,187.6,180.5,168.4,167.5,166.7,165.8,147.0,143.3,172.3,169.4,123.5,105.3,114.3,99.4,127.9,129.2,105.3,28.5,28.5,38.5,110.0,85.9,100.1,70.8,66.8,74.9,102.4,128.4,127.4,125.5,123.2,120.8,117.5,113.1,108.1,101.0,100.1,84.1,82.9,76.2,61.3,27.7,86.2,85.2,74.8,88.5,91.7,93.4,95.4,98.9,102.3,102.9,100.9,94.9,95.0,58.0,25.6,27.8,35.8,101.7,151.8,192.3,246.3,174.7,44.5,-93.8,-254.1,-373.3,-491.1,-614.2,-749.0,-958.8,-1224.8,-1515.5,-1835.5,-2149.3,-2415.2,-2567.2,-2586.2,-2542.1,-2386.3,-2198.3,-2028.5,-1877.2,-1743.7,-1604.7,-1454.0,-1286.8,-1128.0,-936.4,-777.8,-618.2,-490.3,-368.6,-269.4,-155.6,-65.7,16.0,24.9,23.6,15.3,39.8,63.4,75.7,85.3,95.7,103.2,115.7,117.0,118.0,118.9,120.1,121.2,122.4,89.6,47.2,126.9,129.1,130.4,131.7,133.1,133.1,113.1,56.5,72.1,114.4,134.9,137.9,141.0,143.3,144.4,144.4,143.7,142.4,140.3,137.9,135.5,133.7,132.1,130.3,128.4,127.3,127.3,126.1,119.5,89.7,57.1,-0.3,111.7,125.1,125.1,126.8,127.7,121.9,91.6,28.6,-51.0,-170.1,-325.1,-540.7,-826.3,-1170.6,-1558.0,-1959.8,-2298.7,-2599.9,-2902.1,-3240.6,-3581.9,-3868.0,-4090.9,-4248.6,-4350.1,-4411.0,-4442.1,-4449.6,-4455.8,-4456.9,-4457.4,-4458.0,-4458.6,-4459.3,-4460.0,-4460.7,-4460.9,-4459.2,-4461.7,-4455.3,-4442.3,-4423.6,-4398.5,-4364.9,-4315.5,-4246.5,-4162.3,-4059.9,-3955.2,-3852.4,-3753.4,-3643.9,-3516.4,-3364.5,-3201.3,-2992.1,-2794.4,-2573.5,-2370.1,-2145.8,-1943.5,-1724.0,-1530.0,-1323.3,-1145.1,-959.3,-804.2,-647.5,-523.2,-403.8,-303.2,-182.6,-61.0,53.7,104.7,120.9,123.0,118.0,-19.7,29.7,114.4,128.2,133.9,138.0,142.0,145.3,146.8,148.2,148.0,144.4,139.5,134.6,130.9,130.5,133.8,137.3,137.1,133.9,117.6,113.5,108.6,98.5,66.3,65.7,51.4,3.6,-21.5,-20.2,74.1,118.6,132.8,134.8,136.8,136.6,127.5,125.7,121.8,128.8,110.7,110.1,77.0,-20.9,-20.5,81.7,107.6,125.7,145.3,-20.6,144.8,145.4,137.4,81.7,76.5,99.9,70.3,-20.4,79.6,143.6,-20.3,-20.2,-20.2,-21.2,-21.3,-20.2,-22.4,-19.4,-22.4,-22.5,-21.4,-20.3,-19.2,25.9,46.0,-20.0,5.1,50.6,107.8,107.8,107.8,113.0,143.8,144.6,146.6,148.6,147.3,145.0,142.3,141.3,142.9,146.4,148.9,149.8,148.4,147.8,149.1,148.1,145.7,141.2,120.7,118.9,110.8,110.6,121.8,120.8,125.4,126.7,124.3,119.9,117.7,119.8,126.1,132.0,134.9,131.9,127.8,106.4,74.1,18.0,-62.3,-120.5,-179.2,-257.8,-365.5,-488.5,-635.0,-807.4,-962.9,-1149.7,-1326.7,-1542.2,-1780.2,-2037.3,-2309.5,-2563.2,-2805.4,-3005.8,-3215.9,-3400.1,-3595.4,-3788.3,-3979.9,-4147.1,-4275.8,-4362.5,-4419.6,-4459.2,-4478.1,-4489.9,-4489.8,-4491.3,-4491.2,-4490.5,-4490.6,-4492.2,-4490.8,-4490.9,-4491.2,-4493.8,-4491.1,-4490.1,-4488.8,-4488.5,-4488.5,-4488.1,-4488.2,-4487.9,-4486.7,-4486.7,-4486.4,-4486.1,-4486.1,-4486.3,-4485.3,-4485.8,-4484.7,-4484.4,-4483.7
-4513.2,-4309.5,-4067.7,-3799.3,-3482.8,-3112.0,-2680.3,-2224.3,-1775.9,-1356.7,-972.9,-645.8,-392.7,-216.9,-96.0,-27.8,20.5,0.4,1.9,4.5,15.2,-3.2,-2.8,19.8,18.8,18.0,19.3,17.6,21.1,21.2,21.2,83.4,103.2,107.5,107.5,107.7,107.8,82.6,21.2,21.2,80.5,92.7,110.7,106.6,58.9,103.7,142.2,151.3,161.0,169.1,175.7,178.2,175.5,173.5,175.5,179.2,186.5,194.0,200.4,202.3,200.2,188.3,197.1,198.6,196.2,193.1,189.2,185.7,169.2,168.5,167.7,181.6,181.4,179.4,174.9,172.5,163.7,142.2,61.1,28.5,28.5,58.4,97.9,28.5,28.5,28.5,28.5,28.5,28.5,28.5,28.5,28.5,28.5,28.5,122.8,121.8,120.2,118.2,115.0,111.4,107.5,103.4,102.6,95.7,95.7,84.5,78.0,26.1,28.7,61.4,81.1,67.4,88.9,90.4,92.7,96.2,101.0,106.1,108.0,105.0,93.7,81.9,25.6,27.8,28.0,68.6,124.8,185.6,250.3,224.2,74.8,-95.6,-256.3,-376.8,-493.2,-617.1,-739.9,-896.0,-1092.5,-1330.6,-1626.2,-1938.3,-2278.2,-2570.8,-2755.0,-2785.3,-2758.4,-2632.5,-2467.7,-2313.3,-2175.3,-2032.0,-1872.5,-1694.9,-1520.6,-1308.6,-1125.9,-935.4,-777.2,-619.8,-490.9,-369.1,-271.2,-168.6,-95.3,-31.9,8.3,14.2,23.6,8.9,21.0,36.1,50.4,65.3,82.4,96.0,110.3,111.3,112.3,113.0,113.6,54.4,5.3,118.7,121.4,109.7,126.5,128.5,116.1,96.3,54.3,60.9,131.5,133.1,135.1,137.9,140.3,141.8,142.5,142.8,142.8,142.0,139.8,137.0,134.6,133.1,132.1,130.7,129.1,128.1,128.2,124.2,113.3,95.2,-1.8,110.4,123.6,123.5,124.6,127.1,125.0,89.6,23.5,-56.5,-177.0,-329.2,-541.9,-827.5,-1172.8,-1552.7,-1917.7,-2258.0,-2562.9,-2884.2,-3226.5,-3545.4,-3818.0,-4030.0,-4187.6,-4304.9,-4388.2,-4434.4,-4452.8,-4457.2,-4460.2,-4460.8,-4461.3,-4462.0,-4462.6,-4463.3,-4464.0,-4464.8,-4465.6,-4464.8,-4466.6,-4463.8,-4457.6,-4447.6,-4427.9,-4394.8,-4347.0,-4279.9,-4205.3,-4127.5,-4049.3,-3960.6,-3853.5,-3722.8,-3578.2,-3388.2,-3204.0,-2994.4,-2797.0,-2575.9,-2372.2,-2147.8,-1945.2,-1725.5,-1531.3,-1324.4,-1146.0,-960.1,-804.9,-648.0,-524.1,-401.7,-275.1,-118.2,30.6,103.4,126.4,125.1,114.4,-19.2,15.7,119.2,127.2,131.7,135.0,139.9,143.9,146.7,149.0,148.9,144.7,137.7,131.9,130.5,132.4,137.8,142.1,142.9,140.4,126.5,136.7,136.5,135.7,116.5,-20.7,81.0,-19.7,-20.6,-19.5,-22.5,-21.1,-19.9,104.9,112.7,114.9,110.5,64.8,2.9,-20.6,-20.5,-19.4,-20.4,-23.3,-18.9,71.2,140.1,150.0,144.7,12.7,-19.8,144.5,141.3,102.8,-19.8,76.5,-20.7,-18.7,-21.9,-20.9,-21.9,151.4,144.8,144.4,148.3,134.6,133.2,139.3,127.0,72.1,-22.4,-21.0,25.9,10.4,45.9,59.8,57.0,84.5,108.8,119.6,129.2,143.1,144.3,144.3,146.4,149.1,149.5,148.7,148.6,148.9,150.5,152.1,154.1,154.4,152.7,152.3,152.1,150.3,145.5,140.6,134.7,128.9,123.2,121.1,124.3,128.0,130.0,128.3,123.7,120.0,119.7,122.3,127.4,132.7,134.5,131.0,126.8,124.2,121.0,83.5,45.7,13.4,-43.0,-137.7,-265.8,-392.3,-525.7,-649.6,-805.8,-961.1,-1152.8,-1372.9,-1619.4,-1882.9,-2134.1,-2381.9,-2585.4,-2811.2,-3006.6,-3220.6,-3441.9,-3661.1,-3879.8,-4039.0,-4181.7,-4280.2,-4364.9,-4422.2,-4459.8,-4479.8,-4483.9,-4490.6,-4492.9,-4492.6,-4492.6,-4493.1,-4492.5,-4492.4,-4494.5,-4495.1,-4491.1,-4490.8,-4490.7,-4490.5,-4490.8,-4490.3,-4489.4,-4489.6,-4489.0,-4489.5,-4488.5,-4488.6,-4488.3,-4487.8,-4487.4,-4486.8,-4486.7,-4486.3,-4486.0
-4502.3,-4265.9,-3998.5,-3704.1,-3400.0,-3056.3,-2668.1,-2226.7,-1777.1,-1354.1,-971.1,-647.8,-388.6,22.3,23.4,23.8,23.4,3.4,7.6,11.0,18.3,4.6,2.2,-3.6,-3.0,7.6,16.8,29.3,58.6,74.4,80.1,91.2,103.4,105.9,104.4,100.8,87.0,21.2,21.2,88.8,83.1,104.8,117.1,118.8,131.9,137.3,146.0,156.3,164.5,170.2,172.3,170.9,168.8,159.1,167.7,180.7,189.8,197.9,204.7,206.4,204.5,202.1,201.5,199.8,195.6,190.4,186.3,174.0,173.3,182.8,185.9,188.5,187.9,182.6,175.2,167.9,134.4,120.9,58.4,33.3,28.5,28.5,28.5,28.5,28.5,72.1,28.5,78.3,70.3,28.5,28.5,28.5,28.5,28.5,28.5,28.5,28.5,28.5,28.5,28.5,28.5,86.4,97.8,84.9,70.6,65.2,66.9,26.1,27.6,52.7,79.3,64.2,83.8,85.9,88.3,90.8,97.1,104.2,107.8,104.9,98.5,68.2,25.6,25.6,-21.4,76.4,156.0,222.1,289.7,166.5,-27.7,-218.7,-372.3,-498.2,-619.3,-740.4,-898.0,-1081.5,-1263.5,-1487.6,-1743.0,-2053.7,-2372.8,-2691.7,-2923.5,-2996.5,-2989.6,-2886.2,-2749.4,-2613.7,-2468.1,-2310.8,-2126.4,-1941.8,-1717.6,-1520.9,-1307.5,-1125.7,-937.2,-777.7,-618.0,-492.2,-370.8,-274.9,-176.0,-45.0,-36.2,-18.5,1.0,4.0,10.5,16.2,1.0,23.0,44.7,67.9,87.7,104.5,103.6,101.6,102.8,39.3,5.3,110.9,105.4,77.9,100.1,105.9,91.8,52.2,53.0,109.7,130.3,131.7,133.4,135.6,137.7,139.0,139.4,139.3,139.7,140.1,139.0,136.3,133.7,132.6,132.4,131.8,130.4,129.1,128.5,127.4,127.0,108.0,-2.7,109.4,122.5,122.4,123.7,125.8,124.4,91.9,26.9,-54.6,-176.7,-328.8,-542.1,-829.5,-1167.8,-1506.2,-1837.2,-2155.8,-2488.8,-2835.2,-3174.6,-3484.0,-3739.1,-3942.8,-4112.0,-4254.9,-4356.9,-4418.1,-4449.2,-4457.0,-4463.1,-4464.3,-4464.8,-4465.4,-4466.1,-4466.8,-4467.5,-4468.2,-4468.9,-4469.7,-4469.9,-4468.8,-4471.9,-4468.8,-4460.7,-4444.8,-4414.2,-4373.5,-4326.0,-4273.6,-4210.7,-4129.7,-4026.7,-3907.2,-3744.6,-3581.3,-3390.9,-3207.0,-2997.1,-2799.5,-2578.2,-2374.3,-2149.7,-1946.9,-1726.9,-1532.6,-1325.5,-1147.1,-961.0,-806.2,-646.0,-495.7,-333.6,-155.0,24.4,107.1,130.6,125.9,111.6,-17.4,68.3,125.0,125.2,129.6,131.2,135.9,138.9,142.5,145.2,146.0,141.9,128.6,128.6,128.6,128.6,139.5,145.0,145.6,128.7,128.6,144.4,144.4,142.8,79.9,81.0,107.8,123.3,127.5,122.0,125.1,117.4,103.7,-19.3,-18.0,-17.6,-18.8,-17.4,-20.2,100.3,101.8,80.4,94.3,69.0,-18.5,-19.3,128.0,145.5,148.2,143.0,-18.6,14.4,139.3,125.4,-18.3,-19.1,-19.2,-19.0,55.8,145.1,150.2,156.6,158.5,160.5,159.9,148.3,154.5,157.6,152.1,115.6,111.3,31.1,-19.7,25.9,46.0,67.1,95.5,118.2,136.2,139.0,132.6,139.8,144.6,145.0,146.1,148.0,149.6,151.4,150.8,133.8,135.5,154.7,155.7,156.5,155.4,155.2,154.4,150.8,145.1,138.8,132.1,126.8,124.2,125.2,128.8,132.5,131.9,127.4,122.5,116.4,119.9,122.9,127.5,131.7,132.0,128.6,125.1,121.6,97.0,75.0,79.9,81.2,45.9,-53.9,-179.7,-303.8,-403.8,-524.5,-647.2,-809.3,-1001.3,-1225.6,-1473.4,-1710.4,-1952.1,-2155.2,-2381.9,-2586.6,-2811.9,-3051.1,-3294.4,-3532.6,-3749.8,-3929.7,-4058.5,-4183.0,-4281.7,-4366.5,-4423.8,-4461.6,-4481.6,-4485.3,-4492.8,-4495.3,-4496.3,-4494.7,-4495.9,-4495.8,-4496.2,-4493.2,-4492.9,-4492.9,-4493.1,-4493.3,-4493.2,-4492.2,-4491.8,-4491.8,-4491.2,-4491.5,-4491.3,-4490.1,-4489.4,-4489.2,-4489.0,-4488.9,-4488.6,-4489.0,-4488.2
-4483.2,-4252.1,-3944.7,-3623.8,-3292.9,-2963.3,-2605.6,-2214.2,-1777.4,-1356.9,-971.8,-649.3,-391.7,22.7,23.8,23.4,23.8,4.9,6.1,-2.6,30.3,41.3,37.4,36.6,20.6,35.5,57.4,71.9,80.3,102.9,105.5,107.4,106.0,104.5,100.4,81.9,18.3,84.3,97.8,102.7,105.2,123.5,127.8,130.9,135.4,143.6,153.0,161.5,166.3,168.6,166.2,163.9,161.3,157.9,174.0,183.1,192.8,200.8,207.3,208.0,206.0,203.8,202.3,198.7,193.1,187.1,174.0,173.4,185.1,189.3,192.4,192.1,190.4,184.4,174.5,163.0,111.0,80.1,60.9,28.5,28.5,28.5,28.5,97.1,96.2,118.2,133.8,119.0,113.2,108.0,109.1,118.1,105.5,122.0,121.8,120.2,118.7,115.7,111.0,106.6,28.5,28.5,28.5,28.5,28.5,28.5,26.3,23.2,26.5,49.1,23.8,-19.3,69.1,86.4,82.6,87.9,94.2,102.7,107.5,104.3,97.5,90.9,27.5,28.9,34.8,98.3,180.4,282.6,255.1,88.8,-128.9,-320.6,-470.8,-614.6,-775.5,-898.7,-1083.1,-1265.9,-1471.6,-1669.9,-1904.3,-2174.2,-2491.5,-2804.2,-3081.7,-3214.1,-3219.9,-3162.6,-3042.7,-2902.2,-2745.9,-2566.7,-2380.9,-2150.4,-1942.5,-1722.2,-1519.5,-1309.4,-1126.5,-937.9,-780.9,-620.9,-494.1,-373.6,-276.0,-179.3,-116.0,-56.7,-20.7,-8.8,-7.9,-8.6,-2.8,9.3,8.7,34.5,59.0,78.6,89.4,61.5,12.5,5.3,5.3,90.9,101.9,37.7,76.6,72.8,48.3,50.7,93.1,114.0,128.8,130.5,132.2,134.3,136.5,137.8,137.4,136.0,135.1,135.4,135.3,133.6,131.5,130.9,131.9,132.2,130.8,128.8,127.2,125.9,108.2,107.5,-3.2,108.9,110.4,122.8,122.7,124.8,123.9,100.5,44.7,-37.6,-162.4,-320.8,-542.6,-825.0,-1123.8,-1429.5,-1733.8,-2063.8,-2417.0,-2770.5,-3104.3,-3391.4,-3630.9,-3842.1,-4036.1,-4194.3,-4312.1,-4395.5,-4441.9,-4460.3,-4464.9,-4467.9,-4468.4,-4469.0,-4469.7,-4470.3,-4471.0,-4471.8,-4472.5,-4473.3,-4474.0,-4474.8,-4475.1,-4473.4,-4476.0,-4469.7,-4456.7,-4437.9,-4412.7,-4379.0,-4329.5,-4260.7,-4172.9,-4045.7,-3910.7,-3747.7,-3584.7,-3394.1,-3210.0,-2999.8,-2802.1,-2580.5,-2376.4,-2151.5,-1948.5,-1728.4,-1534.3,-1325.1,-1138.0,-956.7,-770.2,-567.3,-369.9,-166.9,24.5,112.7,131.7,124.8,115.4,-17.8,83.1,111.6,119.1,120.1,128.6,125.0,127.6,137.0,140.1,141.7,128.6,128.6,137.1,136.2,135.3,142.4,146.7,147.8,146.5,147.2,147.4,145.6,142.8,78.0,-20.2,81.0,126.6,134.9,142.6,141.5,144.8,141.6,127.5,124.1,121.2,69.3,-18.2,90.7,120.4,133.0,146.0,135.8,131.8,73.6,-18.9,131.7,146.6,148.6,147.1,142.2,-18.6,140.7,129.3,-18.8,-17.6,89.5,88.7,108.5,147.7,151.8,153.6,159.7,165.6,164.5,163.5,162.0,162.8,156.9,152.6,139.1,120.6,105.4,91.7,8.9,-18.2,-18.2,-19.2,-17.1,73.8,123.9,129.8,135.8,128.4,130.1,146.7,150.5,137.0,129.6,135.5,137.3,138.2,145.8,157.7,158.0,157.4,155.3,149.6,141.9,134.1,128.0,126.2,126.0,128.9,133.3,134.2,130.7,125.2,120.6,116.4,118.6,123.4,127.1,130.5,129.5,126.8,123.7,120.1,97.3,51.1,31.7,54.2,54.7,21.6,21.2,-203.2,-307.2,-403.2,-525.3,-681.1,-871.5,-1091.3,-1310.2,-1538.0,-1731.9,-1953.2,-2154.9,-2387.1,-2633.6,-2893.3,-3152.7,-3381.2,-3596.1,-3760.0,-3922.2,-4056.5,-4184.7,-4283.1,-4368.6,-4425.8,-4464.3,-4483.3,-4487.4,-4506.1,-4497.2,-4495.9,-4495.5,-4496.0,-4495.3,-4496.1,-4495.1,-4494.7,-4495.2,-4495.5,-4495.0,-4495.0,-4494.2,-4493.7,-4493.4,-4493.6,-4493.7,-4492.9,-4491.9,-4491.2,-4491.0,-4491.0,-4490.9,-4490.6,-4489.7
-4444.4,-4219.1,-3926.9,-3566.5,-3204.8,-2849.8,-2513.3,-2151.4,-1763.6,-1355.8,-973.9,-650.2,-391.3,22.3,23.4,33.3,58.5,54.6,54.2,44.5,69.1,76.4,73.0,70.4,86.8,96.5,102.1,104.7,106.5,105.8,106.4,104.8,103.1,85.8,82.4,18.3,81.0,78.9,110.5,117.6,122.6,126.6,129.9,134.8,141.6,151.3,158.6,163.4,164.8,163.5,159.7,143.8,147.7,165.0,163.6,186.7,196.8,202.8,207.1,207.4,206.0,203.5,200.3,196.4,181.1,180.8,173.4,185.9,188.7,193.2,196.0,194.2,189.5,182.2,158.9,148.1,136.1,29.8,28.5,28.5,28.5,28.5,87.1,130.1,134.2,149.7,138.4,131.5,127.1,124.3,120.9,113.9,106.8,106.1,114.7,113.6,106.3,109.9,99.1,96.8,98.0,96.6,92.4,67.0,39.9,31.1,35.4,22.2,22.2,22.2,13.3,28.7,65.9,89.3,82.0,89.7,96.0,105.0,109.4,103.8,85.1,45.4,27.5,28.7,49.3,132.2,184.2,279.8,169.8,-18.3,-225.0,-404.5,-564.3,-738.2,-891.9,-1084.1,-1267.9,-1472.6,-1672.9,-1894.8,-2102.7,-2343.6,-2614.0,-2925.5,-3208.4,-3401.6,-3444.1,-3426.7,-3316.5,-3170.3,-2997.2,-2816.6,-2590.4,-2381.1,-2152.3,-1945.0,-1719.3,-1521.9,-1310.4,-1128.5,-938.7,-779.4,-621.8,-492.6,-371.9,-279.4,-183.1,-106.2,-48.9,-19.5,-11.8,-10.4,-6.5,-5.5,3.3,1.5,25.1,25.7,49.4,5.3,5.3,5.3,74.6,102.6,104.1,14.8,14.5,10.9,32.3,85.1,107.1,124.9,127.2,128.7,130.4,132.8,135.8,137.6,136.8,133.9,129.9,131.1,131.5,130.6,128.0,128.9,131.4,132.3,130.7,127.8,125.2,108.4,108.1,124.1,-1.2,108.9,110.2,122.2,122.7,124.3,124.2,109.1,59.9,-14.3,-143.1,-316.7,-538.9,-785.3,-1053.1,-1332.0,-1645.8,-1992.3,-2348.1,-2694.4,-3001.9,-3267.1,-3510.2,-3745.0,-3949.3,-4119.2,-4262.3,-4364.5,-4425.8,-4457.0,-4464.9,-4471.1,-4472.2,-4472.8,-4473.4,-4474.1,-4474.7,-4475.5,-4476.2,-4476.9,-4477.7,-4478.5,-4479.3,-4480.1,-4479.3,-4481.3,-4478.5,-4472.4,-4462.3,-4442.5,-4409.5,-4359.5,-4276.0,-4176.7,-4049.3,-3914.5,-3751.3,-3588.0,-3397.2,-3212.9,-3002.5,-2804.6,-2582.8,-2378.5,-2153.4,-1950.9,-1726.2,-1502.4,-1278.3,-1073.5,-855.9,-616.6,-383.8,-167.5,21.0,110.0,132.2,125.8,106.2,42.1,68.3,83.1,68.3,2.4,17.6,41.9,126.1,117.0,119.6,126.1,130.3,138.9,139.0,139.1,143.4,149.1,152.6,152.1,150.8,150.6,149.7,146.7,143.6,140.6,116.3,-20.1,-18.9,107.1,118.2,134.7,149.9,150.5,145.2,141.1,138.8,137.2,133.9,131.2,148.6,148.1,152.3,151.4,147.4,130.7,14.1,149.3,149.6,151.7,152.3,148.0,-17.2,122.8,114.0,-18.1,107.2,145.6,151.5,154.9,153.3,150.9,153.6,157.2,159.6,159.3,158.9,160.2,158.2,161.3,161.8,165.6,161.0,154.3,142.6,102.9,72.4,-18.8,-17.7,-18.7,12.5,95.2,112.4,120.8,121.5,123.2,125.8,126.3,127.3,131.1,143.2,157.7,161.8,163.3,162.1,161.7,160.7,155.0,145.8,136.7,129.7,127.9,123.0,128.9,132.9,135.4,133.5,127.9,122.0,119.1,116.4,118.6,124.1,127.5,130.0,128.4,125.8,122.5,120.7,96.2,55.4,2.6,9.9,18.4,2.8,21.6,-132.8,-211.8,-310.1,-429.0,-574.8,-755.7,-945.1,-1152.0,-1327.7,-1536.2,-1731.9,-1963.6,-2204.7,-2471.7,-2740.9,-2985.1,-3217.9,-3404.0,-3594.9,-3758.9,-3921.8,-4058.1,-4185.4,-4285.0,-4368.8,-4428.4,-4466.4,-4484.7,-4492.5,-4494.8,-4489.5,-4493.4,-4496.5,-4496.6,-4498.9,-4496.7,-4496.8,-4498.0,-4497.4,-4496.9,-4496.7,-4496.6,-4497.0,-4496.1,-4495.7,-4496.4,-4495.5,-4494.2,-4493.4,-4493.4,-4493.1,-4492.6,-4492.1,-4492.2
-4373.6,-4163.6,-3883.3,-3543.2,-3144.8,-2759.3,-2393.2,-2057.9,-1702.8,-1341.3,-973.8,-648.4,-387.1,-158.0,2.6,107.4,114.2,93.4,85.1,63.8,80.2,95.7,95.8,87.2,98.6,101.9,103.8,104.7,106.2,104.3,92.5,90.7,83.2,68.1,17.5,58.8,83.6,94.7,116.4,122.7,126.0,129.1,134.7,141.4,149.4,156.3,159.9,161.4,159.7,155.1,139.8,142.4,152.5,170.9,179.7,189.3,196.4,203.0,204.5,205.7,204.6,202.3,199.3,196.4,191.4,175.8,175.4,187.9,191.1,194.8,195.5,191.3,185.2,177.6,148.4,147.5,159.3,144.6,143.2,154.1,153.8,134.5,141.0,144.2,149.4,146.5,144.5,136.6,128.9,126.0,123.3,113.8,108.5,105.7,99.0,107.4,104.8,104.7,101.4,100.3,98.9,97.9,95.7,93.6,91.4,78.7,28.0,28.0,27.1,26.9,25.4,25.6,25.1,25.1,89.0,92.2,97.9,105.5,109.8,106.0,76.0,30.6,27.9,27.7,35.5,89.5,156.7,176.5,46.3,-138.9,-317.6,-480.5,-654.6,-820.6,-1036.1,-1256.0,-1476.6,-1675.5,-1896.4,-2106.1,-2332.8,-2541.9,-2781.0,-3042.2,-3324.2,-3545.2,-3636.9,-3638.2,-3559.2,-3406.5,-3237.4,-3022.2,-2817.9,-2592.4,-2384.4,-2153.7,-1946.1,-1720.5,-1521.8,-1312.6,-1129.4,-940.8,-780.5,-620.6,-495.1,-370.6,-259.5,-161.1,-81.7,-35.9,-13.0,-12.4,-10.3,-7.2,-5.6,1.7,17.8,5.3,5.3,5.3,31.1,79.8,102.7,102.6,101.9,52.0,9.9,1.9,16.3,95.0,112.8,110.1,124.6,112.5,119.8,131.0,135.1,137.4,136.4,132.6,113.4,128.0,128.8,128.1,112.1,127.5,130.4,131.6,130.0,126.6,109.0,108.6,123.8,123.1,17.4,110.6,110.2,121.7,123.6,124.3,122.8,95.9,48.3,-17.4,-145.7,-314.0,-505.4,-723.6,-965.3,-1250.9,-1578.1,-1923.5,-2269.5,-2585.9,-2866.6,-3131.8,-3396.8,-3637.0,-3849.0,-4043.4,-4201.8,-4319.9,-4403.4,-4450.0,-4468.2,-4472.5,-4476.1,-4476.6,-4477.2,-4477.9,-4478.6,-4479.3,-4480.0,-4480.7,-4481.5,-4482.2,-4483.0,-4483.8,-4484.6,-4484.7,-4483.7,-4486.9,-4483.8,-4475.7,-4458.9,-4420.5,-4363.6,-4280.0,-4180.8,-4053.2,-3918.2,-3754.8,-3591.4,-3400.4,-3215.9,-3005.2,-2807.1,-2585.0,-2381.5,-2150.6,-1901.3,-1620.0,-1352.5,-1109.7,-875.8,-631.3,-385.7,-175.1,2.1,83.8,101.2,99.3,90.2,39.1,42.1,36.6,-17.8,-16.9,-16.0,24.2,105.2,118.2,120.9,131.9,131.8,131.6,140.1,143.5,151.0,156.7,158.7,158.5,157.2,155.7,154.8,152.4,144.2,144.1,132.1,93.6,-20.9,-16.0,92.0,122.9,148.6,151.1,153.0,154.1,151.6,152.2,149.1,150.0,156.6,157.4,159.9,159.0,157.2,143.0,111.7,152.6,155.2,157.6,156.9,151.9,-17.6,67.4,83.8,67.4,111.3,139.9,152.2,148.6,151.4,148.9,137.4,151.5,152.7,140.1,152.8,153.9,156.9,159.9,162.6,166.9,166.0,167.9,167.6,145.5,125.7,70.6,-19.5,-18.2,84.2,117.8,133.7,149.7,149.0,150.3,153.5,155.6,155.7,153.5,146.2,160.1,165.5,166.4,165.3,163.4,160.3,152.5,141.8,132.8,130.6,123.0,123.0,132.9,135.8,135.6,131.2,125.9,120.1,108.0,108.0,120.7,125.0,128.9,130.6,127.9,123.5,120.8,116.0,76.8,38.0,2.2,-11.0,21.2,21.6,-30.8,-73.1,-139.9,-231.0,-346.1,-483.6,-632.7,-804.2,-963.1,-1150.6,-1327.3,-1541.3,-1779.2,-2039.8,-2312.1,-2565.5,-2810.3,-3008.2,-3218.7,-3405.8,-3597.3,-3759.5,-3924.6,-4059.0,-4186.6,-4286.6,-4371.1,-4427.8,-4457.4,-4468.4,-4472.6,-4481.4,-4489.1,-4495.8,-4496.3,-4499.3,-4491.0,-4494.4,-4497.6,-4498.5,-4498.0,-4498.0,-4497.9,-4498.7,-4497.4,-4497.4,-4497.3,-4497.1,-4496.3,-4496.3,-4495.7,-4494.9,-4494.0,-4494.6,-4506.2
-4279.6,-4071.3,-3814.5,-3492.4,-3120.7,-2699.4,-2303.6,-1944.0,-1614.7,-1289.9,-963.1,-648.2,-373.0,-127.3,59.1,171.5,145.9,107.0,100.4,97.5,98.9,100.0,102.2,102.8,103.1,104.0,103.2,102.7,103.2,91.6,84.0,66.6,15.6,17.0,49.1,69.8,96.5,101.4,102.9,124.0,128.3,133.9,140.9,148.5,154.0,157.7,158.3,155.8,151.9,133.8,137.7,138.8,166.3,174.8,183.8,190.8,195.9,199.7,201.1,202.2,202.5,201.8,198.3,194.7,175.5,175.4,188.2,190.2,192.9,194.5,191.6,185.6,179.9,150.5,148.2,168.6,167.4,165.1,160.2,156.7,155.7,157.1,159.3,158.3,155.2,152.4,145.0,135.6,127.6,124.8,120.5,113.4,118.4,114.8,98.8,94.3,93.8,93.1,83.6,82.8,81.9,71.2,74.3,72.8,71.8,69.6,56.8,27.8,26.6,25.4,26.0,25.1,27.9,27.4,79.7,90.6,92.8,98.9,92.7,77.8,51.8,2.8,27.4,28.5,-4.8,12.7,71.8,35.6,-97.6,-267.0,-411.0,-559.8,-748.9,-939.2,-1178.5,-1422.1,-1663.8,-1899.7,-2108.2,-2335.0,-2545.9,-2771.1,-2975.2,-3202.4,-3443.9,-3671.4,-3794.2,-3800.9,-3756.4,-3623.8,-3430.2,-3239.4,-3022.4,-2820.7,-2594.0,-2383.9,-2155.4,-1948.0,-1721.7,-1525.3,-1312.9,-1134.0,-941.0,-784.2,-618.5,-471.7,-335.1,-215.7,-126.9,-63.0,-16.6,-9.9,-12.5,-9.4,-7.5,-2.8,8.7,5.3,21.3,39.5,95.0,102.0,100.3,98.9,97.3,77.0,2.9,1.9,61.1,65.0,37.5,37.3,93.3,100.7,120.3,131.3,134.8,137.0,135.5,131.1,113.4,113.4,126.0,125.4,110.3,126.1,127.8,129.3,128.3,124.9,109.2,124.2,123.4,122.9,68.3,121.9,121.9,123.2,124.9,125.1,110.3,77.2,-6.4,-30.6,-145.8,-289.6,-455.5,-649.4,-894.6,-1189.6,-1511.7,-1844.8,-2158.9,-2444.9,-2722.1,-3006.8,-3272.7,-3516.8,-3751.9,-3956.6,-4126.8,-4270.1,-4372.8,-4433.3,-4463.3,-4470.2,-4477.9,-4480.6,-4481.2,-4481.8,-4482.5,-4483.2,-4483.9,-4484.6,-4485.3,-4486.1,-4486.8,-4487.6,-4488.4,-4489.2,-4490.0,-4490.1,-4488.5,-4491.1,-4482.8,-4463.2,-4424.8,-4367.9,-4284.2,-4184.9,-4057.1,-3921.9,-3758.4,-3594.8,-3403.5,-3218.8,-3008.0,-2810.5,-2582.9,-2329.9,-2018.3,-1676.6,-1359.4,-1102.6,-865.7,-624.6,-387.1,-194.2,-48.6,29.7,44.9,50.3,32.6,42.1,36.6,29.3,56.0,-16.2,-15.5,-15.5,108.7,130.6,139.6,145.3,133.2,133.1,133.0,149.1,154.8,159.0,160.2,159.3,157.1,156.2,156.6,155.3,149.8,146.2,141.5,113.8,-18.9,-15.7,26.2,130.6,133.2,149.5,151.1,154.0,155.0,152.2,151.1,160.1,162.1,162.0,163.0,164.1,153.1,157.2,159.9,161.3,164.0,164.5,162.1,152.9,132.8,21.6,67.4,-17.1,137.1,152.2,149.3,149.5,146.6,134.2,142.6,147.0,148.2,135.1,137.4,129.9,150.7,154.2,157.8,162.8,166.6,166.8,164.3,165.0,162.0,131.9,43.1,-17.3,-15.7,65.2,98.9,140.4,152.5,155.0,159.8,162.1,160.9,158.0,147.7,147.2,166.1,168.0,166.6,164.4,157.7,148.2,137.2,132.4,132.2,125.0,123.0,135.0,137.6,134.3,129.3,124.0,118.6,108.0,118.9,122.2,126.2,130.5,130.4,127.1,122.2,100.3,85.0,50.5,19.2,-8.6,-7.3,-10.1,-14.3,-14.4,-38.0,-86.8,-168.1,-276.0,-389.2,-520.1,-647.7,-806.8,-961.8,-1151.9,-1376.9,-1618.8,-1886.1,-2135.1,-2382.8,-2587.8,-2809.8,-3008.6,-3220.9,-3407.0,-3597.4,-3761.1,-3924.5,-4060.4,-4191.3,-4288.4,-4353.5,-4384.6,-4399.2,-4421.0,-4442.4,-4463.2,-4471.0,-4474.8,-4475.6,-4482.7,-4492.5,-4495.6,-4497.6,-4499.2,-4493.0,-4496.3,-4499.0,-4499.6,-4499.7,-4498.9,-4498.3,-4498.3,-4498.2,-4497.4,-4497.5,-4496.4,-4498.0,-4497.6
-4167.4,-3953.1,-3705.3,-3413.5,-3065.0,-2673.0,-2241.9,-1858.9,-1503.8,-1200.3,-908.9,-636.9,-366.5,-107.6,87.5,193.6,148.1,112.2,104.0,100.8,101.9,102.0,102.0,102.2,95.7,100.0,98.9,93.8,87.3,68.1,34.8,15.6,16.2,37.1,81.0,91.6,102.6,111.0,102.8,125.6,132.3,140.6,148.4,153.8,156.2,156.1,153.6,133.3,131.5,133.5,137.4,147.7,170.1,178.5,185.9,191.2,194.3,197.0,197.2,199.0,200.3,199.7,196.0,191.5,179.3,184.6,190.6,192.5,193.5,191.2,186.6,181.4,177.7,158.9,155.0,176.6,175.9,171.0,160.9,156.3,154.7,156.5,159.5,159.5,155.9,149.2,140.4,112.7,112.4,118.6,118.5,116.2,112.7,109.8,102.6,94.3,93.7,93.1,102.3,101.2,100.0,77.4,25.7,25.7,26.0,26.0,27.2,26.6,73.6,69.3,42.7,-6.6,28.1,44.4,83.1,74.4,68.1,67.9,58.5,44.7,26.6,-14.0,-21.6,25.2,19.6,21.5,-30.2,-95.7,-235.8,-372.7,-509.2,-663.7,-822.3,-1051.2,-1310.6,-1578.4,-1842.8,-2095.1,-2337.7,-2548.5,-2773.0,-2979.6,-3193.2,-3385.5,-3594.0,-3794.3,-3922.0,-3947.1,-3922.2,-3792.1,-3625.6,-3429.1,-3241.2,-3025.6,-2822.8,-2595.8,-2388.2,-2155.8,-1948.3,-1724.3,-1526.7,-1315.5,-1131.7,-939.6,-749.5,-568.5,-412.4,-290.4,-187.1,-107.0,-49.8,-13.7,-14.4,-10.2,-6.7,-3.2,5.3,9.0,43.8,71.2,84.9,90.7,87.9,83.3,75.2,41.3,1.9,1.9,21.1,2.6,11.8,73.0,119.9,125.6,128.1,131.4,134.9,136.2,133.8,128.8,123.4,113.4,122.5,121.5,110.3,121.1,124.8,126.8,126.8,124.9,109.6,123.7,123.7,123.3,111.2,122.5,123.4,125.6,127.0,119.6,99.2,62.1,-6.5,-30.8,-128.7,-252.7,-398.8,-592.5,-842.3,-1128.3,-1436.0,-1736.3,-2017.2,-2296.4,-2590.2,-2871.7,-3137.8,-3403.2,-3643.9,-3856.3,-4051.0,-4210.2,-4326.3,-4403.4,-4449.8,-4470.4,-4474.8,-4482.5,-4485.3,-4485.8,-4486.5,-4487.1,-4487.8,-4488.5,-4489.3,-4490.0,-4490.8,-4491.5,-4492.3,-4493.0,-4493.8,-4494.6,-4495.4,-4494.0,-4495.5,-4487.3,-4467.7,-4429.2,-4372.3,-4288.4,-4189.0,-4061.0,-3925.7,-3761.9,-3598.1,-3406.6,-3222.7,-3006.4,-2760.1,-2449.2,-2089.3,-1691.6,-1338.3,-1050.3,-806.4,-580.5,-385.5,-207.6,-80.5,-25.3,-15.2,21.3,2.3,21.3,-13.2,44.9,84.3,105.9,96.3,105.2,128.5,136.7,145.6,151.1,151.3,150.0,150.3,153.0,155.4,157.5,157.6,155.6,152.2,151.5,145.1,145.1,152.8,149.3,138.3,132.4,-15.2,-14.8,92.9,120.8,152.1,152.0,152.9,155.4,158.8,160.1,163.9,165.7,164.9,163.6,163.7,163.0,166.1,167.4,167.0,169.1,171.3,170.6,167.7,161.5,132.4,105.9,-17.2,96.9,138.9,157.2,151.3,137.4,135.2,134.6,130.7,140.9,144.6,140.8,130.6,129.9,146.5,148.9,151.6,156.2,162.1,165.8,165.9,164.2,164.4,159.1,147.9,157.3,148.7,154.0,153.6,141.4,144.6,158.1,163.1,166.3,166.9,165.7,164.8,165.8,167.0,167.5,166.2,162.8,155.2,129.8,129.8,133.2,133.4,124.2,123.0,138.1,137.7,132.3,126.9,121.0,108.7,108.0,119.5,123.7,127.6,131.5,129.9,126.6,120.9,94.7,55.1,22.6,-5.8,-19.0,-16.9,-17.8,-135.9,-15.4,-16.5,-54.1,-120.0,-202.1,-304.7,-399.2,-520.6,-645.7,-809.4,-1001.3,-1228.4,-1473.6,-1712.3,-1954.0,-2158.5,-2383.8,-2588.0,-2810.8,-3010.9,-3221.3,-3407.2,-3597.9,-3762.4,-3929.5,-4059.3,-4160.2,-4217.5,-4245.8,-4280.0,-4319.7,-4360.0,-4387.4,-4397.8,-4404.0,-4422.0,-4444.8,-4462.5,-4471.5,-4474.7,-4477.7,-4485.5,-4492.9,-4498.4,-4497.6,-4500.5,-4500.3,-4500.1,-4500.8,-4500.1,-4499.7,-4499.7,-4499.1,-4501.3,-4498.5
-4031.0,-3817.2,-3568.6,-3292.2,-2977.2,-2611.3,-2217.5,-1793.1,-1422.1,-1101.9,-835.3,-593.3,-364.0,-111.5,78.8,178.1,136.1,105.2,100.3,97.9,97.6,97.8,98.6,93.9,91.1,91.1,88.5,72.9,47.7,20.6,15.0,16.3,62.8,80.7,110.7,115.3,109.0,120.3,123.9,129.3,130.5,147.4,152.9,155.5,154.9,151.9,130.4,130.3,148.2,153.0,158.7,167.2,174.7,182.5,187.6,190.8,190.9,192.3,189.4,196.9,198.4,196.6,193.7,191.4,188.0,189.9,194.0,195.1,192.0,186.3,182.3,180.3,179.3,179.4,180.0,182.1,181.0,172.0,159.9,153.1,137.6,148.0,142.0,151.1,149.6,144.3,119.3,112.9,112.6,112.4,108.9,111.5,107.0,101.8,107.9,85.5,63.8,59.2,-5.7,24.1,24.4,25.7,26.1,98.2,87.2,99.1,99.7,98.8,96.8,99.4,92.3,87.8,27.5,27.7,79.6,56.3,35.2,34.2,19.8,1.8,-14.5,21.5,2.5,28.8,19.6,22.1,21.7,-199.7,-334.5,-468.0,-614.2,-754.7,-949.6,-1177.3,-1437.8,-1723.4,-2008.4,-2283.5,-2536.8,-2778.5,-2982.7,-3197.7,-3390.1,-3586.1,-3756.8,-3928.7,-4052.6,-4076.4,-4058.4,-3956.9,-3796.2,-3630.8,-3432.4,-3242.5,-3026.4,-2823.6,-2597.8,-2387.6,-2157.4,-1950.9,-1730.4,-1529.6,-1311.1,-1091.7,-875.9,-673.3,-510.8,-372.4,-261.7,-159.2,-82.1,-36.5,-12.1,-9.3,-6.1,21.5,2.6,15.3,17.6,34.7,45.0,49.6,49.8,39.9,34.2,1.9,1.9,1.9,1.9,1.9,57.0,65.5,68.8,126.2,128.8,132.0,134.7,134.6,131.0,125.4,104.0,113.4,118.5,117.7,97.8,97.8,123.2,126.2,127.4,126.3,120.7,124.3,124.1,123.8,123.5,123.9,126.3,128.8,126.7,115.7,88.1,45.3,-5.5,-7.8,-49.3,-185.7,-356.4,-552.1,-788.7,-1058.3,-1333.4,-1599.0,-1870.1,-2162.6,-2449.2,-2727.4,-3012.6,-3279.0,-3523.5,-3759.2,-3964.8,-4131.9,-4260.5,-4356.6,-4414.6,-4454.1,-4474.9,-4479.5,-4487.2,-4490.0,-4490.5,-4491.2,-4491.9,-4492.6,-4493.3,-4494.0,-4494.7,-4495.5,-4496.2,-4497.0,-4497.7,-4498.4,-4499.2,-4500.0,-4498.6,-4500.1,-4491.8,-4472.2,-4433.7,-4376.6,-4292.6,-4193.0,-4064.9,-3929.4,-3765.5,-3602.3,-3405.8,-3175.2,-2876.3,-2519.7,-2113.2,-1692.5,-1302.1,-987.2,-727.8,-523.7,-350.7,-203.7,-92.1,-41.5,-31.5,-21.2,21.3,3.6,22.1,29.0,70.4,114.2,134.0,132.8,135.6,141.8,148.8,154.6,156.7,156.8,155.8,156.2,155.7,156.5,158.0,155.3,151.9,151.5,151.0,145.1,145.1,140.6,136.5,125.8,-15.5,-15.3,152.9,123.7,153.3,154.9,155.3,158.8,162.4,162.3,165.8,165.2,163.6,163.8,166.2,170.2,173.9,173.5,171.9,170.4,170.4,170.6,167.2,153.8,108.5,50.9,-17.5,83.1,131.0,154.8,154.8,137.2,136.6,139.8,129.6,128.9,122.8,119.5,130.0,145.5,115.7,83.4,135.3,150.7,155.9,160.2,162.6,163.7,164.7,165.5,164.3,161.8,159.7,158.6,158.5,157.5,159.3,160.2,163.2,167.8,169.5,169.2,167.2,166.0,165.7,165.1,164.1,160.4,151.7,129.8,135.1,135.5,134.2,122.8,122.8,140.5,138.1,131.6,126.6,114.1,89.5,97.9,120.6,125.0,129.8,131.5,129.1,125.2,107.0,78.7,34.7,-3.9,-16.9,-18.9,-21.3,-21.5,-18.8,-17.9,-17.6,-32.8,-72.2,-136.5,-208.9,-303.5,-397.8,-523.3,-679.9,-872.1,-1090.5,-1310.9,-1538.2,-1733.1,-1954.2,-2157.2,-2383.5,-2589.9,-2813.8,-3012.0,-3222.2,-3407.9,-3602.9,-3763.6,-3890.4,-3966.6,-4012.2,-4057.8,-4110.6,-4172.3,-4218.1,-4244.5,-4256.9,-4283.2,-4322.9,-4362.4,-4389.0,-4399.3,-4404.3,-4424.3,-4446.5,-4465.8,-4483.3,-4494.8,-4498.3,-4500.5,-4498.6,-4501.1,-4501.9,-4501.3,-4501.5,-4501.1,-4503.2,-4500.3
-3885.7,-3656.2,-3415.2,-3142.7,-2848.4,-2522.1,-2155.4,-1770.3,-1370.7,-1031.0,-753.0,-534.2,-334.0,-110.8,70.6,160.6,120.5,97.1,93.6,91.2,89.3,89.2,86.4,84.4,83.2,61.7,52.5,51.3,15.7,14.5,52.9,80.2,89.1,90.5,99.0,116.4,119.1,123.2,129.9,128.9,131.8,150.7,152.9,152.4,150.2,125.6,126.1,147.7,152.8,159.1,167.3,174.7,180.1,185.8,188.5,190.1,188.6,185.4,194.8,195.2,196.3,194.4,192.4,190.1,193.5,196.5,198.3,195.1,187.7,181.9,180.1,180.1,182.2,182.6,183.0,183.4,178.8,159.6,156.0,147.1,130.5,121.2,120.8,100.9,129.9,140.5,128.0,120.8,121.5,117.2,98.6,94.7,75.5,50.2,48.2,26.3,20.3,21.9,24.3,104.1,105.4,106.5,104.8,93.6,92.7,104.4,105.6,107.5,108.4,99.6,97.4,80.8,71.9,27.5,27.5,27.6,27.1,27.1,25.9,27.8,26.4,25.8,15.4,26.7,22.8,22.6,22.1,21.5,-406.3,-560.0,-736.2,-892.1,-1102.8,-1325.4,-1579.9,-1863.4,-2158.8,-2449.9,-2721.8,-2973.8,-3201.3,-3393.6,-3588.9,-3762.8,-3931.0,-4072.2,-4178.1,-4204.3,-4189.5,-4100.2,-3967.3,-3800.3,-3632.2,-3435.3,-3245.7,-3028.7,-2828.0,-2599.6,-2389.5,-2163.8,-1959.5,-1721.7,-1483.6,-1239.6,-1002.6,-803.9,-624.1,-472.4,-335.7,-217.9,-128.6,-64.9,-27.5,-10.7,-7.5,21.1,21.5,-1.4,5.6,10.6,13.8,6.7,12.5,1.9,1.9,1.9,2.4,2.1,11.2,17.9,23.5,61.8,121.6,126.7,129.5,132.4,133.8,132.0,127.0,121.5,93.3,105.2,114.6,95.4,96.3,119.3,123.8,127.8,130.0,129.3,124.3,126.9,126.0,125.6,125.9,127.6,129.7,129.6,122.4,102.1,71.2,2.8,-5.9,40.0,-46.2,-170.6,-324.7,-507.8,-727.6,-965.8,-1205.8,-1458.8,-1739.3,-2020.8,-2301.0,-2595.4,-2877.3,-3144.0,-3409.9,-3651.8,-3860.1,-4031.6,-4175.6,-4276.1,-4360.9,-4419.1,-4458.7,-4479.6,-4484.2,-4491.9,-4494.8,-4495.3,-4496.0,-4496.6,-4497.4,-4498.1,-4498.8,-4499.5,-4500.2,-4501.0,-4501.7,-4502.4,-4503.1,-4503.9,-4504.6,-4503.2,-4504.7,-4496.4,-4476.7,-4438.1,-4381.0,-4296.9,-4197.1,-4068.9,-3934.0,-3765.5,-3559.8,-3284.1,-2943.8,-2543.3,-2115.3,-1694.2,-1297.4,-944.1,-673.2,-463.9,-310.6,-182.5,-90.4,-42.7,-30.1,-24.9,-14.6,4.0,4.6,13.4,46.8,86.8,130.2,134.9,136.9,141.9,148.0,152.7,155.1,155.9,154.9,156.3,146.1,146.2,162.1,159.6,154.5,153.0,153.2,153.2,153.0,139.7,108.9,87.6,-12.6,-13.2,155.4,129.3,155.2,158.0,159.7,161.7,164.3,165.8,165.3,163.0,165.1,168.4,172.9,177.4,179.4,177.4,170.8,146.7,137.5,134.9,129.9,109.2,73.1,-13.6,-17.9,72.1,119.5,151.8,158.1,157.7,153.7,148.6,142.2,135.6,118.9,107.9,131.5,117.9,80.4,85.5,117.8,152.8,153.0,156.2,157.6,158.0,159.5,161.7,162.7,162.5,162.0,161.5,162.3,162.7,162.2,162.7,164.8,166.9,169.2,169.2,166.9,164.9,163.1,161.9,160.4,157.5,148.8,108.5,108.3,119.3,119.7,124.2,142.3,142.4,138.3,130.3,124.7,123.1,90.1,89.5,121.5,127.1,130.4,131.0,128.4,124.4,108.3,70.5,10.4,-5.8,-17.5,-21.8,-19.9,-23.4,-85.4,-21.3,-21.4,-20.5,-39.5,-73.7,-133.9,-202.6,-374.6,-424.8,-574.6,-754.0,-944.9,-1189.9,-1367.9,-1537.0,-1732.3,-1954.5,-2157.9,-2385.3,-2654.8,-2871.6,-3013.2,-3227.1,-3406.4,-3558.1,-3654.9,-3704.8,-3763.5,-3826.6,-3905.1,-3968.1,-4006.7,-4023.6,-4057.8,-4112.8,-4174.3,-4221.8,-4245.0,-4256.1,-4284.5,-4323.5,-4366.8,-4411.5,-4446.3,-4468.1,-4479.6,-4486.4,-4494.4,-4500.1,-4502.2,-4499.2,-4502.4,-4503.5,-4503.5,-4502.1
-3734.3,-3489.6,-3234.6,-2977.9,-2692.0,-2390.6,-2064.8,-1708.2,-1347.8,-987.6,-695.0,-472.3,-295.7,-81.9,72.4,141.0,106.7,86.6,76.3,82.7,83.8,86.4,71.5,57.0,44.1,21.5,14.4,12.4,12.8,12.9,12.9,56.8,103.8,96.4,98.4,116.3,121.8,128.7,136.6,142.5,147.3,148.7,148.2,146.3,123.3,124.2,149.2,152.2,150.4,166.5,174.6,178.3,183.6,188.2,188.5,189.8,177.0,192.1,193.0,193.4,193.1,191.4,191.5,193.9,197.8,200.2,198.8,191.4,183.4,180.1,180.1,181.8,185.5,185.7,183.7,180.2,172.9,152.5,151.2,143.8,120.7,122.1,87.6,36.8,66.3,117.4,130.7,130.2,116.0,106.5,106.1,86.9,45.2,22.8,22.4,20.3,20.3,20.3,97.1,111.7,113.7,113.3,111.2,109.2,100.7,108.4,111.1,113.3,110.6,105.1,82.5,78.1,68.8,72.0,59.2,55.0,42.6,31.8,9.5,-13.0,26.8,-18.2,28.2,22.8,22.6,22.8,22.3,21.6,-476.6,-653.7,-825.5,-1042.8,-1261.0,-1496.1,-1739.7,-2008.3,-2299.7,-2600.2,-2886.8,-3148.9,-3385.6,-3597.0,-3765.6,-3935.1,-4078.5,-4209.3,-4297.5,-4319.1,-4308.5,-4235.1,-4107.9,-3971.1,-3800.4,-3637.7,-3436.3,-3250.1,-3032.2,-2829.2,-2602.0,-2393.6,-2157.0,-1906.4,-1643.5,-1384.2,-1155.9,-941.1,-752.7,-573.1,-414.5,-294.4,-189.6,-110.4,-50.8,-14.1,-11.8,-11.7,-11.2,-8.7,-12.9,-11.6,-7.5,-0.8,10.8,1.9,1.9,19.1,56.1,68.8,78.0,90.1,95.9,108.1,117.1,125.7,130.2,132.3,132.1,128.4,122.4,117.0,92.6,92.8,81.1,87.9,96.9,121.0,125.7,130.5,132.9,132.3,124.4,130.4,129.9,130.1,130.7,131.9,132.8,131.3,127.6,77.3,18.3,-4.7,40.0,35.4,40.0,-139.7,-290.0,-458.8,-649.4,-853.2,-1077.9,-1335.8,-1601.9,-1874.0,-2167.0,-2454.2,-2732.9,-3018.6,-3286.4,-3526.1,-3731.6,-3914.5,-4051.0,-4179.7,-4280.4,-4365.5,-4423.7,-4463.5,-4484.4,-4489.1,-4496.5,-4499.0,-4500.2,-4500.8,-4501.5,-4502.2,-4502.9,-4503.6,-4504.3,-4505.0,-4505.8,-4506.5,-4507.2,-4507.9,-4508.6,-4509.3,-4507.8,-4509.3,-4501.0,-4481.2,-4442.6,-4385.3,-4301.1,-4201.8,-4069.9,-3898.3,-3657.2,-3347.1,-2966.3,-2545.0,-2116.1,-1696.0,-1297.3,-939.4,-638.8,-421.6,-259.7,21.9,22.5,-25.0,-16.8,5.3,7.0,5.9,4.1,-13.4,-11.2,41.4,81.4,104.8,133.7,138.1,142.6,147.0,149.2,149.6,147.5,137.6,137.8,159.9,165.1,165.2,161.1,156.7,155.9,154.5,155.7,155.5,128.8,90.4,-11.8,-12.7,157.9,132.9,133.3,159.6,159.6,162.2,163.6,164.4,161.5,161.5,171.3,175.5,180.7,183.0,181.9,165.3,140.6,110.3,88.6,79.9,75.8,62.9,40.3,-12.8,-15.2,46.8,98.7,142.4,162.3,163.6,161.3,157.1,150.4,144.7,136.9,99.1,22.4,-14.0,74.0,138.2,153.0,154.1,155.3,156.2,155.1,153.1,154.0,155.5,155.2,155.9,156.5,158.3,160.6,162.6,163.8,164.8,165.4,166.5,167.7,167.5,164.9,161.3,147.4,157.9,157.3,155.3,149.2,93.9,94.7,106.3,138.1,142.5,145.8,145.1,138.5,130.3,125.1,122.7,72.8,72.2,124.2,124.7,129.1,130.6,127.0,124.3,102.1,18.0,-6.2,-6.1,-5.6,-16.8,-19.4,-22.9,-20.7,-20.8,-22.1,-20.9,-17.6,-39.3,-62.8,-122.4,-216.8,-341.2,-483.4,-634.1,-807.1,-963.2,-1148.7,-1328.7,-1537.5,-1732.3,-1954.0,-2159.6,-2389.5,-2596.1,-2819.3,-3021.1,-3196.3,-3284.9,-3347.8,-3409.7,-3484.3,-3574.6,-3650.8,-3702.1,-3720.7,-3763.2,-3827.8,-3909.5,-3970.2,-4010.4,-4026.1,-4063.5,-4116.5,-4179.6,-4253.7,-4321.7,-4372.4,-4402.3,-4425.2,-4449.4,-4466.2,-4477.6,-4488.5,-4496.4,-4500.5,-4501.9,-4497.7,-4498.1
-3640.0,-3322.6,-3056.5,-2786.9,-2522.0,-2232.8,-1935.3,-1621.8,-1290.5,-968.7,-663.1,-427.0,21.1,21.2,106.1,112.1,80.6,74.0,71.9,74.6,65.9,59.0,36.7,-7.5,12.6,12.3,12.3,12.5,52.6,42.4,14.4,12.9,49.0,108.5,113.0,118.7,127.8,135.7,140.9,143.6,144.8,143.1,140.3,118.7,120.2,148.6,153.3,160.0,167.1,174.3,180.9,184.1,185.9,186.8,184.6,168.5,173.6,189.4,190.9,190.2,178.5,189.1,193.5,197.3,200.0,199.8,193.6,186.5,181.6,181.0,182.9,186.1,188.1,186.9,181.4,174.7,156.8,146.0,144.3,139.9,110.9,107.9,88.0,35.4,19.1,85.1,114.6,114.4,108.9,99.2,98.8,66.7,-0.5,20.5,20.8,20.3,22.6,82.5,81.6,109.6,114.4,116.3,114.5,112.9,111.7,114.0,116.6,117.9,114.9,108.2,100.4,91.5,80.2,82.2,81.4,69.0,65.0,55.9,17.3,26.1,26.6,-12.4,6.6,65.7,71.2,22.6,22.1,21.5,-458.0,-747.5,-942.9,-1185.3,-1430.5,-1670.9,-1922.0,-2176.4,-2450.3,-2739.8,-3032.7,-3304.9,-3546.8,-3758.9,-3944.4,-4083.7,-4216.9,-4324.0,-4397.1,-4416.4,-4408.2,-4342.0,-4242.7,-4114.1,-3974.6,-3803.2,-3635.1,-3438.8,-3249.4,-3033.3,-2834.3,-2599.6,-2345.7,-2074.6,-1799.7,-1554.9,-1315.9,-1096.6,-878.8,-676.9,-514.1,-375.4,-263.5,-162.1,-84.9,-41.3,-20.6,-21.5,-21.7,-19.9,-17.9,-14.7,-12.1,-6.8,14.6,1.9,19.8,52.7,68.5,81.9,81.7,78.9,94.9,106.3,117.5,126.3,130.7,131.5,129.3,124.0,117.6,113.2,90.7,76.3,76.6,114.3,119.1,123.3,128.3,132.7,134.7,133.9,124.4,132.6,133.4,134.2,134.8,135.2,135.0,129.8,105.9,70.2,-3.2,-4.0,58.2,76.0,8.5,-97.3,-247.5,-398.8,-557.1,-743.1,-967.7,-1208.1,-1461.9,-1742.9,-2025.0,-2305.7,-2600.7,-2884.1,-3145.4,-3375.8,-3588.8,-3753.9,-3918.4,-4055.0,-4184.2,-4284.9,-4370.1,-4428.4,-4468.5,-4488.5,-4496.8,-4498.6,-4502.9,-4505.1,-4505.7,-4506.3,-4507.0,-4507.7,-4508.4,-4509.2,-4509.9,-4510.5,-4511.2,-4511.9,-4512.6,-4513.3,-4514.0,-4512.4,-4513.9,-4505.5,-4485.7,-4447.0,-4390.1,-4303.1,-4174.9,-3979.8,-3712.1,-3367.9,-2969.3,-2547.5,-2118.1,-1697.0,-1298.3,-941.1,-632.8,-392.3,-216.8,22.5,4.4,31.3,37.5,45.7,49.1,47.4,39.3,18.8,-11.7,-12.8,9.4,63.9,131.4,136.0,138.2,141.0,142.9,124.5,137.6,138.0,138.3,159.0,165.2,167.1,166.9,164.5,162.5,160.7,158.7,157.5,138.8,135.9,-11.8,-12.1,150.0,149.5,140.2,140.7,143.4,151.4,154.0,161.5,161.9,171.4,176.8,183.6,186.1,184.5,168.9,149.9,118.7,82.3,33.5,36.3,33.2,29.9,-18.3,35.8,28.0,35.8,80.2,117.4,152.0,166.0,163.3,160.2,156.4,152.2,140.7,86.1,-14.7,35.4,126.5,151.4,154.8,155.8,158.7,159.0,157.8,149.2,148.5,144.1,143.5,141.8,136.6,135.5,139.2,157.5,159.2,162.1,164.4,165.8,166.9,165.4,160.6,155.7,150.9,138.8,154.4,152.5,146.0,93.2,93.2,107.3,142.9,147.1,148.4,146.3,139.0,130.3,127.3,126.2,8.1,37.7,94.0,128.6,131.0,129.2,128.6,113.1,59.0,16.9,48.5,58.7,26.0,-4.8,-15.7,-19.7,-14.8,-13.0,-17.7,-17.7,-15.3,-11.1,-15.3,-57.1,-143.4,-263.8,-386.5,-519.5,-646.6,-803.7,-960.6,-1147.6,-1327.8,-1537.6,-1732.7,-1954.6,-2160.3,-2388.0,-2587.4,-2764.0,-2878.2,-2947.9,-3071.7,-3096.2,-3196.1,-3282.4,-3340.6,-3365.4,-3409.9,-3486.1,-3577.2,-3655.1,-3703.9,-3722.1,-3764.7,-3828.3,-3912.2,-4010.8,-4106.9,-4177.9,-4228.7,-4282.4,-4327.9,-4365.4,-4394.1,-4425.3,-4449.3,-4468.7,-4477.3,-4479.9,-4483.9,-4489.7
-3581.8,-3222.9,-2880.2,-2601.8,-2327.5,-2063.9,-1781.9,-1498.9,-1208.5,-914.9,-645.9,21.1,21.6,21.8,99.2,63.8,46.1,28.1,52.3,50.4,43.1,25.2,8.7,10.0,11.3,45.0,51.9,71.4,77.8,90.3,92.9,94.8,106.4,110.8,118.9,117.3,134.1,138.3,139.2,138.7,138.3,112.7,114.8,117.2,134.5,151.6,158.1,165.0,171.9,177.9,181.4,183.3,183.3,183.2,162.0,162.8,186.4,186.1,187.0,172.4,172.7,190.4,195.5,199.3,199.6,195.0,176.4,183.2,182.7,183.5,187.4,189.4,188.4,184.5,177.6,168.3,157.0,146.6,139.1,137.0,120.7,90.9,18.3,18.3,18.3,18.3,18.3,18.3,18.3,18.3,18.3,18.3,18.6,43.3,20.3,21.8,28.1,66.3,102.0,112.3,114.7,115.5,115.4,115.0,116.0,117.9,119.4,121.1,118.3,111.6,103.4,96.1,90.2,80.8,82.5,78.2,73.6,42.0,-11.1,26.7,-16.0,31.1,67.6,133.0,134.0,22.1,21.7,21.0,-515.0,-714.2,-1058.8,-1320.3,-1589.2,-1853.5,-2104.5,-2365.7,-2620.1,-2890.1,-3167.8,-3442.9,-3688.9,-3899.7,-4080.0,-4222.2,-4332.0,-4419.6,-4476.7,-4485.9,-4479.9,-4433.4,-4348.4,-4247.6,-4114.7,-3975.3,-3807.0,-3637.5,-3443.5,-3252.9,-3032.7,-2785.3,-2515.9,-2236.5,-1981.2,-1726.8,-1488.5,-1245.1,-1008.1,-808.0,-626.5,-475.7,-339.9,-222.1,-134.5,-83.8,-58.1,-45.8,-31.6,-28.5,-24.6,-20.9,-3.6,20.3,0.5,20.3,18.3,25.6,40.7,44.5,42.1,42.6,68.4,93.5,122.5,129.7,130.8,129.6,125.4,119.1,113.1,111.0,84.2,67.9,78.6,115.3,121.0,125.7,130.6,134.2,135.4,134.7,134.2,134.8,135.9,136.7,137.2,136.8,135.4,127.7,84.8,0.3,-2.5,51.8,89.6,102.5,48.6,-42.1,-182.6,-324.7,-470.7,-650.7,-854.9,-1080.4,-1338.7,-1605.3,-1877.9,-2171.5,-2460.2,-2733.2,-2979.5,-3213.7,-3400.1,-3592.4,-3757.5,-3922.6,-4059.3,-4188.6,-4289.6,-4375.3,-4431.5,-4464.7,-4485.4,-4497.3,-4500.3,-4507.2,-4510.0,-4510.6,-4511.3,-4511.9,-4512.6,-4513.3,-4514.0,-4514.7,-4515.4,-4516.0,-4516.7,-4517.3,-4518.0,-4518.6,-4517.1,-4518.5,-4510.1,-4490.5,-4450.2,-4373.8,-4237.2,-4024.0,-3729.4,-3370.5,-2971.6,-2549.9,-2120.0,-1698.9,-1300.9,-941.3,-635.8,-410.9,-233.2,-104.3,11.2,72.0,86.0,91.4,87.7,79.5,75.2,69.3,68.1,89.7,113.9,131.2,135.0,134.8,136.9,116.2,116.3,124.6,143.3,144.0,149.8,151.5,164.1,166.8,168.4,167.9,168.3,167.1,164.6,148.0,148.7,163.1,46.2,-14.7,159.3,164.0,151.8,152.5,153.1,163.2,165.4,167.3,173.1,171.4,179.2,191.0,189.7,185.2,181.8,150.4,120.3,78.9,26.4,-13.5,-14.4,-16.5,-18.1,-11.7,35.8,-14.5,51.2,91.7,135.2,162.5,160.8,158.7,156.9,150.5,139.2,96.4,-12.4,80.1,127.9,153.5,157.2,158.7,158.8,158.1,159.9,159.4,157.1,154.4,152.6,151.8,151.4,149.4,134.3,132.1,130.4,132.7,160.4,151.1,163.0,160.9,155.8,147.8,125.1,108.8,149.9,150.3,144.5,93.2,115.3,143.2,148.0,150.6,150.1,147.1,139.7,129.6,127.1,128.0,-6.5,-5.7,73.7,104.0,132.8,132.2,129.0,127.3,68.2,67.2,104.2,82.3,61.4,37.7,22.1,21.3,23.4,23.3,16.9,9.3,8.9,17.1,21.8,4.8,-68.4,-175.6,-297.2,-397.1,-521.0,-644.9,-804.8,-959.7,-1148.7,-1327.9,-1536.9,-1736.4,-1959.4,-2155.7,-2335.5,-2455.4,-2526.9,-2597.2,-2678.5,-2784.9,-2877.7,-2942.0,-2968.0,-3019.1,-3095.8,-3198.4,-3283.5,-3344.8,-3365.2,-3411.2,-3485.2,-3582.3,-3703.1,-3817.7,-3911.3,-3976.8,-4057.4,-4117.5,-4177.4,-4226.9,-4281.7,-4326.9,-4367.3,-4394.2,-4405.4,-4409.9,-4427.6,-4448.3
-3575.2,-3158.6,-2774.4,-2420.8,-2142.3,-1873.0,-1620.1,-1355.7,-1098.1,-843.9,-600.7,21.2,21.8,21.6,31.2,3.9,-12.6,2.5,16.4,20.7,8.7,10.6,11.3,36.6,40.6,72.3,81.6,92.5,96.3,98.5,100.9,107.6,112.2,112.7,122.6,133.2,136.6,137.7,124.3,107.1,103.6,105.8,113.5,131.4,138.2,156.6,162.2,167.9,173.4,176.7,178.8,179.8,179.9,180.5,151.2,163.7,168.9,165.4,167.5,172.7,173.6,192.0,195.7,198.0,194.2,178.4,176.4,185.0,185.5,188.9,191.8,190.2,185.6,179.6,171.5,162.4,152.1,143.5,141.2,120.7,89.9,31.3,18.3,63.6,82.4,112.9,108.8,86.6,83.1,52.9,18.3,90.4,101.3,82.4,20.3,20.6,20.0,75.8,96.7,84.3,44.2,23.6,115.3,116.4,118.1,119.1,120.5,122.4,120.2,115.1,107.4,98.8,91.1,79.2,79.0,78.3,56.7,27.6,24.9,26.0,14.4,86.1,161.0,208.3,132.1,21.5,-309.3,-520.1,-743.0,-771.2,-999.8,-1447.7,-1733.6,-2020.1,-2291.6,-2549.0,-2804.9,-3052.5,-3309.0,-3565.1,-3809.4,-4019.3,-4194.2,-4328.8,-4425.0,-4489.7,-4527.8,-4537.6,-4532.5,-4499.3,-4439.6,-4353.4,-4250.5,-4117.5,-3977.9,-3808.6,-3641.1,-3441.2,-3209.3,-2953.7,-2677.7,-2421.9,-2163.0,-1910.9,-1650.2,-1389.3,-1160.7,-945.5,-756.7,-575.4,-417.2,-299.8,-215.6,-160.0,-119.6,-82.5,-57.6,-34.9,-32.3,-7.7,-22.1,-12.7,20.3,5.0,22.8,7.2,12.6,14.2,-2.6,11.4,50.1,90.1,125.2,130.2,129.4,126.1,120.5,114.9,111.0,107.6,60.7,43.7,83.6,116.3,121.9,126.9,131.6,134.8,135.8,135.7,135.8,136.6,137.2,137.3,137.5,137.0,134.2,116.3,72.4,-1.7,-2.1,74.1,108.8,119.5,87.0,3.3,-106.3,-249.1,-398.7,-558.5,-745.0,-970.0,-1210.8,-1465.2,-1746.7,-2030.3,-2305.2,-2558.4,-2804.8,-3005.1,-3217.0,-3403.3,-3596.3,-3761.6,-3926.9,-4063.8,-4193.8,-4291.4,-4361.6,-4413.4,-4450.6,-4481.1,-4499.5,-4504.4,-4511.8,-4514.4,-4515.6,-4516.2,-4516.9,-4517.6,-4518.2,-4518.9,-4519.6,-4520.2,-4520.9,-4521.5,-4522.1,-4522.7,-4523.3,-4521.7,-4523.3,-4514.3,-4485.2,-4411.0,-4266.0,-4037.8,-3732.2,-3372.7,-2973.7,-2552.0,-2120.3,-1700.0,-1301.1,-941.1,-661.9,-453.4,-312.6,-186.5,-75.4,33.6,90.2,111.2,112.6,108.9,101.3,98.8,100.0,109.7,128.0,127.7,105.4,111.2,103.1,102.6,108.4,140.7,145.9,148.9,154.2,159.3,163.5,165.8,167.1,170.0,169.7,148.0,148.0,148.7,167.7,166.2,27.1,-12.2,165.0,165.1,158.9,166.8,169.6,170.8,170.3,169.2,179.1,183.5,195.7,197.2,191.4,186.3,184.5,167.8,130.0,83.4,46.9,-31.4,-14.8,-19.2,-21.1,-19.4,-20.6,-20.1,28.8,75.6,121.7,155.0,156.0,154.9,148.7,146.7,136.1,90.8,-13.8,69.6,125.2,149.5,158.1,158.4,156.5,149.4,159.1,160.3,160.4,159.6,157.7,155.1,153.2,151.7,150.8,133.4,130.1,128.8,135.5,149.1,155.3,153.5,148.7,122.2,106.3,97.6,145.2,145.6,140.7,82.8,103.0,145.6,149.4,151.3,151.7,149.3,141.6,125.7,125.7,110.3,56.4,-5.1,-4.6,78.5,107.0,133.6,132.6,130.2,130.6,131.2,120.9,118.3,102.7,87.6,80.3,78.9,84.7,82.1,72.2,64.1,59.7,64.5,72.9,66.4,14.4,-79.0,-178.8,-298.0,-399.1,-517.6,-646.9,-802.7,-959.7,-1148.7,-1328.2,-1543.9,-1730.7,-1906.4,-2021.3,-2097.4,-2167.6,-2248.5,-2356.5,-2452.4,-2521.3,-2548.0,-2596.9,-2680.2,-2785.8,-2879.5,-2943.2,-2973.2,-3017.3,-3097.2,-3204.9,-3338.3,-3474.2,-3582.4,-3660.2,-3754.6,-3841.0,-3910.9,-3978.9,-4052.5,-4117.9,-4179.6,-4226.1,-4251.5,-4260.1,-4288.4,-4325.7,-4370.1
-3576.4,-3149.6,-2710.1,-2316.9,-1964.3,-1694.2,-1439.8,-1207.2,-971.8,-749.3,-541.4,21.1,21.6,21.8,21.6,6.6,5.1,8.8,10.7,-1.5,10.0,9.3,35.2,53.1,82.1,90.0,91.7,92.2,99.8,102.9,108.2,114.4,121.7,127.3,131.3,133.2,119.4,106.1,92.1,88.8,98.3,136.7,144.9,151.0,157.0,160.5,165.3,170.6,173.1,174.9,176.1,176.0,176.6,177.3,146.8,157.1,177.0,165.4,165.9,167.8,188.7,192.4,193.2,192.4,174.2,175.0,184.9,186.9,190.1,193.0,192.8,188.5,182.0,174.2,165.6,156.8,148.1,141.8,123.6,103.0,44.6,38.6,63.6,98.5,122.9,131.8,128.7,123.5,120.5,115.2,116.1,118.2,107.6,66.5,-36.5,30.9,-34.7,17.4,83.8,19.3,19.3,58.2,115.3,117.3,119.2,119.5,120.8,122.4,121.7,117.6,111.3,102.9,95.2,88.2,74.6,46.6,23.8,25.3,24.3,14.4,61.8,145.8,217.8,209.6,67.4,-141.8,-358.4,-571.7,-808.8,-1052.1,-1121.1,-1357.8,-1871.7,-2169.5,-2461.2,-2735.2,-2985.1,-3232.9,-3462.6,-3693.9,-3918.9,-4120.0,-4286.0,-4406.5,-4488.9,-4537.9,-4561.4,-4564.7,-4561.2,-4543.0,-4502.3,-4441.4,-4356.4,-4253.5,-4123.7,-3980.5,-3807.9,-3603.3,-3367.0,-3108.6,-2860.7,-2604.3,-2351.8,-2081.9,-1806.5,-1560.2,-1321.8,-1101.3,-883.0,-680.0,-520.2,-407.3,-327.0,-259.8,-193.5,-138.3,-90.2,-45.7,-12.9,-29.5,-25.2,-18.3,-9.2,22.8,1.1,2.4,11.1,20.6,20.5,8.2,39.0,86.6,124.4,128.9,126.2,121.3,115.4,108.1,107.3,70.8,22.8,6.6,90.9,115.8,121.1,125.9,130.7,134.1,135.7,136.1,136.4,136.8,136.5,135.9,136.1,136.1,133.9,107.4,32.5,-1.5,17.9,94.4,120.9,122.2,119.6,55.3,-37.6,-181.7,-326.1,-472.2,-652.5,-857.1,-1083.0,-1341.8,-1609.9,-1876.8,-2127.7,-2377.5,-2584.2,-2807.7,-3007.9,-3220.6,-3407.1,-3600.3,-3765.8,-3932.0,-4064.5,-4170.4,-4256.0,-4325.6,-4391.6,-4443.4,-4483.8,-4504.0,-4512.3,-4514.1,-4518.5,-4520.7,-4521.3,-4521.9,-4522.6,-4523.2,-4523.9,-4524.5,-4525.1,-4525.7,-4526.3,-4526.9,-4527.5,-4528.1,-4526.3,-4525.5,-4501.1,-4427.0,-4277.5,-4042.1,-3736.3,-3378.1,-2976.6,-2556.1,-2123.9,-1699.3,-1303.8,-976.7,-718.4,-538.0,-400.2,-279.7,-153.0,-33.8,67.2,117.9,115.9,117.6,119.0,120.2,121.3,120.9,112.5,83.0,58.4,-10.4,26.4,102.6,117.4,124.1,131.4,147.8,152.3,144.5,145.1,151.4,152.6,169.0,170.4,170.8,170.1,169.9,169.8,123.5,93.1,153.2,169.0,165.2,172.8,172.1,181.2,182.0,175.6,180.6,202.3,216.0,228.0,236.0,218.7,202.3,196.4,154.2,110.2,71.8,47.2,-10.7,-10.4,-16.9,-19.5,-20.1,-19.7,-20.5,-38.5,58.4,120.0,149.0,151.8,141.2,138.4,124.9,115.1,58.5,-13.3,-13.3,127.4,147.4,158.2,159.9,158.3,149.4,154.6,155.7,157.0,158.9,159.2,158.8,157.8,156.4,154.3,151.9,151.2,128.4,126.7,124.0,129.9,146.2,143.4,123.2,76.8,85.9,143.8,143.8,140.9,82.4,81.5,143.2,147.1,149.2,152.3,151.5,143.7,134.7,128.8,112.6,82.2,62.8,-4.1,-3.6,88.6,120.5,133.8,131.9,131.9,131.8,131.8,134.3,136.4,125.1,122.8,123.4,128.6,126.2,115.1,106.3,102.0,105.9,110.0,121.4,80.1,15.5,-76.2,-179.0,-294.8,-396.2,-518.4,-643.5,-803.6,-959.7,-1148.6,-1327.8,-1490.3,-1603.4,-1675.5,-1745.4,-1820.7,-1926.4,-2022.4,-2093.1,-2120.2,-2168.4,-2248.7,-2359.0,-2453.0,-2522.4,-2551.2,-2601.9,-2679.8,-2792.3,-2935.0,-3079.4,-3200.6,-3292.4,-3399.2,-3490.3,-3587.4,-3661.0,-3753.5,-3833.7,-3912.9,-3974.8,-4015.1,-4030.4,-4064.3,-4116.5,-4183.2,-4256.3
-3578.8,-3154.6,-2702.2,-2253.9,-1862.8,-1525.9,-1274.3,-1044.6,-841.8,-643.7,-471.4,-305.8,-137.7,21.2,-5.0,5.9,4.4,8.0,7.6,6.0,-7.5,7.0,32.4,52.1,74.1,86.5,97.7,99.4,103.4,103.9,108.2,121.4,128.8,130.0,130.1,129.1,97.0,29.1,61.7,115.1,125.0,145.1,151.3,156.8,160.5,164.5,169.4,171.3,171.3,172.3,172.0,172.4,158.9,159.1,136.5,143.0,154.1,166.1,182.2,186.6,188.8,189.0,189.3,172.4,173.3,187.2,188.9,192.0,194.6,195.2,191.2,185.1,177.7,168.7,160.4,152.1,143.9,117.2,116.3,48.0,46.2,89.8,100.9,145.2,148.5,147.3,145.9,141.9,138.1,133.2,128.1,123.0,95.9,77.2,30.9,19.3,30.9,-5.8,-0.3,19.6,84.7,110.6,114.8,117.2,111.3,121.0,121.5,123.0,122.9,119.2,114.4,107.3,99.5,86.0,88.4,54.7,23.8,23.8,18.4,63.2,113.4,191.1,249.2,139.8,-32.5,-227.6,-410.9,-613.7,-866.7,-1130.2,-1439.9,-1516.9,-1746.7,-2312.8,-2613.1,-2901.9,-3163.4,-3399.0,-3624.0,-3829.4,-4025.6,-4205.3,-4358.8,-4465.0,-4530.5,-4565.3,-4576.1,-4573.1,-4576.4,-4567.6,-4544.9,-4505.3,-4444.4,-4358.5,-4256.0,-4119.5,-3947.0,-3743.7,-3510.1,-3281.4,-3037.9,-2791.1,-2522.8,-2243.0,-1988.0,-1733.7,-1492.3,-1248.8,-1014.6,-815.3,-667.9,-559.9,-467.1,-373.3,-290.5,-202.0,-140.4,-41.1,-59.2,-45.5,-28.7,-23.4,-17.3,-17.7,20.6,-14.3,20.6,1.0,1.0,20.5,28.8,77.1,108.5,123.8,121.5,116.1,110.9,107.0,80.8,69.7,5.0,5.3,70.2,114.9,118.9,123.4,128.1,132.0,134.1,134.6,134.5,134.2,133.5,132.8,133.4,134.4,132.6,115.9,14.1,-0.3,83.3,121.5,123.1,123.7,123.6,90.3,2.8,-110.3,-251.4,-400.2,-560.2,-747.1,-972.5,-1214.6,-1463.6,-1703.2,-1947.3,-2153.1,-2380.0,-2586.7,-2811.0,-3011.3,-3224.3,-3411.0,-3605.2,-3765.6,-3900.5,-4014.5,-4113.1,-4214.3,-4304.2,-4390.4,-4447.0,-4480.3,-4501.1,-4513.1,-4516.1,-4523.0,-4525.8,-4526.4,-4527.0,-4527.6,-4528.3,-4528.9,-4529.5,-4530.1,-4530.7,-4531.2,-4531.8,-4532.4,-4532.4,-4531.5,-4508.0,-4435.9,-4280.2,-4044.6,-3739.8,-3380.4,-2979.3,-2556.5,-2125.8,-1705.2,-1345.4,-1044.6,-827.0,-648.5,-500.3,-361.4,-225.4,-100.1,25.0,101.3,125.0,130.7,130.9,106.8,100.7,57.1,29.2,-8.7,-9.8,-10.7,-8.6,101.4,138.4,129.3,131.1,137.3,139.2,144.1,156.9,160.6,166.2,170.2,171.9,174.3,172.0,170.7,173.5,154.1,159.3,170.8,173.5,174.5,179.0,194.1,209.0,195.0,174.5,172.9,193.9,214.9,229.9,238.3,230.3,205.7,169.5,117.7,71.5,40.2,-10.4,-13.6,-14.3,-16.1,-18.3,-19.7,-15.7,-15.1,45.2,85.1,124.2,146.4,146.9,142.3,123.6,96.5,69.0,-71.2,-11.6,76.9,111.7,148.6,155.0,158.4,158.3,151.1,129.8,152.4,151.4,154.3,154.7,155.5,157.1,158.0,157.3,154.3,150.9,151.8,149.8,125.2,121.0,114.8,139.8,111.5,76.8,76.8,130.6,144.6,143.9,141.2,81.9,81.5,139.3,144.3,148.9,150.1,143.6,136.4,133.5,117.2,118.2,100.9,77.2,53.8,-2.7,77.1,106.1,58.3,20.1,50.7,134.1,136.4,139.6,143.7,145.5,147.5,149.0,143.1,135.6,129.7,126.8,124.4,125.7,124.5,121.0,77.4,14.4,-77.7,-180.7,-296.0,-399.1,-518.2,-643.8,-804.1,-956.5,-1104.7,-1207.5,-1276.1,-1338.9,-1412.9,-1512.4,-1603.2,-1671.0,-1698.1,-1742.7,-1822.1,-1927.1,-2022.6,-2092.8,-2121.0,-2168.0,-2251.7,-2362.4,-2507.8,-2659.5,-2787.9,-2889.1,-3001.2,-3102.9,-3205.2,-3298.3,-3398.6,-3490.4,-3582.0,-3657.3,-3707.6,-3729.5,-3768.7,-3832.0,-3915.8,-4014.5,-4112.1
-3582.2,-3157.6,-2706.2,-2247.7,-1803.3,-1434.1,-1122.2,-899.1,-703.9,-540.9,-386.2,-223.9,-61.0,21.9,29.5,22.3,-2.7,6.8,6.8,-7.8,-6.7,7.3,16.4,40.3,71.2,94.2,101.5,106.0,105.9,118.5,122.1,115.8,117.7,115.8,122.9,24.9,25.5,29.9,30.8,103.1,145.2,150.7,155.4,159.1,162.4,165.3,166.0,169.9,150.1,127.1,165.5,168.1,170.6,131.8,134.1,169.1,177.0,181.6,185.4,186.4,185.9,185.3,169.7,172.8,190.1,192.6,196.3,197.9,197.2,194.2,188.7,180.8,171.6,163.2,155.2,127.1,120.6,100.4,59.5,52.7,99.1,114.4,117.7,143.7,146.3,151.5,151.4,149.3,145.5,122.2,111.4,103.2,81.6,18.4,18.3,18.3,18.8,2.5,18.3,64.0,79.2,99.1,117.0,116.1,111.3,112.4,121.8,123.0,122.1,121.0,117.4,112.3,105.0,88.8,84.1,28.2,23.8,29.0,74.8,118.9,181.8,238.0,178.8,34.3,-145.2,-320.6,-477.5,-666.2,-894.2,-1197.5,-1526.7,-1864.1,-2177.6,-2465.9,-2755.8,-3049.3,-3320.9,-3562.8,-3775.4,-3968.9,-4136.8,-4290.8,-4419.3,-4507.4,-4558.7,-4578.4,-4579.9,-4582.6,-4579.9,-4580.4,-4570.5,-4548.0,-4507.2,-4449.0,-4359.5,-4230.3,-4066.8,-3869.2,-3669.2,-3448.2,-3215.8,-2961.3,-2684.9,-2428.6,-2170.4,-1917.6,-1655.6,-1393.1,-1170.8,-994.5,-862.9,-744.9,-620.0,-506.1,-383.3,-293.0,-221.9,-165.6,-120.5,-90.0,-74.1,-66.6,-61.2,-57.6,-55.9,-53.0,-38.3,20.6,20.5,6.7,25.5,70.5,104.1,118.7,116.4,111.6,107.9,107.0,69.7,6.8,3.9,23.2,81.0,113.6,116.5,120.6,125.1,129.2,131.4,131.2,130.1,129.1,128.4,127.9,130.1,132.2,131.0,112.6,72.1,6.2,85.1,124.4,124.6,125.5,124.0,107.0,49.1,-43.2,-184.1,-327.5,-473.8,-654.5,-860.2,-1081.2,-1300.3,-1529.8,-1727.2,-1949.5,-2155.2,-2383.0,-2589.8,-2814.3,-3014.9,-3229.0,-3410.1,-3567.4,-3703.8,-3825.8,-3955.8,-4077.9,-4208.5,-4306.6,-4377.1,-4429.0,-4466.5,-4497.1,-4515.4,-4520.4,-4528.2,-4531.0,-4531.6,-4532.2,-4532.8,-4533.4,-4534.0,-4534.6,-4535.1,-4535.7,-4536.2,-4536.8,-4537.3,-4535.8,-4513.9,-4440.0,-4284.3,-4048.5,-3742.8,-3382.5,-2984.4,-2557.3,-2131.1,-1751.6,-1423.8,-1176.8,-962.8,-775.2,-601.5,-440.5,-314.2,-186.0,-81.3,27.9,84.9,96.3,82.9,20.2,9.6,-9.2,-9.1,-8.0,-9.2,76.8,105.4,132.4,140.7,147.0,152.7,155.3,155.5,165.0,174.2,175.6,188.9,195.7,198.4,201.3,199.4,184.7,180.0,178.1,177.3,189.8,204.5,212.3,218.9,221.7,182.1,133.7,100.8,92.7,97.0,106.3,95.9,95.8,97.7,95.3,83.2,56.0,-9.2,-25.4,-25.7,-17.4,-17.0,-17.4,-18.1,33.7,37.9,-49.9,76.2,112.7,139.7,149.9,124.8,117.9,84.4,78.0,-11.0,-12.3,83.6,99.9,114.2,143.3,149.6,148.7,155.9,146.6,118.2,128.1,104.2,132.9,145.2,144.9,143.4,143.7,143.2,131.3,150.9,151.5,153.5,153.0,150.7,107.2,96.7,76.8,76.8,110.8,145.6,149.0,150.6,148.0,142.0,81.5,80.1,79.7,115.9,142.9,140.0,135.3,134.4,110.1,104.1,103.7,86.6,59.8,53.8,-2.9,68.8,-1.8,16.8,68.9,133.5,138.9,141.0,145.3,148.7,150.0,147.8,142.4,136.2,130.3,127.0,125.7,124.4,120.6,103.9,95.8,66.1,10.0,-83.7,-186.2,-299.2,-397.6,-427.8,-641.0,-766.0,-856.8,-917.0,-972.4,-1037.7,-1123.8,-1208.3,-1272.3,-1297.9,-1341.1,-1410.8,-1512.2,-1602.4,-1670.8,-1697.7,-1744.1,-1820.8,-1935.1,-2075.7,-2230.8,-2361.2,-2460.2,-2584.5,-2684.9,-2791.3,-2906.8,-3007.9,-3101.6,-3205.5,-3288.0,-3347.1,-3372.7,-3416.1,-3487.6,-3585.4,-3703.7,-3824.4,-3956.8
-3581.9,-3156.5,-2707.1,-2246.0,-1795.2,-1378.3,-1040.8,-770.6,-585.5,-433.9,-295.7,-128.3,8.0,93.5,78.4,60.0,19.5,7.1,0.3,13.4,-0.0,16.7,35.9,58.6,78.1,94.1,110.4,114.9,120.2,111.0,102.3,93.8,66.1,10.0,9.4,26.4,84.0,116.8,36.4,36.9,79.1,114.3,156.0,160.2,164.4,166.5,167.0,168.5,114.3,109.8,116.4,126.0,129.3,137.2,161.0,176.8,182.0,185.4,186.2,184.1,181.3,162.6,169.8,190.1,194.8,198.6,201.3,201.4,198.3,192.3,184.3,175.2,164.2,157.1,149.5,136.3,114.3,74.4,63.8,100.4,124.0,129.5,131.3,131.2,149.0,151.8,152.9,151.3,147.5,141.6,129.6,101.1,18.3,18.3,18.3,18.3,18.3,34.4,-40.6,17.9,67.1,80.0,99.7,107.1,106.4,113.6,121.5,122.6,122.1,121.2,119.1,116.2,111.8,99.3,91.6,39.3,23.8,61.3,113.9,166.8,219.1,168.0,54.5,-95.2,-267.3,-411.1,-561.1,-722.4,-962.5,-1260.6,-1600.4,-1955.9,-2303.2,-2620.0,-2907.5,-3187.0,-3459.7,-3705.5,-3917.1,-4096.1,-4249.6,-4372.3,-4472.7,-4540.6,-4576.4,-4587.3,-4586.6,-4586.3,-4586.4,-4583.6,-4585.5,-4572.5,-4553.4,-4509.5,-4432.1,-4319.5,-4169.1,-4006.0,-3815.5,-3611.6,-3375.2,-3116.6,-2868.3,-2613.3,-2357.1,-2087.0,-1810.0,-1568.3,-1378.5,-1224.7,-1088.0,-937.9,-795.7,-634.6,-510.4,-411.0,-330.8,-268.6,-217.4,-185.2,-167.1,-163.7,-162.9,-162.9,-158.6,-136.3,-105.6,-75.1,-41.1,2.3,26.5,70.2,104.5,116.3,111.8,108.1,105.7,100.6,43.0,-7.4,9.4,62.2,95.2,112.6,115.2,118.7,122.9,126.8,128.4,127.2,125.0,110.5,122.5,118.8,127.1,130.1,129.7,123.9,74.5,89.7,109.2,127.3,128.3,127.6,124.2,118.3,82.4,-0.9,-112.6,-252.8,-401.8,-562.7,-745.5,-934.9,-1140.6,-1322.2,-1531.7,-1729.0,-1952.1,-2157.9,-2385.9,-2593.0,-2818.7,-3013.3,-3186.5,-3339.3,-3479.0,-3631.4,-3779.2,-3945.9,-4079.3,-4185.5,-4271.4,-4341.3,-4407.5,-4459.5,-4499.8,-4520.8,-4526.0,-4534.0,-4536.3,-4536.8,-4537.4,-4538.0,-4538.6,-4539.2,-4539.7,-4540.3,-4540.8,-4541.9,-4541.6,-4541.4,-4520.5,-4444.4,-4289.7,-4054.8,-3747.0,-3386.6,-2983.9,-2567.1,-2180.0,-1836.4,-1570.1,-1333.2,-1117.0,-901.6,-702.0,-541.9,-406.4,-301.4,-184.6,-85.5,17.5,51.3,-7.6,-8.5,-8.5,-9.8,-7.4,10.3,92.5,110.8,136.8,149.9,151.2,164.8,180.6,193.7,202.4,213.4,221.9,216.9,238.2,244.3,247.3,248.5,244.6,223.0,216.4,215.8,218.4,231.1,245.0,266.1,226.6,158.5,89.7,33.4,-38.9,-48.7,-57.5,-81.6,-110.7,-129.2,-131.8,-108.6,-79.6,-59.9,-51.5,-43.5,-27.1,-23.6,-22.1,-20.5,-64.4,37.9,31.6,52.4,94.1,130.1,153.0,152.4,147.2,140.9,40.0,35.4,40.0,52.9,115.6,144.3,144.1,143.8,130.3,149.4,137.3,121.3,88.0,-10.4,-10.4,-13.4,-13.4,-10.1,-8.9,-8.9,-8.8,42.9,150.4,151.0,153.2,154.8,152.3,126.7,76.8,76.8,120.6,143.6,145.1,151.5,155.2,154.0,147.2,138.5,135.2,80.2,77.7,76.3,74.3,70.4,60.9,-4.8,-4.5,-3.3,-3.3,53.8,-2.8,28.5,-3.2,66.8,121.8,128.7,134.6,135.9,138.9,144.6,147.5,146.5,143.5,137.7,131.5,126.6,123.6,123.0,120.9,113.3,85.8,68.6,62.3,48.4,23.4,-106.0,-198.5,-224.0,-394.8,-489.9,-560.8,-613.9,-657.7,-707.3,-783.8,-857.5,-914.0,-936.9,-974.2,-1038.7,-1125.4,-1209.7,-1272.6,-1298.6,-1339.3,-1410.5,-1516.7,-1657.6,-1801.0,-1929.3,-2029.9,-2158.8,-2262.0,-2362.7,-2463.8,-2581.4,-2683.0,-2790.8,-2884.8,-2952.0,-2982.3,-3021.9,-3098.8,-3206.5,-3339.0,-3474.9,-3630.7,-3811.2
-3585.9,-3161.4,-2709.1,-2254.8,-1798.2,-1377.9,-994.4,-702.6,-485.5,-339.6,-183.2,-29.2,79.5,119.6,96.8,72.8,13.3,-0.5,56.9,55.1,55.3,57.7,67.5,78.3,94.6,110.4,113.7,111.3,101.3,92.2,68.1,9.4,9.4,9.4,103.9,129.2,134.8,133.5,117.1,56.7,79.4,102.8,156.0,160.8,164.9,167.2,164.4,145.6,91.3,93.8,100.0,166.8,171.5,176.0,180.3,185.1,187.2,186.6,183.3,180.0,161.5,162.2,187.0,194.5,200.8,203.9,203.0,200.2,194.9,186.5,176.3,167.1,157.2,147.3,147.9,146.7,93.5,76.7,109.0,123.8,142.2,142.6,145.8,145.8,149.0,151.4,151.6,149.6,146.3,140.7,130.0,103.8,18.3,48.7,18.3,40.5,100.4,55.2,-102.2,5.3,17.3,53.5,76.9,102.2,108.6,116.6,121.3,121.7,122.1,121.6,120.5,119.0,115.7,113.2,106.5,56.6,31.6,99.4,140.3,191.2,161.0,52.3,-83.2,-233.5,-369.7,-508.2,-665.1,-836.7,-1066.0,-1341.1,-1669.6,-2030.0,-2396.0,-2747.5,-3055.8,-3328.0,-3581.6,-3826.3,-4039.3,-4210.6,-4348.2,-4451.3,-4521.2,-4565.0,-4590.1,-4588.7,-4591.1,-4589.8,-4589.4,-4589.5,-4586.8,-4588.6,-4575.8,-4545.5,-4488.0,-4393.4,-4275.6,-4129.7,-3956.7,-3752.4,-3519.6,-3289.7,-3046.5,-2799.3,-2529.5,-2249.2,-1998.2,-1794.5,-1628.9,-1479.9,-1313.0,-1147.3,-957.2,-802.1,-671.6,-562.2,-476.4,-409.8,-361.0,-334.4,-328.1,-327.4,-328.0,-323.2,-297.5,-258.8,-212.2,-154.2,-88.2,-20.7,27.6,73.3,109.7,111.8,107.8,105.4,104.4,96.9,70.5,-8.1,59.1,86.5,111.3,113.1,114.4,117.4,121.4,125.1,126.3,124.4,120.8,92.1,92.7,104.4,124.3,128.6,129.2,124.7,76.5,100.6,125.4,128.5,129.9,129.0,123.9,116.6,108.2,46.6,-44.4,-185.2,-329.7,-472.7,-622.6,-795.6,-953.9,-1142.3,-1323.7,-1533.9,-1731.3,-1954.6,-2160.8,-2390.0,-2590.9,-2773.3,-2936.6,-3088.4,-3256.7,-3423.5,-3618.2,-3779.6,-3915.0,-4029.4,-4128.4,-4229.9,-4320.1,-4406.1,-4464.8,-4505.9,-4528.3,-4534.2,-4540.4,-4541.6,-4542.2,-4542.8,-4543.3,-4543.9,-4544.4,-4544.9,-4545.8,-4546.3,-4546.2,-4546.1,-4523.0,-4446.8,-4297.0,-4061.0,-3753.1,-3389.0,-2991.6,-2615.3,-2269.9,-1995.0,-1741.9,-1504.4,-1264.1,-1029.3,-829.8,-654.2,-524.0,-402.7,-301.6,-184.1,-63.6,-7.3,54.8,-7.2,37.3,102.1,111.6,130.7,137.4,155.6,173.3,185.1,186.5,195.8,218.2,240.7,255.6,237.3,209.3,197.2,191.1,186.8,185.3,177.7,179.9,180.1,183.7,200.7,236.7,262.3,265.2,200.3,104.7,-24.5,-102.8,-147.0,-164.0,-176.9,-188.9,-216.2,-259.8,-284.4,-283.4,-260.3,-210.0,-157.4,-117.8,-90.0,-61.5,-45.1,-26.5,-23.2,-20.9,-12.0,54.2,79.0,94.5,123.5,135.1,152.1,152.5,142.8,76.7,40.0,-11.2,70.6,115.2,145.8,144.7,137.9,115.4,110.2,105.8,48.8,-9.0,71.3,32.8,82.9,87.1,90.2,89.7,100.8,93.1,114.0,152.5,154.2,154.3,154.3,151.0,134.8,76.8,111.2,127.3,146.5,148.6,149.7,154.8,157.6,153.5,144.4,138.2,135.4,134.2,129.2,128.7,118.2,105.8,78.7,62.3,57.7,62.2,53.7,44.6,15.0,28.5,-0.5,84.9,107.3,136.4,138.6,140.5,141.4,143.5,140.7,137.3,132.4,126.7,122.3,121.5,120.9,117.6,109.0,73.4,44.4,22.6,7.9,24.5,-48.2,-76.0,-200.3,-142.7,-302.7,-365.4,-406.3,-446.6,-504.3,-562.5,-612.0,-631.2,-658.0,-709.9,-787.7,-856.5,-915.5,-937.4,-972.6,-1034.1,-1130.3,-1254.7,-1393.8,-1511.8,-1608.1,-1724.1,-1825.0,-1930.8,-2029.4,-2148.1,-2253.2,-2360.5,-2456.7,-2526.6,-2557.6,-2602.9,-2681.1,-2794.6,-2936.1,-3084.0,-3258.5,-3463.1,-3719.9
-3586.0,-3160.1,-2708.8,-2249.5,-1798.3,-1375.2,-988.4,-667.2,-432.2,-236.7,-73.7,54.4,135.5,106.3,81.6,51.6,34.5,65.5,84.9,89.0,88.3,90.4,95.9,102.9,120.1,114.2,96.2,77.0,76.6,8.8,9.4,10.0,51.7,93.0,130.6,137.0,143.0,147.2,150.8,136.7,151.8,155.5,160.1,163.9,165.0,163.6,159.9,90.0,90.5,147.1,141.3,171.7,177.8,183.2,188.0,190.3,187.9,183.7,180.3,158.1,158.4,182.7,189.9,199.3,205.2,205.7,202.0,196.1,188.3,178.5,168.4,148.5,138.2,132.2,146.7,107.4,106.9,128.5,127.8,131.6,144.3,144.6,146.5,147.6,149.3,150.7,149.5,147.5,144.1,139.3,129.5,105.3,18.3,70.2,103.7,110.3,114.9,73.4,16.3,17.8,15.7,17.0,52.8,84.5,109.2,108.9,122.5,123.6,123.0,122.9,122.3,121.2,120.1,117.2,101.2,64.6,59.2,118.7,160.0,201.6,117.3,-27.0,-185.6,-330.5,-467.3,-614.8,-767.8,-966.3,-1196.4,-1457.3,-1756.4,-2104.2,-2472.4,-2837.8,-3178.3,-3467.7,-3712.0,-3935.3,-4138.2,-4304.6,-4432.1,-4517.4,-4564.7,-4586.4,-4597.0,-4595.4,-4594.9,-4594.2,-4593.3,-4593.1,-4592.0,-4588.5,-4589.4,-4574.9,-4529.0,-4464.1,-4367.8,-4239.3,-4074.9,-3877.9,-3676.7,-3455.1,-3223.5,-2966.4,-2690.8,-2444.0,-2238.8,-2067.6,-1905.5,-1726.3,-1547.1,-1333.7,-1155.3,-999.8,-866.6,-755.2,-667.9,-601.8,-564.6,-554.1,-557.0,-557.0,-551.6,-517.9,-467.2,-406.2,-331.7,-243.1,-155.1,-59.3,-0.7,54.8,78.5,103.5,104.5,103.1,92.1,90.4,35.3,-8.8,57.7,102.6,107.8,111.6,113.2,116.2,120.1,123.9,125.1,123.0,119.2,100.3,86.0,96.5,122.8,127.7,129.1,125.7,83.6,122.0,125.9,129.1,130.6,129.0,122.7,114.6,110.3,82.4,2.8,-112.5,-251.1,-377.6,-511.0,-637.8,-797.0,-955.1,-1144.2,-1325.7,-1536.1,-1733.8,-1958.3,-2158.3,-2343.3,-2511.2,-2669.2,-2847.1,-3026.4,-3240.9,-3423.1,-3581.0,-3717.9,-3840.3,-3970.8,-4093.3,-4223.7,-4325.2,-4413.4,-4478.9,-4519.2,-4538.3,-4543.4,-4546.6,-4547.1,-4547.6,-4548.2,-4548.7,-4549.3,-4549.8,-4550.4,-4551.5,-4551.4,-4550.9,-4527.8,-4453.6,-4300.5,-4063.3,-3755.2,-3397.9,-3042.4,-2707.9,-2431.2,-2174.7,-1924.8,-1665.1,-1406.8,-1183.2,-970.9,-813.4,-655.2,-525.5,-400.3,-275.9,-115.2,54.8,61.5,92.0,123.0,142.6,159.3,176.2,187.3,208.6,225.3,231.0,187.5,158.3,154.0,161.7,146.2,95.2,41.1,-19.7,-32.5,-40.2,-44.8,-42.0,-21.7,16.7,42.3,78.8,121.2,169.1,163.9,54.4,-97.2,-209.1,-288.8,-323.0,-339.5,-344.3,-345.6,-367.7,-403.7,-426.1,-427.2,-404.1,-337.6,-272.9,-219.8,-166.6,-116.7,-73.8,-46.4,-24.8,38.8,50.8,91.9,112.6,123.3,132.4,134.1,149.7,160.4,148.7,124.0,93.1,-10.1,-10.0,105.2,139.3,130.6,115.0,93.6,-8.8,-9.8,-8.7,71.3,90.6,123.8,134.8,148.0,146.8,149.7,136.6,134.2,142.2,142.9,152.3,153.0,153.2,149.4,76.8,148.5,125.8,136.0,149.9,148.3,148.7,153.1,157.3,158.0,153.6,147.3,135.3,144.9,145.7,135.9,130.8,135.4,120.7,119.6,133.0,128.4,99.0,59.3,28.5,-1.5,26.6,0.2,73.7,132.2,133.4,132.5,136.6,131.8,129.9,130.7,127.0,123.2,112.5,118.1,118.6,116.5,103.2,70.9,25.7,-4.9,24.5,-1.3,28.1,-52.8,-20.6,-113.5,-163.8,-186.5,-225.6,-279.8,-325.3,-363.5,-381.4,-407.6,-447.5,-505.7,-561.9,-612.1,-630.6,-657.1,-707.2,-786.1,-895.2,-1015.8,-1128.2,-1213.0,-1319.8,-1416.3,-1513.6,-1607.6,-1722.1,-1826.3,-1929.6,-2024.5,-2094.6,-2124.5,-2180.9,-2270.0,-2365.2,-2510.5,-2664.7,-2847.8,-3071.5,-3358.0,-3663.3
-3586.8,-3162.0,-2711.4,-2251.0,-1800.8,-1374.0,-990.4,-662.3,-395.8,-181.1,-0.7,128.6,135.0,101.9,84.2,73.4,81.6,101.3,106.3,110.4,110.5,113.2,119.4,112.8,105.8,73.7,61.3,9.5,8.8,9.1,67.8,96.8,114.8,136.9,136.1,142.1,150.7,153.7,155.5,155.6,157.7,160.3,163.1,163.2,147.1,144.1,86.8,90.3,163.0,168.4,172.4,175.4,181.1,186.5,189.9,188.7,183.8,179.6,177.5,155.0,157.2,184.3,192.4,201.2,205.2,202.4,196.4,189.3,181.3,171.5,161.2,131.6,136.8,125.9,114.8,112.8,144.6,142.9,129.9,133.8,146.9,147.8,150.0,149.3,150.0,150.2,148.3,146.1,135.8,132.0,127.1,104.5,18.3,72.3,103.9,116.7,116.5,83.2,17.0,17.2,15.6,16.2,16.8,80.6,93.9,83.6,82.4,114.2,124.9,124.1,123.8,123.1,121.9,120.9,117.0,80.9,97.4,134.9,186.5,206.3,101.2,-63.4,-238.9,-401.6,-561.0,-738.9,-905.9,-1119.3,-1343.8,-1600.0,-1883.3,-2196.8,-2549.3,-2911.3,-3260.8,-3578.3,-3835.9,-4047.6,-4229.9,-4377.6,-4487.3,-4551.0,-4586.7,-4598.0,-4597.8,-4599.7,-4598.5,-4597.2,-4597.1,-4597.5,-4595.5,-4594.1,-4595.6,-4584.7,-4565.4,-4517.7,-4441.3,-4329.7,-4178.1,-4013.6,-3823.9,-3617.4,-3381.8,-3121.6,-2882.6,-2681.5,-2504.5,-2341.8,-2158.9,-1974.1,-1745.7,-1551.3,-1380.1,-1229.5,-1096.8,-986.3,-912.1,-863.9,-850.5,-850.5,-852.0,-845.9,-804.6,-742.6,-663.5,-565.9,-448.2,-337.9,-223.6,-118.0,-23.8,21.5,61.8,82.0,98.4,84.0,91.4,91.9,9.0,-9.5,51.1,86.5,104.1,108.5,111.7,114.7,118.7,122.9,124.5,122.5,118.8,113.3,85.4,115.3,121.9,126.8,128.6,125.4,84.8,86.2,125.1,128.8,130.7,128.5,121.0,112.7,109.2,108.4,52.2,-39.3,-159.0,-287.5,-390.5,-512.0,-638.8,-798.6,-956.7,-1146.0,-1327.8,-1539.3,-1731.2,-1912.2,-2078.5,-2237.2,-2418.2,-2603.2,-2829.5,-3025.3,-3199.0,-3352.4,-3492.6,-3645.6,-3793.8,-3960.4,-4098.1,-4232.1,-4349.2,-4441.8,-4504.2,-4536.3,-4545.2,-4550.9,-4552.1,-4552.6,-4553.2,-4553.7,-4554.2,-4554.8,-4555.7,-4556.2,-4556.2,-4555.8,-4532.7,-4456.3,-4302.0,-4064.6,-3762.8,-3448.1,-3131.9,-2868.1,-2613.7,-2361.5,-2095.2,-1821.3,-1576.6,-1348.3,-1164.1,-973.8,-814.1,-649.3,-501.2,-339.1,-95.8,-66.6,39.8,134.8,155.9,166.7,191.9,217.7,232.4,218.9,182.5,134.5,58.0,-21.6,-56.9,-65.3,-83.6,-135.8,-200.6,-253.7,-287.0,-301.1,-298.9,-272.8,-235.4,-193.8,-167.8,-127.7,-68.6,-19.2,-22.4,-121.3,-258.6,-364.4,-458.8,-519.5,-560.0,-571.6,-571.0,-576.6,-596.7,-613.4,-609.6,-563.5,-487.5,-418.4,-344.5,-270.5,-193.6,-133.5,-87.8,-53.7,47.1,83.1,147.8,165.7,146.1,141.4,141.1,162.4,167.4,166.0,150.9,102.3,39.6,-13.8,94.7,127.8,110.8,62.4,-8.7,-9.7,-9.6,-9.5,-9.5,71.3,124.7,134.4,140.9,139.1,29.3,-7.6,76.8,76.8,76.8,76.8,76.8,76.8,76.8,117.6,149.3,149.8,148.4,148.7,149.0,149.0,150.0,154.4,158.5,159.6,157.0,154.2,154.5,155.8,149.4,143.4,142.6,144.6,143.0,139.9,137.6,122.1,85.4,54.4,25.8,11.6,26.6,20.6,-11.3,117.0,127.3,127.8,123.6,129.5,125.9,118.9,119.1,23.1,78.8,115.8,114.4,110.6,88.0,26.5,-1.9,-0.9,3.1,14.4,28.1,-3.2,50.1,-14.3,-28.5,-67.5,-111.5,-148.1,-160.4,-183.8,-233.1,-285.9,-333.8,-372.7,-386.5,-408.8,-444.7,-505.6,-590.9,-692.1,-787.5,-865.3,-953.6,-1036.9,-1127.5,-1215.1,-1319.7,-1412.8,-1514.0,-1604.9,-1673.6,-1700.8,-1747.5,-1823.5,-1933.9,-2077.9,-2232.8,-2420.3,-2650.0,-2958.2,-3331.5,-3678.0
-3590.0,-3164.6,-2710.6,-2251.4,-1799.2,-1375.2,-990.3,-664.9,-397.7,-158.8,29.9,148.5,124.6,100.2,92.1,102.1,100.3,112.9,117.0,115.8,119.4,122.2,103.2,92.4,55.3,9.6,8.0,8.1,8.1,79.6,100.2,119.0,142.6,141.6,152.9,155.9,158.2,159.6,159.8,160.1,161.9,162.0,160.7,149.7,133.4,86.1,87.7,163.2,168.5,170.6,177.0,177.1,181.0,184.4,184.3,180.9,176.3,152.0,151.5,167.1,170.6,184.5,187.4,187.5,198.5,185.1,179.1,180.0,173.8,165.1,145.5,122.6,116.1,115.6,115.1,130.4,148.4,149.5,151.4,152.1,152.6,153.0,152.5,152.2,151.1,149.2,146.9,143.9,141.6,131.9,121.2,80.2,18.3,72.9,105.9,117.7,117.7,76.1,15.6,15.6,68.0,15.6,17.3,-44.0,94.4,14.7,49.7,113.4,127.1,124.3,123.6,123.3,122.9,122.2,120.6,98.5,118.8,150.3,201.9,210.7,100.6,-81.7,-282.3,-467.2,-656.4,-860.7,-1059.1,-1278.1,-1518.1,-1763.4,-2034.0,-2324.0,-2640.8,-2985.9,-3329.5,-3655.0,-3931.7,-4149.8,-4315.6,-4436.9,-4531.7,-4578.9,-4599.8,-4600.1,-4604.5,-4603.1,-4602.2,-4601.1,-4601.2,-4601.1,-4598.9,-4598.1,-4596.6,-4596.2,-4583.9,-4556.8,-4498.3,-4402.5,-4284.5,-4138.2,-3965.1,-3759.4,-3525.2,-3300.8,-3108.6,-2944.9,-2786.6,-2602.2,-2414.9,-2182.7,-1979.5,-1797.1,-1632.2,-1486.2,-1364.7,-1281.5,-1221.6,-1205.1,-1205.1,-1207.2,-1199.4,-1153.4,-1080.6,-986.7,-867.2,-717.7,-572.6,-428.1,-302.8,-180.9,21.9,3.4,32.5,60.8,65.7,67.9,85.2,74.9,12.3,-10.2,21.1,90.4,105.2,106.8,109.9,113.0,117.0,121.5,123.8,122.2,118.1,113.3,83.3,114.9,120.3,125.5,127.4,124.5,94.8,86.9,123.6,128.9,131.2,128.4,120.0,110.9,99.0,112.0,91.1,29.5,-65.3,-169.4,-288.5,-391.3,-513.3,-640.2,-800.1,-958.5,-1148.7,-1325.3,-1495.7,-1654.3,-1808.0,-1985.5,-2169.7,-2399.4,-2601.6,-2784.6,-2948.6,-3100.8,-3269.8,-3437.2,-3631.7,-3798.2,-3969.5,-4131.6,-4277.5,-4397.4,-4483.5,-4532.4,-4551.7,-4555.1,-4557.2,-4557.8,-4558.3,-4558.8,-4559.3,-4560.1,-4560.8,-4561.5,-4562.2,-4560.9,-4539.8,-4462.2,-4307.0,-4074.2,-3808.3,-3530.0,-3284.6,-3045.4,-2799.9,-2535.2,-2257.3,38.5,44.2,38.5,41.4,43.1,46.2,51.6,56.6,56.5,-288.4,-136.7,-6.9,109.0,169.1,179.3,172.3,159.7,129.5,73.0,19.6,-70.0,50.3,46.5,-275.2,-307.4,-320.0,-353.5,-401.9,-460.4,-513.4,-528.9,-523.3,-476.5,-416.9,-373.3,-340.9,-303.1,-251.7,-186.5,-179.0,-266.0,-374.8,-495.4,-612.7,-726.5,-804.8,-851.1,-864.2,-863.6,-867.4,-865.8,-830.5,-760.7,-674.5,-580.2,-487.7,-387.2,-300.4,-222.6,-162.6,41.6,50.5,47.1,125.0,135.9,107.9,99.3,103.3,120.4,135.4,142.9,143.1,132.5,72.7,-9.8,52.4,89.1,83.0,-10.7,56.6,67.8,108.0,113.7,129.2,-8.1,-10.1,28.4,-7.8,-7.7,-8.6,76.8,100.4,108.6,118.3,142.2,143.3,150.0,148.8,149.8,149.8,149.8,149.8,150.7,150.1,149.4,149.9,150.2,154.9,159.5,162.6,161.6,162.4,164.0,165.9,164.4,160.4,156.0,150.2,145.3,141.1,123.1,124.6,113.8,11.6,26.6,20.6,1.0,20.6,-61.2,-0.3,110.7,120.9,119.5,120.4,117.8,118.4,-1.2,53.3,108.6,112.6,105.8,88.3,55.7,-0.6,32.6,65.1,42.8,-2.1,50.1,53.3,68.8,71.4,49.7,24.1,13.5,1.4,-31.9,-90.4,-141.7,-179.2,-192.3,-211.4,-244.1,-291.7,-356.2,-431.4,-505.6,-566.1,-644.3,-708.3,-783.8,-859.8,-954.5,-1037.0,-1127.7,-1213.5,-1274.7,-1300.1,-1339.9,-1412.2,-1532.8,-1654.0,-1803.8,-1985.5,-2219.1,-2534.2,-2889.0,-3273.2,-3646.7
-3592.1,-3166.6,-2713.0,-2253.4,-1801.7,-1377.8,-991.6,-664.4,-396.6,-161.6,31.9,141.7,121.0,112.3,95.8,114.2,119.1,121.6,121.0,121.8,120.7,94.0,82.3,7.4,7.7,8.0,8.0,78.4,99.9,114.6,140.0,145.1,149.5,154.4,157.9,160.8,162.6,162.0,160.8,160.0,158.6,158.1,142.4,125.6,84.4,128.7,151.9,169.3,174.9,174.3,174.7,176.7,163.1,164.7,159.5,147.4,156.4,151.0,151.3,168.1,180.6,185.5,188.9,191.6,189.2,183.2,177.0,147.4,140.6,132.7,124.8,123.4,128.3,149.8,152.7,153.1,154.1,154.5,156.2,157.3,157.9,156.6,155.8,153.3,151.2,148.1,144.7,141.4,133.4,133.2,106.0,93.9,18.3,77.5,108.2,116.2,116.3,76.2,15.6,15.6,96.3,15.2,3.3,-7.5,14.7,14.7,53.1,107.7,111.1,114.0,126.7,127.4,128.1,128.8,125.1,101.0,124.0,156.4,203.9,214.5,113.1,-82.8,-305.1,-518.1,-741.3,-981.9,-1201.8,-1452.7,-1691.4,-1947.4,-2203.7,-2478.3,-2769.4,-3078.2,-3404.5,-3712.9,-3995.3,-4223.1,-4386.1,-4492.1,-4562.5,-4595.2,-4608.2,-4606.7,-4606.9,-4606.4,-4605.4,-4604.4,-4604.7,-4603.0,-4602.1,-4601.8,-4602.2,-4597.8,-4596.3,-4581.2,-4540.1,-4473.0,-4376.5,-4247.9,-4084.1,-3885.2,-3687.9,-3511.5,-3362.0,-3211.3,-3037.7,-2855.7,-2628.1,-2422.1,-2235.4,-2066.3,-1912.2,-1780.1,-1687.1,-1621.8,-1602.8,-1605.1,-1604.5,-1597.5,-1549.3,-1469.1,-1363.4,-1228.0,-1053.6,-876.7,-693.2,-528.1,-389.1,-267.9,-151.6,21.9,-7.1,3.6,7.3,33.1,45.2,35.6,-10.9,-10.8,36.6,89.8,101.9,104.8,107.9,110.9,114.6,119.0,121.9,121.1,117.4,111.6,80.7,112.2,118.6,124.3,126.2,123.9,120.6,99.6,123.4,129.2,132.1,129.0,119.9,112.8,98.9,111.5,118.6,87.7,28.3,-64.8,-170.5,-289.9,-392.5,-514.5,-641.6,-802.3,-956.2,-1109.3,-1254.3,-1397.2,-1564.7,-1741.5,-1966.4,-2167.7,-2353.3,-2521.8,-2680.4,-2858.9,-3038.8,-3253.2,-3441.1,-3641.4,-3839.4,-4029.2,-4201.9,-4350.0,-4462.0,-4525.4,-4556.7,-4560.3,-4562.5,-4563.0,-4563.5,-4564.0,-4564.9,-4565.5,-4565.7,-4566.5,-4566.2,-4565.7,-4542.8,-4466.6,-4315.6,-4115.4,-3882.7,-3669.7,-3452.1,-3221.3,-2969.9,-2696.6,-2439.0,44.2,42.8,44.3,45.6,47.4,50.2,55.2,59.9,58.8,53.6,-217.9,37.0,30.0,72.0,53.8,-6.7,75.6,75.8,75.3,74.4,72.6,62.9,58.2,-466.0,-522.9,-558.3,-577.3,-607.2,-663.0,-714.2,-729.0,-722.2,-676.7,-620.4,-577.6,-530.2,-477.8,-420.9,-368.6,-356.0,-415.4,-502.2,-617.7,-773.7,-921.8,-1057.5,-1148.9,-1203.8,-1219.1,-1210.7,-1164.6,-1094.7,-997.6,-881.9,-766.0,-640.7,-531.6,-427.5,-344.8,-274.2,-217.7,47.1,50.5,47.1,43.6,38.8,38.5,47.2,68.5,81.2,89.6,103.4,106.3,85.2,43.9,42.3,52.6,-9.7,-11.8,67.8,84.5,114.4,136.2,146.6,149.2,146.0,152.1,155.5,109.6,-7.3,-8.2,76.8,63.5,82.8,94.4,87.5,102.7,113.5,150.4,150.1,149.4,149.8,149.6,149.6,150.2,150.5,149.6,149.5,156.1,162.9,167.4,168.9,168.3,167.4,168.7,166.1,162.9,157.7,149.7,131.8,127.6,140.2,132.9,116.0,94.6,100.0,81.2,79.8,69.5,-1.4,-1.6,0.0,115.9,115.2,114.4,112.2,83.5,13.6,104.5,105.1,103.7,84.2,-0.4,-0.6,86.1,81.1,58.1,-3.2,-2.1,63.5,104.1,112.1,101.9,98.0,102.9,93.0,56.8,12.8,-19.3,-30.4,-43.5,-73.5,-121.8,-174.3,-228.2,-281.8,-333.5,-393.5,-451.0,-505.4,-564.4,-640.3,-709.9,-785.2,-859.0,-916.5,-939.6,-971.7,-1034.7,-1130.1,-1256.4,-1395.6,-1568.4,-1789.9,-2101.8,-2463.4,-2869.5,-3277.4,-3649.2
-3615.1,-3189.7,-2736.3,-2277.3,-1824.7,-1393.2,-1008.1,-677.2,-398.7,-155.0,34.3,143.5,121.7,118.2,119.2,122.1,122.1,114.7,112.9,106.8,91.5,63.2,5.8,6.1,6.2,53.0,101.9,115.6,125.5,138.7,142.9,150.7,154.3,157.2,160.1,161.5,161.0,159.6,157.0,155.7,153.5,152.1,152.1,74.2,118.3,153.6,168.4,169.2,172.1,168.8,169.4,149.7,102.2,109.1,113.0,127.5,112.0,143.0,145.8,175.6,180.3,183.8,188.0,190.2,187.9,172.4,143.3,142.6,133.3,133.1,132.8,153.8,155.5,156.9,157.0,155.7,155.5,154.1,155.2,156.4,157.3,157.2,156.4,153.8,150.0,146.2,142.4,134.1,130.1,122.8,93.2,65.8,18.3,86.8,108.7,116.7,116.9,77.0,15.6,121.3,119.3,109.7,95.7,15.4,15.6,16.8,64.5,109.8,113.7,130.2,131.4,131.4,132.1,132.6,119.6,103.0,131.6,164.5,217.2,234.2,143.8,-60.4,-304.8,-558.3,-811.8,-1083.6,-1339.0,-1611.0,-1875.0,-2130.7,-2393.0,-2650.8,-2921.0,-3200.3,-3489.2,-3782.0,-4046.6,-4272.5,-4438.3,-4537.6,-4587.0,-4606.4,-4608.6,-4610.7,-4610.0,-4609.3,-4608.5,-4607.4,-4608.8,-4606.3,-4605.5,-4605.1,-4605.1,-4603.2,-4598.9,-4595.5,-4574.1,-4526.3,-4451.0,-4338.2,-4186.6,-4027.7,-3874.1,-3743.1,-3609.4,-3450.8,-3279.3,-3061.3,-2863.3,-2677.6,-2506.9,-2351.0,-2218.4,-2120.3,-2050.9,-2028.6,-2031.1,-2032.2,-2025.2,-1976.0,-1892.3,-1779.6,-1632.0,-1441.6,-1240.3,-1023.1,-821.7,-641.0,-488.3,-354.2,-245.5,-155.5,-95.6,-59.5,-22.9,1.0,2.6,1.5,20.9,-12.9,27.7,76.0,94.5,102.9,105.9,108.6,111.7,115.7,119.0,119.4,116.6,89.0,71.7,100.6,117.4,123.0,125.7,123.6,120.4,99.6,108.8,129.6,133.0,129.9,120.5,111.3,98.6,111.3,118.3,126.8,93.0,29.1,-67.7,-173.1,-291.4,-393.7,-516.4,-640.0,-769.0,-894.3,-1020.6,-1171.7,-1334.3,-1546.1,-1739.2,-1920.9,-2087.7,-2247.0,-2428.6,-2614.3,-2840.4,-3042.3,-3263.1,-3488.1,-3712.2,-3927.5,-4129.2,-4308.4,-4441.0,-4527.9,-4562.4,-4565.8,-4567.9,-4568.3,-4568.8,-4569.4,-4570.5,-4571.3,-4571.7,-4572.3,-4571.9,-4571.2,-4547.5,-4475.6,-4348.4,-4177.0,-4003.6,-3817.3,-3612.6,-3380.3,-3122.8,-2876.1,-2628.5,38.5,44.2,47.6,48.7,50.0,52.5,56.8,60.7,58.6,52.3,-315.4,-208.9,37.0,-127.2,63.3,73.7,78.6,77.2,74.9,72.2,69.0,65.6,62.9,-664.3,-740.8,-806.3,-852.8,-873.9,-906.7,-943.2,-956.1,-946.6,-914.2,-874.0,-819.4,-755.5,-678.9,-620.0,-583.3,-575.2,-608.7,-668.2,-785.0,-929.8,-1118.7,-1287.2,-1440.9,-1541.6,-1563.6,-1552.1,-1480.2,-1373.0,-1244.1,-1105.6,-956.0,-820.2,-692.7,-584.0,-497.0,-424.9,-370.3,-312.3,41.6,38.8,-131.3,-100.9,-79.6,-50.9,-21.0,-10.2,44.5,81.8,91.3,62.0,-9.9,43.9,38.3,-10.9,-12.9,-10.6,67.8,30.6,99.4,114.2,136.4,152.3,155.8,157.1,141.9,145.1,-7.2,-8.9,80.1,98.6,97.6,-6.0,46.0,112.5,150.3,146.3,146.0,145.8,149.0,148.9,149.0,150.1,149.5,149.0,151.9,162.6,169.8,172.8,169.9,166.4,165.1,163.5,162.7,148.9,134.2,130.5,143.5,142.0,138.6,136.1,133.2,128.8,108.1,50.9,25.6,0.0,0.1,0.2,-2.0,-5.1,68.6,83.5,-3.1,-2.4,92.8,77.4,-0.2,-1.8,-2.4,80.0,54.1,9.1,-6.3,-3.1,-2.2,-5.2,61.3,112.6,122.6,126.6,130.1,128.3,111.1,86.1,75.9,72.5,60.2,24.8,24.2,-47.0,24.0,25.3,24.0,-233.1,-292.1,-337.5,-394.8,-445.8,-505.3,-563.1,-610.6,-631.6,-657.8,-706.2,-787.1,-895.4,-1017.7,-1174.8,-1384.6,-1676.6,-2034.6,-2443.8,-2871.5,-3278.4,-3649.6
-3601.1,-3169.1,-2714.5,-2255.0,-1804.8,-1380.6,-992.9,-666.9,-395.4,-152.5,35.7,153.2,128.1,123.2,120.3,117.9,107.5,107.4,96.7,84.3,60.9,5.1,5.1,5.8,85.1,91.9,123.5,134.8,140.6,143.5,148.5,152.2,154.9,156.3,157.1,157.4,155.9,153.3,151.9,149.1,125.2,73.4,73.4,102.9,144.6,157.9,168.1,170.2,172.8,156.8,140.6,118.6,9.9,9.9,9.9,26.9,84.1,122.6,166.9,136.9,178.5,183.7,189.9,192.6,192.3,187.3,180.3,174.7,169.4,165.0,162.3,161.7,162.4,162.4,160.6,158.8,154.8,144.6,141.9,137.5,153.3,153.4,153.8,151.9,147.8,143.3,139.3,127.0,129.0,113.6,100.4,18.3,97.3,108.0,113.4,118.9,119.6,81.9,15.6,117.0,121.1,122.5,109.8,107.0,69.0,16.6,74.3,127.2,132.8,132.9,133.4,133.3,132.8,133.7,121.2,120.6,143.4,179.3,219.5,263.4,175.1,-37.9,-302.9,-574.4,-860.3,-1146.8,-1456.0,-1756.2,-2041.5,-2319.0,-2576.5,-2835.0,-3084.5,-3343.0,-3597.5,-3853.9,-4102.2,-4308.2,-4468.1,-4564.4,-4602.7,-4613.7,-4613.6,-4613.6,-4612.9,-4612.3,-4611.4,-4610.8,-4609.8,-4608.9,-4609.1,-4607.9,-4607.2,-4606.7,-4604.8,-4608.8,-4597.5,-4563.0,-4505.4,-4410.2,-4295.9,-4176.8,-4067.0,-3956.4,-3830.7,-3669.1,-3471.2,-3285.9,-3109.9,-2945.5,-2792.8,-2662.8,-2564.2,-2492.4,-2470.0,-2472.4,-2471.0,-2463.6,-2416.1,-2330.5,-2217.5,-2062.2,-1861.2,-1644.4,-1404.3,-1178.1,-959.6,-770.8,-591.3,-456.1,-347.0,-269.6,-212.0,-151.6,-98.0,-59.0,-29.3,20.9,23.1,-10.2,15.3,51.3,70.3,99.9,104.6,107.1,109.4,112.8,116.5,118.1,117.1,100.9,70.1,73.6,117.0,123.0,125.8,124.4,120.8,106.0,113.0,129.8,133.8,130.9,121.6,111.8,98.3,110.0,117.7,126.5,133.5,92.0,24.6,-72.0,-175.8,-293.2,-392.0,-490.8,-590.2,-694.0,-822.1,-963.8,-1154.3,-1331.9,-1502.9,-1662.1,-1816.4,-1994.5,-2179.4,-2408.9,-2617.3,-2850.2,-3093.2,-3342.1,-3589.9,-3834.1,-4070.4,-4273.6,-4438.7,-4533.9,-4567.9,-4571.2,-4573.3,-4573.7,-4574.2,-4574.9,-4575.6,-4576.6,-4576.8,-4577.6,-4577.3,-4576.3,-4554.6,-4498.1,-4396.0,-4274.0,-4127.8,-3959.0,-3757.6,-3525.7,-3295.5,-3061.8,-2857.0,-2632.1,-2424.2,-2187.0,49.7,50.4,52.2,55.5,58.4,55.6,48.9,-434.9,-374.4,-338.2,52.2,63.4,71.1,74.0,71.2,67.7,64.0,60.3,62.9,58.2,-904.6,-984.3,-1071.2,-1151.1,-1207.4,-1223.7,-1239.5,-1246.9,-1244.6,-1222.5,-1165.7,-1094.5,-1001.8,-930.2,-881.6,-868.5,-866.7,-871.7,-912.7,-991.3,-1129.4,-1299.1,-1508.7,-1695.5,-1832.1,-1868.6,-1857.3,-1783.1,-1648.4,-1497.9,-1327.2,-1171.1,-1017.4,-886.9,-771.4,-684.2,-620.6,-544.1,-482.0,-420.4,-340.1,-270.7,-222.9,-172.2,-122.0,-85.8,-40.4,51.3,82.7,92.3,56.8,-12.2,-10.1,-9.6,32.8,43.1,50.6,-8.5,-9.5,30.3,78.1,118.0,140.3,154.4,157.7,158.1,156.9,157.1,-8.8,98.6,138.9,137.2,134.9,147.4,137.4,133.3,146.3,145.9,145.5,145.5,149.5,149.1,149.0,148.6,149.8,150.4,159.7,169.4,174.5,172.1,165.3,162.0,144.7,143.9,133.9,132.9,141.6,149.0,145.9,142.7,138.9,136.1,132.3,82.1,72.4,106.3,94.9,67.1,56.6,92.9,108.6,110.0,-2.1,-4.1,-6.5,-0.4,-1.2,-2.4,87.3,71.8,56.2,-0.7,-2.0,-2.0,22.4,41.3,-2.3,-1.0,66.8,127.7,129.4,132.1,133.6,132.7,130.2,128.8,123.1,119.9,71.3,7.5,24.2,25.3,24.0,25.3,-86.7,-147.6,-227.4,-250.2,-290.2,-335.9,-373.2,-388.5,-409.3,-443.5,-505.0,-590.1,-691.4,-823.7,-1008.2,-1280.2,-1611.1,-2013.7,-2446.4,-2873.0,-3278.6,-3653.8
-3603.3,-3172.3,-2718.2,-2257.9,-1805.2,-1378.3,-995.5,-666.3,-406.3,-184.1,-5.1,115.2,135.1,113.7,112.2,107.3,104.6,90.8,75.3,40.9,4.4,5.8,49.3,83.9,108.7,133.8,134.3,136.8,140.0,143.5,147.3,150.3,152.0,152.3,151.4,150.5,149.0,146.9,145.7,68.0,69.6,72.7,152.4,159.6,162.8,166.1,171.5,149.8,136.2,121.7,108.8,9.9,9.9,16.5,21.6,60.5,87.2,100.5,111.5,125.1,166.8,184.5,192.8,197.9,197.6,193.2,186.9,183.0,179.5,175.5,172.2,170.1,169.5,167.7,165.6,163.2,159.0,155.7,137.9,137.5,149.7,150.4,150.8,148.5,143.0,132.2,134.2,114.4,101.2,75.1,18.3,18.3,107.6,119.0,118.7,120.9,121.5,89.6,15.6,110.3,122.7,121.9,124.9,120.7,99.8,44.9,78.4,127.5,133.4,133.9,134.0,132.1,134.4,133.8,135.9,137.3,156.7,196.8,225.0,212.5,124.7,-65.1,-307.9,-573.7,-942.0,-1204.1,-1546.9,-1881.8,-2197.2,-2488.5,-2763.2,-3015.9,-3261.5,-3494.8,-3727.8,-3953.2,-4166.0,-4352.3,-4490.3,-4576.9,-4611.5,-4616.2,-4617.3,-4616.2,-4615.5,-4615.1,-4614.2,-4613.9,-4613.3,-4612.6,-4611.9,-4610.6,-4609.8,-4609.6,-4609.1,-4607.5,-4603.3,-4587.7,-4546.7,-4482.2,-4404.4,-4327.7,-4243.7,-4134.4,-4009.7,-3841.0,-3676.7,-3515.5,-3363.1,-3220.9,-3094.3,-2998.6,-2929.3,-2905.6,-2906.7,-2907.8,-2901.4,-2853.9,-2772.7,-2660.4,-2504.9,-2299.7,-2076.5,-1824.0,-1577.2,-1334.9,-1113.8,-904.2,-728.9,-584.2,-481.5,-408.2,-338.0,-268.1,-207.0,-144.4,-74.2,23.1,5.5,23.1,15.5,48.2,70.9,96.3,102.7,106.8,108.7,111.5,115.2,117.6,117.4,113.3,69.7,69.0,117.1,122.7,126.2,125.7,122.3,111.6,123.9,130.0,134.4,131.8,122.7,113.1,97.9,92.1,116.3,125.6,133.4,134.3,86.0,19.2,-76.4,-175.1,-268.5,-352.4,-433.5,-532.1,-646.0,-806.8,-961.6,-1115.2,-1260.7,-1404.1,-1572.3,-1749.6,-1974.4,-2181.8,-2418.3,-2670.3,-2934.3,-3204.5,-3480.3,-3761.6,-4024.2,-4266.9,-4444.9,-4539.4,-4573.5,-4576.8,-4578.8,-4579.2,-4579.8,-4580.9,-4581.6,-4581.8,-4582.2,-4582.7,-4582.3,-4582.4,-4569.4,-4529.4,-4464.3,-4370.7,-4239.7,-4079.0,-3883.0,-3682.4,-3468.5,-3279.5,-3063.8,-2862.9,-2629.5,-2376.7,39.4,48.6,49.2,51.4,53.1,50.1,43.8,-621.5,-583.2,-573.4,50.0,58.0,62.9,64.2,60.9,56.8,52.6,-915.9,50.3,-1072.5,-1161.0,-1265.8,-1357.2,-1457.1,-1543.8,-1600.3,-1618.2,-1621.8,-1612.3,-1559.4,-1482.0,-1380.7,-1294.8,-1236.8,-1223.0,-1221.7,-1221.0,-1218.3,-1229.1,-1274.5,-1365.8,-1519.5,-1707.7,-1921.3,-2078.2,-2149.8,-2148.3,-2060.8,-1916.8,-1737.9,-1566.6,-1396.7,-1245.1,-1116.3,-1009.3,-929.6,-840.0,-759.9,-677.7,-585.2,-497.5,-422.0,-352.7,-284.0,-227.4,-172.0,-113.4,-40.6,55.7,65.0,-9.4,-9.3,44.3,56.2,63.8,106.3,94.6,94.1,32.0,-10.5,-9.4,70.7,111.9,151.8,155.6,157.2,158.0,156.7,155.3,-7.4,98.6,97.6,31.3,89.0,95.9,110.9,106.9,127.1,147.5,148.0,148.8,148.0,148.0,147.4,147.1,150.4,158.2,167.7,174.0,174.9,168.9,163.3,160.9,141.4,132.9,132.9,155.4,153.8,151.0,147.2,143.5,140.4,137.0,133.2,129.3,126.4,124.6,123.1,115.3,108.8,110.6,111.1,110.0,105.7,106.8,105.3,89.3,58.2,53.6,29.9,-0.7,-0.8,0.0,22.5,53.4,56.9,61.2,-2.8,-3.0,73.4,117.1,131.2,134.1,135.0,135.3,135.5,136.9,114.2,57.8,24.2,23.2,51.0,84.0,66.1,26.5,-30.3,-81.9,-124.5,-160.3,-191.5,-203.1,-217.3,-243.5,-285.4,-352.0,-434.6,-532.5,-684.4,-917.2,-1218.3,-1597.3,-2016.2,-2448.0,-2875.3,-3284.3,-3653.4
-3604.9,-3174.6,-2719.2,-2257.4,-1806.6,-1379.8,-994.6,-668.4,-431.5,-239.2,-71.4,41.2,108.3,115.6,103.4,69.7,49.2,64.4,38.5,4.8,3.0,36.0,88.3,116.6,127.5,133.0,139.7,123.6,124.4,142.9,145.5,145.2,132.2,145.1,142.7,143.1,142.2,63.2,66.0,66.3,112.3,151.2,158.6,162.9,162.8,158.1,138.0,126.1,37.5,9.9,9.9,10.1,9.9,9.9,9.9,29.0,140.7,125.3,133.8,143.1,180.5,187.9,194.9,197.4,194.7,189.8,186.3,184.4,183.6,181.3,177.3,174.9,173.7,172.6,169.8,165.9,162.7,158.7,153.9,128.1,127.7,146.4,147.0,146.0,141.4,125.6,128.2,121.9,102.3,18.3,18.3,105.2,117.7,119.4,119.4,120.3,120.9,109.7,52.2,121.0,122.0,120.7,120.7,125.5,118.0,68.1,112.2,126.6,133.1,133.3,133.0,132.1,134.9,135.2,136.6,142.1,170.8,210.4,185.8,133.3,34.2,-129.2,-327.4,-573.5,-876.1,-1218.0,-1603.7,-1974.3,-2324.7,-2644.3,-2929.5,-3193.4,-3431.9,-3656.4,-3862.1,-4062.1,-4243.2,-4399.9,-4521.1,-4586.4,-4616.4,-4620.1,-4620.1,-4619.1,-4618.4,-4618.1,-4617.4,-4616.8,-4616.1,-4614.6,-4614.2,-4613.3,-4612.5,-4613.1,-4612.4,-4611.6,-4612.8,-4603.0,-4580.1,-4546.3,-4501.2,-4448.8,-4377.6,-4285.9,-4152.8,-4015.3,-3878.2,-3744.6,-3616.8,-3502.1,-3413.6,-3345.8,-3322.5,-3323.8,-3325.0,-3318.5,-3274.2,-3199.0,-3091.9,-2943.1,-2743.9,-2520.5,-2262.7,-2004.8,-1748.7,-1508.4,-1267.0,-1065.5,-890.1,-759.7,-665.8,-570.1,-482.7,-410.7,-333.7,-220.6,-82.2,22.4,23.1,24.2,48.2,70.4,87.5,68.8,87.0,104.9,109.1,111.5,115.0,117.6,117.8,115.6,73.9,67.3,116.5,122.0,126.7,127.5,124.7,111.7,124.9,129.9,134.8,132.8,124.1,113.7,81.8,77.3,114.5,125.0,133.1,134.7,129.0,78.6,15.8,42.1,-134.1,-213.5,-306.1,-396.9,-519.9,-644.2,-773.6,-899.4,-1026.1,-1177.8,-1340.9,-1552.6,-1751.5,-1983.3,-2235.1,-2504.6,-2787.0,-3083.5,-3397.4,-3706.3,-4013.9,-4273.2,-4450.4,-4545.0,-4579.1,-4582.4,-4584.4,-4585.1,-4585.7,-4586.3,-4587.0,-4587.2,-4587.8,-4588.2,-4588.2,-4584.8,-4582.6,-4560.7,-4517.4,-4442.6,-4330.4,-4182.3,-4017.6,-3834.8,-3670.2,-3472.9,-3283.8,-3064.2,-2817.1,-2548.7,45.4,44.8,44.9,45.8,46.3,43.5,-932.4,-882.7,-869.0,45.5,45.0,50.1,52.3,51.8,48.1,-1073.7,-1152.2,-1217.4,-1279.6,-1357.6,-1456.3,-1555.6,-1669.9,-1769.5,-1876.0,-1968.4,-2026.8,-2031.3,-1986.4,-1901.4,-1794.8,-1702.2,-1635.8,-1614.8,-1617.2,-1617.4,-1618.2,-1616.8,-1616.3,-1625.6,-1681.1,-1779.2,-1943.7,-2135.5,-2329.3,-2414.1,-2415.2,-2344.0,-2175.6,-1994.2,-1812.1,-1647.6,-1503.6,-1382.3,-1293.3,-1188.8,-1097.9,-1002.2,-888.2,-775.2,-680.6,-585.1,-496.5,-425.0,-352.9,-282.1,-206.3,-133.8,-65.0,-14.5,40.2,46.8,62.0,61.1,83.4,133.2,143.3,127.3,100.4,71.1,-8.3,37.4,30.8,37.4,-8.4,45.5,157.7,158.0,157.3,123.5,-6.1,-6.8,-5.6,-6.3,-5.0,-5.7,-5.4,102.2,114.7,124.3,146.5,147.5,147.3,146.6,147.2,151.7,157.7,164.1,172.4,177.6,174.3,167.9,161.9,159.1,158.0,157.1,156.2,155.4,154.6,152.7,149.8,145.4,141.5,138.6,135.6,131.7,122.7,125.6,116.7,120.8,111.8,112.6,110.8,104.9,100.0,93.3,65.0,-0.8,40.0,-1.7,-1.9,60.3,73.9,95.9,95.9,90.2,95.9,65.7,-3.0,-3.2,1.8,34.8,135.1,135.5,135.4,60.0,28.4,-2.6,-3.6,-3.6,25.7,66.9,83.7,84.6,89.3,45.7,-2.2,-36.2,-60.7,-75.0,-81.8,-96.9,-120.1,-162.6,-224.3,-311.4,-426.4,-610.2,-865.8,-1209.3,-1596.7,-2015.2,-2447.8,-2874.2,-3281.7,-3655.6
-3601.0,-3171.7,-2720.9,-2258.2,-1808.4,-1377.7,-998.2,-695.3,-475.9,-324.3,-187.3,-50.3,45.0,119.5,109.3,77.6,18.9,5.5,7.9,3.4,2.4,40.1,91.0,121.5,130.0,132.4,132.6,123.1,121.1,128.8,116.0,112.8,80.0,74.8,106.3,57.6,58.2,61.7,144.9,148.1,146.8,153.3,156.9,153.9,145.5,132.5,120.2,9.3,8.3,9.4,99.4,113.7,133.3,143.8,156.7,155.0,162.8,166.0,172.7,179.6,185.9,192.6,196.6,194.5,187.9,180.1,176.1,175.8,176.8,177.0,174.8,173.4,172.3,172.1,169.3,164.6,160.5,156.5,151.5,144.6,125.5,141.2,142.1,141.4,138.1,104.4,75.9,23.6,18.3,18.3,104.2,117.5,119.3,119.1,120.6,120.0,121.2,118.6,116.9,121.7,122.1,120.7,122.1,125.1,127.7,73.4,73.6,98.6,117.3,130.7,132.3,131.4,132.9,136.9,141.1,148.4,187.2,220.2,156.6,67.3,-50.0,-194.3,-362.2,-574.8,-872.1,-1217.6,-1619.2,-2035.8,-2416.6,-2767.3,-3079.2,-3353.5,-3595.7,-3807.7,-4003.6,-4173.5,-4327.8,-4455.6,-4548.9,-4601.0,-4619.9,-4622.3,-4622.5,-4622.1,-4621.6,-4620.5,-4619.8,-4619.5,-4619.1,-4617.3,-4617.0,-4616.4,-4615.5,-4615.0,-4614.9,-4614.2,-4611.5,-4612.9,-4604.4,-4590.9,-4566.1,-4530.9,-4479.9,-4391.1,-4290.5,-4183.0,-4074.7,-3965.3,-3864.5,-3787.0,-3725.0,-3704.6,-3704.8,-3707.5,-3700.8,-3662.7,-3596.9,-3497.3,-3360.8,-3172.1,-2958.2,-2704.4,-2449.7,-2185.6,-1933.3,-1674.9,-1454.0,-1256.4,-1104.6,-992.8,-874.9,-763.0,-671.9,40.0,46.2,-339.7,-187.2,-98.0,-2.5,30.8,44.3,41.3,42.7,69.5,77.6,78.1,79.5,112.1,115.2,117.7,118.4,116.3,113.3,64.8,115.5,120.8,126.5,128.8,126.8,123.4,124.1,129.6,134.9,134.1,126.0,108.6,70.0,70.5,112.8,123.4,132.6,135.1,130.0,113.4,81.8,39.0,42.1,25.3,-177.3,-295.3,-395.3,-494.5,-594.2,-698.3,-826.8,-969.0,-1159.4,-1342.3,-1560.7,-1803.3,-2068.6,-2353.0,-2659.2,-2993.5,-3335.6,-3693.0,-4020.0,-4278.5,-4455.9,-4550.7,-4584.8,-4588.0,-4590.1,-4590.4,-4591.8,-4591.6,-4592.5,-4593.9,-4593.5,-4593.9,-4594.7,-4593.3,-4594.2,-4583.4,-4555.2,-4501.1,-4407.8,-4290.5,-4147.8,-4009.2,-3839.7,-3672.8,-3472.1,-3241.1,-2987.2,-2705.1,39.4,45.4,-1836.8,-1592.7,-1403.8,-1299.6,-1239.9,-1227.7,-1225.0,39.5,45.5,-1230.7,-1226.6,-1233.3,-1282.2,-1363.1,-1460.9,-1547.0,-1616.1,-1685.2,-1771.4,-1876.0,-1981.4,-2098.9,-2205.5,-2312.9,-2377.8,-2380.7,-2336.2,-2229.2,-2131.7,-2063.1,-2040.9,-2042.4,-2043.1,-2041.5,-2042.5,-2042.6,-2043.8,-2040.1,-2052.4,-2111.5,-2214.8,-2384.2,-2562.6,-2677.6,-2684.6,-2596.6,-2435.5,-2248.8,-2080.9,-1929.2,-1798.1,-1700.3,-1584.9,-1485.8,-1380.5,-1248.5,-1118.1,-1004.8,-889.1,-775.5,-680.7,-586.6,-495.4,-398.9,-315.6,-237.2,-133.4,40.2,35.7,81.2,72.4,78.4,102.8,139.1,158.0,151.9,143.9,115.4,88.7,-9.4,37.4,-8.9,70.3,-9.5,112.3,157.7,158.2,157.3,140.2,46.8,-5.6,92.6,57.9,36.3,-7.2,-4.8,20.4,102.5,144.7,146.9,146.8,145.8,145.3,144.5,147.8,160.7,168.5,176.3,177.6,173.7,168.0,163.6,161.1,156.9,154.6,153.3,152.7,152.9,153.1,150.1,146.9,144.4,141.5,138.5,135.5,118.7,118.1,123.2,118.2,114.9,107.8,101.2,101.0,109.2,85.8,44.8,35.3,40.0,57.7,72.2,105.6,113.0,116.4,117.8,112.8,110.3,110.3,120.1,121.0,117.9,121.2,136.7,135.6,60.6,20.5,-2.9,-3.9,44.4,62.8,82.4,85.4,85.1,101.1,87.8,56.6,30.7,12.0,-1.0,-14.7,-27.0,-45.0,-73.4,-126.2,-219.6,-368.6,-571.5,-856.4,-1206.0,-1595.4,-2016.3,-2448.6,-2875.2,-3283.5,-3656.6
-3601.0,-3172.1,-2720.7,-2260.5,-1808.2,-1382.2,-1033.7,-753.0,-567.5,-421.5,-316.8,-167.5,-16.9,95.7,126.2,94.2,48.8,3.2,3.8,-1.9,4.4,33.2,64.9,112.3,120.9,119.9,114.7,100.1,81.7,103.6,65.4,9.1,9.0,14.2,28.6,56.3,122.6,143.4,148.9,147.6,153.3,155.1,133.7,116.1,102.4,66.4,14.9,8.1,8.8,8.8,16.2,90.6,125.9,138.6,159.7,163.2,166.7,171.9,176.7,184.2,191.4,196.9,196.7,192.2,184.1,175.4,160.5,166.3,167.0,169.1,168.4,167.0,167.6,168.2,166.0,160.8,156.2,152.2,148.2,124.9,111.0,110.5,135.3,138.3,137.1,130.7,55.2,18.3,18.3,107.4,118.8,119.3,118.4,119.5,120.7,120.2,118.9,121.1,121.5,120.6,121.7,120.7,124.5,127.2,128.4,88.5,87.9,96.7,108.9,108.9,108.9,130.0,131.0,134.7,139.1,156.4,204.5,218.5,154.0,45.1,-91.7,-247.4,-404.7,-607.0,-876.7,-1215.9,-1618.7,-2050.5,-2478.3,-2858.1,-3200.7,-3490.5,-3740.1,-3952.0,-4132.6,-4287.1,-4408.5,-4509.7,-4578.9,-4613.5,-4619.7,-4625.2,-4625.5,-4624.2,-4623.6,-4622.9,-4622.5,-4622.0,-4620.8,-4620.4,-4619.5,-4618.9,-4618.3,-4617.2,-4616.5,-4615.9,-4616.0,-4614.3,-4608.5,-4611.1,-4600.4,-4582.8,-4539.5,-4482.5,-4411.6,-4334.5,-4254.0,-4170.6,-4107.7,-4053.5,-4035.2,-4036.1,-4035.6,-4032.0,-4003.9,-3948.3,-3861.9,-3743.3,-3572.3,-3375.4,-3136.8,-2890.3,-2630.9,-2373.9,-2110.9,-1876.0,-1663.6,-1497.8,-1367.9,-1238.5,-1108.1,-993.0,-874.9,46.2,46.3,51.5,54.4,55.5,53.9,5.3,5.3,5.1,37.2,59.7,78.3,78.7,85.3,113.3,115.7,117.9,118.1,116.5,114.0,64.2,98.0,117.8,124.8,128.4,127.7,124.4,124.0,128.5,134.4,135.1,128.5,116.9,66.7,66.0,111.5,122.2,131.5,135.4,131.3,122.1,66.3,42.1,25.3,9.3,25.3,-174.4,-269.8,-355.0,-436.8,-535.7,-649.9,-810.7,-970.0,-1166.5,-1390.7,-1642.1,-1918.3,-2223.2,-2565.6,-2927.6,-3320.0,-3698.9,-4025.1,-4283.9,-4461.6,-4557.5,-4592.6,-4594.2,-4596.0,-4596.5,-4596.9,-4597.5,-4597.8,-4598.9,-4599.9,-4599.4,-4599.8,-4599.6,-4597.8,-4599.0,-4582.3,-4542.7,-4477.4,-4384.3,-4282.2,-4151.1,-4013.0,-3839.8,-3636.0,-3401.5,-3136.9,-2847.0,-2553.8,-2274.2,-2021.9,-1820.3,-1706.4,-1645.5,-1623.0,-1626.0,-1626.2,-1621.9,-1621.8,-1623.5,-1624.3,-1620.9,-1630.9,-1686.7,-1777.1,-1884.3,-1971.1,-2043.5,-2117.0,-2205.5,-2314.2,-2421.3,-2540.0,-2635.7,-2690.3,-2692.8,-2652.5,-2572.4,-2501.6,-2479.1,-2479.9,-2479.8,-2480.1,-2479.8,-2479.8,-2479.8,-2478.8,-2480.0,-2480.6,-2492.7,-2550.3,-2658.2,-2811.7,-2905.1,-2909.4,-2846.8,-2688.8,-2521.6,-2365.7,-2233.8,-2131.9,-2012.9,-1909.2,-1795.1,-1653.8,-1508.1,-1383.4,-1252.0,-1120.8,-1008.5,-891.3,-775.0,-646.6,-537.2,-438.7,-299.2,-152.5,35.4,40.2,71.5,93.3,105.5,137.3,157.8,177.9,166.8,156.2,151.9,121.6,93.6,-8.2,70.3,88.9,117.8,143.1,158.2,158.1,156.4,152.0,152.3,92.8,109.8,131.1,118.4,105.7,48.3,-5.2,67.1,146.5,145.3,146.2,144.8,148.3,144.3,144.3,157.6,162.6,170.0,174.4,173.7,170.1,166.7,162.9,158.1,152.5,153.2,150.8,149.8,151.3,151.0,151.2,149.0,146.3,143.6,140.6,137.0,133.6,128.9,113.0,112.7,121.7,106.3,110.3,111.2,98.6,84.0,42.0,-11.6,17.6,59.6,110.2,115.6,123.7,124.2,124.1,126.8,130.4,133.0,136.0,118.8,118.7,137.0,138.1,138.4,140.7,119.9,89.8,75.1,75.1,85.9,86.6,85.9,105.4,128.4,101.1,83.3,69.4,50.7,30.2,11.2,-1.7,24.0,-72.5,-181.5,-338.9,-562.1,-856.0,-1202.8,-1595.7,-2015.6,-2449.5,-2877.0,-3284.0,-3658.4
-3602.9,-3173.1,-2721.7,-2259.5,-1810.8,-1425.2,-1104.7,-872.7,-687.1,-549.8,-418.0,-275.4,-79.5,80.7,138.6,99.1,54.4,-1.7,2.4,2.9,1.9,-0.3,33.5,75.1,95.1,91.5,80.0,21.8,5.8,6.1,6.1,7.0,25.8,107.9,108.6,129.2,143.5,145.1,146.1,149.4,137.7,114.7,85.9,30.0,7.9,7.4,8.1,94.1,106.0,53.0,8.8,22.5,94.0,148.8,161.9,164.9,166.9,170.7,176.7,183.1,189.3,192.1,190.9,187.0,181.7,162.4,161.0,159.6,159.2,150.9,149.4,160.4,161.7,163.0,161.9,156.9,152.0,149.1,146.6,133.9,114.7,104.4,97.6,116.5,117.8,116.7,57.1,18.4,75.8,117.8,119.8,120.3,121.3,119.9,120.6,119.6,118.9,119.4,120.9,120.0,120.9,121.5,126.1,129.0,120.0,106.9,128.6,129.7,119.5,108.9,126.0,121.8,121.8,121.8,139.7,168.3,213.5,231.7,147.9,20.1,26.6,-283.8,-463.0,-669.3,-907.8,-1225.3,-1618.3,-2051.0,-2493.5,-2917.8,-3285.4,-3601.9,-3861.9,-4074.9,-4245.0,-4381.4,-4486.3,-4556.8,-4602.1,-4623.2,-4626.3,-4628.7,-4627.8,-4626.6,-4626.0,-4625.9,-4624.3,-4624.5,-4623.9,-4623.8,-4622.4,-4621.1,-4620.9,-4620.2,-4619.2,-4618.6,-4618.8,-4618.6,-4617.2,-4613.6,-4613.8,-4604.9,-4584.2,-4550.1,-4507.8,-4458.2,-4402.2,-4357.4,-4314.3,-4297.2,-4299.1,-4300.5,-4296.4,-4275.6,-4235.7,-4168.5,-4070.8,-3927.6,-3754.3,-3539.7,-3310.1,-3067.2,-2816.7,-2553.9,-2315.3,-2096.1,-1921.3,-1784.0,-1642.0,-1501.5,-1375.8,-1235.9,-1064.3,-888.9,46.2,53.1,58.2,61.6,62.8,-7.3,5.3,-11.2,55.9,76.9,86.9,109.3,114.2,115.2,116.8,118.1,117.8,116.0,112.3,30.8,27.3,99.2,120.2,123.3,126.9,124.8,122.8,126.5,132.7,134.9,129.9,119.5,109.7,64.3,97.7,119.5,129.9,135.1,132.8,124.8,86.6,-1.3,9.7,81.8,24.0,-52.0,-131.1,-213.1,-308.0,-399.9,-522.7,-650.5,-816.5,-1013.3,-1241.1,-1498.7,-1791.2,-2129.4,-2498.1,-2910.5,-3325.5,-3703.6,-4030.2,-4289.5,-4467.1,-4562.1,-4596.2,-4600.0,-4602.1,-4602.5,-4602.7,-4603.1,-4603.4,-4604.2,-4604.9,-4604.3,-4605.1,-4605.1,-4605.3,-4607.1,-4601.3,-4578.6,-4535.9,-4477.2,-4390.9,-4289.3,-4152.3,-3982.4,-3779.2,-3541.0,-3270.4,-2992.3,-2716.3,-2464.0,-2259.9,-2139.8,-2071.8,-2052.5,-2053.7,-2054.4,-2055.4,-2049.0,-2047.8,-2048.7,-2050.6,-2051.6,-2049.9,-2060.9,-2119.4,-2208.6,-2319.8,-2410.8,-2484.1,-2557.3,-2647.5,-2755.0,-2860.3,-2962.2,-3006.7,-3007.5,-2983.7,-2936.9,-2915.9,-2916.2,-2916.2,-2917.1,-2916.3,-2916.3,-2913.9,-2914.2,-2915.0,-2915.6,-2917.3,-2917.4,-2928.1,-2986.5,-3080.4,-3148.1,-3150.8,-3094.5,-2955.8,-2806.2,-2674.4,-2572.1,-2451.9,-2345.9,-2232.5,-2083.9,-1932.7,-1797.3,-1655.5,-1510.2,-1383.2,-1277.4,-1115.6,-966.3,-828.4,-699.0,-509.6,-266.1,-377.9,-304.3,-170.1,-81.8,-18.0,89.8,156.6,192.4,184.2,176.7,169.0,163.6,148.3,122.0,88.6,-9.4,70.3,66.7,127.8,158.7,160.9,160.1,159.7,162.1,158.2,153.7,151.1,151.2,138.8,120.2,96.4,85.0,94.0,130.8,126.7,143.2,144.3,144.3,147.8,151.1,156.2,162.9,168.7,170.4,168.9,165.8,163.1,159.1,153.9,151.3,137.7,149.8,149.1,148.7,149.9,151.4,150.0,148.1,145.0,141.2,137.4,133.7,130.7,127.3,110.8,110.8,109.3,116.0,112.0,74.2,-1.2,-2.3,-1.5,30.2,74.3,109.4,123.0,123.8,126.5,129.5,132.4,136.8,140.1,141.1,126.8,136.9,140.4,141.9,145.1,143.9,117.5,87.4,85.6,87.2,89.4,103.8,132.8,135.9,130.6,124.3,109.5,89.4,69.5,48.7,30.7,7.1,24.0,-166.3,-334.8,-561.8,-854.0,-1203.3,-1596.1,-2016.2,-2451.0,-2878.9,-3289.0,-3659.6
-3606.4,-3175.2,-2724.4,-2264.5,-1859.6,-1508.7,-1244.6,-1021.0,-854.3,-681.7,-517.9,-337.9,-122.4,75.4,161.4,112.4,61.6,4.9,2.0,15.5,-0.1,-2.4,2.9,36.6,50.2,60.5,4.1,5.4,5.4,52.8,74.5,102.2,107.4,115.8,116.6,137.2,141.2,142.9,114.5,104.3,86.3,55.2,1.0,3.0,7.4,82.8,114.2,132.9,140.6,131.8,107.1,18.8,51.8,99.9,141.5,161.4,163.7,166.3,170.0,174.9,179.4,176.4,179.8,177.4,163.9,161.0,161.2,169.3,167.1,165.6,137.6,137.5,156.0,157.7,157.3,153.0,127.1,133.6,144.3,130.6,125.5,100.1,77.8,80.0,97.1,103.8,38.2,20.2,93.8,119.4,120.9,121.8,121.0,119.8,120.3,119.3,118.9,121.4,120.2,118.9,122.9,126.0,124.2,128.3,126.9,128.7,129.2,130.4,115.0,114.7,127.7,130.2,127.6,137.1,149.3,184.5,220.5,198.0,81.7,31.2,29.0,-354.0,-526.6,-743.7,-977.9,-1275.6,-1631.0,-2049.7,-2492.7,-2936.1,-3340.7,-3677.0,-3954.3,-4171.4,-4335.7,-4459.7,-4541.6,-4594.6,-4620.9,-4631.8,-4630.0,-4630.1,-4628.9,-4629.1,-4628.2,-4627.2,-4627.0,-4626.6,-4626.0,-4625.8,-4625.0,-4623.8,-4623.1,-4622.9,-4621.9,-4621.3,-4621.5,-4621.2,-4620.6,-4620.0,-4617.8,-4616.7,-4609.9,-4593.1,-4572.2,-4546.5,-4520.1,-4490.8,-4480.8,-4481.6,-4480.6,-4478.5,-4470.2,-4445.4,-4401.8,-4332.0,-4220.5,-4082.4,-3900.7,-3697.9,-3475.6,-3243.1,-2991.6,-2759.3,-2539.9,-2362.9,-2224.3,-2075.8,-1923.2,-1792.2,-1643.4,-1451.1,-1250.3,-1031.9,-827.3,-644.7,60.2,65.8,69.6,70.7,28.1,72.4,87.0,102.8,109.9,115.8,117.2,117.5,118.2,118.3,116.9,114.3,86.2,52.4,3.6,66.6,101.1,115.3,127.2,124.7,122.2,124.5,129.8,133.3,130.8,122.0,96.4,22.1,52.1,94.8,125.7,133.6,134.0,126.1,86.8,0.8,0.5,113.8,93.9,53.4,-2.7,-81.0,-175.9,-296.5,-400.4,-527.2,-686.9,-881.3,-1110.0,-1379.1,46.4,40.2,-2480.1,-2915.4,-3329.7,-3708.3,-4035.3,-4294.7,-4473.5,-4570.0,-4604.1,-4606.1,-4607.8,-4608.8,-4608.7,-4608.5,-4609.1,-4609.5,-4609.5,-4610.2,-4610.9,-4611.5,-4611.6,-4610.1,-4612.7,-4603.1,-4581.6,-4540.6,-4482.1,-4392.3,-4264.7,-4102.3,-3903.0,-3661.5,-3407.1,-3147.3,-2905.6,-2703.8,-2584.0,-2510.8,-2492.0,-2494.8,-2496.0,-2496.6,-2499.0,-2489.1,-2489.9,-2488.8,-2488.6,-2492.0,-2490.5,-2488.5,-2499.3,-2561.6,-2652.8,-2760.6,-2848.7,-2921.2,-2992.2,-3082.8,-3183.3,-3277.5,-3346.0,-3355.3,-3344.4,-3331.1,-3332.1,-3331.5,-3334.6,-3333.6,-3332.2,-3331.4,-3331.1,-3331.0,-3332.4,-3331.1,-3330.1,-3331.3,-3330.8,-3344.1,-3386.0,-3419.8,-3419.3,-3353.1,-3230.8,-3106.3,-3007.8,-2890.3,-2786.4,-2673.5,-2527.2,-2373.9,-2236.0,-2092.4,-1934.0,-1798.7,-1657.6,-1571.2,-1339.9,-1180.3,-1025.7,-793.2,-417.4,-623.6,-536.1,-447.9,-307.5,-197.4,-109.0,64.4,194.0,247.5,222.2,203.5,187.6,176.6,159.8,148.8,119.3,75.9,-8.0,-7.9,82.2,130.7,132.1,168.2,164.6,163.4,166.5,163.7,161.3,158.5,155.4,127.8,151.1,118.4,95.0,97.0,125.5,134.6,144.6,144.3,144.3,144.6,148.5,155.8,163.5,167.2,167.3,165.5,161.9,144.9,154.6,150.1,127.4,149.2,149.1,147.4,147.3,149.2,152.0,152.5,150.6,146.1,141.5,136.7,134.7,129.5,119.0,112.0,112.0,115.6,116.5,32.4,-1.5,-0.9,-1.7,-2.7,57.5,109.5,113.6,113.7,129.3,132.9,138.6,143.2,144.7,143.3,129.9,140.4,143.9,146.7,149.4,149.9,144.6,124.6,105.6,120.0,132.7,137.0,139.0,136.2,131.3,125.9,122.4,116.5,98.7,77.0,28.1,24.0,-5.5,-151.4,-333.7,-562.4,-854.8,-1204.5,-1597.4,-2026.0,-2454.6,-2879.1,-3286.7,-3659.5
-3604.7,-3176.7,-2727.6,-2316.1,-1948.6,-1669.1,-1415.8,-1225.3,-1019.0,-816.2,-597.4,-377.6,-137.3,68.2,187.4,135.2,83.4,20.6,-5.3,46.3,45.8,18.8,-1.5,0.4,1.3,3.2,62.8,77.8,92.8,109.5,118.4,133.8,134.3,127.7,132.1,134.4,114.9,79.2,80.9,22.8,5.4,4.5,-0.7,56.5,105.3,111.6,128.8,147.6,149.9,153.6,140.4,128.7,115.3,100.1,100.6,139.2,144.3,143.6,153.7,155.7,155.8,170.8,173.3,174.0,174.2,171.6,168.5,166.9,165.6,162.4,141.5,137.1,136.9,153.9,153.4,149.2,126.9,113.3,112.8,117.0,105.1,86.0,56.6,54.8,48.0,41.7,38.2,79.8,121.9,121.1,120.6,120.2,120.2,120.3,119.2,118.9,118.9,118.9,118.9,123.2,125.5,126.1,124.2,124.2,124.2,128.6,129.3,129.3,130.1,129.9,130.7,128.6,142.0,155.4,171.6,195.9,224.0,130.7,34.4,32.6,30.3,27.1,-607.0,-804.3,-1071.4,-1356.9,-1687.2,-2062.8,-2492.9,-2953.3,-3351.1,-3721.4,-4019.1,-4246.4,-4409.3,-4516.6,-4581.9,-4618.0,-4631.8,-4631.3,-4632.9,-4632.1,-4631.2,-4630.3,-4630.0,-4629.5,-4629.0,-4628.8,-4628.3,-4626.8,-4626.7,-4625.9,-4626.0,-4625.3,-4624.1,-4623.2,-4622.9,-4622.3,-4622.6,-4622.2,-4621.4,-4618.8,-4613.5,-4615.3,-4606.7,-4599.1,-4586.3,-4578.3,-4578.7,-4578.5,-4577.1,-4574.5,-4566.0,-4544.6,-4508.4,-4437.0,-4339.2,-4201.0,-4035.3,-3845.8,-3637.9,-3406.5,-3187.8,-2978.4,-2804.5,-2667.0,-2519.9,-2370.4,-2234.1,-2077.2,-1870.1,-1653.3,-1413.4,-1184.2,-966.6,-773.2,62.0,69.5,75.3,78.6,51.6,100.3,102.5,109.4,114.6,118.5,119.6,119.8,119.6,118.3,115.4,111.7,93.8,12.1,-3.4,59.1,85.8,101.9,117.2,125.4,120.1,101.9,126.6,131.3,131.5,124.2,86.3,-0.7,-1.3,77.7,122.5,131.6,133.0,116.1,98.5,70.7,91.4,113.2,121.3,122.9,86.4,31.3,-69.5,-175.7,-300.4,-428.2,-579.1,-768.4,-1002.9,46.4,46.6,46.4,-2484.5,-2919.1,-3334.0,-3713.0,-4041.7,-4301.2,-4479.2,-4576.8,-4608.8,-4611.9,-4613.2,-4614.8,-4614.6,-4614.4,-4615.4,-4615.5,-4615.2,-4616.2,-4617.1,-4616.5,-4616.0,-4616.7,-4614.8,-4615.8,-4606.8,-4587.4,-4545.4,-4469.7,-4358.3,-4203.7,-4007.9,-3788.1,-3553.0,-3328.2,-3135.6,-3019.4,-2949.7,-2928.8,-2932.7,-2933.4,-2936.3,-2937.9,-2937.8,-2927.0,-2925.9,-2927.6,-2926.7,-2928.4,-2928.6,-2928.8,-2926.0,-2938.9,-2994.9,-3085.8,-3190.1,-3272.9,-3337.1,-3407.1,-3488.3,-3582.6,-3662.8,-3703.5,-3713.4,-3713.1,-3713.6,-3712.7,-3713.7,-3714.4,-3712.2,-3714.3,-3713.2,-3712.1,-3712.1,-3713.2,-3712.3,-3712.4,-3712.3,-3712.2,-3720.7,-3721.8,-3696.7,-3618.3,-3511.5,-3420.3,-3311.2,-3212.6,-3104.5,-2963.8,-2816.1,-2677.7,-2529.5,-2374.5,-2235.4,-2090.3,-1930.8,-1790.0,-1580.1,-1407.0,-1255.4,-1058.3,-934.1,-825.4,-678.8,-544.3,-412.5,-313.0,-199.2,-56.0,147.7,260.4,288.1,257.5,224.9,199.3,178.6,177.2,159.5,130.0,112.5,-10.0,-9.7,-7.2,93.8,119.5,150.5,174.3,175.2,172.8,169.7,165.0,161.0,158.1,155.6,140.9,115.7,98.5,98.0,142.9,141.5,144.5,144.6,145.1,143.7,149.0,157.4,164.5,168.2,166.3,147.8,146.8,136.8,131.2,127.4,126.4,149.8,146.7,146.7,146.7,151.0,155.6,156.3,152.5,146.7,140.5,136.2,120.8,118.7,128.5,126.3,120.3,113.9,91.3,-2.9,41.6,52.5,5.0,104.6,109.6,114.7,114.8,135.0,140.8,146.0,147.6,147.6,136.3,131.1,146.8,149.4,151.5,153.4,151.7,148.1,142.4,139.4,141.6,142.1,142.1,139.2,134.6,128.9,123.4,118.4,114.7,110.4,55.4,-4.1,-0.8,31.0,-141.3,-330.0,-563.9,-857.0,-1209.0,-1600.7,-2021.8,-2453.2,-2881.2,-3289.4,-3661.5
-3604.5,-3181.0,-2779.7,-2409.4,-2114.6,-1851.1,-1645.4,-1412.3,-1177.7,-912.9,-647.4,-393.4,-162.6,30.0,154.5,146.0,101.8,49.7,29.3,82.9,84.9,65.2,44.6,3.3,1.5,58.4,83.8,108.1,125.3,132.1,131.5,129.9,127.2,124.2,126.8,111.3,105.0,11.5,5.1,5.8,4.5,34.6,86.1,97.0,128.0,134.8,145.0,147.2,154.2,160.3,163.0,164.3,164.9,148.6,146.6,140.4,142.3,143.8,144.0,167.8,169.4,169.7,171.7,172.6,168.6,166.3,160.3,158.6,156.9,155.9,153.3,150.9,130.7,130.4,147.8,147.4,136.0,104.2,94.0,85.6,85.2,67.8,56.6,72.3,93.4,108.2,105.4,113.5,126.4,120.9,120.5,124.0,122.9,122.5,118.9,123.2,122.7,118.9,118.9,119.4,126.7,125.9,125.6,127.3,124.2,127.0,127.7,129.1,129.4,129.2,132.4,136.3,151.7,174.6,198.8,189.0,129.0,34.4,35.2,33.2,30.8,27.6,-716.8,-906.5,-1161.8,-1458.0,-1778.3,-2125.1,-2505.2,-2933.2,-3351.4,-3734.8,-4056.1,-4295.8,-4460.1,-4557.8,-4612.1,-4628.1,-4631.3,-4634.9,-4634.5,-4633.8,-4632.7,-4632.1,-4631.6,-4631.0,-4630.4,-4630.5,-4630.0,-4629.1,-4628.3,-4628.3,-4627.9,-4627.2,-4626.2,-4625.9,-4625.4,-4624.7,-4624.3,-4623.8,-4623.1,-4622.6,-4621.9,-4619.9,-4621.2,-4617.9,-4617.6,-4614.6,-4614.2,-4613.6,-4615.4,-4613.2,-4607.2,-4594.6,-4564.0,-4512.0,-4425.5,-4309.3,-4159.3,-3985.0,-3787.4,-3590.0,-3398.7,-3234.3,-3101.0,-2959.5,-2808.2,-2686.4,-2522.5,-2310.7,-2087.9,-1832.6,-1585.6,-1343.9,-1118.3,-865.8,-617.2,73.0,80.2,85.1,47.2,85.4,104.7,110.2,117.0,120.4,121.5,121.6,120.8,118.3,113.7,96.1,79.7,50.5,-3.0,-2.6,56.0,81.4,111.0,119.9,101.8,79.8,122.9,128.8,130.4,126.5,90.7,32.1,-2.9,61.5,105.6,128.8,128.0,118.1,109.8,101.4,98.3,113.4,118.7,124.3,129.5,95.1,32.8,-72.2,-202.3,-341.8,65.9,69.9,71.4,69.9,65.6,-2048.6,-2487.7,-2922.9,-3338.2,-3717.7,-4045.7,-4308.0,-4488.9,-4586.4,-4620.2,-4620.9,-4620.4,-4620.0,-4620.4,-4620.0,-4620.1,-4620.5,-4621.0,-4621.3,-4621.8,-4622.0,-4622.1,-4622.0,-4622.6,-4620.8,-4621.5,-4612.6,-4584.1,-4528.8,-4431.3,-4285.9,-4111.9,-3913.5,-3717.8,-3544.1,-3433.9,-3366.1,-3343.8,-3346.9,-3347.6,-3345.0,-3345.9,-3345.3,-3347.7,-3347.5,-3348.0,-3345.0,-3344.3,-3343.5,-3344.2,-3346.1,-3346.7,-3342.2,-3355.9,-3408.9,-3494.3,-3589.4,-3663.0,-3721.8,-3781.1,-3855.1,-3936.8,-3999.8,-4036.5,-4043.9,-4045.5,-4043.8,-4044.6,-4045.7,-4042.4,-4043.3,-4043.5,-4042.2,-4042.0,-4043.0,-4044.1,-4041.0,-4042.3,-4043.3,-4038.6,-4009.8,-3959.1,-3875.7,-3793.3,-3697.3,-3608.9,-3513.9,-3381.7,-3239.6,-3109.5,-2967.4,-2817.7,-2678.0,-2532.2,-2371.4,-2188.2,-2026.4,-1824.5,-1661.0,-1510.9,-1343.5,-1179.4,-989.1,-828.4,-666.6,-538.0,-415.8,-312.4,-177.7,-32.3,133.0,244.2,316.6,283.7,244.3,211.5,189.9,186.4,171.6,155.9,91.7,-10.0,-8.3,-7.9,-6.7,117.8,138.7,174.9,177.2,175.7,172.5,168.1,166.0,162.8,158.8,144.1,136.7,98.3,101.4,110.5,145.1,137.9,143.2,143.6,144.1,151.6,161.3,168.0,168.0,162.6,158.9,154.5,152.6,128.9,126.3,124.3,147.3,147.1,146.7,146.7,153.7,159.0,157.6,152.9,146.2,140.6,135.9,133.6,133.1,127.6,127.0,110.7,69.6,1.0,52.9,96.3,104.0,107.5,107.8,130.5,137.0,142.8,147.9,149.4,149.1,148.1,137.7,147.4,150.1,153.0,153.9,152.7,150.2,147.2,145.5,145.0,145.5,145.3,142.2,137.4,131.1,124.7,119.4,115.3,112.2,99.4,38.8,20.7,61.7,19.4,31.0,-326.9,-562.7,-866.9,-1207.6,-1599.4,-2019.3,-2453.0,-2881.6,-3287.7,-3660.2
-3612.0,-3235.5,-2875.8,-2581.6,-2312.1,-2092.9,-1850.6,-1590.0,-1291.6,-975.7,-669.1,-426.2,-218.5,-29.2,101.1,138.4,108.6,85.5,72.6,89.6,103.6,92.0,71.2,75.8,76.3,93.5,108.4,128.4,129.0,132.8,130.3,121.8,116.2,122.2,108.7,99.0,4.9,5.1,18.3,40.1,81.6,104.4,106.0,139.7,139.7,143.3,149.4,153.2,157.1,160.7,163.8,164.5,166.2,166.5,166.1,165.6,164.6,163.9,164.8,166.9,169.5,170.5,171.2,169.4,164.6,157.0,131.3,131.4,147.9,149.3,150.6,149.7,138.9,130.1,129.8,119.0,118.6,115.2,121.2,126.3,127.4,123.6,86.8,114.0,114.1,126.1,123.7,123.3,135.3,135.4,134.0,132.5,131.8,130.9,118.9,129.5,128.8,128.0,127.8,127.0,126.6,126.6,126.8,127.2,127.3,127.5,127.8,128.2,127.6,127.4,133.0,142.8,172.7,200.4,199.4,99.9,34.4,35.2,34.4,32.6,30.3,-701.0,-849.5,-1040.5,-1280.1,-1558.4,-1886.9,-2216.8,-2566.7,-2946.6,-3351.0,-3735.4,-4065.4,-4319.9,-4489.1,-4585.1,-4625.8,-4635.5,-4635.6,-4635.9,-4635.7,-4634.4,-4634.2,-4634.3,-4633.8,-4632.9,-4632.3,-4631.6,-4630.9,-4630.4,-4630.7,-4629.5,-4629.0,-4628.5,-4628.1,-4627.8,-4627.5,-4626.8,-4626.6,-4625.6,-4625.6,-4624.9,-4624.4,-4623.9,-4622.9,-4622.1,-4623.1,-4620.6,-4620.3,-4619.8,-4619.9,-4618.4,-4620.4,-4614.2,-4597.9,-4560.3,-4495.4,-4399.7,-4269.4,-4108.9,-3942.5,-3774.8,-3629.6,-3508.0,-3378.0,-3238.0,-3103.7,-2957.2,-2755.9,-2531.4,-2273.0,-2018.7,-1760.3,-1512.5,-1224.8,-928.1,-662.5,75.1,83.2,89.3,92.5,47.2,76.5,88.9,104.5,121.7,123.0,123.0,121.7,118.1,112.4,96.1,70.0,-1.6,-2.5,24.0,-1.8,68.0,92.9,114.5,87.7,12.8,99.4,123.4,126.0,126.3,98.1,53.7,-3.1,50.5,96.4,126.9,125.1,118.4,111.7,110.5,110.8,112.0,116.0,121.2,127.2,133.9,94.7,16.1,-109.3,77.0,82.6,86.5,87.8,85.0,79.4,-2051.2,-2490.9,-2926.6,-3342.9,-3723.9,-4052.3,-4317.7,-4477.3,-4568.6,-4603.4,-4621.9,-4635.2,-4626.2,-4626.3,-4625.9,-4626.2,-4626.4,-4626.4,-4626.6,-4627.5,-4628.5,-4627.8,-4627.8,-4628.1,-4628.5,-4626.4,-4625.5,-4610.2,-4568.2,-4487.8,-4366.2,-4215.2,-4054.1,-3906.6,-3810.6,-3748.1,-3727.9,-3728.8,-3729.4,-3729.7,-3729.4,-3728.9,-3728.6,-3728.1,-3727.0,-3728.0,-3729.6,-3728.4,-3726.9,-3728.3,-3726.7,-3726.0,-3726.4,-3723.2,-3735.6,-3788.2,-3863.5,-3943.5,-4005.8,-4052.0,-4102.8,-4166.0,-4229.8,-4280.0,-4301.7,-4309.8,-4310.4,-4307.8,-4307.4,-4305.2,-4305.0,-4306.0,-4304.9,-4304.9,-4305.1,-4304.7,-4305.9,-4305.8,-4303.5,-4284.8,-4243.7,-4180.8,-4116.2,-4033.5,-3961.8,-3876.7,-3761.7,-3633.3,-3514.6,-3385.2,-3242.7,-3110.4,-2969.8,-2813.1,-2630.7,-2450.2,-2263.9,-2094.0,-1934.1,-1756.7,-1579.2,-1365.0,-1180.2,-988.6,-832.8,-666.4,-537.6,-414.5,-311.1,-203.4,-83.9,81.1,196.4,276.9,302.9,261.7,228.5,203.4,189.2,180.0,136.6,29.1,52.7,28.0,-7.2,-6.2,76.9,142.2,174.9,176.2,175.7,173.6,171.7,169.2,166.1,163.0,159.1,141.4,149.1,110.4,117.3,120.0,127.3,143.5,142.8,146.3,151.1,166.6,169.5,165.0,160.6,155.0,151.7,128.6,127.6,123.0,121.0,146.6,146.7,144.6,147.7,156.5,159.9,158.4,152.9,147.3,142.8,139.3,132.9,133.0,130.6,125.3,-2.2,1.2,89.5,109.7,110.1,130.5,135.4,141.1,145.3,147.1,149.9,149.4,147.5,138.2,148.9,151.2,153.3,152.8,151.5,149.4,147.7,146.6,146.2,146.3,145.7,143.1,138.0,132.3,125.4,120.7,117.0,114.8,106.5,110.0,109.5,92.4,90.8,6.7,-140.1,-327.1,-563.8,-860.6,-1209.2,-1599.6,-2022.2,-2453.3,-2880.6,-3290.4,-3661.3
-3660.6,-3325.5,-3043.6,-2776.1,-2557.3,-2307.1,-2037.2,-1710.3,-1360.7,-1004.5,-698.9,-471.7,-297.1,-98.9,51.2,137.0,106.9,102.7,102.5,88.6,89.7,100.6,108.0,108.1,109.9,119.5,121.3,123.5,128.7,127.4,120.5,119.0,108.1,106.5,91.6,2.6,3.3,4.4,4.4,4.4,122.1,128.7,131.8,136.8,144.9,149.5,152.1,155.8,158.9,160.3,160.3,160.7,161.9,162.6,161.6,160.7,159.8,161.1,163.2,166.0,168.0,168.0,165.6,162.5,156.8,151.7,130.8,114.0,123.1,145.9,148.3,149.8,149.7,147.9,147.2,126.2,150.9,154.0,155.8,153.8,149.4,144.9,105.1,128.7,127.5,133.1,139.9,139.7,141.2,141.0,137.6,139.2,138.2,136.5,127.2,134.2,132.5,130.7,127.0,129.0,128.1,128.1,128.0,127.4,127.4,127.2,126.7,125.4,123.1,122.8,122.3,146.4,188.5,231.2,187.4,29.0,32.6,33.2,32.6,31.2,29.0,25.5,-1019.8,-1213.3,-1434.1,-1689.6,-1990.7,-2326.7,-2660.6,-3007.4,-3364.7,-3733.7,-4064.4,-4325.2,-4501.9,-4595.4,-4631.8,-4635.0,-4637.5,-4637.2,-4637.0,-4636.1,-4636.0,-4635.8,-4635.1,-4634.9,-4633.5,-4633.2,-4632.7,-4632.0,-4632.4,-4632.2,-4631.1,-4630.5,-4629.9,-4630.0,-4631.4,-4629.4,-4628.0,-4627.5,-4627.9,-4627.3,-4627.0,-4626.6,-4625.2,-4625.5,-4626.9,-4625.2,-4624.8,-4624.2,-4623.6,-4623.5,-4621.7,-4616.5,-4615.9,-4592.7,-4548.2,-4470.4,-4363.1,-4237.3,-4101.8,-3977.3,-3873.8,-3758.9,-3631.2,-3511.5,-3376.3,-3188.5,-2972.0,-2718.7,-2460.1,-2198.3,-1939.4,-1630.0,-1296.0,-985.2,-714.0,-507.7,84.4,91.3,96.0,-6.3,24.5,49.3,77.1,104.0,124.3,124.2,122.1,117.5,111.3,106.5,48.5,15.8,59.3,7.0,24.0,42.1,70.6,101.0,70.0,8.0,80.3,89.1,91.8,93.9,86.0,47.5,-3.4,29.8,71.0,103.2,121.4,124.0,114.7,113.5,114.3,109.0,111.1,117.4,123.4,139.2,125.4,75.4,88.9,93.5,98.2,101.4,101.7,98.0,91.8,-2060.3,-2500.7,-2937.0,-3353.6,-3736.5,-4066.1,-4296.4,-4329.5,-4305.8,-4361.4,-4534.4,-4626.9,-4639.9,-4632.2,-4631.3,-4631.4,-4632.1,-4632.4,-4632.4,-4633.1,-4634.2,-4633.8,-4633.3,-4634.1,-4634.8,-4633.0,-4634.9,-4624.9,-4597.1,-4537.2,-4441.5,-4326.1,-4210.3,-4132.4,-4080.4,-4060.6,-4064.0,-4063.4,-4062.8,-4062.5,-4062.0,-4061.3,-4060.5,-4060.4,-4060.0,-4058.3,-4057.9,-4058.6,-4060.2,-4060.7,-4059.5,-4059.1,-4055.3,-4056.5,-4057.1,-4065.3,-4110.7,-4170.1,-4237.4,-4282.0,-4314.5,-4355.5,-4402.0,-4448.2,-4475.2,-4484.7,-4488.0,-4487.5,-4488.0,-4487.8,-4487.7,-4487.6,-4487.5,-4486.3,-4486.3,-4485.2,-4486.2,-4486.7,-4475.8,-4453.5,-4412.1,-4364.0,-4302.4,-4247.5,-4183.8,-4090.1,-3982.1,-3878.7,-3764.4,-3636.4,-3518.7,-3388.1,-3239.5,-3065.8,-2890.6,-2706.0,-2538.4,-2376.2,-2192.9,-2009.7,-1781.3,-1580.1,-1364.6,-1180.1,-988.6,-831.0,-665.1,-540.2,-441.0,-354.1,-268.0,-159.3,-42.0,111.3,197.4,265.3,266.4,216.3,191.9,180.9,129.7,123.1,139.9,99.6,26.5,25.3,39.4,129.9,151.8,172.4,172.9,173.0,172.5,172.0,170.2,167.9,165.0,162.0,157.6,152.7,126.9,126.6,141.0,141.7,141.6,133.2,152.2,162.9,170.4,167.7,163.8,157.3,151.0,133.9,132.8,150.1,117.3,123.9,144.9,144.8,143.0,152.1,160.2,161.8,157.3,151.7,146.9,139.6,138.1,135.0,123.1,111.4,-2.3,79.0,96.4,127.5,135.2,140.7,144.5,148.8,151.2,148.9,150.4,142.1,142.1,150.3,152.1,153.2,153.4,150.7,148.7,148.1,146.3,145.3,145.3,143.5,140.9,136.5,131.4,125.5,121.2,118.0,115.2,113.6,113.5,113.6,114.8,111.7,70.0,-37.0,-184.8,-357.8,-570.7,-861.2,-1208.7,-1600.2,-2020.5,-2454.3,-2883.6,-3292.0,-3665.7
-3749.9,-3485.2,-3234.1,-3020.1,-2772.0,-2499.1,-2162.3,-1785.3,-1385.8,-1035.7,-753.9,-534.4,-343.6,-142.6,41.0,139.1,109.1,103.3,103.2,88.6,88.6,96.2,106.4,110.0,112.9,114.2,116.4,119.7,121.7,122.4,93.8,92.3,91.0,88.8,2.7,2.6,82.8,94.2,121.3,124.7,130.1,134.1,135.7,139.5,144.5,149.6,152.8,157.3,158.2,157.4,156.0,155.3,154.4,154.3,152.9,152.3,153.2,155.5,157.9,160.6,161.4,159.8,156.4,152.9,149.2,145.9,128.8,106.6,114.8,144.4,148.7,151.6,152.7,153.0,152.3,136.1,157.7,161.0,162.6,160.8,155.6,139.8,105.6,142.5,132.9,132.6,144.6,145.0,144.8,144.4,138.0,142.1,141.2,139.3,136.6,136.2,134.9,131.4,131.6,130.9,130.4,129.3,128.6,128.2,125.9,124.5,122.5,119.1,117.6,109.3,109.2,150.3,204.6,250.1,188.2,29.0,30.3,30.8,30.3,29.0,26.6,-979.7,-1199.9,-1404.9,-1617.2,-1852.6,-2126.5,-2432.8,-2773.0,-3098.7,-3424.9,-3746.4,-4065.8,-4326.4,-4506.7,-4600.3,-4634.4,-4637.5,-4638.1,-4637.8,-4638.4,-4637.7,-4637.2,-4637.3,-4637.1,-4636.3,-4635.2,-4635.1,-4634.2,-4633.9,-4633.3,-4633.0,-4632.5,-4632.2,-4632.0,-4631.0,-4631.6,-4631.4,-4629.8,-4629.8,-4629.5,-4629.6,-4628.9,-4628.4,-4627.8,-4627.7,-4627.6,-4627.0,-4626.6,-4626.2,-4626.0,-4625.8,-4625.2,-4624.1,-4624.4,-4614.6,-4583.4,-4528.0,-4451.2,-4357.5,-4263.2,-4182.2,-4089.1,-3980.6,-3877.3,-3757.6,-3587.0,-3391.7,-3152.5,-2902.0,-2644.0,-2383.9,-2061.1,-1707.6,-1361.3,-1049.1,-796.1,-596.7,83.9,91.8,97.7,100.3,100.1,17.9,40.9,83.1,111.9,124.8,121.8,116.3,110.1,106.6,89.9,99.6,94.6,67.5,-1.2,-1.1,25.8,58.0,39.1,-1.0,18.8,34.4,38.2,39.6,36.8,19.3,30.9,10.2,31.5,61.8,74.9,107.8,131.0,125.8,105.0,85.4,83.5,90.0,106.3,110.3,84.6,75.4,102.5,106.3,109.9,111.5,110.4,105.9,99.2,-2062.3,-2503.2,-2941.4,-3357.7,-3740.2,-4045.7,-4100.9,-4021.3,-3745.4,-3737.8,-4166.3,-4532.7,-4636.0,-4643.9,-4636.9,-4637.2,-4650.1,-4637.3,-4638.2,-4638.8,-4638.6,-4638.7,-4638.5,-4639.4,-4639.4,-4638.7,-4637.2,-4635.7,-4620.0,-4579.7,-4515.6,-4439.8,-4381.8,-4343.3,-4325.7,-4327.9,-4325.8,-4327.9,-4327.4,-4327.1,-4324.6,-4324.2,-4323.8,-4323.6,-4323.1,-4322.4,-4323.1,-4321.5,-4324.1,-4324.8,-4324.4,-4326.4,-4319.3,-4318.7,-4318.2,-4317.3,-4326.6,-4361.8,-4408.7,-4455.8,-4481.7,-4499.6,-4524.2,-4550.9,-4571.4,-4583.5,-4585.1,-4588.0,-4586.9,-4586.5,-4586.4,-4587.2,-4586.1,-4585.0,-4584.7,-4584.8,-4584.4,-4581.4,-4575.4,-4556.1,-4526.1,-4491.6,-4456.9,-4413.8,-4349.0,-4266.6,-4183.7,-4091.9,-3985.1,-3881.8,-3767.1,-3634.7,-3476.5,-3314.6,-3139.1,-2974.2,-2818.0,-2635.7,-2449.3,-2220.2,-2009.2,-1780.8,-1581.5,-1367.6,-1184.0,-988.0,-832.4,-715.0,-592.5,-504.8,-430.4,-342.9,-246.8,-149.8,-36.5,145.1,264.4,231.9,194.1,151.1,145.0,167.5,184.9,158.0,142.8,96.4,81.8,121.3,155.0,168.4,168.5,168.5,169.2,169.6,169.8,168.8,167.0,165.0,162.5,158.7,154.0,133.5,129.6,131.1,133.2,132.7,149.1,159.4,169.4,169.5,165.4,158.5,151.7,141.3,135.3,149.6,148.2,112.1,144.1,140.9,142.3,147.1,157.8,161.9,158.7,153.0,148.6,129.0,112.3,100.0,117.7,-2.5,61.0,120.1,134.6,133.9,139.9,147.9,150.5,151.2,148.3,148.3,142.1,142.1,152.1,152.0,152.8,152.2,149.9,147.6,146.0,140.3,139.7,140.8,140.7,137.3,133.3,128.7,115.8,118.2,117.1,114.8,104.5,10.7,27.4,93.9,112.4,104.6,53.6,-78.7,-238.3,-402.7,-601.3,-862.8,-1207.2,-1601.7,-2021.8,-2455.4,-2882.7,-3292.5,-3666.8
-3890.8,-3661.8,-3465.2,-3230.5,-2962.0,-2625.3,-2237.3,-1815.1,-1429.4,-1102.1,-836.5,-598.4,-381.2,-154.2,44.4,139.3,107.6,104.2,102.5,103.5,88.6,92.6,97.5,98.3,106.1,108.5,109.3,115.1,119.9,123.3,89.9,2.2,44.5,3.1,2.6,79.0,100.3,108.9,121.1,128.2,134.1,134.5,134.3,137.1,141.2,146.1,152.3,155.5,154.9,152.1,132.9,148.4,147.4,146.0,145.3,138.5,142.9,148.7,150.4,153.0,152.8,149.0,147.2,143.9,141.0,127.3,104.8,104.7,127.5,127.3,149.9,154.5,157.4,157.9,157.4,158.5,160.3,163.8,164.6,163.0,159.7,155.5,152.8,147.7,149.2,148.1,148.7,148.3,147.2,145.3,143.6,144.1,144.5,143.4,140.6,138.6,136.9,133.5,132.6,131.8,130.8,128.7,126.6,125.0,121.4,118.7,115.6,112.5,107.8,107.8,107.7,155.4,222.4,272.7,206.7,-20.7,27.1,27.6,27.1,25.5,-978.4,-1142.7,-1358.6,-1647.6,-1824.4,-2049.4,-2377.8,-2571.8,-2877.5,-3203.5,-3507.0,-3799.4,-4074.7,-4327.5,-4505.6,-4602.8,-4635.9,-4638.3,-4639.7,-4638.5,-4639.7,-4639.5,-4639.5,-4638.2,-4708.9,-4638.0,-4636.7,-4636.0,-4636.2,-4635.6,-4635.5,-4634.8,-4634.2,-4633.6,-4632.9,-4632.3,-4632.9,-4632.9,-4631.6,-4631.6,-4631.9,-4631.7,-4630.8,-4630.3,-4630.0,-4629.6,-4629.6,-4629.1,-4628.7,-4628.7,-4628.2,-4627.7,-4627.8,-4628.2,-4625.5,-4623.1,-4607.7,-4576.3,-4531.0,-4469.6,-4414.3,-4349.1,-4267.4,-4184.7,-4088.6,-3943.3,-3771.9,-3555.6,-3328.0,-3081.1,-2827.7,-2505.4,-2139.8,-1776.2,-1435.6,-1145.7,-906.2,-699.1,-509.7,91.0,97.7,102.1,103.3,101.8,17.9,62.4,103.3,122.8,120.7,114.5,108.7,105.8,106.1,105.6,101.0,86.1,44.0,-1.2,-1.2,-1.3,-1.3,-1.3,-1.6,-3.7,-3.3,72.0,59.8,30.9,-1.9,25.8,66.0,31.5,33.3,72.2,110.4,112.0,77.0,46.3,46.3,46.3,46.3,46.3,105.9,106.9,109.0,111.5,113.9,114.5,112.0,106.4,99.1,-2063.5,-2504.9,-2943.6,-3362.6,-3743.5,-4023.8,-4055.6,-3934.4,-3602.7,-3587.5,-4066.9,-4486.7,-4637.1,-4646.7,-4642.7,-4642.4,-4644.0,-4642.9,-4643.0,-4643.3,-4643.2,-4643.6,-4643.6,-4644.1,-4643.9,-4643.7,-4643.2,-4643.8,-4635.5,-4615.2,-4581.5,-4547.4,-4519.6,-4508.6,-4509.3,-4508.2,-4510.2,-4508.7,-4509.1,-4509.1,-4507.5,-4506.2,-4508.8,-4506.4,-4505.9,-4507.2,-4505.9,-4506.1,-4504.6,-4506.3,-4505.8,-4501.7,-4501.4,-4502.1,-4502.6,-4501.8,-4501.2,-4506.1,-4528.6,-4556.5,-4577.9,-4588.4,-4595.9,-4607.7,-4615.8,-4623.3,-4624.6,-4623.7,-4625.5,-4626.0,-4624.0,-4624.6,-4623.5,-4622.4,-4622.1,-4622.2,-4621.4,-4620.3,-4616.5,-4608.0,-4591.2,-4577.5,-4556.5,-4522.9,-4472.9,-4416.7,-4351.8,-4269.6,-4186.8,-4095.6,-3983.1,-3846.8,-3702.2,-3544.0,-3391.4,-3243.4,-3073.1,-2889.2,-2662.1,-2450.8,-2217.5,-2009.0,-1780.8,-1580.9,-1365.2,-1186.5,-1030.3,-897.6,-783.3,-686.8,-592.7,-502.7,-425.0,-338.1,-206.1,-10.5,153.7,254.2,205.7,187.4,186.6,171.6,190.5,189.2,185.5,146.1,115.4,129.9,149.4,167.1,166.0,164.3,163.7,164.6,165.6,165.5,165.4,165.6,164.0,162.3,158.9,154.5,149.4,130.2,132.3,135.8,134.0,155.4,165.8,168.8,165.2,159.0,152.7,146.0,147.3,148.6,147.7,80.8,79.3,128.9,140.6,143.8,155.0,159.5,157.6,149.4,139.2,113.2,84.6,57.3,-5.6,61.0,72.5,114.1,139.9,142.5,149.8,151.8,152.5,151.5,150.0,148.9,149.1,151.1,152.6,152.1,150.2,148.0,146.2,144.0,142.3,139.7,127.3,125.0,131.6,127.9,115.3,115.4,115.5,114.5,114.5,114.5,114.5,27.5,-6.4,54.6,76.8,98.6,38.3,-108.5,-284.2,-460.8,-658.1,-903.2,-1216.8,-1603.2,-2022.0,-2454.1,-2883.2,-3293.9,-3666.6
-4050.4,-3871.7,-3659.2,-3408.9,-3087.0,-2701.0,-2267.5,-1863.4,-1508.3,-1200.4,-912.8,-650.2,-393.6,-144.3,58.2,142.2,107.2,105.4,100.2,102.6,103.2,103.2,105.5,106.7,106.2,107.8,111.4,116.8,121.3,124.7,122.9,60.8,1.0,2.6,79.9,99.2,112.2,122.1,129.7,137.4,136.7,133.9,46.2,63.6,118.9,144.4,149.2,151.0,150.0,146.7,113.8,103.4,118.8,139.5,133.3,137.9,137.8,138.7,140.9,137.1,124.1,128.9,126.2,115.1,104.8,84.3,90.0,103.1,125.3,125.3,149.2,156.8,160.6,160.6,159.8,159.4,161.2,163.5,165.0,164.5,162.5,160.2,156.9,155.6,154.0,153.8,152.6,151.0,148.2,147.4,145.9,144.7,144.6,142.7,139.8,137.6,135.1,134.5,132.2,129.6,126.7,123.3,121.2,118.2,113.9,98.5,106.6,106.6,107.3,106.6,123.5,172.6,234.9,296.4,187.5,-38.0,-313.5,20.0,-809.3,-1031.8,-1200.9,-1358.6,-1539.9,-1778.2,-2034.2,-2268.0,-2582.2,-2736.9,-3007.3,-3299.6,-3601.2,-3874.5,-4120.8,-4336.8,-4508.0,-4603.5,-4638.1,-4638.8,-4640.5,-4639.9,-4639.2,-4639.0,-4638.6,-4639.4,-4638.1,-4637.7,-4638.4,-4637.1,-4636.5,-4636.5,-4636.2,-4635.8,-4635.9,-4635.7,-4634.6,-4634.3,-4634.1,-4634.0,-4633.5,-4633.4,-4632.9,-4633.0,-4633.1,-4632.3,-4632.1,-4631.9,-4631.9,-4631.0,-4631.1,-4631.2,-4631.3,-4631.0,-4630.5,-4630.7,-4630.0,-4625.3,-4623.3,-4609.9,-4587.8,-4559.8,-4523.8,-4473.7,-4418.7,-4348.3,-4238.2,-4100.0,-3918.1,-3715.0,-3493.0,-3254.9,-2945.9,-2585.0,-2214.8,-1859.9,-1544.5,-1274.8,-1032.0,-797.6,-598.6,88.4,96.5,102.2,104.9,105.0,3.5,49.8,92.8,121.5,118.8,112.2,106.7,93.1,91.6,91.8,101.2,82.6,49.5,10.9,10.2,9.0,3.2,-1.9,-2.1,-1.8,72.0,91.9,94.5,98.0,75.5,106.2,109.9,112.8,114.8,33.3,42.7,46.3,46.3,113.1,112.8,113.1,113.4,112.8,110.0,108.9,108.9,109.5,109.9,109.1,105.7,99.4,91.7,-2064.7,-2507.5,-2944.2,-3364.0,-3745.2,-4078.7,-4272.7,-4285.5,-4201.3,-4252.0,-4487.4,-4639.7,-4659.4,-4648.1,-4647.2,-4647.7,-4648.3,-4647.8,-4648.4,-4648.6,-4648.8,-4648.4,-4648.1,-4648.8,-4648.6,-4648.7,-4648.4,-4647.0,-4647.6,-4639.6,-4627.6,-4616.2,-4609.3,-4609.4,-4609.2,-4610.9,-4608.8,-4609.5,-4608.1,-4608.6,-4609.3,-4607.9,-4606.4,-4606.5,-4606.3,-4605.9,-4604.1,-4604.7,-4604.2,-4603.3,-4604.1,-4601.3,-4600.6,-4599.8,-4599.4,-4599.0,-4598.3,-4597.6,-4600.8,-4612.2,-4622.4,-4627.5,-4628.3,-4629.8,-4632.6,-4630.4,-4630.9,-4630.9,-4630.2,-4630.0,-4630.4,-4630.3,-4630.7,-4628.9,-4628.9,-4628.8,-4628.9,-4628.6,-4631.6,-4627.5,-4622.9,-4618.4,-4608.0,-4588.5,-4560.5,-4525.8,-4475.9,-4420.7,-4352.9,-4271.7,-4162.9,-4043.4,-3906.0,-3773.1,-3642.2,-3482.8,-3315.7,-3096.5,-2891.6,-2662.7,-2450.9,-2218.8,-2008.9,-1781.7,-1586.8,-1414.4,-1261.0,-1127.3,-1013.2,-896.2,-782.5,-687.5,-591.0,-468.7,-308.6,-96.4,120.5,288.0,229.5,195.6,193.0,179.4,190.1,190.6,148.9,144.0,152.1,151.6,151.0,166.3,164.0,159.1,152.4,151.4,148.4,147.8,147.4,147.1,160.8,160.6,159.2,157.8,154.6,151.1,147.8,134.7,134.0,136.3,149.8,164.9,163.6,157.8,152.9,145.9,147.4,148.3,145.7,78.8,70.7,115.1,139.8,140.4,149.9,156.7,156.3,146.5,128.5,92.2,32.0,-3.2,-3.6,-3.6,61.0,116.6,138.9,147.5,149.3,151.9,151.5,150.7,150.6,151.0,150.8,151.9,150.8,148.9,146.1,131.2,130.3,139.5,137.2,134.2,120.1,116.4,124.1,116.2,80.0,63.1,59.2,82.4,51.7,56.4,55.2,35.4,-4.6,-4.6,25.4,72.1,19.7,31.1,-318.5,-514.9,-731.8,-973.0,-1265.0,-1617.4,-2021.8,-2454.2,-2884.0,-3292.8,-3676.2
-4229.7,-4045.4,-3822.1,-3524.9,-3156.9,-2730.3,-2319.1,-1947.6,-1616.8,-1288.4,-977.4,-669.4,-394.7,-142.1,59.8,131.8,107.6,102.3,97.7,96.3,102.0,102.7,104.4,106.4,107.9,110.1,113.4,116.7,119.5,116.1,115.2,52.3,1.0,42.2,94.9,124.2,127.9,130.7,135.1,137.9,137.6,135.8,2.0,13.3,116.6,142.9,146.1,146.6,145.5,142.1,139.3,69.8,74.9,134.0,126.2,127.9,124.2,118.2,111.2,102.1,81.7,59.4,50.2,51.4,55.6,82.2,114.9,121.1,141.5,125.3,136.2,136.1,156.9,156.8,156.4,158.3,160.4,163.9,165.9,166.7,165.4,163.5,160.8,159.6,158.4,157.7,155.4,152.8,149.0,146.1,144.1,141.9,141.2,138.8,135.8,132.8,129.3,127.8,125.9,122.2,118.5,115.0,112.0,108.8,106.9,97.6,106.8,106.2,106.2,105.8,131.7,189.8,250.2,252.4,127.6,-82.4,-320.4,-576.8,-868.1,-1139.2,-1394.0,-1603.6,-1777.8,-1972.3,-2217.0,-2483.4,-2803.9,-2935.4,-3171.3,-3422.8,-3690.1,-3955.1,-4183.4,-4374.0,-4515.2,-4600.9,-4635.5,-4640.4,-4640.5,-4640.2,-4639.7,-4639.9,-4639.5,-4639.4,-4638.5,-4638.5,-4638.4,-4638.2,-4637.5,-4637.2,-4636.9,-4637.0,-4636.7,-4636.7,-4636.2,-4635.4,-4635.4,-4635.3,-4635.3,-4635.2,-4634.9,-4635.0,-4635.2,-4634.7,-4634.3,-4633.6,-4633.8,-4633.0,-4633.1,-4632.8,-4634.1,-4634.0,-4633.3,-4633.1,-4633.1,-4631.7,-4627.4,-4628.3,-4642.9,-4609.2,-4588.7,-4561.9,-4525.3,-4455.4,-4357.6,-4218.4,-4053.5,-3863.7,-3651.2,-3366.6,-3021.2,-2659.0,-2300.5,-1973.0,-1685.8,-1416.1,-1148.6,-908.7,-699.6,-512.0,93.6,100.4,104.8,106.3,-7.2,29.2,76.1,118.8,118.2,111.6,106.7,108.4,108.1,87.5,84.9,77.9,76.4,26.7,39.6,64.9,61.0,38.8,9.1,-6.7,-4.1,109.2,111.5,114.5,75.5,120.5,122.9,124.8,125.8,125.6,125.3,123.8,121.7,119.5,117.5,115.9,114.3,112.3,108.2,105.0,102.3,100.4,98.8,96.4,92.6,86.7,79.3,-2063.4,-2505.8,-2945.4,-3362.4,-3747.7,-4076.0,-4344.1,-4491.0,-4574.6,-4605.4,-4647.7,-4662.9,-4653.5,-4652.2,-4652.0,-4652.3,-4652.2,-4653.1,-4652.7,-4652.8,-4652.8,-4653.5,-4653.0,-4653.1,-4652.9,-4653.6,-4653.0,-4653.1,-4652.0,-4653.1,-4649.9,-4648.2,-4648.2,-4649.0,-4646.8,-4647.4,-4647.2,-4647.8,-4645.4,-4645.9,-4645.6,-4646.0,-4643.6,-4643.9,-4643.5,-4643.9,-4641.3,-4641.6,-4641.1,-4640.3,-4638.8,-4639.1,-4638.6,-4637.8,-4636.3,-4636.2,-4637.0,-4635.6,-4634.9,-4634.4,-4639.1,-4635.0,-4636.0,-4635.3,-4635.9,-4636.4,-4635.6,-4635.5,-4635.2,-4635.2,-4634.8,-4635.4,-4635.4,-4634.4,-4633.7,-4633.5,-4634.1,-4634.4,-4633.3,-4632.4,-4630.9,-4633.3,-4630.4,-4623.1,-4612.8,-4590.5,-4562.2,-4527.6,-4475.7,-4403.6,-4315.4,-4210.6,-4102.7,-3989.7,-3852.4,-3701.7,-3504.7,-3315.0,-3097.7,-2893.2,-2665.0,-2456.1,-2219.7,-2015.1,-1831.8,-1665.9,-1524.4,-1393.5,-1259.8,-1127.4,-1013.9,-893.4,-742.1,-568.3,-381.4,-144.6,90.0,294.8,249.0,207.2,181.2,180.5,189.4,181.6,161.0,150.4,149.8,149.8,171.2,166.2,160.7,158.8,151.4,153.6,155.4,145.9,145.6,141.1,136.8,136.5,158.3,158.8,158.4,156.8,155.7,152.6,150.8,152.1,154.9,158.2,159.7,155.4,151.2,147.3,145.9,145.9,130.7,90.5,64.5,117.6,135.0,138.6,147.0,154.7,155.3,151.0,113.5,55.2,54.0,64.4,54.0,-2.8,92.1,110.2,132.6,143.0,146.6,149.8,150.8,151.6,152.1,152.0,151.1,148.8,148.0,146.5,127.4,125.1,128.8,131.6,128.7,103.6,103.2,31.9,-0.3,-5.2,-7.3,-7.1,21.2,2.1,21.2,22.5,4.5,22.5,-4.0,-3.4,-6.9,28.5,31.1,-126.8,-332.9,-542.7,-766.6,-1017.6,-1346.5,-1668.3,-2033.9,-2461.4,-2892.7,-3303.2,-3677.5
-4372.4,-4185.6,-3924.1,-3594.5,-3184.4,-2783.8,-2407.2,-2059.6,-1711.0,-1358.1,-999.2,-671.2,-394.6,-143.2,43.1,119.6,99.0,98.4,96.3,99.2,98.7,100.0,103.0,104.9,105.9,107.4,109.8,111.7,112.1,108.6,96.6,65.2,0.8,46.0,114.1,130.1,125.7,128.7,129.6,134.1,136.8,135.0,2.0,2.3,139.2,140.6,139.1,141.5,137.4,138.6,130.9,43.7,42.5,104.6,25.4,33.4,45.8,48.5,4.1,3.4,3.8,4.3,23.7,83.5,106.3,125.5,140.5,144.3,146.7,147.3,133.8,133.8,135.2,144.2,155.0,157.4,160.6,164.6,167.2,169.0,167.4,163.7,160.9,158.8,157.1,155.1,153.8,151.1,147.6,143.1,138.7,135.5,133.5,130.3,127.5,123.8,121.4,115.1,95.0,94.9,107.6,105.8,101.1,103.9,96.8,96.9,105.8,105.3,105.4,105.3,136.1,193.9,241.5,195.9,45.3,-159.1,-362.0,-585.0,-878.7,-1206.9,-1536.3,-1815.2,-2035.4,-2217.0,-2415.0,-2664.3,-3019.2,-3147.0,-3356.8,-3572.4,-3799.6,-4041.5,-4265.0,-4418.1,-4538.2,-4604.7,-4636.5,-4639.9,-4640.8,-4640.4,-4640.2,-4639.7,-4639.8,-4639.7,-4639.2,-4639.5,-4640.0,-4639.1,-4638.9,-4638.9,-4638.7,-4637.9,-4638.0,-4638.2,-4637.6,-4637.0,-4637.0,-4637.0,-4637.0,-4638.0,-4637.0,-4636.8,-4637.5,-4637.4,-4636.8,-4636.0,-4636.3,-4635.3,-4636.0,-4635.7,-4636.3,-4637.3,-4636.6,-4635.9,-4635.2,-4635.5,-4634.7,-4633.5,-4636.6,-4631.2,-4625.7,-4611.7,-4582.6,-4531.0,-4444.6,-4325.3,-4178.2,-4000.0,-3751.8,-3435.4,-3095.4,-2744.9,-2418.0,-2122.5,-1840.0,-1547.3,-1278.2,-1034.3,-801.5,-599.1,-437.9,97.4,102.5,104.5,-34.6,8.3,55.2,100.5,125.2,112.0,110.0,109.9,108.6,107.6,107.7,107.0,104.6,101.5,88.3,68.9,64.1,44.8,16.2,118.0,119.7,-3.8,123.1,125.2,128.1,128.8,129.8,130.2,130.1,129.0,127.4,125.3,122.6,119.4,115.7,112.2,108.6,105.0,100.1,95.6,90.8,86.5,83.1,80.0,76.0,71.1,65.4,40.0,-2508.9,-2947.4,-3367.2,-3751.9,-4079.2,-4341.3,-4527.5,-4624.3,-4658.4,-4661.5,-4658.2,-4656.8,-4657.0,-4657.1,-4657.3,-4657.3,-4657.6,-4657.6,-4657.8,-4657.6,-4657.9,-4657.9,-4657.9,-4657.7,-4657.9,-4657.8,-4658.3,-4658.0,-4656.9,-4655.7,-4655.8,-4655.3,-4655.1,-4654.8,-4654.8,-4654.1,-4653.8,-4653.3,-4653.2,-4652.4,-4652.0,-4651.4,-4651.2,-4650.3,-4649.7,-4649.1,-4648.8,-4647.8,-4647.2,-4646.6,-4646.2,-4645.5,-4644.7,-4643.9,-4643.4,-4642.8,-4642.1,-4641.4,-4640.8,-4641.4,-4641.4,-4641.0,-4640.6,-4640.0,-4639.6,-4639.2,-4638.9,-4638.3,-4638.2,-4637.9,-4638.1,-4638.3,-4637.1,-4636.9,-4637.1,-4636.8,-4636.7,-4636.7,-4636.4,-4636.1,-4635.5,-4633.4,-4635.8,-4631.3,-4623.5,-4612.2,-4590.8,-4556.7,-4508.5,-4436.0,-4357.2,-4273.5,-4167.7,-4045.8,-3874.0,-3705.3,-3507.8,-3317.2,-3097.8,-2895.0,-2664.9,-2458.2,-2270.8,-2099.7,-1946.3,-1811.2,-1666.0,-1520.7,-1394.7,-1257.8,-1080.3,-869.3,-635.1,-403.3,-155.0,133.8,288.8,261.8,213.8,191.2,194.3,190.6,188.2,185.6,149.8,149.8,180.4,176.5,168.5,159.1,155.1,154.3,154.0,154.6,153.9,154.2,154.1,137.3,133.5,133.1,132.8,157.9,158.7,159.8,158.4,156.1,154.6,153.6,154.5,152.9,149.2,146.1,143.6,142.4,140.2,138.3,99.6,61.1,113.7,136.9,137.6,145.7,154.2,155.4,148.8,106.2,-4.2,64.4,78.4,64.4,-2.9,104.4,104.7,123.0,126.6,142.9,147.2,150.6,150.4,151.5,150.3,148.5,147.0,145.2,142.7,134.9,123.7,119.0,122.5,119.3,115.9,105.4,21.5,-5.5,-5.4,-6.4,-5.3,-4.9,21.2,-4.2,-4.4,22.5,-5.1,-7.3,-9.2,46.3,70.2,12.7,27.2,-329.3,-565.3,-848.5,-1142.0,-1446.2,-1753.4,-2092.4,-2466.4,-2883.8,-3296.1,-3668.7
-4482.1,-4270.2,-4040.6,-3681.2,-3235.1,-2869.9,-2524.7,-2163.1,-1787.0,-1382.6,-1001.1,-669.6,-396.4,-147.0,29.9,109.1,96.8,96.8,96.2,97.0,39.0,98.0,100.6,101.8,100.8,99.8,104.0,105.4,100.5,101.7,81.0,61.3,0.8,78.1,102.5,122.6,125.5,118.5,121.9,120.1,119.6,121.0,1.6,1.6,120.5,123.0,127.0,132.6,126.3,102.4,112.2,17.2,20.8,66.6,3.0,3.2,3.4,3.4,3.4,40.7,66.5,82.8,105.0,120.2,138.0,142.6,145.5,147.8,149.3,149.6,149.2,151.0,152.2,154.0,155.9,157.3,159.7,161.3,161.5,163.0,161.5,157.2,152.6,149.6,147.2,138.2,143.8,140.9,137.6,134.2,114.0,113.5,121.8,118.8,115.5,105.7,96.2,47.3,46.0,92.5,102.0,79.2,86.4,101.8,96.3,105.6,105.1,105.0,105.3,106.9,138.1,198.5,247.8,165.1,-13.6,-221.4,-409.2,-615.2,-883.1,-1217.9,-1609.2,-1964.7,-2255.0,-2481.1,-2660.4,-2859.8,-3098.7,-3346.8,-3551.6,-3743.3,-3930.8,-4121.4,-4305.2,-4461.9,-4565.5,-4616.6,-4637.2,-4639.7,-4640.9,-4640.3,-4640.6,-4640.1,-4640.0,-4640.3,-4640.1,-4641.3,-4641.7,-4640.4,-4640.4,-4639.3,-4639.0,-4638.8,-4639.1,-4639.4,-4638.5,-4638.4,-4638.3,-4638.3,-4638.4,-4638.3,-4637.7,-4638.3,-4638.5,-4638.8,-4637.7,-4638.0,-4637.7,-4637.7,-4637.6,-4638.0,-4638.4,-4639.5,-4638.6,-4638.4,-4638.4,-4638.2,-4638.1,-4638.0,-4637.6,-4636.3,-4637.4,-4633.8,-4615.8,-4580.8,-4515.2,-4417.2,-4284.8,-4083.1,-3811.0,-3504.5,-3178.0,-2862.5,-2570.6,-2280.3,-1978.8,-1689.5,-1422.1,-1151.1,-910.8,-702.5,72.6,93.0,97.9,-133.4,-58.3,0.1,48.7,99.6,131.0,135.1,132.7,133.2,130.0,129.7,133.5,141.0,129.9,98.1,64.1,64.1,121.9,123.5,124.8,126.1,128.0,131.0,130.3,130.8,130.8,130.0,128.8,127.1,125.1,123.2,120.8,118.3,115.3,111.6,107.0,102.0,96.9,92.0,86.6,81.3,75.4,69.1,63.4,58.7,54.2,49.6,46.3,46.2,-2510.8,-2951.7,-3371.1,-3756.2,-4083.8,-4347.2,-4526.0,-4622.4,-4657.6,-4660.6,-4662.0,-4661.9,-4661.9,-4661.9,-4662.1,-4662.3,-4662.4,-4662.2,-4662.4,-4662.6,-4662.6,-4662.4,-4662.5,-4662.6,-4662.4,-4662.1,-4662.2,-4662.2,-4661.9,-4661.5,-4661.5,-4661.4,-4661.0,-4660.5,-4660.2,-4660.0,-4659.5,-4658.9,-4658.5,-4658.2,-4657.6,-4656.8,-4656.4,-4655.9,-4655.2,-4654.4,-4653.8,-4653.3,-4652.5,-4651.7,-4651.1,-4650.5,-4649.8,-4648.9,-4648.4,-4647.9,-4647.2,-4646.4,-4645.9,-4645.4,-4644.8,-4644.1,-4643.7,-4643.3,-4642.8,-4642.2,-4641.9,-4641.7,-4641.2,-4640.7,-4640.5,-4640.4,-4640.0,-4639.6,-4639.5,-4639.4,-4639.2,-4638.8,-4638.8,-4638.7,-4638.6,-4638.6,-4638.3,-4636.1,-4639.0,-4632.8,-4625.5,-4606.0,-4576.5,-4531.6,-4480.5,-4409.8,-4317.2,-4183.0,-4044.8,-3875.8,-3705.4,-3507.2,-3318.2,-3099.7,-2899.3,-2713.3,-2543.3,-2388.9,-2248.4,-2098.8,-1946.8,-1810.0,-1663.6,-1468.8,-1224.1,-942.9,-652.7,-397.2,-149.2,136.9,286.7,272.2,219.1,199.7,196.0,192.2,188.7,185.0,149.8,164.2,184.2,181.0,173.4,154.3,152.9,152.3,151.8,151.6,151.6,151.4,151.4,151.0,150.3,131.0,130.7,130.3,156.6,159.0,160.1,159.5,156.9,152.2,151.2,147.4,144.2,143.0,141.3,140.8,140.4,136.7,111.2,59.8,116.9,136.0,136.5,146.0,154.4,154.3,141.6,102.7,-5.4,4.7,120.0,6.2,-2.1,120.7,123.9,127.6,125.6,142.7,146.9,149.1,148.2,146.3,146.4,144.4,141.8,138.8,135.5,129.6,115.9,108.0,115.3,100.5,75.1,42.2,10.3,-6.1,-5.6,-5.6,-6.5,20.1,0.1,20.1,-8.1,-9.2,74.6,28.3,91.9,99.1,86.9,27.2,-143.0,-331.6,-570.0,-860.3,-1199.8,-1530.7,-1860.3,-2182.8,-2531.9,-2897.8,-3292.5,-3668.7
-4544.6,-4316.2,-4059.5,-3698.5,-3320.6,-2986.3,-2628.0,-2238.6,-1809.3,-1383.0,-996.2,-669.6,-397.1,-147.3,25.8,109.4,100.7,98.9,100.3,93.1,-1.5,98.6,100.6,100.8,99.7,91.9,92.4,103.5,103.0,60.0,71.2,10.7,0.8,70.3,106.1,115.6,119.4,87.4,55.6,117.1,78.0,46.5,1.6,14.7,84.9,97.9,92.3,90.5,-0.2,-1.1,2.1,1.2,-0.8,0.4,0.6,3.0,43.9,38.9,93.7,101.7,117.4,123.6,138.9,138.9,142.4,145.7,147.3,148.8,149.5,148.9,148.7,150.5,151.9,151.4,151.2,150.8,151.4,152.0,151.7,139.6,138.9,136.2,130.4,126.9,131.4,130.4,128.7,127.2,124.5,113.4,106.5,85.2,109.3,87.7,81.4,65.6,77.9,17.1,17.1,31.2,68.7,70.7,85.2,95.7,104.8,104.5,104.6,106.5,109.3,116.0,149.4,206.9,259.0,163.0,-38.7,-267.4,-468.1,-674.4,-925.6,-1227.2,-1620.1,-2038.2,-2407.6,-2702.4,-2922.5,-3097.2,-3286.6,-3508.3,-3732.0,-3912.1,-4074.1,-4228.4,-4374.6,-4498.1,-4584.5,-4626.2,-4634.2,-4640.5,-4641.0,-4640.7,-4642.1,-4641.7,-4641.4,-4641.0,-4640.9,-4640.4,-4641.3,-4640.9,-4640.5,-4640.4,-4640.4,-4639.9,-4640.2,-4700.6,-4640.0,-4639.8,-4639.8,-4639.8,-4639.7,-4639.6,-4639.6,-4639.8,-4640.7,-4640.7,-4639.9,-4640.3,-4639.6,-4639.6,-4639.7,-4640.0,-4640.3,-4641.7,-4641.1,-4640.7,-4640.8,-4640.4,-4640.7,-4640.7,-4641.2,-4641.5,-4640.3,-4641.6,-4634.3,-4618.9,-4568.9,-4491.3,-4349.9,-4131.4,-3873.7,-3582.7,-3290.2,-3011.9,-2728.1,-2423.2,-2141.5,-1842.7,-1550.5,-1283.1,-1036.8,-802.4,-601.8,72.6,71.5,-174.9,-71.0,22.2,53.2,117.6,162.1,140.8,107.9,106.0,106.0,106.0,106.0,100.4,65.8,64.1,124.4,123.3,123.4,124.3,125.6,127.3,129.0,133.5,129.9,128.8,126.7,123.6,119.8,115.9,112.3,109.0,106.0,103.5,100.5,97.1,92.5,87.3,81.3,75.4,69.3,63.7,57.7,-1096.0,-1226.7,-1362.1,-1488.8,-1643.6,46.2,-2154.3,-2525.8,-2952.7,-3374.5,-3757.8,-4090.2,-4354.6,-4531.6,-4628.9,-4662.1,-4665.5,-4667.0,-4666.4,-4666.7,-4666.6,-4666.8,-4666.8,-4667.0,-4666.9,-4667.0,-4666.9,-4667.1,-4666.8,-4666.9,-4666.7,-4666.8,-4666.5,-4666.5,-4666.2,-4666.1,-4665.7,-4665.6,-4665.2,-4665.0,-4664.5,-4664.2,-4663.7,-4663.4,-4662.7,-4662.4,-4661.7,-4661.3,-4660.5,-4660.0,-4659.3,-4658.8,-4657.9,-4657.4,-4656.5,-4656.0,-4655.1,-4654.5,-4653.7,-4653.2,-4652.2,-4651.7,-4650.9,-4650.4,-4649.6,-4649.1,-4648.3,-4647.9,-4647.2,-4646.7,-4646.1,-4645.8,-4645.1,-4644.8,-4644.3,-4644.1,-4643.5,-4643.3,-4642.9,-4642.8,-4642.3,-4642.1,-4641.7,-4641.7,-4641.3,-4641.2,-4640.9,-4640.9,-4640.5,-4640.6,-4640.4,-4640.2,-4637.0,-4638.7,-4630.0,-4616.8,-4594.4,-4560.6,-4506.9,-4422.0,-4316.3,-4185.0,-4043.8,-3877.0,-3705.3,-3508.1,-3321.9,-3146.8,-2980.6,-2830.0,-2690.5,-2543.7,-2387.3,-2248.2,-2095.2,-1888.5,-1625.8,-1310.5,-964.5,-651.4,-381.3,-123.5,163.2,319.5,280.6,225.4,203.6,199.7,196.2,190.9,186.6,165.4,182.3,183.1,183.5,159.9,152.4,152.3,152.3,149.8,149.6,149.3,149.7,148.9,148.6,148.3,148.3,128.6,128.3,122.1,121.7,154.5,155.6,155.0,152.3,149.2,145.0,143.0,140.8,139.9,139.4,138.6,135.1,94.1,59.8,110.4,107.0,113.1,149.6,155.4,153.4,145.1,126.7,-5.2,54.4,123.9,78.1,121.4,125.1,125.3,131.3,138.0,143.6,147.0,147.0,144.3,141.8,139.6,136.3,133.8,129.8,125.1,119.4,112.7,107.0,83.5,50.6,32.5,27.3,-4.2,-7.6,-6.9,-5.7,62.3,88.9,78.3,101.7,86.8,103.7,85.0,113.5,110.0,100.3,52.3,-70.6,-197.2,-362.6,-573.1,-860.9,-1211.0,-1590.6,-1952.5,-2294.4,-2620.2,-2955.5,-3305.3,-3668.0
-4576.0,-4396.7,-4067.1,-3743.6,-3431.4,-3085.8,-2701.4,-2262.4,-1812.5,-1383.7,-1000.6,-670.5,-395.7,-144.9,41.8,110.6,102.6,100.9,100.8,100.5,88.5,99.7,102.6,102.5,101.2,91.9,93.2,102.8,88.0,-2.5,46.1,-0.4,0.7,66.3,92.7,101.0,113.9,1.0,-1.0,0.1,0.1,-0.0,0.2,1.3,0.5,0.5,0.5,0.5,-0.4,1.1,44.9,2.0,41.9,63.8,68.5,101.6,98.6,118.4,119.4,131.3,133.5,135.2,138.3,141.8,143.6,144.7,144.5,143.0,143.3,144.1,143.3,144.1,144.0,141.4,138.7,129.9,130.0,131.3,129.1,135.6,117.6,129.6,124.6,120.6,103.7,92.6,103.6,115.6,113.4,95.1,54.8,54.4,36.5,17.1,17.1,17.1,17.1,17.2,17.1,16.9,34.0,23.0,91.3,104.4,105.1,105.1,105.0,105.8,106.8,124.8,163.2,207.3,241.2,152.4,-57.8,-304.1,-524.0,-745.0,-995.9,-1273.8,-1630.1,-2050.4,-2484.0,-2850.1,-3132.9,-3345.5,-3508.9,-3680.4,-3875.7,-4065.6,-4213.7,-4340.0,-4453.0,-4537.6,-4599.2,-4635.5,-4637.5,-4641.5,-4640.9,-4641.5,-4641.5,-4641.3,-4641.5,-4742.1,-4641.3,-4641.5,-4641.8,-4641.3,-4641.0,-4641.1,-4640.6,-4640.7,-4640.7,-4641.2,-4640.9,-4640.9,-4641.1,-4640.8,-4641.1,-4641.1,-4641.6,-4641.2,-4641.3,-4642.0,-4642.3,-4642.2,-4641.9,-4641.9,-4641.9,-4641.8,-4642.2,-4643.1,-4643.0,-4642.7,-4643.0,-4643.2,-4643.2,-4643.7,-4643.6,-4644.4,-4644.6,-4643.4,-4644.2,-4636.3,-4603.1,-4526.0,-4380.4,-4183.8,-3943.5,-3687.5,-3430.8,-3163.3,-2868.2,-2577.0,-2290.0,-1982.6,-1693.1,-1422.0,-1154.9,-913.0,68.2,85.3,91.0,71.5,22.2,4.0,45.7,80.8,80.8,80.8,139.2,137.1,135.4,133.6,131.7,129.1,126.1,123.5,121.4,120.0,119.1,118.8,119.0,120.1,121.1,122.3,120.8,118.5,115.0,110.4,104.9,99.2,94.2,90.3,86.5,84.0,81.4,78.5,74.7,70.0,64.4,58.4,-1167.6,-1234.1,-1297.4,-1375.6,-1490.2,-1634.7,-1781.6,-1917.2,-2080.9,-2309.1,-2603.3,-2967.7,-3374.9,-3761.6,-4094.2,-4358.1,-4536.2,-4631.4,-4667.6,-4669.8,-4671.9,-4671.3,-4671.3,-4671.4,-4671.5,-4671.5,-4671.5,-4671.5,-4671.5,-4671.5,-4671.4,-4671.4,-4671.3,-4671.2,-4671.0,-4670.9,-4670.7,-4670.5,-4670.2,-4669.9,-4669.6,-4669.3,-4668.9,-4668.5,-4668.1,-4667.7,-4667.2,-4666.7,-4666.1,-4665.5,-4664.9,-4664.3,-4663.7,-4663.0,-4662.3,-4661.6,-4660.9,-4660.1,-4659.4,-4658.6,-4657.9,-4657.1,-4656.4,-4655.6,-4654.9,-4654.2,-4653.5,-4652.8,-4652.1,-4651.5,-4650.9,-4650.3,-4649.7,-4649.1,-4648.6,-4648.1,-4647.6,-4647.2,-4646.7,-4646.3,-4645.9,-4645.6,-4645.2,-4644.9,-4644.6,-4644.3,-4644.0,-4643.8,-4643.5,-4643.3,-4643.0,-4642.8,-4642.6,-4642.4,-4642.2,-4642.1,-4640.2,-4635.3,-4636.0,-4626.6,-4608.3,-4567.6,-4507.9,-4420.7,-4317.4,-4184.8,-4044.7,-3874.6,-3710.6,-3550.4,-3397.8,-3255.0,-3123.3,-2980.8,-2829.1,-2691.3,-2538.7,-2327.4,-2054.6,-1717.1,-1331.9,-966.0,-658.4,-383.0,-106.4,184.5,325.2,270.3,226.1,205.2,203.7,198.6,193.2,178.4,177.4,185.0,183.1,181.7,158.5,176.7,159.3,156.2,149.5,147.8,148.0,147.3,147.4,147.2,146.8,144.8,145.9,146.3,120.3,118.4,115.9,114.3,147.9,147.5,145.0,141.9,140.4,139.7,139.4,138.4,137.5,135.5,79.7,59.8,70.3,59.8,102.2,153.9,158.4,152.9,144.1,126.8,-3.1,56.0,126.6,90.7,120.2,124.6,129.8,135.5,141.2,144.5,145.1,144.1,127.2,135.2,132.5,127.5,123.7,119.2,96.9,110.2,107.9,106.2,87.5,76.9,51.1,37.7,33.2,34.2,82.9,100.6,118.6,109.1,117.5,115.8,123.3,124.0,125.1,127.0,114.5,72.3,-37.7,-159.2,-282.6,-454.5,-602.7,-865.4,-1210.3,-1607.0,-2013.9,-2385.5,-2727.6,-3045.8,-3362.5,-3679.1
-4589.9,-4370.2,-4118.4,-3845.8,-3523.0,-3156.7,-2725.4,-2266.2,-1811.2,-1389.9,-1000.8,-671.9,-396.1,-149.0,27.0,113.5,104.2,100.7,99.7,84.8,81.6,101.6,103.3,103.9,92.1,47.6,89.5,104.8,96.8,-0.9,-0.9,0.4,0.4,0.5,-0.5,-1.5,-1.4,10.3,113.2,114.3,114.1,85.7,79.3,89.3,94.2,72.7,0.5,1.3,28.9,52.9,89.1,97.9,101.9,106.5,120.5,117.8,129.0,129.9,133.9,135.2,140.7,139.6,138.1,138.9,142.4,141.4,140.5,129.0,127.8,127.6,129.8,131.9,132.2,128.7,124.5,122.5,115.3,115.2,125.1,125.3,113.3,113.0,116.1,97.3,67.4,62.2,59.6,58.3,54.8,54.4,54.4,82.9,90.6,77.5,71.8,67.6,66.5,62.9,42.0,16.9,18.1,17.4,70.2,97.1,-28.9,96.9,103.3,86.6,86.5,98.6,124.7,157.3,169.3,85.6,-99.6,-323.6,-565.4,-815.5,-1067.6,-1354.0,-1683.5,-2060.2,-2493.0,-2924.9,-3274.6,-3540.9,-3733.6,-3876.3,-4021.6,-4187.0,-4331.5,-4442.9,-4520.4,-4579.7,-4617.0,-4635.4,-4639.3,-4641.1,-4641.4,-4640.9,-4641.1,-4640.8,-4642.1,-4642.3,-4642.3,-4641.8,-4641.7,-4641.4,-4641.4,-4641.5,-4641.7,-4642.7,-4642.2,-4642.5,-4642.2,-4642.3,-4642.4,-4643.4,-4643.0,-4693.4,-4643.0,-4642.9,-4643.8,-4643.5,-4643.5,-4643.6,-4644.0,-4644.3,-4644.0,-4644.2,-4644.4,-4644.3,-4644.7,-4645.1,-4645.3,-4645.7,-4646.0,-4645.9,-4646.3,-4647.6,-4647.2,-4647.4,-4646.1,-4644.7,-4617.9,-4544.4,-4420.4,-4244.4,-4032.2,-3812.3,-3569.7,-3296.5,-3018.6,-2734.1,-2431.9,-2134.5,-1846.2,-1554.7,-1284.6,-1038.5,56.9,83.2,90.0,-214.1,-98.1,22.2,107.2,119.5,130.4,135.6,132.7,129.4,126.3,123.7,121.3,119.1,116.4,114.2,112.4,110.6,109.0,107.3,106.2,105.7,105.6,105.6,104.2,101.6,97.6,92.5,86.8,80.7,75.2,71.0,67.0,63.8,61.1,58.3,55.0,-1247.5,-1297.3,-1378.3,-1480.6,-1568.2,-1640.3,-1710.4,-1796.1,-1919.1,-2071.8,-2224.6,-2364.3,-2530.8,-2758.7,-3045.7,-3391.4,-3763.6,-4097.1,-4359.5,-4539.8,-4637.0,-4671.4,-4674.6,-4676.2,-4675.9,-4676.0,-4676.1,-4676.1,-4676.1,-4676.1,-4676.0,-4676.0,-4675.8,-4675.7,-4675.6,-4675.5,-4675.3,-4675.1,-4674.9,-4674.7,-4674.5,-4674.2,-4673.9,-4673.5,-4673.1,-4672.7,-4672.3,-4671.8,-4671.4,-4670.8,-4670.3,-4669.7,-4669.1,-4668.5,-4667.8,-4667.1,-4666.4,-4665.7,-4664.9,-4664.2,-4663.4,-4662.6,-4661.8,-4661.0,-4660.2,-4659.5,-4658.7,-4657.9,-4657.2,-4656.4,-4655.7,-4655.0,-4654.3,-4653.7,-4653.0,-4652.4,-4651.8,-4651.3,-4650.7,-4650.2,-4649.7,-4649.3,-4648.8,-4648.4,-4648.0,-4647.6,-4647.2,-4646.9,-4646.5,-4646.2,-4645.9,-4645.6,-4645.3,-4645.0,-4644.8,-4644.5,-4644.2,-4644.0,-4643.7,-4643.5,-4642.6,-4639.8,-4640.1,-4630.4,-4609.1,-4568.5,-4508.8,-4421.5,-4318.1,-4184.9,-4049.1,-3911.9,-3777.9,-3649.8,-3529.5,-3397.9,-3255.3,-3123.9,-2977.0,-2770.0,-2496.8,-2149.6,-1740.5,-1333.1,-963.8,-651.2,-386.7,-112.3,181.7,314.4,267.6,221.4,202.7,201.3,198.4,195.1,180.7,179.6,190.7,186.4,181.4,178.7,177.2,172.9,163.6,152.6,147.6,146.8,147.3,147.0,145.1,145.2,143.7,144.6,143.6,144.2,144.2,143.7,111.9,110.3,141.1,140.7,140.2,141.0,137.2,138.2,138.5,137.9,124.3,70.8,-1.7,59.8,-3.7,122.8,159.1,160.1,153.6,143.9,125.6,-2.1,49.2,124.1,90.7,101.8,128.2,133.7,139.7,144.5,144.8,142.8,140.3,122.0,121.8,124.6,117.6,99.7,110.3,93.1,84.7,82.8,80.4,77.0,75.4,57.5,94.8,94.4,95.2,109.1,116.6,123.0,125.9,128.5,131.3,131.5,131.3,132.2,131.5,104.0,44.8,-90.3,-240.2,-367.4,-501.6,-664.0,-909.8,-1219.2,-1604.7,-2028.3,-2445.9,-2817.9,-3150.7,-3445.2,-3730.9
-4614.7,-4426.7,-4202.4,-3923.0,-3587.3,-3179.2,-2726.5,-2264.6,-1811.0,-1384.7,-998.6,-670.9,-401.9,-177.5,-2.9,94.6,106.9,101.2,85.7,26.9,9.2,94.8,100.7,88.0,50.3,-1.3,67.2,106.0,97.4,75.1,-1.1,107.9,73.8,90.8,83.6,110.3,111.5,110.4,115.9,116.7,115.2,119.1,120.5,120.6,124.0,124.4,124.5,124.2,126.8,117.3,113.3,114.2,120.6,129.0,130.4,131.8,130.2,132.2,130.5,132.7,137.6,134.9,125.1,121.0,122.6,109.9,94.5,85.7,56.9,84.6,114.6,104.8,122.2,104.9,118.6,118.3,117.4,111.2,117.6,117.7,118.7,116.4,87.3,76.8,66.0,73.2,111.0,112.8,112.2,111.2,109.0,106.6,106.7,104.9,102.9,100.9,103.7,103.0,58.7,9.5,17.4,17.4,17.4,91.8,57.4,50.5,53.0,43.1,44.8,45.3,60.4,71.0,59.5,-20.6,-173.8,-362.2,-584.3,-867.2,-1147.6,-1456.5,-1771.3,-2120.7,-2522.3,-2932.0,-3340.5,-3687.9,-3903.2,-4065.6,-4184.1,-4298.5,-4418.5,-4515.5,-4576.4,-4611.4,-4632.0,-4634.4,-4640.0,-4641.0,-4641.4,-4641.1,-4640.8,-4640.9,-4641.4,-4642.0,-4642.4,-4642.4,-4641.8,-4642.2,-4642.4,-4642.5,-4642.9,-4643.1,-4642.9,-4643.9,-4643.3,-4643.7,-4644.2,-4644.3,-4644.1,-4643.8,-4644.1,-4644.3,-4644.9,-4645.3,-4644.9,-4645.2,-4645.6,-4647.0,-4658.4,-4659.7,-4648.8,-4647.7,-4647.3,-4647.7,-4647.6,-4648.3,-4648.8,-4649.2,-4649.1,-4649.3,-4650.0,-4650.3,-4650.2,-4647.9,-4626.5,-4570.1,-4467.0,-4313.8,-4137.5,-3935.3,-3692.9,-3435.7,-3169.8,-2873.3,-2580.7,-2288.8,-1985.4,-1700.6,-1427.1,-1154.0,71.5,82.4,90.3,92.0,-183.9,-185.0,96.5,108.0,118.9,124.4,121.1,116.8,112.4,108.6,105.7,103.8,101.5,99.4,97.6,95.8,93.8,91.6,89.3,87.6,86.0,85.3,83.3,80.3,76.3,71.0,65.3,59.5,54.1,-1368.1,-1484.3,-1571.6,-1631.3,-1645.7,-1644.8,-1643.3,-1654.7,-1710.6,-1799.4,-1908.8,-2000.6,-2075.6,-2149.8,-2239.8,-2366.5,-2522.0,-2675.2,-2813.7,-2978.2,-3196.4,-3467.7,-3780.4,-4099.6,-4364.6,-4545.2,-4640.4,-4675.7,-4678.4,-4680.5,-4680.5,-4680.4,-4680.4,-4680.4,-4680.4,-4680.3,-4680.2,-4680.2,-4679.9,-4679.7,-4679.5,-4679.4,-4679.2,-4679.0,-4678.7,-4678.4,-4678.2,-4677.8,-4677.5,-4677.1,-4676.7,-4676.2,-4675.8,-4675.3,-4674.7,-4674.2,-4673.6,-4673.0,-4672.3,-4671.7,-4671.0,-4670.2,-4669.5,-4668.7,-4668.0,-4667.2,-4666.4,-4665.5,-4664.7,-4663.9,-4663.1,-4662.2,-4661.4,-4660.6,-4659.8,-4659.1,-4658.3,-4657.6,-4656.9,-4656.2,-4655.5,-4654.8,-4654.2,-4653.6,-4653.0,-4652.5,-4651.9,-4651.4,-4650.9,-4650.5,-4650.0,-4649.6,-4649.2,-4648.8,-4648.4,-4648.1,-4647.7,-4647.4,-4647.0,-4646.7,-4646.4,-4646.1,-4645.8,-4645.4,-4645.1,-4644.8,-4644.5,-4644.3,-4641.8,-4641.8,-4632.3,-4611.0,-4570.3,-4510.5,-4422.7,-4322.6,-4215.1,-4105.8,-3998.0,-3894.2,-3778.8,-3650.9,-3531.0,-3395.3,-3200.1,-2936.4,-2591.9,-2174.1,-1740.9,-1332.0,-963.9,-651.6,-382.6,-107.8,178.8,307.2,256.7,216.0,207.5,203.3,200.3,196.5,194.5,182.5,192.1,189.9,183.8,176.4,161.9,170.0,165.5,157.8,148.2,145.5,145.3,144.1,143.8,143.5,143.1,143.3,142.2,141.9,141.5,142.3,142.4,108.0,106.5,138.4,129.0,126.0,136.9,137.2,136.9,136.8,108.5,56.1,-3.6,-1.6,-3.8,119.3,162.8,161.1,152.8,142.6,131.6,-7.3,45.0,124.0,98.2,100.6,130.9,137.2,143.3,145.6,143.3,141.3,134.2,127.7,112.6,116.3,99.5,98.2,97.0,84.8,83.8,102.2,107.2,111.3,114.9,117.6,119.7,121.8,125.4,127.6,129.7,132.0,132.2,133.0,129.4,129.1,128.6,128.1,125.1,88.2,18.4,-130.2,-298.2,-457.3,-610.0,-780.5,-985.7,-1268.1,-1614.3,-2025.7,-2460.1,-2875.7,-3232.3,-3542.0,-3805.1
-4655.7,-4495.4,-4269.2,-3979.9,-3607.1,-3180.6,-2726.4,-2265.2,-1815.1,-1384.3,-999.2,-673.0,-430.6,-227.9,-46.1,68.6,108.7,100.4,100.6,18.4,-1.5,64.2,54.2,-2.3,-2.1,69.4,87.2,67.2,75.1,-4.6,106.4,108.4,110.0,104.8,104.5,111.5,113.6,111.1,114.9,115.0,115.6,126.2,134.3,136.3,137.3,134.4,134.3,131.0,129.1,128.1,128.3,129.9,129.0,128.8,125.4,128.9,122.1,119.3,115.5,115.3,116.8,122.6,120.6,95.6,97.3,93.1,42.7,6.2,34.5,62.8,92.0,85.0,103.2,89.4,100.3,115.6,116.9,110.1,113.5,117.3,115.4,112.4,84.9,84.6,110.9,113.5,114.0,114.6,115.4,114.9,113.8,97.0,92.4,92.3,83.6,70.3,70.3,53.9,25.2,-0.8,18.5,18.7,17.8,18.2,18.2,19.1,11.0,8.5,8.5,17.9,6.4,2.4,-30.0,-111.9,-251.5,-414.3,-616.4,-887.0,-1202.2,-1543.2,-1880.6,-2211.6,-2567.0,-2944.5,-3349.2,-3724.7,-4010.2,-4203.8,-4332.0,-4416.7,-4495.7,-4565.5,-4608.9,-4629.3,-4637.5,-4638.6,-4640.2,-4641.6,-4640.7,-4640.8,-4641.2,-4641.1,-4641.7,-4643.1,-4670.7,-4701.4,-4642.3,-4642.7,-4642.7,-4642.7,-4643.3,-4643.2,-4643.9,-4644.5,-4643.9,-4645.1,-4645.0,-4645.4,-4645.4,-4644.9,-4645.8,-4645.8,-4645.4,-4646.4,-4646.1,-4646.6,-4647.3,-4647.3,-4660.2,-4663.6,-4664.5,-4652.2,-4649.9,-4649.8,-4650.1,-4650.8,-4651.0,-4651.5,-4652.0,-4652.1,-4652.6,-4653.2,-4652.6,-4652.5,-4637.8,-4596.3,-4514.0,-4393.9,-4236.2,-4040.1,-3817.8,-3577.7,-3303.2,-3023.5,-2737.9,-2433.2,-2137.4,-1849.7,-1556.1,-1241.9,70.6,82.6,90.9,92.4,86.8,-362.5,-409.0,92.5,103.0,108.3,104.5,100.1,95.2,90.6,86.8,84.9,83.0,81.2,79.3,77.6,76.0,73.9,71.6,69.2,66.5,64.3,61.7,58.6,54.9,-1250.0,-1300.0,-1380.0,-1494.9,-1640.0,-1788.8,-1912.8,-2004.5,-2065.8,-2080.4,-2079.6,-2078.0,-2090.5,-2150.3,-2243.5,-2356.0,-2448.7,-2523.9,-2599.5,-2690.5,-2816.5,-2968.9,-3117.0,-3249.4,-3404.7,-3606.0,-3846.5,-4113.0,-4367.1,-4550.5,-4644.6,-4680.0,-4683.0,-4685.0,-4684.7,-4684.6,-4684.6,-4684.4,-4684.3,-4684.2,-4684.1,-4684.0,-4683.8,-4683.7,-4683.5,-4683.3,-4683.1,-4682.8,-4682.5,-4682.2,-4681.9,-4681.5,-4681.1,-4680.7,-4680.2,-4679.8,-4679.3,-4678.7,-4678.1,-4677.5,-4676.9,-4676.3,-4675.6,-4674.9,-4674.1,-4673.4,-4672.6,-4671.8,-4671.0,-4670.2,-4669.3,-4668.5,-4667.6,-4666.7,-4665.9,-4665.0,-4664.2,-4663.3,-4662.5,-4661.7,-4660.9,-4660.1,-4659.4,-4658.7,-4657.9,-4657.3,-4656.6,-4655.9,-4655.3,-4654.7,-4654.2,-4653.6,-4653.1,-4652.6,-4652.1,-4651.6,-4651.2,-4650.7,-4650.3,-4649.9,-4649.5,-4649.1,-4648.7,-4648.4,-4648.0,-4647.6,-4647.3,-4646.9,-4646.6,-4646.2,-4645.8,-4645.5,-4645.3,-4643.6,-4642.9,-4633.9,-4610.4,-4569.4,-4512.7,-4440.8,-4363.6,-4280.5,-4199.5,-4104.5,-3998.0,-3893.4,-3776.4,-3599.6,-3355.3,-3026.2,-2619.7,-2184.5,-1751.5,-1344.9,-979.0,-677.0,-381.5,-107.6,176.2,304.7,256.8,213.5,200.0,201.3,202.0,198.7,183.9,182.5,192.3,190.8,186.1,178.3,161.2,150.0,148.5,157.8,152.5,146.4,144.7,145.0,142.5,142.1,142.0,142.3,144.9,140.6,140.1,140.1,140.4,139.7,97.2,58.4,89.2,94.2,125.4,135.5,134.6,117.6,101.2,73.5,-4.6,-0.6,77.7,146.9,163.5,160.1,150.2,140.8,124.2,121.3,124.1,125.3,106.1,109.9,132.9,139.1,145.5,145.9,143.1,137.3,112.5,110.9,110.7,110.5,108.3,98.1,97.9,93.1,97.0,103.5,115.3,119.7,123.1,125.6,127.1,128.9,131.4,133.5,134.8,135.2,134.5,132.1,128.1,123.5,122.0,120.9,116.8,74.5,-7.2,-152.3,-329.5,-519.1,-723.5,-918.1,-1124.0,-1358.7,-1667.7,-2037.3,-2457.3,-2888.8,-3287.1,-3614.2,-3887.1
-4701.7,-4543.1,-4315.3,-3996.2,-3608.1,-3180.1,-2727.7,-2267.1,-1815.8,-1384.3,-999.5,-701.5,-474.0,-293.1,-100.7,40.8,108.1,104.2,97.2,48.8,56.7,64.9,56.7,73.9,61.2,-3.3,69.4,67.2,104.5,107.2,108.7,110.0,111.6,104.5,108.9,113.1,113.7,117.8,122.6,126.3,130.2,133.3,135.9,138.2,138.6,137.9,135.8,132.8,131.0,129.1,127.1,120.7,121.6,121.9,120.8,120.2,105.2,85.2,66.3,84.2,90.9,97.3,2.6,3.0,3.5,3.5,4.6,4.8,3.8,7.1,7.6,7.9,32.2,45.5,78.9,86.2,92.7,100.1,113.0,115.6,114.3,101.4,109.5,104.7,104.5,104.5,108.8,108.8,112.4,113.1,112.9,92.4,92.3,92.2,101.8,85.9,70.0,81.9,72.4,46.8,60.3,49.0,75.8,77.6,19.5,18.7,18.6,16.7,19.4,8.5,3.0,-23.3,-62.2,-162.6,-305.1,-472.1,-663.7,-911.9,-1219.9,-1601.4,-1971.8,-2322.6,-2657.9,-3002.5,-3359.3,-3729.3,-4053.9,-4287.5,-4434.7,-4514.6,-4563.5,-4603.3,-4625.9,-4630.8,-4637.4,-4639.2,-4639.7,-4640.1,-4640.6,-4641.1,-4640.6,-4641.2,-4641.8,-4642.4,-4642.7,-4673.0,-4642.8,-4642.6,-4643.0,-4643.4,-4643.7,-4644.2,-4644.7,-4646.6,-4645.5,-4645.3,-4646.1,-4646.8,-4646.5,-4673.4,-4676.7,-4663.5,-4648.0,-4647.9,-4647.7,-4648.4,-4648.6,-4649.4,-4650.4,-4651.9,-4653.2,-4667.4,-4653.2,-4652.7,-4652.5,-4653.0,-4653.1,-4653.8,-4654.2,-4654.8,-4655.3,-4655.8,-4656.1,-4653.0,-4648.6,-4620.7,-4560.5,-4462.8,-4321.0,-4143.1,-3942.8,-3700.9,-3441.7,-3173.2,-2879.5,-2585.3,-2297.3,-1986.0,-1651.1,-1314.7,70.0,82.2,90.0,91.6,86.6,-585.4,-615.7,-670.3,84.6,89.3,85.0,81.0,76.7,72.0,68.1,65.6,63.7,61.8,59.8,57.6,55.6,-1250.1,-1300.3,-1381.8,-1484.6,-1573.8,-1633.8,-1648.4,-1647.7,-1646.3,-1657.8,-1713.8,-1801.4,-1924.8,-2078.1,-2233.0,-2360.3,-2453.0,-2513.8,-2528.1,-2527.3,-2525.7,-2538.9,-2600.3,-2694.6,-2806.1,-2896.4,-2969.0,-3043.2,-3131.9,-3252.5,-3396.5,-3535.0,-3655.0,-3796.2,-3972.3,-4172.6,-4379.0,-4552.2,-4650.8,-4684.1,-4687.2,-4688.6,-4688.7,-4688.7,-4688.6,-4688.6,-4688.3,-4688.1,-4688.0,-4687.8,-4687.7,-4687.4,-4687.3,-4686.9,-4686.7,-4686.4,-4686.3,-4685.8,-4685.5,-4685.1,-4684.7,-4684.2,-4683.6,-4683.0,-4682.5,-4681.9,-4681.3,-4680.6,-4680.0,-4679.3,-4678.6,-4677.8,-4677.1,-4676.2,-4675.5,-4674.6,-4673.8,-4672.9,-4672.0,-4671.1,-4670.3,-4669.3,-4668.5,-4667.5,-4666.7,-4665.8,-4665.0,-4664.1,-4663.3,-4662.4,-4661.7,-4660.9,-4660.2,-4659.4,-4658.7,-4658.0,-4657.4,-4656.7,-4656.2,-4655.5,-4655.0,-4654.4,-4653.9,-4653.3,-4652.9,-4652.4,-4652.0,-4651.4,-4651.1,-4650.6,-4650.2,-4649.8,-4649.4,-4648.9,-4648.6,-4648.1,-4647.8,-4647.3,-4647.0,-4646.5,-4646.2,-4645.7,-4643.2,-4642.1,-4631.9,-4611.3,-4578.3,-4534.9,-4484.4,-4428.8,-4362.0,-4280.2,-4198.2,-4101.3,-3952.6,-3737.5,-3436.3,-3046.4,-2614.6,-2173.1,-1740.7,-1332.0,-960.2,-633.1,-352.8,-79.9,192.5,307.7,255.4,211.8,205.2,199.2,202.1,201.4,197.2,193.7,191.7,188.6,186.8,181.6,163.5,125.1,111.9,111.3,138.3,150.2,144.2,143.9,141.3,140.9,140.7,140.6,140.8,141.2,139.3,138.4,138.2,137.6,120.1,43.7,-5.8,73.5,102.3,125.4,126.1,110.5,90.8,-3.7,-1.5,75.5,122.8,161.7,162.2,157.1,148.2,139.7,124.1,121.3,131.4,131.2,130.5,119.0,133.8,140.2,144.2,144.4,140.5,133.6,126.9,111.0,110.7,113.3,113.9,113.5,110.2,103.0,99.1,99.1,122.7,128.2,131.0,132.5,133.3,134.4,134.8,136.3,135.2,133.1,129.1,124.9,121.0,108.6,116.2,113.2,109.9,67.7,58.3,-173.8,-342.7,-558.1,-803.4,-1054.9,-1282.6,-1513.7,-1768.2,-2093.6,-2472.6,-2888.2,-3297.7,-3658.7,-3947.7
-4727.9,-4570.0,-4324.8,-3996.3,-3609.3,-3181.3,-2727.7,-2265.9,-1822.8,-1388.0,-1036.5,-754.6,-538.0,-344.1,-142.5,25.0,111.5,101.8,92.1,28.7,-2.0,56.7,-2.9,95.2,94.9,95.9,104.5,105.5,106.8,108.1,109.7,110.8,109.6,105.1,111.0,113.8,119.6,125.1,128.3,130.9,133.2,134.6,135.8,139.2,138.0,137.2,132.4,130.2,121.2,123.2,120.9,117.7,95.7,83.4,111.0,111.4,1.8,2.2,1.3,1.8,1.8,1.8,3.7,31.7,69.2,99.9,53.3,3.8,28.9,48.4,53.4,8.1,8.7,8.7,24.3,31.1,53.6,86.2,112.5,113.8,113.5,102.4,113.8,114.4,104.5,104.5,117.0,117.0,116.6,116.1,114.6,101.5,111.2,110.4,104.2,103.2,107.7,115.7,115.3,109.0,108.0,112.6,112.0,90.8,56.8,32.6,21.6,16.7,18.3,20.8,21.1,-21.9,-63.7,-166.9,-313.0,-499.5,-696.9,-934.2,-1230.9,-1619.0,-2032.5,-2416.1,-2766.5,-3092.5,-3417.3,-3740.3,-4058.4,-4316.2,-4482.6,-4568.0,-4606.4,-4624.9,-4633.5,-4636.7,-4638.5,-4639.4,-4639.5,-4639.4,-4640.2,-4640.6,-4640.8,-4641.7,-4642.3,-4642.5,-4643.0,-4642.5,-4643.1,-4643.2,-4643.7,-4643.6,-4644.9,-4645.2,-4645.3,-4645.4,-4646.0,-4646.5,-4646.8,-4646.9,-4647.4,-4660.5,-4672.1,-4673.4,-4649.9,-4649.3,-4649.5,-4650.6,-4650.7,-4651.2,-4652.2,-4653.0,-4653.2,-4654.0,-4654.7,-4655.0,-4655.3,-4655.4,-4656.0,-4657.0,-4657.0,-4657.5,-4658.1,-4658.8,-4659.6,-4658.7,-4657.5,-4641.0,-4599.4,-4518.0,-4401.0,-4243.9,-4045.7,-3826.2,-3582.8,-3310.1,-3027.2,-2745.0,-2434.3,-2083.9,-1729.8,-1382.8,67.9,78.8,86.4,88.3,84.6,76.2,-886.6,-926.2,-997.8,68.6,63.5,59.3,-1301.6,-1381.5,-1483.3,-1574.8,-1632.9,-1648.7,-1649.0,-1647.4,-1648.7,-1647.0,-1658.2,-1714.5,-1803.7,-1913.6,-2007.3,-2069.0,-2083.8,-2083.0,-2081.6,-2094.3,-2154.2,-2246.1,-2373.3,-2529.2,-2684.6,-2810.6,-2901.0,-2959.0,-2972.6,-2971.8,-2970.3,-2983.7,-3044.5,-3136.4,-3242.8,-3327.3,-3394.6,-3464.6,-3547.8,-3658.5,-3790.3,-3909.4,-4015.3,-4134.1,-4275.4,-4431.0,-4566.3,-4651.7,-4689.0,-4691.2,-4693.5,-4693.2,-4693.3,-4693.2,-4692.5,-4692.0,-4691.9,-4691.7,-4691.5,-4691.2,-4691.0,-4690.7,-4690.4,-4690.1,-4689.8,-4689.5,-4689.1,-4688.6,-4688.2,-4687.7,-4687.2,-4686.6,-4686.0,-4685.4,-4684.8,-4684.1,-4683.4,-4682.7,-4682.0,-4681.2,-4680.4,-4679.6,-4678.8,-4678.0,-4677.0,-4676.1,-4675.2,-4674.3,-4673.4,-4672.5,-4671.5,-4670.6,-4669.7,-4668.7,-4667.8,-4666.9,-4666.1,-4665.2,-4664.3,-4663.5,-4662.7,-4661.9,-4661.2,-4660.4,-4659.7,-4659.0,-4658.3,-4657.7,-4657.0,-4656.4,-4655.8,-4655.3,-4654.7,-4654.2,-4653.7,-4653.2,-4652.7,-4652.2,-4651.7,-4651.3,-4650.8,-4650.4,-4649.9,-4649.5,-4649.0,-4648.6,-4648.1,-4647.7,-4647.2,-4646.8,-4646.3,-4645.9,-4643.2,-4643.0,-4635.0,-4620.3,-4599.4,-4571.9,-4535.4,-4484.8,-4429.4,-4360.3,-4246.2,-4070.2,-3809.4,-3456.3,-3048.0,-2614.7,-2174.2,-1741.8,-1332.8,-959.1,-628.9,-346.1,-75.4,197.1,319.4,258.6,216.3,190.2,187.8,198.9,200.5,199.9,196.2,192.6,168.7,167.5,153.2,149.3,143.4,150.8,109.3,107.0,150.0,147.0,143.2,141.2,142.3,140.2,140.0,140.1,139.6,139.1,138.3,137.3,136.8,117.0,87.6,55.7,-8.5,75.6,108.2,132.9,101.5,-3.6,-7.1,101.3,130.8,143.8,161.0,160.7,154.8,145.7,137.7,124.0,136.3,137.4,135.9,134.3,133.0,135.6,139.8,143.2,142.1,137.2,130.2,124.4,111.0,110.8,117.0,117.7,117.9,117.8,118.6,120.2,122.8,127.8,132.8,135.3,136.4,136.0,135.8,134.5,132.4,130.2,126.6,122.5,118.5,114.2,110.4,107.6,8.1,-8.9,58.3,-45.4,-193.6,-366.5,-574.9,-848.8,-1147.2,-1438.1,-1685.3,-1933.1,-2197.6,-2528.6,-2900.2,-3296.7,-3669.8,-3983.6
-4740.8,-4579.2,-4325.1,-3994.5,-3610.3,-3181.3,-2725.4,-2262.1,-1815.4,-1431.4,-1103.7,-836.6,-600.2,-386.7,-179.6,-4.5,90.6,96.4,93.1,45.4,-2.3,-5.5,-4.1,73.9,73.7,2.6,106.0,106.9,108.7,108.2,110.5,112.5,112.3,105.6,114.8,121.1,126.0,129.2,132.2,132.9,134.6,134.5,134.3,134.3,131.5,127.8,124.5,120.6,117.7,114.9,112.7,111.5,0.8,1.1,-3.4,-1.6,-0.4,1.0,2.5,40.3,68.8,95.1,102.6,114.8,114.8,115.5,84.2,-0.0,58.2,99.3,77.2,65.3,48.6,55.8,69.1,74.0,88.9,95.1,95.1,119.4,121.5,122.0,123.1,124.9,124.9,124.8,124.8,125.7,124.9,124.6,124.0,123.1,114.3,123.5,123.2,120.4,123.2,122.1,123.1,123.8,125.2,127.7,130.9,122.6,104.0,79.0,57.9,32.6,16.7,19.8,6.4,-15.8,-60.9,-170.0,-332.9,-512.5,-700.7,-911.1,-1230.4,-1617.4,-2048.0,-2474.1,-2856.7,-3197.2,-3504.8,-3790.5,-4067.1,-4319.4,-4498.3,-4589.4,-4626.1,-4634.6,-4635.2,-4638.7,-4638.5,-4638.7,-4639.7,-4640.2,-4640.8,-4640.7,-4640.7,-4641.6,-4642.7,-4642.7,-4642.7,-4642.9,-4643.5,-4643.5,-4644.2,-4644.5,-4645.0,-4645.1,-4645.6,-4646.2,-4646.4,-4646.7,-4647.5,-4647.9,-4648.5,-4648.9,-4649.9,-4650.8,-4650.9,-4650.9,-4651.2,-4651.9,-4652.4,-4653.0,-4653.8,-4654.2,-4654.9,-4655.5,-4656.2,-4656.7,-4657.3,-4657.8,-4658.5,-4659.0,-4659.6,-4660.4,-4661.4,-4661.9,-4662.7,-4663.2,-4659.3,-4654.9,-4627.6,-4569.5,-4470.8,-4325.5,-4150.8,-3945.8,-3705.2,-3448.7,-3179.8,-2880.1,-2534.2,-2162.0,-1803.5,44.5,63.1,72.5,79.6,82.7,81.1,74.9,66.4,51.5,-1299.5,-1382.0,-1486.5,-1571.2,-1646.0,-1714.7,-1803.8,-1913.6,-2006.8,-2068.2,-2084.5,-2083.3,-2083.0,-2083.3,-2082.9,-2094.9,-2155.0,-2248.7,-2361.7,-2456.4,-2517.5,-2532.0,-2531.3,-2529.9,-2543.3,-2604.8,-2697.7,-2824.1,-2977.2,-3127.4,-3247.5,-3332.3,-3385.3,-3397.4,-3396.7,-3395.3,-3408.4,-3466.4,-3552.6,-3649.8,-3725.2,-3784.4,-3847.5,-3921.7,-4018.9,-4127.8,-4227.9,-4311.4,-4403.1,-4505.4,-4596.0,-4659.8,-4690.1,-4694.6,-4696.5,-4696.5,-4696.2,-4695.9,-4695.7,-4695.5,-4695.3,-4695.0,-4694.8,-4694.5,-4694.2,-4693.9,-4693.6,-4693.2,-4692.8,-4692.4,-4692.0,-4691.5,-4691.0,-4690.5,-4689.9,-4689.4,-4688.8,-4688.1,-4687.5,-4686.8,-4686.0,-4685.3,-4684.5,-4683.7,-4682.9,-4682.0,-4681.2,-4680.3,-4679.4,-4678.4,-4677.5,-4676.5,-4675.6,-4674.6,-4673.7,-4672.7,-4671.7,-4670.8,-4669.8,-4668.9,-4668.0,-4667.1,-4666.2,-4665.3,-4664.5,-4663.6,-4662.8,-4662.1,-4661.3,-4660.6,-4659.8,-4659.2,-4658.5,-4657.8,-4657.2,-4656.6,-4656.0,-4655.4,-4654.9,-4654.3,-4653.8,-4653.3,-4652.8,-4652.3,-4651.8,-4651.3,-4650.8,-4650.3,-4649.8,-4649.4,-4648.9,-4648.4,-4647.9,-4647.4,-4646.9,-4646.4,-4645.9,-4643.6,-4638.3,-4639.3,-4631.5,-4619.5,-4598.5,-4571.1,-4533.2,-4461.2,-4334.2,-4126.5,-3824.9,-3455.4,-3046.3,-2613.6,-2173.1,-1740.6,-1332.3,-963.8,-643.9,-363.7,-98.2,181.8,291.9,257.0,218.9,189.7,167.8,180.7,197.3,198.9,198.3,195.9,190.3,154.7,153.5,152.4,177.6,164.3,161.8,106.4,104.6,146.7,145.5,143.5,140.3,139.7,138.9,139.1,138.4,137.6,137.3,136.2,136.4,131.5,100.2,63.0,55.7,-2.6,77.1,99.8,83.5,-1.6,104.5,126.5,157.7,159.4,161.5,159.7,152.0,143.7,139.3,140.0,141.2,142.0,140.5,137.6,134.4,134.4,136.6,138.9,136.9,133.3,128.0,122.8,115.1,121.3,121.0,122.2,122.6,123.1,123.5,123.5,125.5,130.2,127.8,137.7,138.2,136.0,133.4,130.8,126.2,123.9,120.6,116.4,112.9,102.3,95.4,95.8,62.3,32.4,8.0,24.5,-247.7,-408.6,-604.9,-870.1,-1199.0,-1536.4,-1849.8,-2115.5,-2366.2,-2632.5,-2956.0,-3306.1,-3668.9,-3992.0
-4744.2,-4580.2,-4323.5,-3994.2,-3607.0,-3179.9,-2726.2,-2266.4,-1865.3,-1509.9,-1199.7,-912.9,-653.8,-429.6,-228.1,-54.8,56.5,84.9,89.6,-3.7,61.3,-0.9,37.9,35.7,-3.0,58.7,99.4,100.5,101.6,110.1,112.2,114.8,117.2,119.9,123.5,126.6,128.0,130.0,130.5,130.2,129.5,128.0,125.6,123.6,120.5,116.8,114.9,112.1,-3.0,-2.8,-1.6,-0.4,-0.3,-0.1,92.4,111.2,82.6,-0.2,56.4,36.8,101.3,107.2,102.8,115.3,119.7,121.4,116.7,64.1,93.1,120.3,113.3,120.4,113.0,112.1,96.2,113.9,121.1,95.2,95.2,126.9,130.5,130.7,132.3,133.5,134.0,133.1,132.7,133.9,133.3,131.5,131.4,130.8,130.5,129.9,128.2,126.6,127.5,127.4,127.2,127.3,128.0,130.1,129.3,130.8,119.0,119.3,94.3,69.9,23.5,19.1,10.8,5.6,-43.8,-160.5,-315.0,-484.7,-671.0,-896.6,-1219.8,-1615.4,-2047.4,-2487.6,-2912.4,-3282.5,-3597.7,-3865.6,-4112.4,-4327.6,-4499.5,-4594.6,-4630.8,-4634.3,-4636.6,-4638.1,-4637.2,-4638.0,-4638.2,-4639.0,-4639.9,-4639.9,-4640.8,-4640.7,-4642.2,-4642.1,-4642.2,-4643.6,-4643.7,-4644.1,-4644.1,-4645.2,-4645.3,-4646.0,-4646.4,-4646.7,-4647.4,-4647.5,-4648.1,-4648.6,-4649.3,-4649.7,-4650.3,-4650.8,-4651.4,-4651.9,-4652.6,-4653.1,-4653.8,-4654.3,-4655.0,-4655.6,-4656.3,-4656.9,-4657.7,-4658.3,-4659.1,-4659.8,-4660.6,-4661.2,-4662.1,-4662.8,-4663.6,-4664.3,-4665.2,-4666.2,-4665.7,-4665.7,-4650.0,-4607.4,-4524.9,-4406.5,-4251.7,-4054.4,-3830.6,-3589.8,-3309.1,-2977.2,-2612.1,-2248.0,-1940.9,52.0,56.6,64.4,71.6,75.8,75.6,71.1,63.7,55.7,51.5,-1712.7,-1803.3,-1913.4,-2005.9,-2081.5,-2156.7,-2248.9,-2360.7,-2456.6,-2518.0,-2532.9,-2532.7,-2531.5,-2532.1,-2530.9,-2544.1,-2605.9,-2700.6,-2812.6,-2905.0,-2963.3,-2977.0,-2976.3,-2975.0,-2988.6,-3049.5,-3140.0,-3261.1,-3405.6,-3545.0,-3654.6,-3730.4,-3776.1,-3786.4,-3785.8,-3784.6,-3796.8,-3849.8,-3926.7,-4010.8,-4073.6,-4121.9,-4175.5,-4237.4,-4314.5,-4398.8,-4470.3,-4530.4,-4585.5,-4642.0,-4677.4,-4696.5,-4698.5,-4699.9,-4699.5,-4699.3,-4699.1,-4698.9,-4698.6,-4698.4,-4698.1,-4697.8,-4697.5,-4697.2,-4696.8,-4696.4,-4696.0,-4695.6,-4695.1,-4694.6,-4694.1,-4693.6,-4693.0,-4692.4,-4691.8,-4691.1,-4690.4,-4689.7,-4689.0,-4688.2,-4687.4,-4686.6,-4685.8,-4684.9,-4684.0,-4683.1,-4682.2,-4681.2,-4680.3,-4679.3,-4678.3,-4677.3,-4676.3,-4675.3,-4674.3,-4673.3,-4672.3,-4671.3,-4670.4,-4669.4,-4668.5,-4667.5,-4666.6,-4665.8,-4664.9,-4664.1,-4663.2,-4662.4,-4661.7,-4660.9,-4660.2,-4659.5,-4658.8,-4658.1,-4657.5,-4656.8,-4656.2,-4655.6,-4655.0,-4654.5,-4653.9,-4653.3,-4652.8,-4652.3,-4651.8,-4651.2,-4650.7,-4650.2,-4649.7,-4649.2,-4648.6,-4648.1,-4647.6,-4647.0,-4646.4,-4645.9,-4645.3,-4644.1,-4641.6,-4637.1,-4637.1,-4629.3,-4616.9,-4585.5,-4513.8,-4371.4,-4137.5,-3824.9,-3455.3,-3046.4,-2613.8,-2173.3,-1740.8,-1332.4,-964.3,-650.1,-378.3,-114.3,141.7,243.7,226.6,209.2,204.6,156.6,115.4,156.6,192.0,193.2,195.3,193.9,188.8,183.2,181.6,180.5,176.5,169.1,159.2,149.8,101.1,123.6,145.8,115.6,91.1,88.0,85.9,82.8,78.7,78.1,75.5,71.9,69.3,56.6,55.7,47.3,-1.7,-0.8,66.8,65.1,-1.8,99.7,143.3,157.5,161.2,160.7,156.4,149.3,142.2,138.8,140.5,143.6,144.7,142.8,139.3,133.5,131.9,132.6,133.3,132.3,128.9,124.1,122.5,123.0,124.2,124.8,125.0,124.9,124.9,124.7,125.7,127.4,131.6,135.2,135.5,134.4,131.7,128.6,125.6,122.1,118.7,115.0,111.3,109.2,110.0,89.0,-9.2,-8.9,56.1,23.9,23.5,-288.7,-465.1,-661.2,-909.9,-1222.6,-1591.6,-1955.4,-2282.9,-2549.0,-2799.7,-3057.5,-3361.1,-3679.8,-3990.3
-4743.7,-4579.5,-4323.1,-3993.9,-3606.6,-3178.6,-2727.9,-2317.2,-1945.5,-1613.9,-1290.6,-987.6,-707.1,-479.9,-294.9,-112.2,18.9,84.8,38.0,61.3,73.1,94.2,103.1,93.8,95.0,105.6,110.8,113.2,118.3,121.6,123.1,124.0,125.3,127.4,128.2,127.3,126.9,125.4,124.0,122.9,120.7,118.1,115.5,113.1,0.8,-1.0,-1.1,-1.9,0.1,95.1,111.5,112.1,54.7,-2.2,90.0,114.3,94.6,86.7,101.7,105.2,104.7,122.2,122.9,125.3,127.9,122.0,128.0,109.9,130.9,133.4,133.2,133.0,132.4,131.2,129.5,127.0,126.3,95.4,96.2,128.3,133.4,134.1,135.6,136.5,136.3,138.0,138.2,139.0,138.7,137.6,136.3,135.4,134.2,131.9,130.3,127.8,127.0,128.0,128.7,127.0,127.0,127.0,125.0,115.1,109.6,115.5,111.0,71.1,19.1,27.7,66.5,78.1,20.2,-98.3,-261.1,-425.2,-624.3,-890.9,-1212.1,-1616.1,-2045.7,-2487.8,-2926.6,-3333.2,-3673.9,-3949.9,-4175.1,-4361.5,-4503.2,-4593.6,-4630.5,-4634.2,-4636.2,-4636.6,-4637.9,-4637.3,-4637.8,-4638.5,-4639.3,-4640.6,-4640.1,-4640.9,-4641.6,-4642.3,-4642.5,-4643.6,-4644.2,-4644.6,-4644.7,-4645.3,-4645.8,-4646.4,-4647.1,-4647.8,-4648.5,-4648.7,-4649.2,-4649.6,-4650.4,-4650.8,-4651.6,-4652.1,-4652.9,-4653.3,-4654.2,-4654.6,-4655.5,-4656.0,-4656.7,-4657.4,-4658.5,-4658.9,-4660.0,-4660.4,-4661.4,-4662.0,-4663.2,-4663.6,-4664.7,-4665.2,-4666.5,-4666.9,-4668.1,-4668.7,-4669.7,-4665.6,-4661.8,-4635.7,-4574.3,-4477.7,-4334.5,-4157.6,-3954.3,-3707.8,-3401.0,-3051.7,-2692.1,-2385.0,-2191.3,-2097.8,52.0,44.5,-2078.7,-2081.4,-2080.7,-2080.5,-2080.7,51.5,-2081.0,-2094.5,-2156.7,-2247.8,-2361.8,-2456.2,-2532.1,-2606.3,-2702.7,-2812.8,-2904.5,-2962.8,-2978.8,-2978.5,-2977.1,-2977.4,-2976.7,-2989.5,-3050.8,-3143.1,-3250.1,-3336.7,-3390.0,-3402.4,-3401.7,-3400.5,-3413.8,-3472.0,-3556.8,-3667.9,-3798.1,-3921.1,-4015.6,-4078.9,-4115.2,-4123.0,-4122.5,-4121.5,-4132.4,-4178.2,-4242.5,-4309.2,-4356.1,-4390.9,-4431.7,-4479.5,-4533.6,-4586.6,-4624.5,-4652.9,-4678.3,-4695.7,-4702.3,-4702.8,-4703.6,-4703.4,-4703.4,-4703.5,-4703.0,-4702.7,-4702.3,-4702.0,-4701.7,-4701.3,-4700.9,-4700.5,-4700.0,-4699.5,-4699.1,-4698.7,-4698.3,-4697.3,-4696.6,-4696.1,-4695.4,-4694.8,-4694.0,-4693.3,-4692.5,-4691.9,-4691.1,-4690.4,-4690.0,-4688.4,-4687.3,-4686.2,-4685.8,-4684.2,-4683.9,-4682.2,-4681.9,-4680.2,-4679.9,-4678.1,-4677.8,-4676.0,-4675.7,-4674.0,-4673.7,-4672.0,-4671.7,-4670.0,-4669.7,-4668.1,-4668.3,-4666.6,-4666.1,-4664.6,-4664.3,-4662.9,-4662.1,-4661.3,-4660.6,-4659.8,-4659.1,-4658.4,-4657.8,-4657.1,-4656.5,-4655.9,-4655.2,-4654.6,-4654.1,-4653.5,-4653.1,-4652.4,-4651.8,-4651.2,-4650.9,-4650.1,-4649.8,-4649.5,-4648.8,-4648.3,-4647.4,-4646.8,-4646.1,-4645.7,-4645.1,-4644.5,-4643.3,-4640.7,-4635.7,-4635.1,-4607.0,-4533.1,-4380.1,-4139.5,-3828.3,-3454.6,-3046.3,-2614.0,-2174.5,-1742.5,-1335.7,-967.1,-651.6,-385.7,-156.1,59.5,147.3,155.3,155.3,166.5,141.8,36.4,103.1,149.2,150.0,162.9,179.2,189.6,187.0,183.2,140.2,178.6,174.2,164.8,154.5,101.6,98.4,96.6,93.9,92.7,138.0,123.3,117.6,116.8,134.4,119.4,93.2,87.0,96.6,46.1,32.3,14.1,59.5,38.9,33.5,38.9,113.1,148.1,158.3,160.2,156.5,152.0,144.9,140.2,138.8,140.4,142.9,144.3,142.1,136.6,130.3,127.6,127.7,128.6,127.5,123.2,119.0,120.5,122.7,125.4,124.1,124.6,124.4,122.3,121.1,121.7,122.7,125.7,129.1,131.0,130.2,127.0,114.1,110.8,115.5,114.4,111.3,109.8,108.4,106.6,105.3,104.8,-7.5,30.3,33.5,30.3,-327.2,-520.0,-737.9,-976.9,-1269.3,-1616.5,-2011.1,-2388.3,-2716.1,-2978.7,-3216.6,-3456.1,-3729.3,-3998.1
-4744.3,-4577.2,-4323.8,-3992.8,-3605.4,-3183.0,-2780.3,-2406.9,-2059.7,-1710.5,-1362.6,-1040.7,-756.7,-536.4,-347.7,-171.0,-16.8,60.1,22.8,23.1,56.0,82.0,85.2,82.9,92.5,96.4,105.3,109.2,117.2,124.4,126.2,125.0,125.4,126.0,125.4,122.0,119.8,117.4,115.9,113.0,110.9,109.1,-0.1,-1.0,-3.0,111.5,112.1,112.6,114.7,114.7,115.4,113.1,75.4,49.2,103.2,109.4,119.6,120.8,124.0,122.4,116.3,131.6,133.5,135.0,136.7,122.9,136.8,121.8,125.7,137.8,137.8,136.4,134.5,132.7,130.8,130.3,107.4,99.9,101.4,107.9,130.5,133.2,134.3,134.7,133.4,136.1,137.3,138.8,140.6,141.3,140.7,138.5,135.1,132.8,132.2,129.8,128.3,127.4,125.2,111.7,97.4,108.5,106.4,103.8,106.0,104.7,101.9,19.9,19.1,82.0,131.6,159.5,130.6,9.6,-174.9,-371.5,-586.7,-876.2,-1210.5,-1614.5,-2043.3,-2487.5,-2925.1,-3343.4,-3715.0,-4011.5,-4240.0,-4409.1,-4527.5,-4596.7,-4629.6,-4633.3,-4635.1,-4635.5,-4636.4,-4636.7,-4637.4,-4638.5,-4639.3,-4640.0,-4639.8,-4640.5,-4641.4,-4642.3,-4643.2,-4644.1,-4644.3,-4644.5,-4645.2,-4646.0,-4646.9,-4647.7,-4648.1,-4648.6,-4648.9,-4650.0,-4650.5,-4651.2,-4651.8,-4652.5,-4653.2,-4653.9,-4654.6,-4655.3,-4656.0,-4656.7,-4657.5,-4658.4,-4659.3,-4660.3,-4660.8,-4661.8,-4662.6,-4663.5,-4664.3,-4665.3,-4666.4,-4667.1,-4668.2,-4668.7,-4669.9,-4670.6,-4671.5,-4672.3,-4673.4,-4672.3,-4670.5,-4654.9,-4614.5,-4534.1,-4413.6,-4258.3,-4055.0,-3789.2,-3469.4,-3129.5,-2833.5,-2640.0,-2545.0,-2523.9,-2525.8,-2528.2,-2526.7,-2529.0,-2527.8,-2528.4,-2530.7,-2529.8,-2531.0,-2529.7,-2544.7,-2609.1,-2703.3,-2814.0,-2906.1,-2977.2,-3053.5,-3142.2,-3250.4,-3336.1,-3389.9,-3403.5,-3402.7,-3402.6,-3402.8,-3401.6,-3415.2,-3473.4,-3560.0,-3657.9,-3735.3,-3781.3,-3791.8,-3791.2,-3790.2,-3802.7,-3855.8,-3931.5,-4028.1,-4138.4,-4239.2,-4314.0,-4361.5,-4386.0,-4390.8,-4390.5,-4389.7,-4398.8,-4435.0,-4483.3,-4528.5,-4556.2,-4577.0,-4603.4,-4631.0,-4656.9,-4680.8,-4695.2,-4701.8,-4706.8,-4706.6,-4708.3,-4706.8,-4706.2,-4706.0,-4706.5,-4705.8,-4705.6,-4705.0,-4705.1,-4704.6,-4704.0,-4704.0,-4703.7,-4702.8,-4702.7,-4701.5,-4701.9,-4700.7,-4700.1,-4699.3,-4698.5,-4698.1,-4697.3,-4696.4,-4695.6,-4694.7,-4694.0,-4693.7,-4693.0,-4692.1,-4690.3,-4689.3,-4687.9,-4687.4,-4686.6,-4685.5,-4683.9,-4683.3,-4681.8,-4681.2,-4679.7,-4679.1,-4677.5,-4676.9,-4675.4,-4674.8,-4673.3,-4672.7,-4671.2,-4670.6,-4669.6,-4669.4,-4667.5,-4666.7,-4665.8,-4665.1,-4665.3,-4663.3,-4662.1,-4661.6,-4660.6,-4659.9,-4659.1,-4658.6,-4657.8,-4657.2,-4656.4,-4655.8,-4655.2,-4654.8,-4654.8,-4654.4,-4653.0,-4653.0,-4651.8,-4650.9,-4650.9,-4650.1,-4649.2,-4648.7,-4647.8,-4647.4,-4646.4,-4645.9,-4645.7,-4645.3,-4644.7,-4643.7,-4643.6,-4640.9,-4638.4,-4616.4,-4539.4,-4381.0,-4140.3,-3825.2,-3456.4,-3046.0,-2614.0,-2174.5,-1744.3,-1334.5,-965.2,-653.1,-420.6,-223.9,-75.0,29.4,56.8,76.9,98.0,83.8,33.4,51.7,75.4,82.8,102.9,130.6,162.1,186.9,182.9,79.9,162.4,171.9,146.8,151.9,151.8,147.4,146.1,146.3,144.7,140.0,137.3,125.2,136.5,137.6,132.2,132.5,131.6,131.0,114.5,109.4,79.5,69.8,59.5,38.9,-3.4,110.8,146.4,155.9,156.8,154.1,147.6,140.6,135.7,135.3,137.1,139.0,140.0,137.6,126.4,125.6,35.6,87.2,123.5,124.2,119.6,117.0,112.2,119.1,123.0,122.5,120.0,102.3,101.9,101.5,116.5,116.9,116.9,125.7,126.6,127.2,125.3,121.2,109.5,95.9,109.1,107.4,106.4,104.9,103.6,102.4,102.5,84.7,-9.2,-34.4,-181.4,-360.1,-564.4,-802.2,-1068.2,-1352.0,-1671.7,-2039.1,-2444.1,-2821.8,-3137.0,-3384.1,-3603.3,-3815.1,-4041.6
-4742.0,-4575.9,-4320.9,-3992.7,-3608.3,-3232.3,-2866.9,-2520.0,-2159.1,-1788.4,-1429.3,-1104.2,-835.1,-601.0,-417.2,-236.1,20.8,1.5,7.1,24.0,34.6,60.1,75.7,79.8,81.4,82.4,87.4,102.0,109.1,117.1,120.5,119.0,119.5,119.1,118.9,115.6,113.8,110.2,107.8,105.8,-2.1,-2.1,-0.8,110.9,114.2,116.8,117.5,117.9,118.3,116.2,108.5,107.5,107.2,118.1,109.1,111.0,128.4,131.3,134.3,117.8,124.2,139.6,140.5,141.1,141.1,141.7,141.1,138.6,128.1,139.3,138.7,137.4,135.7,132.8,132.8,128.0,106.5,119.2,108.1,108.1,112.8,114.9,115.5,116.5,130.8,135.6,137.1,138.2,140.2,140.2,139.2,137.2,133.6,131.1,129.3,127.1,123.4,119.6,107.3,93.5,86.9,92.8,93.0,76.7,75.0,21.7,22.3,22.4,98.6,113.0,165.7,217.2,225.2,91.4,-109.4,-327.0,-575.0,-876.1,-1210.0,-1613.3,-2043.7,-2485.1,-2922.6,-3341.8,-3724.3,-4045.3,-4285.7,-4451.9,-4554.0,-4606.8,-4627.4,-4631.8,-4634.1,-4634.6,-4635.3,-4636.0,-4636.7,-4637.4,-4638.1,-4638.8,-4639.6,-4640.3,-4641.0,-4641.7,-4642.4,-4643.2,-4643.9,-4644.6,-4645.2,-4646.0,-4646.7,-4647.4,-4648.1,-4648.8,-4649.5,-4650.3,-4651.0,-4651.7,-4652.5,-4653.2,-4654.0,-4654.7,-4655.5,-4656.3,-4657.1,-4657.9,-4658.7,-4659.6,-4660.4,-4661.3,-4662.2,-4663.0,-4663.9,-4664.9,-4665.8,-4666.7,-4667.7,-4668.6,-4669.6,-4670.6,-4671.6,-4672.6,-4673.5,-4674.5,-4675.6,-4676.2,-4672.3,-4669.8,-4644.8,-4581.4,-4484.3,-4336.2,-4122.4,-3846.6,-3543.5,-3267.4,-3083.1,-2988.3,-2968.8,-2970.2,-2971.0,-2974.3,-2971.4,-2973.5,-2972.5,-2972.3,-2974.6,-2974.3,-2975.5,-2975.6,-2974.0,-2993.8,-3055.3,-3145.8,-3250.9,-3336.2,-3403.1,-3473.6,-3559.1,-3657.4,-3736.0,-3782.6,-3794.0,-3792.5,-3793.4,-3793.6,-3791.6,-3804.0,-3857.5,-3934.9,-4019.5,-4084.2,-4120.8,-4128.8,-4128.4,-4127.6,-4138.8,-4184.7,-4247.9,-4325.2,-4409.9,-4482.9,-4533.2,-4561.6,-4573.6,-4575.6,-4575.4,-4574.8,-4581.6,-4606.0,-4634.8,-4658.0,-4670.0,-4675.7,-4687.9,-4699.1,-4706.7,-4712.6,-4708.1,-4710.4,-4710.5,-4710.5,-4709.5,-4709.1,-4709.3,-4708.3,-4708.0,-4708.0,-4707.8,-4707.1,-4707.3,-4707.3,-4706.2,-4705.0,-4704.9,-4704.7,-4704.0,-4703.9,-4702.8,-4702.2,-4701.3,-4699.9,-4699.4,-4699.0,-4698.3,-4697.2,-4695.8,-4695.2,-4694.5,-4694.3,-4693.1,-4691.8,-4690.6,-4689.9,-4689.3,-4687.7,-4686.1,-4685.4,-4684.0,-4683.4,-4681.7,-4681.0,-4679.6,-4679.0,-4677.3,-4676.7,-4675.3,-4674.7,-4673.4,-4672.3,-4671.4,-4670.6,-4669.1,-4668.8,-4667.7,-4666.6,-4666.4,-4665.8,-4663.5,-4662.4,-4662.1,-4661.2,-4660.5,-4661.3,-4660.9,-4659.2,-4657.5,-4656.8,-4656.5,-4655.5,-4655.8,-4655.0,-4654.2,-4655.2,-4652.3,-4651.8,-4650.8,-4650.4,-4649.5,-4649.5,-4648.9,-4648.1,-4647.0,-4646.2,-4645.7,-4645.4,-4645.3,-4645.0,-4644.0,-4642.6,-4641.2,-4640.1,-4615.1,-4535.9,-4378.2,-4137.1,-3824.3,-3459.1,-3047.4,-2614.7,-2176.6,-1743.1,-1333.8,-966.8,-680.4,-465.4,-299.6,-168.4,-88.0,-38.3,18.9,31.0,30.9,37.5,12.5,13.7,14.0,36.4,77.1,128.8,156.8,155.0,78.3,144.9,139.3,129.6,127.5,138.9,150.9,148.5,147.6,146.3,144.5,140.1,24.6,2.5,1.0,-7.2,-3.0,51.9,51.4,51.3,51.0,50.5,59.5,24.1,-2.7,-2.9,113.0,141.8,153.7,148.3,144.9,142.8,136.5,128.9,129.7,131.7,132.4,133.1,127.8,123.9,123.1,-9.1,25.6,107.5,96.9,116.0,116.6,103.1,120.0,120.9,99.3,99.0,100.2,101.5,108.3,113.4,118.5,121.6,125.2,125.2,127.0,125.1,120.7,114.5,91.9,91.6,93.1,69.9,100.1,101.0,99.7,96.8,83.8,27.2,-81.5,-233.2,-382.5,-583.4,-852.9,-1145.0,-1448.6,-1755.6,-2095.5,-2474.2,-2872.6,-3233.7,-3528.1,-3749.5,-3937.8,-4113.1
-4742.3,-4574.5,-4319.9,-3994.3,-3657.9,-3316.7,-2982.6,-2621.8,-2241.0,-1860.9,-1507.2,-1198.4,-917.2,-684.6,-476.5,-308.8,-169.4,20.8,20.6,27.2,24.0,28.2,54.2,63.9,68.9,83.9,88.8,101.2,107.4,112.9,114.0,113.7,113.5,112.9,111.6,107.7,108.7,104.9,-1.1,-1.1,107.4,111.6,113.3,108.8,119.2,120.1,119.5,118.1,116.2,108.8,108.6,108.0,108.9,123.9,129.9,109.6,136.2,138.3,141.8,131.4,142.3,143.7,143.8,143.2,143.7,143.3,142.7,140.9,138.4,139.2,139.9,139.0,137.5,136.3,132.1,120.9,131.4,131.8,130.7,131.2,130.9,132.5,133.4,131.1,128.8,134.7,136.3,137.3,136.4,135.6,134.6,131.9,128.8,124.7,120.4,109.5,106.9,107.2,91.4,95.5,83.4,83.2,85.2,79.4,59.0,21.7,21.7,87.7,101.9,132.3,187.8,236.6,213.5,60.9,-149.6,-360.2,-583.6,-874.8,-1208.2,-1610.4,-2040.6,-2482.9,-2921.3,-3339.7,-3722.2,-4053.3,-4310.1,-4480.6,-4576.3,-4617.8,-4625.0,-4631.8,-4633.4,-4634.1,-4634.8,-4635.5,-4636.3,-4637.0,-4637.8,-4638.6,-4639.4,-4640.2,-4640.9,-4641.7,-4642.5,-4643.3,-4644.1,-4644.9,-4645.6,-4646.4,-4647.2,-4648.0,-4648.8,-4649.5,-4650.3,-4651.1,-4651.9,-4652.7,-4653.6,-4654.4,-4655.2,-4656.0,-4656.9,-4657.7,-4658.6,-4659.5,-4660.4,-4661.3,-4662.2,-4663.1,-4664.1,-4665.1,-4666.0,-4667.0,-4668.0,-4669.0,-4670.0,-4671.1,-4672.1,-4673.2,-4674.2,-4675.3,-4676.3,-4677.4,-4678.4,-4679.9,-4678.9,-4678.4,-4663.0,-4620.9,-4538.7,-4388.6,-4169.3,-3912.6,-3671.5,-3504.1,-3412.2,-3390.5,-3393.1,-3395.0,-3395.6,-3399.5,-3396.0,-3398.6,-3398.5,-3397.9,-3398.6,-3401.1,-3400.0,-3400.2,-3400.1,-3401.1,-3415.2,-3472.6,-3561.6,-3660.1,-3735.0,-3794.7,-3857.7,-3934.0,-4019.0,-4083.8,-4120.6,-4132.4,-4129.8,-4129.8,-4131.4,-4128.9,-4140.3,-4186.5,-4251.2,-4318.5,-4367.2,-4392.0,-4397.0,-4396.7,-4396.1,-4405.6,-4441.9,-4489.3,-4542.6,-4596.1,-4637.1,-4661.5,-4672.1,-4675.2,-4675.5,-4675.4,-4675.0,-4678.9,-4690.8,-4702.6,-4708.1,-4709.1,-4711.0,-4717.0,-4712.5,-4714.0,-4714.2,-4713.8,-4713.2,-4712.9,-4713.2,-4712.6,-4712.6,-4711.8,-4711.1,-4710.8,-4710.6,-4710.3,-4710.0,-4709.1,-4708.1,-4707.4,-4708.1,-4706.9,-4705.7,-4705.1,-4704.6,-4703.8,-4702.8,-4701.9,-4701.4,-4700.7,-4699.6,-4698.9,-4698.0,-4697.0,-4695.6,-4695.1,-4693.8,-4693.0,-4691.8,-4690.7,-4690.4,-4688.9,-4687.7,-4686.5,-4685.5,-4684.2,-4683.1,-4683.3,-4682.2,-4680.4,-4679.4,-4678.7,-4677.6,-4675.9,-4674.4,-4674.0,-4673.1,-4672.2,-4669.9,-4669.1,-4667.9,-4666.9,-4666.6,-4665.3,-4663.8,-4663.3,-4714.8,-4688.2,-4660.9,-4660.8,-4659.7,-4659.6,-4657.3,-4657.2,-4656.2,-4655.5,-4655.4,-4656.1,-4654.5,-4653.3,-4652.6,-4652.5,-4651.6,-4650.3,-4649.5,-4648.8,-4669.4,-4647.4,-4647.1,-4646.5,-4645.6,-4645.0,-4644.6,-4643.5,-4642.9,-4641.9,-4640.8,-4638.1,-4615.2,-4536.9,-4378.4,-4136.2,-3825.2,-3458.3,-3048.4,-2615.4,-2176.6,-1742.2,-1336.0,-1002.2,-732.3,-527.2,-373.7,-247.5,-152.3,-81.4,-48.7,33.4,-21.8,-11.4,27.0,-27.1,-21.8,-8.8,50.3,103.4,137.5,133.7,76.0,116.9,119.4,107.6,102.8,109.0,121.8,137.2,151.6,149.9,146.7,113.3,45.7,49.1,49.3,54.8,57.5,56.5,55.6,55.4,54.8,53.9,41.8,7.3,24.1,-6.6,-3.6,137.1,138.6,138.0,137.8,139.2,135.6,128.9,128.9,122.8,127.4,121.5,122.9,122.9,101.8,-4.7,-6.5,20.9,48.0,62.9,74.8,91.1,106.3,95.5,98.4,118.5,117.4,110.2,116.2,116.3,119.1,122.4,126.1,127.8,127.7,124.8,119.8,114.4,108.3,58.8,57.1,61.4,42.7,72.6,96.1,93.1,80.3,15.0,-99.7,-245.5,-389.2,-587.5,-866.1,-1201.0,-1536.0,-1863.3,-2184.7,-2530.7,-2898.7,-3280.5,-3614.6,-3875.5,-4061.5,-4213.0
-4740.3,-4573.5,-4322.0,-4038.7,-3736.0,-3425.2,-3079.3,-2700.6,-2317.2,-1945.0,-1612.6,-1291.2,-1014.8,-754.5,-540.7,-384.1,-251.2,-117.7,-21.9,25.5,27.2,25.5,13.0,23.5,56.3,80.3,99.8,105.5,109.8,112.0,112.5,112.0,109.9,88.2,99.8,102.9,91.3,-1.0,-1.0,109.6,114.7,118.3,118.8,120.2,119.5,118.2,116.3,114.8,115.9,118.5,122.2,126.8,131.3,134.8,138.1,140.6,141.6,143.4,145.5,144.3,143.1,143.7,143.3,144.9,144.4,144.3,143.9,143.1,142.5,141.9,141.2,140.5,138.5,137.7,136.5,135.2,133.9,133.1,133.0,133.3,132.6,131.1,130.9,131.3,136.1,134.0,132.8,132.5,131.5,129.6,119.3,112.7,108.1,111.3,108.7,105.1,102.8,74.3,74.3,73.9,62.5,70.8,53.9,51.1,21.7,21.7,21.7,88.0,97.9,137.3,197.1,235.5,183.9,6.5,-220.6,-413.6,-617.3,-888.0,-1215.4,-1616.2,-2044.2,-2484.4,-2921.6,-3339.2,-3721.6,-4052.4,-4314.2,-4491.7,-4586.3,-4622.7,-4628.6,-4632.3,-4633.0,-4633.7,-4634.5,-4635.3,-4636.1,-4636.9,-4637.7,-4638.6,-4639.4,-4640.3,-4641.2,-4642.0,-4642.9,-4643.7,-4644.5,-4645.4,-4646.2,-4647.1,-4647.9,-4648.8,-4649.6,-4650.4,-4651.3,-4652.1,-4653.0,-4653.9,-4654.7,-4655.6,-4656.5,-4657.4,-4658.4,-4659.3,-4660.2,-4661.2,-4662.1,-4663.1,-4664.1,-4665.1,-4666.1,-4667.2,-4668.2,-4669.3,-4670.3,-4671.4,-4672.5,-4673.6,-4674.7,-4675.8,-4676.9,-4678.0,-4679.2,-4680.3,-4681.4,-4682.6,-4683.6,-4679.6,-4676.0,-4649.4,-4568.5,-4421.8,-4225.3,-4046.6,-3879.3,-3798.2,-3780.9,-3782.2,-3781.7,-3784.6,-3784.5,-3784.8,-3784.8,-3787.6,-3787.7,-3787.2,-3789.4,-3789.6,-3789.0,-3790.1,-3790.8,-3792.1,-3791.4,-3803.1,-3857.0,-3934.6,-4019.4,-4084.3,-4133.1,-4186.5,-4251.5,-4319.0,-4367.9,-4393.0,-4397.2,-4398.1,-4399.6,-4399.6,-4398.4,-4407.2,-4443.9,-4492.6,-4538.4,-4567.5,-4579.8,-4582.0,-4581.9,-4581.5,-4588.6,-4613.2,-4641.3,-4668.5,-4691.5,-4705.6,-4711.6,-4713.1,-4713.2,-4713.1,-4712.9,-4712.6,-4713.8,-4717.2,-4714.8,-4716.4,-4716.4,-4716.7,-4717.0,-4716.9,-4716.8,-4716.8,-4716.0,-4715.4,-4715.2,-4715.3,-4715.0,-4714.4,-4714.4,-4713.7,-4712.4,-4712.2,-4712.1,-4711.9,-4710.7,-4709.9,-4709.7,-4709.1,-4707.7,-4707.2,-4706.6,-4705.9,-4705.1,-4703.7,-4702.9,-4702.3,-4701.9,-4700.7,-4700.1,-4698.0,-4697.2,-4696.9,-4696.2,-4694.7,-4693.4,-4691.6,-4691.9,-4689.9,-4688.5,-4687.9,-4686.7,-4685.5,-4684.1,-4685.1,-4683.8,-4681.5,-4681.4,-4679.4,-4677.8,-4676.0,-4675.1,-4673.8,-4673.4,-4672.7,-4670.1,-4669.1,-4668.7,-4667.5,-4667.2,-4666.4,-4664.9,-4663.8,-4663.6,-4661.6,-4661.1,-4660.7,-4660.9,-4659.8,-4657.8,-4656.7,-4656.3,-4656.0,-4656.0,-4655.4,-4654.3,-4653.5,-4654.0,-4667.1,-4651.1,-4650.1,-4648.8,-4648.6,-4686.1,-4691.7,-4646.9,-4645.9,-4644.9,-4644.2,-4643.4,-4642.4,-4642.3,-4641.9,-4639.8,-4637.9,-4614.6,-4534.8,-4378.1,-4137.9,-3824.0,-3453.8,-3046.5,-2615.9,-2175.3,-1744.7,-1377.6,-1067.5,-813.1,-612.0,-453.3,-329.5,-219.6,-148.3,-106.0,-70.0,-50.0,-30.7,-38.0,-30.5,-31.9,-50.4,39.7,92.0,135.6,127.8,75.1,74.5,101.7,81.1,74.2,77.5,84.4,97.7,132.2,156.6,151.4,147.2,144.2,140.7,139.0,136.2,128.6,51.9,51.4,51.3,44.0,50.5,43.6,24.1,-11.7,-3.0,-6.1,-5.5,134.9,134.2,134.4,135.3,134.0,139.1,133.9,127.8,92.1,84.2,87.0,93.8,81.6,66.1,-6.4,-5.6,-5.8,-5.6,4.6,63.6,82.5,117.1,117.7,117.7,115.8,115.6,116.4,117.7,121.1,125.0,128.4,128.8,126.3,121.4,115.1,110.4,96.5,86.3,4.8,20.2,0.3,20.2,68.1,86.4,57.0,6.3,24.4,-241.3,-396.6,-598.9,-867.3,-1213.6,-1594.4,-1954.5,-2294.8,-2621.6,-2959.7,-3306.4,-3654.3,-3946.7,-4161.3,-4304.1
-4739.6,-4574.0,-4358.0,-4106.7,-3834.4,-3516.2,-3154.4,-2776.4,-2402.7,-2054.8,-1713.1,-1405.4,-1103.5,-837.8,-629.7,-422.4,-223.5,-104.8,-86.9,-33.5,-16.5,-18.6,-11.9,-4.3,29.1,55.6,81.3,104.0,108.1,109.2,109.6,95.8,74.3,68.6,76.1,62.9,-2.1,15.0,95.9,118.9,123.1,124.7,122.8,120.1,117.5,116.5,114.9,112.0,119.2,124.2,123.5,129.9,140.4,142.1,142.9,145.1,145.6,147.0,147.8,146.7,145.4,146.9,145.7,146.4,145.4,145.1,145.2,144.3,144.4,142.8,142.4,140.4,138.8,136.9,136.3,135.6,134.7,134.7,134.4,133.7,132.3,130.7,129.1,128.8,129.6,128.8,125.2,122.3,120.1,109.7,112.1,88.9,104.5,102.6,89.0,88.7,22.7,22.7,22.7,22.7,22.7,22.7,21.8,-42.0,23.0,56.5,57.7,85.2,104.6,151.8,205.5,242.9,181.0,-29.8,-270.8,-472.5,-672.2,-897.3,-1215.6,-1608.4,-2039.5,-2481.7,-2920.0,-3338.3,-3720.7,-4050.9,-4313.2,-4493.1,-4588.0,-4623.5,-4629.2,-4631.5,-4632.2,-4633.0,-4633.8,-4634.7,-4635.5,-4636.4,-4637.3,-4638.2,-4639.1,-4640.0,-4640.9,-4641.8,-4642.7,-4643.6,-4644.5,-4645.4,-4646.3,-4647.2,-4648.1,-4649.1,-4649.9,-4650.9,-4651.8,-4652.8,-4653.6,-4654.6,-4655.5,-4656.6,-4657.5,-4658.5,-4659.4,-4660.5,-4661.4,-4662.5,-4663.5,-4664.6,-4665.6,-4666.7,-4667.7,-4668.9,-4669.9,-4671.1,-4672.2,-4673.4,-4674.5,-4675.7,-4676.8,-4678.1,-4679.2,-4680.4,-4681.5,-4682.8,-4683.9,-4685.1,-4686.4,-4686.4,-4687.0,-4659.1,-4586.4,-4462.1,-4318.4,-4212.7,-4132.2,-4114.9,-4118.3,-4117.9,-4117.4,-4118.5,-4120.8,-4122.3,-4123.4,-4124.2,-4124.7,-4125.5,-4124.7,-4126.8,-4126.0,-4128.0,-4128.5,-4129.0,-4133.1,-4141.2,-4146.0,-4189.2,-4252.2,-4320.8,-4368.5,-4403.8,-4445.6,-4496.4,-4540.1,-4568.4,-4581.1,-4584.6,-4584.5,-4583.8,-4584.1,-4583.0,-4590.5,-4615.3,-4644.5,-4667.1,-4678.3,-4681.6,-4682.1,-4682.1,-4681.8,-4686.1,-4698.2,-4708.6,-4716.3,-4721.1,-4718.7,-4720.2,-4720.1,-4719.9,-4719.8,-4719.5,-4719.3,-4719.9,-4720.9,-4721.0,-4720.8,-4720.6,-4720.4,-4720.0,-4719.2,-4718.9,-4718.0,-4717.6,-4717.4,-4717.5,-4716.7,-4716.3,-4716.0,-4715.6,-4715.5,-4715.7,-4715.3,-4714.0,-4713.0,-4711.6,-4711.6,-4711.2,-4709.9,-4709.2,-4708.2,-4707.9,-4707.0,-4705.3,-4704.3,-4703.7,-4704.0,-4703.2,-4701.9,-4699.7,-4698.6,-4698.0,-4696.6,-4695.6,-4693.9,-4693.1,-4692.8,-4691.1,-4689.2,-4688.5,-4687.4,-4686.6,-4685.5,-4685.0,-4684.7,-4683.6,-4682.8,-4679.9,-4698.9,-4676.8,-4675.2,-4674.8,-4673.3,-4672.9,-4671.4,-4670.2,-4669.8,-4668.0,-4667.1,-4667.7,-4665.1,-4664.2,-4663.2,-4661.9,-4661.9,-4661.0,-4659.9,-4659.9,-4657.8,-4656.8,-4656.9,-4656.2,-4655.2,-4654.5,-4653.9,-4653.1,-4680.6,-4708.7,-4673.3,-4649.4,-4649.0,-4648.0,-4674.2,-4646.2,-4645.7,-4645.0,-4644.2,-4643.0,-4642.3,-4642.8,-4641.6,-4641.7,-4639.1,-4636.1,-4612.8,-4534.4,-4378.7,-4136.8,-3822.9,-3453.8,-3046.1,-2616.2,-2178.0,-1790.9,-1450.6,-1162.1,-923.7,-718.2,-553.2,-414.9,-319.9,-242.0,-185.8,-136.3,-103.2,-74.4,-38.1,-30.9,-25.1,-35.8,40.3,103.8,143.8,129.7,77.2,9.0,9.3,36.8,58.8,71.9,72.0,74.9,114.8,162.0,161.6,154.2,148.8,144.9,143.7,141.1,140.7,76.1,63.6,60.7,42.0,-2.6,21.6,21.2,-4.7,-4.3,-4.6,-7.9,-4.8,-5.9,-4.1,125.0,134.0,131.2,133.8,127.9,98.9,58.9,-9.4,-7.2,66.1,55.3,1.0,16.4,67.8,52.5,37.8,67.4,104.5,117.9,117.8,118.0,116.4,116.3,116.1,119.7,122.2,126.1,127.2,125.5,121.1,116.8,112.7,107.9,104.0,101.3,63.2,-18.7,20.2,20.1,20.0,52.4,43.3,10.1,25.7,-229.3,-388.0,-597.7,-864.6,-1215.6,-1608.3,-2015.3,-2387.2,-2727.5,-3043.9,-3361.0,-3676.9,-3978.6,-4215.1,-4369.8
-4742.3,-4603.2,-4414.4,-4189.3,-3912.4,-3582.7,-3226.9,-2863.1,-2516.5,-2161.6,-1834.7,-1504.0,-1203.2,-951.3,-681.7,-290.0,-324.1,-219.8,-108.0,-46.4,-23.0,-20.9,-27.3,-15.6,-2.9,32.7,55.5,75.7,87.2,85.0,75.4,64.0,38.3,26.9,43.9,36.9,20.1,50.8,83.8,123.2,128.1,126.8,121.8,118.6,117.9,116.9,102.7,111.7,115.5,132.7,139.8,145.1,146.4,146.0,145.2,146.6,148.0,149.1,148.5,147.3,146.2,146.6,146.2,147.0,146.4,145.5,144.9,144.1,143.5,142.2,139.9,138.2,137.4,126.5,135.3,133.2,134.0,133.3,132.3,130.2,119.3,126.2,104.2,108.0,109.1,108.5,104.5,102.2,105.4,103.8,101.1,88.3,74.5,22.7,22.7,22.7,22.7,94.7,65.8,69.6,76.5,77.6,74.7,22.0,59.5,65.7,78.5,94.3,119.5,164.8,223.2,254.7,172.2,-44.6,-305.7,-531.6,-753.4,-971.9,-1271.2,-1628.1,-2047.8,-2490.2,-2927.5,-3344.8,-3726.0,-4055.3,-4316.3,-4495.3,-4590.6,-4625.7,-4628.8,-4631.1,-4631.8,-4632.7,-4633.6,-4634.5,-4635.4,-4636.3,-4637.2,-4638.2,-4639.1,-4640.1,-4641.0,-4641.9,-4642.9,-4643.8,-4644.8,-4645.7,-4646.7,-4647.7,-4648.7,-4649.7,-4650.7,-4651.7,-4652.6,-4653.6,-4654.6,-4655.6,-4656.6,-4657.6,-4658.7,-4659.7,-4660.8,-4662.0,-4663.0,-4664.1,-4665.2,-4666.3,-4667.4,-4668.6,-4669.7,-4670.9,-4672.1,-4673.3,-4674.5,-4675.7,-4676.9,-4678.1,-4679.4,-4680.6,-4681.9,-4683.1,-4684.3,-4685.6,-4686.8,-4688.0,-4689.4,-4689.9,-4689.0,-4666.3,-4611.6,-4529.2,-4446.9,-4396.1,-4379.8,-4381.3,-4383.2,-4384.2,-4385.0,-4386.2,-4387.1,-4389.0,-4390.6,-4390.9,-4390.7,-4392.4,-4393.3,-4393.8,-4393.7,-4394.1,-4394.4,-4397.3,-4396.9,-4398.8,-4399.7,-4407.8,-4445.8,-4494.8,-4541.1,-4568.2,-4588.7,-4617.9,-4646.2,-4668.0,-4679.4,-4682.9,-4684.8,-4684.0,-4685.5,-4684.6,-4684.3,-4688.1,-4700.5,-4711.6,-4717.6,-4719.4,-4719.6,-4719.7,-4719.7,-4719.6,-4721.2,-4724.3,-4721.8,-4724.0,-4724.9,-4724.8,-4724.7,-4724.5,-4724.3,-4724.1,-4723.9,-4723.6,-4723.3,-4723.1,-4723.1,-4722.9,-4723.2,-4722.6,-4721.6,-4721.1,-4720.7,-4720.5,-4720.8,-4719.6,-4719.2,-4719.3,-4718.0,-4717.9,-4717.3,-4717.3,-4716.5,-4714.7,-4713.9,-4713.5,-4713.4,-4712.6,-4712.5,-4710.8,-4710.5,-4710.0,-4708.3,-4706.6,-4706.1,-4705.4,-4704.9,-4703.9,-4702.3,-4700.7,-4700.1,-4698.8,-4697.8,-4696.0,-4695.3,-4694.2,-4693.4,-4692.0,-4690.1,-4688.9,-4688.0,-4686.5,-4686.2,-4686.0,-4683.6,-4683.0,-4681.9,-4679.3,-4678.3,-4677.9,-4677.6,-4675.0,-4704.1,-4736.1,-4672.9,-4670.5,-4669.2,-4668.0,-4667.3,-4667.6,-4665.2,-4664.0,-4663.0,-4661.7,-4660.9,-4660.2,-4659.3,-4658.7,-4658.8,-4656.5,-4655.5,-4655.4,-4704.3,-4653.5,-4652.8,-4651.6,-4652.8,-4702.1,-4649.0,-4648.6,-4647.8,-4647.0,-4646.2,-4645.8,-4704.0,-4645.1,-4644.0,-4642.5,-4642.7,-4641.9,-4641.2,-4640.3,-4639.1,-4637.1,-4614.1,-4534.3,-4375.0,-4134.3,-3824.8,-3452.7,-3044.6,-2616.8,-2226.0,-1870.6,-1558.8,-1289.2,-1050.4,-848.1,-667.9,-542.2,-441.0,-358.5,-295.2,-238.2,-182.3,-121.5,-71.8,-30.8,28.1,30.5,47.7,115.7,142.7,134.5,87.5,11.5,-9.9,-11.1,32.4,58.9,60.3,70.2,110.0,153.8,172.0,158.9,152.7,155.4,152.0,148.9,145.9,143.7,142.4,139.8,127.1,80.9,2.7,21.6,-5.3,-5.4,-7.5,-6.5,30.6,131.9,-4.6,-4.7,107.8,131.7,126.7,123.5,108.1,98.4,60.2,-8.0,-7.0,60.1,94.1,108.6,115.5,110.4,106.2,99.5,104.5,119.8,119.2,119.1,117.2,115.9,120.3,121.6,122.5,123.6,121.6,118.8,115.5,111.7,107.3,103.3,101.0,100.0,55.9,34.7,-10.4,-10.1,31.3,-9.4,-5.2,25.7,24.4,-178.4,-343.9,-573.2,-864.6,-1214.5,-1607.7,-2028.0,-2443.5,-2816.3,-3147.5,-3443.7,-3726.9,-4000.1,-4235.1,-4402.3
-4755.8,-4644.3,-4480.9,-4254.1,-3971.7,-3649.2,-3309.3,-2975.6,-2621.1,-2285.7,-1943.2,-1614.4,-1336.0,-1014.5,-464.9,-550.1,-418.9,-264.0,-140.9,-65.3,-25.2,-23.6,-20.9,-13.9,-9.4,-1.3,29.9,49.6,58.3,50.6,39.9,25.6,17.8,-2.3,20.1,0.7,20.1,30.1,75.9,110.3,128.7,126.8,122.3,121.0,108.7,96.2,96.7,112.3,118.0,133.7,140.2,145.1,146.6,146.5,147.2,147.0,148.4,150.1,149.6,148.0,148.1,146.7,147.3,147.1,146.3,145.0,139.5,141.7,142.6,140.1,136.7,135.5,134.4,126.3,120.7,130.7,129.5,128.0,117.6,122.9,118.9,108.1,97.3,89.2,89.5,100.5,99.3,79.7,97.5,96.8,96.8,22.7,22.7,98.0,95.9,48.8,98.5,97.1,81.1,81.3,92.9,93.4,89.5,59.5,80.0,99.4,91.2,107.7,135.5,194.4,242.7,253.0,129.3,-88.6,-326.1,-570.9,-819.4,-1057.3,-1345.2,-1673.9,-2049.4,-2480.3,-2919.1,-3337.3,-3719.6,-4049.9,-4312.0,-4492.0,-4588.4,-4623.2,-4628.3,-4630.7,-4631.6,-4632.4,-4633.4,-4634.3,-4635.3,-4636.2,-4637.2,-4638.2,-4639.2,-4640.1,-4641.1,-4642.1,-4643.1,-4644.1,-4645.1,-4646.1,-4647.1,-4648.1,-4649.1,-4650.1,-4651.2,-4652.2,-4653.2,-4654.3,-4655.3,-4656.4,-4657.5,-4658.5,-4659.6,-4660.7,-4661.8,-4663.2,-4664.3,-4665.5,-4666.7,-4667.8,-4669.0,-4670.2,-4671.4,-4672.7,-4673.9,-4675.2,-4676.4,-4677.7,-4679.0,-4680.3,-4681.6,-4682.9,-4684.2,-4685.5,-4686.8,-4688.1,-4689.3,-4690.6,-4691.9,-4692.2,-4691.8,-4679.1,-4646.5,-4606.8,-4573.0,-4563.5,-4565.4,-4567.0,-4569.4,-4568.3,-4569.6,-4569.6,-4572.7,-4572.6,-4574.5,-4576.0,-4575.3,-4576.4,-4576.7,-4576.9,-4578.8,-4579.6,-4580.3,-4580.5,-4580.7,-4583.5,-4584.1,-4582.9,-4592.1,-4615.2,-4644.8,-4669.8,-4680.5,-4687.0,-4700.0,-4712.4,-4718.6,-4720.7,-4721.2,-4722.4,-4721.9,-4723.2,-4722.5,-4722.4,-4723.4,-4726.8,-4724.5,-4726.2,-4726.4,-4726.5,-4726.5,-4726.5,-4726.4,-4727.1,-4728.0,-4727.9,-4727.8,-4727.6,-4727.5,-4727.3,-4727.1,-4726.8,-4726.6,-4726.3,-4726.0,-4725.7,-4725.5,-4725.5,-4725.5,-4725.2,-4723.9,-4723.6,-4723.3,-4723.5,-4722.6,-4721.9,-4721.9,-4720.8,-4720.4,-4720.1,-4719.6,-4718.6,-4717.7,-4716.5,-4716.0,-4715.6,-4715.6,-4714.6,-4714.0,-4713.3,-4712.9,-4710.9,-4709.7,-4708.6,-4707.4,-4706.1,-4705.9,-4704.1,-4703.3,-4702.2,-4701.2,-4700.9,-4701.3,-4699.5,-4696.0,-4694.9,-4693.6,-4692.7,-4691.1,-4690.4,-4689.3,-4687.5,-4687.9,-4686.3,-4684.3,-4683.8,-4681.5,-4679.9,-4679.2,-4678.6,-4677.7,-4675.5,-4675.4,-4675.1,-4672.6,-4670.4,-4669.5,-4668.1,-4667.5,-4666.9,-4664.8,-4664.0,-4663.3,-4661.8,-4660.7,-4659.8,-4659.7,-4658.4,-4658.0,-4656.0,-4655.0,-4654.3,-4653.4,-4653.3,-4652.1,-4650.8,-4652.8,-4650.8,-4648.6,-4647.7,-4647.0,-4646.4,-4645.5,-4644.9,-4644.2,-4643.7,-4643.1,-4643.1,-4641.9,-4640.7,-4640.2,-4639.2,-4638.0,-4634.7,-4609.6,-4534.5,-4373.8,-4132.9,-3821.2,-3451.6,-3047.1,-2666.4,-2309.8,-1984.3,-1695.8,-1433.7,-1203.5,-990.5,-834.2,-703.1,-592.6,-503.2,-433.9,-341.5,-252.1,-170.7,-106.4,-51.6,30.5,28.1,63.5,141.1,152.0,150.5,110.4,75.8,51.5,51.0,43.7,19.7,56.0,76.7,117.5,157.6,180.5,179.9,167.2,162.4,157.1,159.3,153.2,148.4,142.7,138.1,138.6,127.1,21.6,-6.3,-5.1,-6.2,-6.2,58.2,83.5,116.1,102.8,-8.5,-9.6,-12.9,-12.9,-9.9,-5.9,105.4,55.5,-6.3,13.1,74.8,124.7,124.9,126.2,127.4,125.4,124.3,124.5,124.4,122.5,108.3,107.7,107.7,120.7,120.3,119.1,117.5,114.9,112.5,110.3,106.6,103.7,101.2,101.2,101.7,101.9,71.8,27.1,-10.4,-12.7,-10.7,-31.0,-21.1,-64.9,-170.3,-344.5,-571.7,-863.8,-1213.7,-1606.7,-2027.5,-2458.1,-2871.6,-3229.2,-3535.9,-3803.7,-4046.4,-4247.7,-4410.2
-4778.4,-4684.9,-4532.0,-4302.8,-4030.8,-3727.5,-3414.6,-3076.6,-2746.0,-2396.5,-2060.1,-1758.4,-1481.0,-1197.1,-914.5,-680.0,-476.2,-311.9,-182.8,-93.5,-41.7,-21.0,-17.4,-10.8,-6.4,-1.6,27.8,47.2,35.9,21.2,-3.5,-10.7,-14.7,-7.2,20.4,0.7,20.4,28.3,66.0,106.0,127.6,128.3,124.6,121.8,109.5,99.0,93.1,116.0,122.8,127.3,133.5,137.1,140.5,141.7,142.8,144.0,145.1,146.6,147.7,147.6,146.6,147.9,146.8,145.1,143.7,142.5,140.3,130.3,119.0,134.4,120.5,130.0,129.0,104.6,111.9,111.3,119.3,116.5,106.1,102.0,99.5,102.4,98.5,89.1,89.1,89.1,93.5,71.7,67.3,27.9,26.1,24.1,98.1,97.7,98.3,68.6,99.4,99.0,99.0,100.8,103.1,104.4,101.0,99.1,105.3,107.0,94.7,114.4,154.0,214.7,261.0,207.9,51.1,-158.8,-368.9,-591.3,-868.3,-1137.7,-1446.8,-1762.0,-2108.5,-2491.8,-2921.3,-3340.1,-3722.4,-4052.6,-4314.8,-4494.8,-4590.1,-4624.0,-4628.3,-4630.5,-4631.4,-4632.3,-4633.3,-4634.3,-4635.3,-4636.3,-4637.3,-4638.3,-4639.3,-4640.3,-4641.4,-4642.4,-4643.4,-4644.4,-4645.5,-4646.5,-4647.6,-4648.6,-4649.7,-4650.7,-4651.8,-4652.9,-4654.0,-4655.1,-4656.2,-4657.3,-4658.4,-4659.5,-4660.7,-4661.8,-4663.0,-4664.2,-4665.4,-4666.6,-4667.8,-4669.0,-4670.3,-4671.6,-4672.8,-4674.1,-4675.4,-4676.7,-4678.1,-4679.4,-4680.8,-4682.1,-4683.5,-4684.8,-4686.2,-4687.5,-4688.9,-4690.2,-4691.5,-4692.9,-4694.2,-4695.0,-4693.0,-4691.2,-4680.5,-4665.4,-4661.4,-4664.8,-4664.9,-4665.2,-4670.0,-4670.0,-4669.5,-4670.1,-4671.4,-4672.1,-4673.6,-4674.3,-4675.0,-4676.2,-4676.8,-4677.8,-4679.7,-4681.4,-4680.2,-4681.0,-4681.5,-4682.5,-4682.9,-4684.2,-4683.5,-4687.9,-4700.6,-4713.2,-4718.4,-4721.2,-4723.8,-4727.4,-4725.0,-4726.9,-4727.2,-4727.9,-4728.0,-4729.1,-4729.4,-4728.5,-4728.9,-4729.7,-4730.5,-4730.7,-4730.9,-4730.9,-4731.0,-4731.0,-4731.0,-4730.9,-4730.8,-4730.7,-4730.5,-4730.4,-4730.2,-4730.0,-4729.8,-4729.5,-4729.2,-4728.9,-4728.6,-4728.3,-4727.9,-4727.7,-4727.9,-4727.1,-4726.4,-4726.0,-4726.2,-4725.2,-4724.6,-4724.0,-4723.2,-4722.6,-4722.2,-4721.6,-4721.0,-4720.2,-4719.6,-4718.7,-4718.1,-4717.9,-4717.1,-4715.5,-4717.0,-4714.6,-4714.4,-4711.8,-4711.5,-4709.4,-4708.7,-4707.4,-4706.9,-4705.2,-4704.2,-4704.8,-4704.7,-4714.5,-4702.9,-4698.5,-4696.5,-4695.5,-4694.4,-4692.9,-4692.7,-4691.2,-4689.2,-4688.5,-4688.3,-4686.0,-4684.6,-4682.8,-4681.6,-4680.6,-4680.1,-4679.0,-4676.7,-4675.0,-4676.4,-4672.7,-4671.7,-4670.4,-4669.4,-4697.7,-4668.0,-4666.2,-4665.4,-4664.1,-4662.5,-4661.0,-4660.2,-4659.1,-4658.4,-4656.9,-4656.8,-4655.6,-4654.9,-4653.6,-4653.0,-4652.0,-4651.5,-4650.2,-4650.4,-4648.8,-4647.6,-4646.9,-4645.9,-4645.4,-4644.4,-4643.9,-4643.3,-4642.1,-4641.7,-4641.2,-4640.4,-4639.5,-4638.8,-4638.1,-4637.0,-4634.6,-4608.9,-4531.0,-4372.8,-4132.5,-3818.7,-3456.6,-3098.5,-2749.0,-2424.4,-2130.6,-1852.2,-1603.4,-1366.8,-1187.4,-1032.1,-898.1,-783.2,-688.5,-575.6,-457.8,-345.7,-235.4,-139.4,-96.9,28.1,30.5,34.6,102.9,167.5,195.0,171.7,148.5,109.3,54.8,51.0,-10.9,60.1,101.2,142.2,166.1,186.0,188.2,185.8,182.5,176.7,170.5,162.6,155.5,150.1,138.6,138.0,141.5,141.3,143.8,140.6,138.2,133.7,121.4,-7.9,134.1,114.4,-9.1,62.1,124.1,129.5,124.8,-8.5,37.6,31.1,37.6,29.0,74.5,114.0,122.0,124.7,126.8,125.3,125.5,124.5,121.0,108.4,107.7,107.7,120.2,117.6,114.9,113.9,111.7,109.8,106.9,106.5,104.9,103.3,103.9,104.3,103.9,104.0,93.8,65.7,24.1,2.3,-17.4,-19.5,-11.8,-46.7,-161.7,-348.8,-572.7,-865.0,-1213.4,-1604.9,-2025.1,-2458.7,-2884.9,-3280.6,-3610.5,-3884.3,-4099.4,-4282.2,-4419.7
-4796.5,-4709.7,-4556.7,-4351.3,-4098.3,-3825.1,-3511.8,-3197.4,-2855.2,-2516.3,-2209.1,-1913.2,-1605.6,-1288.9,-1012.0,-753.0,-535.5,-360.8,-220.7,-106.8,-47.0,-29.6,-10.5,-7.5,-11.5,35.3,39.7,48.0,29.3,-5.2,-8.4,-11.3,-13.1,-12.4,20.3,0.2,20.1,24.7,57.9,93.1,124.1,128.3,126.9,125.4,122.7,117.8,91.8,91.3,120.0,120.9,122.0,120.4,121.9,124.1,122.4,126.3,127.2,125.7,139.6,135.3,128.5,141.9,141.3,139.1,137.1,134.3,125.6,121.7,105.0,104.0,100.8,110.7,107.5,98.6,98.0,95.4,104.6,103.4,100.0,97.6,96.0,94.8,93.8,93.5,93.6,92.9,73.2,52.7,42.5,28.1,41.2,79.0,97.7,97.6,101.8,88.6,102.9,103.5,103.6,104.9,106.3,106.5,101.0,99.1,108.6,108.8,94.7,121.8,170.2,240.8,269.6,148.9,-39.4,-239.1,-419.2,-622.3,-856.7,-1192.3,-1534.9,-1870.6,-2200.9,-2552.5,-2929.9,-3337.3,-3720.1,-4050.3,-4312.5,-4492.5,-4588.9,-4623.9,-4628.2,-4630.6,-4631.5,-4632.5,-4633.5,-4634.5,-4635.5,-4636.5,-4637.6,-4638.6,-4639.7,-4640.7,-4641.8,-4642.9,-4643.9,-4645.0,-4646.1,-4647.1,-4648.2,-4649.3,-4650.4,-4651.5,-4652.6,-4653.7,-4654.9,-4656.0,-4657.2,-4658.3,-4659.5,-4660.7,-4661.9,-4663.1,-4664.3,-4665.5,-4666.8,-4668.0,-4669.3,-4670.6,-4671.9,-4673.2,-4674.6,-4675.9,-4677.3,-4678.7,-4680.0,-4681.4,-4682.9,-4684.3,-4685.7,-4687.1,-4688.5,-4689.9,-4691.3,-4692.7,-4694.1,-4695.4,-4696.7,-4698.0,-4698.2,-4695.7,-4699.4,-4698.1,-4699.6,-4699.8,-4701.7,-4703.2,-4704.4,-4706.0,-4706.0,-4707.1,-4708.1,-4709.2,-4710.7,-4711.1,-4712.1,-4713.0,-4713.9,-4715.2,-4716.1,-4716.9,-4717.7,-4718.0,-4718.7,-4719.4,-4720.1,-4721.2,-4721.4,-4721.7,-4725.5,-4728.2,-4725.5,-4728.2,-4728.3,-4729.3,-4730.5,-4731.5,-4731.5,-4732.2,-4732.8,-4732.9,-4733.0,-4733.6,-4733.6,-4733.8,-4733.5,-4733.4,-4733.5,-4733.6,-4733.7,-4733.7,-4733.6,-4733.6,-4733.5,-4733.3,-4733.2,-4733.0,-4732.8,-4732.6,-4732.3,-4732.1,-4731.8,-4731.5,-4731.1,-4730.8,-4730.4,-4730.2,-4729.5,-4729.1,-4728.7,-4728.8,-4727.7,-4727.2,-4727.0,-4726.0,-4725.2,-4724.6,-4724.1,-4723.2,-4722.9,-4722.6,-4721.1,-4720.6,-4719.7,-4720.1,-4718.0,-4718.2,-4717.4,-4716.7,-4714.2,-4712.4,-4713.0,-4710.6,-4709.4,-4709.2,-4707.9,-4706.2,-4705.4,-4706.3,-4706.8,-4703.9,-4701.7,-4698.8,-4697.5,-4696.1,-4695.0,-4694.0,-4693.0,-4691.4,-4690.2,-4689.0,-4688.0,-4685.8,-4684.7,-4683.4,-4682.0,-4681.1,-4679.5,-4678.6,-4676.5,-4675.6,-4675.1,-4672.9,-4671.5,-4670.4,-4668.7,-4686.6,-4666.8,-4665.8,-4665.2,-4663.2,-4662.3,-4661.4,-4660.3,-4659.0,-4657.9,-4656.7,-4655.8,-4654.9,-4653.8,-4652.8,-4652.3,-4651.4,-4650.3,-4649.4,-4648.5,-4647.5,-4646.5,-4646.0,-4645.0,-4644.2,-4643.5,-4642.5,-4642.2,-4641.8,-4640.1,-4639.3,-4639.2,-4637.8,-4637.6,-4636.4,-4634.7,-4634.1,-4608.4,-4532.0,-4373.5,-4132.7,-3821.6,-3500.7,-3178.5,-2864.5,-2571.4,-2289.9,-2031.9,-1780.9,-1585.7,-1412.9,-1260.5,-1128.0,-1013.9,-876.7,-728.6,-582.1,-435.0,-314.6,-227.0,-199.9,-179.0,-168.2,-128.9,-60.8,30.5,88.4,113.3,85.3,37.9,51.0,43.7,-14.1,27.4,74.3,109.4,142.4,168.4,186.7,188.7,187.5,185.0,178.8,171.3,165.8,160.8,156.3,141.4,141.0,143.2,152.1,149.6,145.2,142.6,140.8,57.0,138.4,135.7,40.3,129.8,140.3,137.5,132.8,110.3,33.5,37.6,33.5,36.4,-9.8,114.2,124.7,124.6,112.2,118.2,123.4,110.6,102.8,103.8,116.8,114.7,115.1,111.2,108.4,100.0,101.5,103.4,103.2,105.4,105.9,105.2,106.0,104.2,102.3,98.8,96.7,79.5,62.1,36.6,18.4,-4.9,-16.5,-65.7,-178.3,-346.9,-573.5,-863.8,-1212.9,-1607.1,-2024.8,-2456.5,-2883.7,-3290.9,-3656.9,-3946.9,-4167.1,-4327.7,-4442.0
-4802.8,-4723.4,-4591.8,-4406.1,-4178.5,-3906.9,-3623.3,-3301.7,-2975.2,-2671.7,-2367.9,-2047.6,-1705.4,-1401.3,-1097.8,-830.6,-596.6,-396.9,-230.7,-109.9,-45.1,-47.1,-65.3,30.5,19.6,56.2,45.3,33.9,19.0,30.8,-11.6,-13.7,-13.4,-12.7,-1.7,20.1,20.1,-0.9,42.2,72.5,97.9,113.0,122.0,123.4,123.9,122.5,120.1,90.9,90.0,87.3,94.1,115.9,116.1,115.4,115.4,117.0,106.1,104.8,119.2,116.0,117.1,121.0,123.1,119.2,110.8,109.0,110.5,104.6,99.3,104.9,96.5,95.6,102.6,88.4,87.7,88.9,96.6,96.7,93.6,93.3,92.6,93.4,92.1,92.1,95.1,94.5,76.8,43.1,41.9,48.7,62.1,83.7,90.3,103.4,105.2,88.6,106.3,107.2,106.0,107.3,108.9,108.7,108.3,111.2,113.3,113.1,120.0,148.3,205.3,265.9,244.8,76.0,-141.7,-330.3,-488.2,-676.6,-897.9,-1217.5,-1594.2,-1964.0,-2313.6,-2647.0,-2991.2,-3348.9,-3717.8,-4049.2,-4311.3,-4491.4,-4587.9,-4621.8,-4628.0,-4630.6,-4631.5,-4632.5,-4633.5,-4634.5,-4635.6,-4636.6,-4637.7,-4638.8,-4639.8,-4640.9,-4642.0,-4643.1,-4644.2,-4645.3,-4646.4,-4647.5,-4648.6,-4649.7,-4650.9,-4652.0,-4653.1,-4654.4,-4655.5,-4656.7,-4657.9,-4659.1,-4660.3,-4661.6,-4662.8,-4664.1,-4665.3,-4666.6,-4667.9,-4669.2,-4670.6,-4671.9,-4673.3,-4674.6,-4676.0,-4677.4,-4678.8,-4680.3,-4681.7,-4683.2,-4684.6,-4686.1,-4687.6,-4689.0,-4690.5,-4691.9,-4693.4,-4694.8,-4696.2,-4697.6,-4699.0,-4700.5,-4701.8,-4702.4,-4702.9,-4704.1,-4705.6,-4706.8,-4707.9,-4709.2,-4711.0,-4711.5,-4712.3,-4713.4,-4714.4,-4715.5,-4716.6,-4717.6,-4718.5,-4719.3,-4720.2,-4721.1,-4721.9,-4722.7,-4723.4,-4724.3,-4724.9,-4725.6,-4726.3,-4727.1,-4727.8,-4728.3,-4728.7,-4730.2,-4731.9,-4732.2,-4732.7,-4733.4,-4733.6,-4734.1,-4734.6,-4735.1,-4735.3,-4735.7,-4735.8,-4736.1,-4736.3,-4736.3,-4736.5,-4736.3,-4736.2,-4736.2,-4736.3,-4736.3,-4736.2,-4736.2,-4736.1,-4735.9,-4735.8,-4735.6,-4735.3,-4735.1,-4734.8,-4734.5,-4734.2,-4733.9,-4733.5,-4733.1,-4732.7,-4732.3,-4731.8,-4731.3,-4731.0,-4730.3,-4729.7,-4729.1,-4728.5,-4727.8,-4727.2,-4726.5,-4725.8,-4725.1,-4724.6,-4724.7,-4723.1,-4722.3,-4721.6,-4720.5,-4719.4,-4719.2,-4718.7,-4717.7,-4714.8,-4713.6,-4713.3,-4712.3,-4710.5,-4711.0,-4709.2,-4707.1,-4706.6,-4706.7,-4707.6,-4704.2,-4701.8,-4699.9,-4698.7,-4697.2,-4736.6,-4694.2,-4693.2,-4692.3,-4690.8,-4689.5,-4688.2,-4686.4,-4685.2,-4683.2,-4682.0,-4680.4,-4679.6,-4678.0,-4676.7,-4675.8,-4674.2,-4672.9,-4671.4,-4670.1,-4668.7,-4668.4,-4666.5,-4665.1,-4663.8,-4662.5,-4661.8,-4660.6,-4659.6,-4657.9,-4657.3,-4656.2,-4654.9,-4654.0,-4652.9,-4651.9,-4650.9,-4649.9,-4649.3,-4648.8,-4648.5,-4646.6,-4645.8,-4644.9,-4644.2,-4643.2,-4642.4,-4641.4,-4640.8,-4640.4,-4639.0,-4638.0,-4637.5,-4636.8,-4635.8,-4634.7,-4633.9,-4631.3,-4606.4,-4528.6,-4371.4,-4133.2,-3877.9,-3576.7,-3284.5,-3005.4,-2730.9,-2473.0,-2216.8,-2013.2,-1829.6,-1665.0,-1519.9,-1393.1,-1254.9,-1063.8,-888.1,-699.9,-537.5,-426.4,-370.6,-358.4,-351.5,-346.3,-312.1,-251.6,-181.4,-131.7,-112.4,-116.5,-128.6,-127.7,-54.9,-51.4,-27.1,23.5,55.3,98.0,142.7,179.5,183.1,185.1,186.2,184.3,179.7,174.9,167.9,164.4,155.6,148.8,158.9,159.8,155.3,150.5,147.0,147.0,146.0,144.2,141.4,117.0,128.4,140.8,147.6,141.6,120.1,73.2,46.2,26.3,43.4,44.5,-11.5,-7.7,-8.7,-12.0,-8.6,-10.6,-10.6,39.4,103.8,108.6,108.5,92.5,85.1,54.8,25.0,71.0,98.1,98.1,104.7,106.3,105.1,102.6,100.3,96.0,92.1,89.2,87.3,81.2,72.7,53.4,21.3,-7.8,-58.3,-173.1,-345.1,-576.1,-864.9,-1212.8,-1606.2,-2026.0,-2457.4,-2885.2,-3294.6,-3669.1,-3983.0,-4235.5,-4397.5,-4468.9
-4806.2,-4745.4,-4632.8,-4467.7,-4249.0,-4005.3,-3720.0,-3413.5,-3122.5,-2828.6,-2506.3,-2153.3,-1825.2,-1498.9,-1191.6,-909.2,-646.5,-410.4,-232.3,-115.0,-51.2,-28.2,-7.4,33.7,24.3,24.8,19.4,-4.7,30.8,-11.8,-14.5,-14.8,-15.1,-15.2,-10.6,-17.6,-13.7,-12.3,18.9,42.6,64.4,80.3,89.2,100.5,117.5,120.5,120.2,119.0,117.8,116.9,85.1,82.8,82.0,105.9,72.3,72.0,71.7,101.8,113.6,103.4,106.9,113.1,111.9,109.6,108.3,94.9,94.1,101.4,97.6,84.8,83.8,96.1,95.6,79.9,90.5,93.2,95.3,95.8,93.6,93.5,92.2,92.2,92.4,92.1,82.6,82.6,59.0,42.6,76.7,84.7,84.5,84.8,100.4,96.8,107.4,95.2,108.4,109.5,109.8,111.6,113.9,115.6,117.5,112.7,119.4,124.0,147.2,186.3,246.1,274.4,160.6,-26.6,-237.7,-416.1,-574.2,-758.9,-966.6,-1264.8,-1620.1,-2022.9,-2406.2,-2756.9,-3081.5,-3405.7,-3729.7,-4048.3,-4311.5,-4491.6,-4588.1,-4622.1,-4628.3,-4630.9,-4631.9,-4632.9,-4633.9,-4635.0,-4636.1,-4637.1,-4638.2,-4639.3,-4640.4,-4641.5,-4642.6,-4643.7,-4644.8,-4645.9,-4647.1,-4648.2,-4649.3,-4650.5,-4651.6,-4652.8,-4654.0,-4655.2,-4656.4,-4657.6,-4658.8,-4660.1,-4661.3,-4662.6,-4663.9,-4665.2,-4666.5,-4667.8,-4669.2,-4670.5,-4671.9,-4673.3,-4674.7,-4676.1,-4677.6,-4679.0,-4680.5,-4682.0,-4683.5,-4685.0,-4686.5,-4688.0,-4689.5,-4691.0,-4692.5,-4694.0,-4695.5,-4697.0,-4698.4,-4699.9,-4701.3,-4703.0,-4704.4,-4705.7,-4706.7,-4708.1,-4709.4,-4710.6,-4711.9,-4713.2,-4714.5,-4715.6,-4716.5,-4717.6,-4718.7,-4719.7,-4720.9,-4721.8,-4722.7,-4724.0,-4725.2,-4725.5,-4726.2,-4727.1,-4728.1,-4729.2,-4729.2,-4730.1,-4730.8,-4731.3,-4732.5,-4732.8,-4733.2,-4733.8,-4734.6,-4734.8,-4735.2,-4735.5,-4736.2,-4736.5,-4736.7,-4737.3,-4737.7,-4737.7,-4738.4,-4738.5,-4738.7,-4738.8,-4738.7,-4738.9,-4738.7,-4738.8,-4738.8,-4738.8,-4738.7,-4738.7,-4738.5,-4738.4,-4738.2,-4738.0,-4737.7,-4737.5,-4737.2,-4736.9,-4736.5,-4736.2,-4735.8,-4735.3,-4734.9,-4734.4,-4733.9,-4733.4,-4732.9,-4732.3,-4731.7,-4731.0,-4730.4,-4729.7,-4729.0,-4728.2,-4727.6,-4727.0,-4726.4,-4726.0,-4725.1,-4723.4,-4722.7,-4722.0,-4720.4,-4720.1,-4720.3,-4718.1,-4715.9,-4715.2,-4714.9,-4713.3,-4712.3,-4711.0,-4709.6,-4707.8,-4706.7,-4705.9,-4706.0,-4704.2,-4701.8,-4700.3,-4699.3,-4714.8,-4695.7,-4694.3,-4693.8,-4691.8,-4690.8,-4689.5,-4688.2,-4686.6,-4685.9,-4683.8,-4682.2,-4681.4,-4679.9,-4678.4,-4677.1,-4675.7,-4674.2,-4672.4,-4671.5,-4669.8,-4668.8,-4667.2,-4666.1,-4664.6,-4663.4,-4662.5,-4661.3,-4660.0,-4659.0,-4657.8,-4657.0,-4655.5,-4654.9,-4653.8,-4652.0,-4650.9,-4649.9,-4649.1,-4648.0,-4647.1,-4647.5,-4645.6,-4644.3,-4644.3,-4642.5,-4641.6,-4641.2,-4640.7,-4639.7,-4639.0,-4637.8,-4636.9,-4636.9,-4636.0,-4634.8,-4633.8,-4632.8,-4630.2,-4606.1,-4529.3,-4372.0,-4172.1,-3989.6,-3673.6,-3419.8,-3159.4,-2910.7,-2658.5,-2453.9,-2266.3,-2095.6,-1943.2,-1807.8,-1660.5,-1449.7,-1248.3,-1031.4,-832.6,-686.7,-630.5,-592.8,-583.4,-577.9,-544.3,-491.4,-431.3,-379.0,-340.1,-334.3,-326.6,-310.2,-277.2,-211.4,-131.0,-66.1,-21.4,12.3,42.3,125.6,163.3,178.1,180.6,183.6,185.7,184.3,180.8,175.0,170.2,156.0,160.1,145.6,140.9,155.3,151.9,151.2,153.1,154.2,153.4,150.8,147.8,145.6,147.6,149.7,144.3,133.6,124.1,36.5,28.3,26.3,-9.7,-13.0,-12.1,-11.3,-12.5,-10.5,-10.4,-13.1,-11.1,-10.3,-11.5,-11.7,-12.0,-13.1,-13.3,-13.6,42.3,98.8,99.9,100.7,100.9,99.7,96.6,93.7,89.4,84.5,70.2,62.3,62.3,56.0,32.8,14.9,28.4,-70.4,-186.9,-349.8,-574.2,-864.0,-1216.0,-1607.2,-2025.5,-2540.8,-2966.8,-3381.1,-3752.3,-4003.5,-4265.4,-4427.2,-4489.2
-4815.1,-4766.0,-4671.0,-4519.7,-4328.4,-4088.1,-3821.0,-3553.0,-3276.8,-2963.3,-2611.9,-2278.4,-1933.7,-1604.2,-1279.0,-968.1,-668.3,-431.9,-259.3,-139.2,-67.7,-36.0,-10.4,-7.0,33.7,30.5,-17.8,-21.2,-16.8,-18.7,-17.7,-18.9,-20.4,-21.2,-12.9,-21.6,-21.5,28.2,30.7,28.2,24.0,38.1,51.1,69.7,88.0,114.6,118.0,118.1,118.1,117.1,114.1,83.8,78.2,76.3,74.5,72.7,70.4,68.1,64.7,62.9,60.6,58.2,55.2,54.3,53.7,53.0,52.2,51.3,50.4,49.5,80.9,94.1,94.7,-31.6,93.7,94.5,95.7,95.6,93.7,92.2,93.7,93.3,93.3,82.6,93.0,94.2,78.0,82.5,99.6,101.6,90.1,91.0,-7.2,108.7,109.5,111.2,114.1,116.9,119.4,115.8,124.8,127.3,129.1,131.8,131.9,146.6,177.7,226.5,242.9,162.9,20.6,-154.9,-332.7,-490.8,-687.7,-851.8,-1076.8,-1355.3,-1700.8,-2053.3,-2465.3,-2848.1,-3187.3,-3491.2,-3782.5,-4059.1,-4312.6,-4493.4,-4589.5,-4624.5,-4629.2,-4631.7,-4633.0,-4633.7,-4634.9,-4635.6,-4637.1,-4638.1,-4639.1,-4639.8,-4641.2,-4642.3,-4643.4,-4645.0,-4645.8,-4647.1,-4648.2,-4648.9,-4650.2,-4651.4,-4652.6,-4654.3,-4655.1,-4656.4,-4657.6,-4658.5,-4659.9,-4661.4,-4662.5,-4664.6,-4665.4,-4667.0,-4668.2,-4669.1,-4670.6,-4672.2,-4673.5,-4675.6,-4676.6,-4678.2,-4679.6,-4680.7,-4682.3,-4683.9,-4685.4,-4687.7,-4688.7,-4690.4,-4691.8,-4693.0,-4694.7,-4696.1,-4697.7,-4699.8,-4700.9,-4702.4,-4704.1,-4705.3,-4706.9,-4708.2,-4709.6,-4710.8,-4712.3,-4713.4,-4714.3,-4716.1,-4717.0,-4718.2,-4719.3,-4720.3,-4721.3,-4722.5,-4723.1,-4725.0,-4725.8,-4727.5,-4727.8,-4728.3,-4729.1,-4730.2,-4730.5,-4731.4,-4732.0,-4732.8,-4734.0,-4734.3,-4735.4,-4735.8,-4736.0,-4737.0,-4737.6,-4737.6,-4737.5,-4738.4,-4738.6,-4739.3,-4739.5,-4740.0,-4740.1,-4740.9,-4741.2,-4741.4,-4741.4,-4741.1,-4741.3,-4741.2,-4741.2,-4741.2,-4741.2,-4741.2,-4741.2,-4741.0,-4740.9,-4740.7,-4740.5,-4740.3,-4740.0,-4739.8,-4739.4,-4739.1,-4738.7,-4738.3,-4737.9,-4737.5,-4737.0,-4736.5,-4735.9,-4735.4,-4734.8,-4734.2,-4733.5,-4732.9,-4732.2,-4731.4,-4730.7,-4730.0,-4729.6,-4729.0,-4727.8,-4727.4,-4726.3,-4724.8,-4724.0,-4723.9,-4722.4,-4720.8,-4722.1,-4719.6,-4717.3,-4716.7,-4715.3,-4714.2,-4713.0,-4712.2,-4710.5,-4708.9,-4707.1,-4706.6,-4706.3,-4704.5,-4702.1,-4700.2,-4699.4,-4698.1,-4696.3,-4694.8,-4693.7,-4692.1,-4691.0,-4689.4,-4688.0,-4687.0,-4685.0,-4683.5,-4681.9,-4681.8,-4679.7,-4678.1,-4677.3,-4675.0,-4673.3,-4672.6,-4670.9,-4669.7,-4668.5,-4666.6,-4665.2,-4663.9,-4663.0,-4662.3,-4660.7,-4659.3,-4679.7,-4657.0,-4655.5,-4654.3,-4653.7,-4651.9,-4650.8,-4650.2,-4649.2,-4648.2,-4647.5,-4647.1,-4646.6,-4644.7,-4642.9,-4642.4,-4641.4,-4640.3,-4639.4,-4638.7,-4638.0,-4637.1,-4636.4,-4635.8,-4635.2,-4634.6,-4634.3,-4634.0,-4630.9,-4629.2,-4603.4,-4528.0,-4398.1,-4220.7,-4029.3,-3792.5,-3559.3,-3329.3,-3090.2,-2891.9,-2707.0,-2536.4,-2382.9,-2231.9,-2021.3,-1859.4,-1654.6,-1411.3,-1188.1,-1015.8,-941.0,-891.3,-879.1,-873.0,-831.8,-768.5,-690.8,-630.8,-592.6,-580.8,-577.7,-540.5,-488.6,-400.3,-295.8,-187.9,-98.6,-27.6,9.0,66.5,122.8,160.1,175.7,175.4,178.2,182.6,184.0,181.2,178.5,174.0,158.6,164.1,162.6,140.9,140.9,138.1,151.3,155.8,158.9,160.9,161.6,159.2,156.7,153.6,150.1,148.4,141.3,70.1,-6.9,-7.2,110.4,106.6,101.9,103.1,94.7,-18.4,65.6,39.4,-1.1,42.4,98.9,97.8,83.8,83.2,88.8,72.8,27.6,-14.1,54.6,86.1,94.9,93.5,88.4,90.9,88.1,82.9,65.9,54.0,40.6,34.3,28.7,-11.3,28.4,26.4,-107.9,-221.6,-371.8,-580.6,-866.3,-1215.5,-1607.7,-2028.2,-2457.4,-2882.8,-3291.1,-3663.4,-3984.6,-4270.8,-4442.1,-4497.6
-4818.7,-4782.0,-4699.7,-4574.0,-4393.2,-4174.3,-3942.2,-3693.4,-3402.9,-3065.5,-2734.6,-2387.4,-2042.9,-1697.2,-1348.3,-990.8,-695.1,-470.7,-308.1,-185.9,-114.9,-58.6,-25.3,-25.2,-24.8,-27.9,-31.7,-25.8,-24.5,-21.6,-21.9,-23.5,-25.9,-27.1,-19.8,-27.4,-26.9,-22.4,-16.2,-14.6,-9.7,0.6,31.7,50.5,78.2,99.8,114.4,115.8,115.8,114.8,112.1,108.2,105.0,105.6,104.1,104.2,92.6,93.4,103.2,102.4,103.9,104.7,102.2,99.1,98.2,99.3,98.2,98.7,96.0,34.2,67.0,96.1,95.0,94.2,94.9,96.1,97.7,98.2,98.4,96.8,98.7,98.3,96.8,82.6,85.0,85.3,97.1,99.2,102.7,104.7,105.8,108.2,112.0,114.9,118.4,121.6,126.0,128.3,131.6,133.6,133.7,133.9,133.4,135.3,138.7,163.2,201.1,240.1,175.4,33.7,-127.0,-285.7,-423.6,-572.0,-758.9,-955.4,-1197.6,-1458.6,-1761.1,-2109.0,-2493.9,-2904.1,-3272.6,-3587.8,-3858.9,-4104.8,-4320.1,-4492.4,-4590.2,-4624.1,-4629.8,-4632.9,-4633.3,-4634.2,-4635.3,-4636.8,-4637.4,-4639.3,-4639.9,-4640.9,-4641.9,-4643.3,-4644.6,-4645.6,-4646.3,-4647.5,-4648.7,-4707.6,-4651.3,-4652.1,-4653.7,-4654.9,-4655.7,-4657.0,-4658.2,-4660.0,-4661.0,-4662.1,-4663.8,-4665.1,-4666.1,-4667.5,-4668.8,-4670.8,-4671.9,-4673.2,-4675.0,-4676.4,-4677.5,-4679.1,-4680.6,-4682.7,-4683.9,-4685.3,-4687.2,-4688.8,-4690.0,-4691.7,-4693.2,-4695.4,-4696.7,-4698.0,-4699.9,-4701.5,-4702.6,-4704.3,-4705.8,-4707.7,-4708.9,-4710.0,-4712.0,-4713.1,-4714.1,-4715.6,-4716.5,-4718.0,-4719.2,-4720.5,-4721.8,-4722.9,-4724.1,-4724.4,-4725.6,-4727.1,-4728.4,-4729.5,-4730.1,-4731.1,-4731.5,-4732.2,-4733.1,-4733.8,-4735.1,-4735.3,-4735.8,-4737.0,-4737.6,-4737.8,-4738.4,-4739.0,-4739.2,-4739.9,-4740.4,-4740.9,-4740.9,-4741.7,-4741.9,-4743.0,-4742.6,-4742.9,-4743.3,-4743.6,-4743.9,-4743.8,-4743.5,-4743.5,-4743.5,-4743.6,-4743.6,-4743.5,-4743.5,-4743.3,-4743.2,-4743.0,-4742.8,-4742.5,-4742.2,-4741.9,-4741.6,-4741.2,-4740.8,-4740.4,-4739.9,-4739.4,-4738.9,-4738.4,-4737.8,-4737.2,-4736.6,-4736.0,-4735.3,-4734.6,-4733.8,-4733.0,-4732.2,-4731.5,-4730.9,-4730.1,-4729.0,-4728.2,-4727.1,-4726.1,-4725.1,-4724.5,-4724.1,-4722.0,-4721.7,-4719.6,-4718.9,-4718.2,-4716.5,-4714.2,-4713.3,-4712.3,-4711.2,-4709.5,-4708.6,-4707.0,-4705.3,-4704.3,-4702.7,-4701.4,-4699.9,-4698.1,-4696.5,-4695.2,-4693.4,-4692.2,-4690.8,-4689.2,-4687.9,-4686.4,-4685.3,-4683.1,-4682.3,-4681.1,-4679.7,-4678.5,-4678.0,-4675.2,-4674.1,-4672.7,-4670.6,-4669.8,-4668.1,-4666.4,-4664.8,-4663.4,-4662.7,-4661.8,-4679.6,-4660.0,-4657.7,-4656.0,-4654.8,-4653.9,-4653.6,-4652.6,-4651.3,-4649.8,-4649.1,-4647.5,-4646.5,-4645.4,-4644.3,-4642.7,-4643.0,-4642.5,-4642.5,-4642.0,-4638.2,-4637.2,-4636.3,-4635.4,-4634.6,-4633.8,-4633.1,-4632.8,-4633.0,-4631.0,-4629.2,-4626.5,-4601.5,-4542.9,-4436.8,-4289.4,-4115.0,-3914.9,-3712.8,-3496.1,-3311.3,-3135.8,-2971.4,-2821.8,-2668.6,-2398.1,-2108.4,-1952.4,-1814.0,-1587.1,-1421.9,-1308.4,-1248.5,-1232.8,-1226.2,-1180.5,-1107.4,-1015.2,-940.5,-890.4,-877.2,-872.2,-831.2,-763.6,-649.1,-513.3,-372.9,-247.5,-131.6,-38.4,34.6,84.4,136.8,171.0,173.5,172.8,163.4,177.5,181.1,180.2,179.4,177.7,173.1,167.4,162.8,156.8,144.8,142.6,135.9,136.2,154.8,158.1,162.0,164.7,164.8,150.1,152.1,148.0,141.4,74.1,40.1,108.6,120.9,116.8,115.8,114.0,112.7,114.0,112.6,109.8,102.1,95.5,100.6,98.3,96.0,95.8,92.8,94.7,32.3,-12.0,-13.4,-12.5,89.7,87.2,84.4,84.1,81.5,77.5,-13.2,-15.0,-14.1,-16.2,-14.0,-14.0,25.7,-33.2,-99.8,-187.1,-279.9,-400.7,-565.8,-779.7,-1603.2,-2024.5,-2454.9,-2881.8,-3291.8,-3660.6,-3983.0,-4269.4,-4444.8,-4502.4
-4821.1,-4793.0,-4730.6,-4620.5,-4461.2,-4277.1,-4065.4,-3807.8,-3497.7,-3184.5,-2846.2,-2500.7,-2143.8,-1768.1,-1374.4,-1027.4,-748.1,-533.7,-377.5,-252.0,-162.0,-102.7,-77.8,-69.8,-69.7,-72.1,-72.1,-70.0,-55.6,-40.7,-27.5,-29.7,-30.8,-28.0,-18.1,-32.1,-28.8,-24.8,-19.5,-15.3,-9.7,-3.8,15.5,41.7,76.5,102.9,108.3,110.3,111.0,109.7,106.5,103.3,102.6,102.9,103.4,102.5,101.7,103.0,100.1,101.8,101.0,102.7,101.6,101.2,101.0,98.2,81.1,63.6,12.7,63.0,95.6,95.5,98.0,96.2,97.6,99.8,102.0,102.9,102.7,102.6,102.9,101.8,82.6,82.6,94.8,85.6,102.2,104.3,106.7,110.2,114.4,118.9,117.6,126.2,129.8,132.4,135.0,135.7,136.4,136.0,134.3,130.7,129.6,126.0,143.1,176.9,216.4,231.2,133.8,-40.5,-234.4,-383.4,-519.5,-673.3,-836.8,-1069.4,-1333.1,-1602.8,-1883.8,-2200.4,-2553.6,-2932.5,-3324.1,-3664.4,-3942.8,-4169.1,-4356.8,-4499.0,-4589.2,-4625.1,-4630.6,-4632.8,-4634.1,-4635.4,-4636.3,-4638.7,-4638.9,-4639.8,-4640.7,-4641.5,-4642.7,-4643.9,-4645.4,-4646.3,-4647.3,-4648.4,-4649.4,-4650.7,-4651.9,-4653.1,-4654.2,-4655.6,-4656.8,-4658.1,-4659.3,-4660.7,-4661.9,-4663.2,-4664.4,-4666.0,-4667.3,-4668.8,-4670.1,-4671.6,-4673.0,-4674.4,-4675.9,-4677.6,-4679.1,-4680.7,-4682.2,-4683.8,-4685.3,-4686.9,-4688.4,-4690.3,-4691.8,-4693.5,-4695.1,-4696.8,-4698.4,-4699.9,-4701.6,-4703.4,-4704.8,-4706.3,-4707.6,-4709.2,-4710.7,-4712.1,-4713.7,-4715.9,-4716.7,-4718.1,-4719.0,-4720.2,-4721.4,-4722.6,-4723.9,-4725.1,-4726.0,-4727.1,-4728.0,-4729.2,-4730.4,-4731.2,-4732.1,-4732.9,-4733.7,-4734.5,-4735.3,-4736.1,-4736.7,-4737.3,-4738.4,-4739.0,-4739.9,-4740.7,-4740.7,-4741.6,-4741.5,-4742.1,-4742.5,-4743.1,-4743.4,-4743.9,-4744.6,-4744.7,-4745.3,-4745.2,-4745.4,-4745.8,-4745.7,-4745.6,-4745.6,-4745.7,-4745.8,-4745.8,-4745.8,-4745.8,-4745.7,-4745.5,-4745.3,-4745.1,-4744.9,-4744.6,-4744.3,-4744.0,-4743.6,-4743.2,-4742.8,-4742.3,-4741.8,-4741.3,-4740.8,-4740.2,-4739.6,-4739.0,-4738.3,-4737.6,-4736.9,-4736.1,-4735.4,-4734.5,-4733.7,-4732.9,-4732.2,-4731.2,-4730.5,-4729.4,-4728.5,-4727.5,-4726.2,-4726.1,-4725.1,-4723.0,-4721.6,-4720.9,-4719.7,-4718.5,-4716.7,-4715.3,-4714.0,-4712.5,-4710.9,-4709.9,-4709.0,-4708.8,-4706.1,-4704.2,-4703.3,-4702.4,-4699.5,-4698.1,-4697.0,-4695.3,-4693.6,-4691.8,-4690.7,-4689.6,-4687.8,-4686.4,-4684.8,-4683.0,-4681.9,-4680.5,-4679.1,-4677.6,-4676.2,-4675.0,-4674.0,-4672.2,-4670.4,-4722.5,-4668.0,-4666.1,-4664.1,-4662.6,-4661.9,-4663.1,-4684.7,-4660.5,-4656.9,-4655.0,-4653.5,-4652.4,-4651.5,-4650.1,-4648.9,-4647.7,-4646.6,-4645.3,-4644.6,-4643.6,-4642.3,-4641.4,-4640.9,-4640.9,-4639.3,-4638.5,-4636.5,-4635.6,-4634.8,-4634.5,-4633.4,-4632.4,-4631.9,-4631.0,-4629.9,-4628.5,-4627.3,-4624.8,-4608.7,-4564.2,-4481.5,-4362.0,-4211.4,-4045.4,-3860.2,-3696.3,-3537.0,-3384.9,-3243.8,-3105.4,-2874.9,-2535.1,-2211.6,-2036.6,-1921.9,-1822.1,-1722.3,-1649.2,-1628.8,-1623.0,-1574.3,-1494.7,-1392.5,-1306.6,-1247.2,-1231.6,-1224.7,-1179.4,-1101.6,-964.6,-792.7,-614.1,-449.0,-306.9,-183.6,-74.0,25.9,99.1,150.3,170.9,172.4,162.8,170.3,170.2,177.9,178.7,179.4,179.8,175.9,172.1,168.6,163.8,157.0,149.3,135.6,130.0,134.3,150.2,154.4,161.5,165.1,163.5,157.1,149.6,142.6,138.2,133.1,127.2,122.0,117.9,114.5,113.2,113.0,112.6,113.8,111.3,112.6,101.7,100.1,98.8,94.7,94.5,91.8,91.3,83.6,55.7,76.1,-15.0,-14.9,81.8,67.4,33.4,26.0,-17.3,73.4,58.4,54.8,50.9,48.7,29.1,10.1,25.7,-162.4,-307.0,-472.0,-662.3,-910.6,-1222.1,-1604.6,-2024.1,-2454.7,-2882.5,-3292.1,-3659.1,-3980.3,-4269.0,-4445.2,-4501.8
-4820.9,-4801.3,-4754.6,-4662.9,-4537.8,-4373.9,-4162.4,-3890.7,-3607.6,-3288.4,-2956.8,-2601.0,-2215.1,-1796.9,-1415.6,-1090.9,-829.7,-621.6,-457.1,-334.5,-254.0,-200.4,-181.8,-180.4,-178.8,-178.8,-174.6,-154.2,-122.6,-92.4,-75.3,-68.6,-56.3,-43.2,-34.0,-29.7,-26.9,-23.0,-18.2,-13.9,21.2,21.5,28.5,54.8,80.4,98.4,102.1,103.7,109.6,105.9,102.3,101.8,101.3,100.9,100.1,100.1,100.1,100.1,100.1,100.1,100.1,100.1,104.1,100.5,108.6,87.7,57.6,12.7,48.1,97.1,96.0,101.4,106.3,-44.0,101.0,103.4,105.6,105.6,105.1,104.7,104.0,101.6,100.3,101.0,103.0,97.1,110.1,113.7,117.2,120.4,124.2,129.5,132.6,134.1,135.0,134.4,135.4,133.5,117.8,117.7,125.0,126.1,125.0,125.3,149.0,187.1,231.3,238.3,110.0,-92.2,-289.3,-467.9,-624.8,-798.5,-966.9,-1197.5,-1461.1,-1749.5,-2036.2,-2327.0,-2646.1,-2992.0,-3351.1,-3709.0,-4007.2,-4236.1,-4405.5,-4524.3,-4594.0,-4625.7,-4631.3,-4634.1,-4635.1,-4636.4,-4637.3,-4638.2,-4639.4,-4640.5,-4641.6,-4642.8,-4643.8,-4644.9,-4646.1,-4647.2,-4648.4,-4649.5,-4650.7,-4651.8,-4653.0,-4654.2,-4655.4,-4656.7,-4657.9,-4659.2,-4660.5,-4661.8,-4663.1,-4664.4,-4665.8,-4667.2,-4668.6,-4670.0,-4671.4,-4672.9,-4674.4,-4675.9,-4677.4,-4679.0,-4680.5,-4682.1,-4683.7,-4685.3,-4687.0,-4688.6,-4690.2,-4691.9,-4693.6,-4695.2,-4696.9,-4698.6,-4700.2,-4701.9,-4703.5,-4705.1,-4706.7,-4708.3,-4709.8,-4711.3,-4712.8,-4714.3,-4715.7,-4717.1,-4718.5,-4719.9,-4721.2,-4722.5,-4723.7,-4724.9,-4726.1,-4727.2,-4728.3,-4729.4,-4730.5,-4731.5,-4732.4,-4733.4,-4734.3,-4735.2,-4736.0,-4736.8,-4737.6,-4738.4,-4739.1,-4739.8,-4740.5,-4741.1,-4741.7,-4742.3,-4742.9,-4743.4,-4744.0,-4744.4,-4744.9,-4745.3,-4745.8,-4746.1,-4746.5,-4746.8,-4747.1,-4747.4,-4747.7,-4747.9,-4748.1,-4747.8,-4747.8,-4747.9,-4748.0,-4748.0,-4747.9,-4747.9,-4747.7,-4747.6,-4747.4,-4747.1,-4746.9,-4746.6,-4746.2,-4745.9,-4745.5,-4745.0,-4744.6,-4744.1,-4743.6,-4743.0,-4742.5,-4741.9,-4741.2,-4740.6,-4739.9,-4739.1,-4738.4,-4737.6,-4736.7,-4735.9,-4735.1,-4734.2,-4733.2,-4732.4,-4731.7,-4730.3,-4729.5,-4728.8,-4727.6,-4727.4,-4725.2,-4723.8,-4722.3,-4721.5,-4720.3,-4719.2,-4718.0,-4716.4,-4714.8,-4713.4,-4711.6,-4710.5,-4709.3,-4708.1,-4705.8,-4704.6,-4703.6,-4703.0,-4699.7,-4698.0,-4696.7,-4695.3,-4693.8,-4692.0,-4690.3,-4689.5,-4687.9,-4686.3,-4684.4,-4683.0,-4682.0,-4680.2,-4678.7,-4677.1,-4676.0,-4674.5,-4673.0,-4671.0,-4671.3,-4668.6,-4666.9,-4665.1,-4663.5,-4662.1,-4661.0,-4662.8,-4660.0,-4657.9,-4655.7,-4654.1,-4653.0,-4651.6,-4650.3,-4649.1,-4647.9,-4646.6,-4645.5,-4644.2,-4643.9,-4643.2,-4642.1,-4640.0,-4638.8,-4637.7,-4637.0,-4636.0,-4634.6,-4633.7,-4633.1,-4633.0,-4631.8,-4630.5,-4629.6,-4628.8,-4627.7,-4626.7,-4625.8,-4621.0,-4613.6,-4584.5,-4526.3,-4431.7,-4311.2,-4166.7,-4031.1,-3894.6,-3761.0,-3633.3,-3515.1,-3377.9,-3140.2,-2764.1,-2439.7,-2257.7,-2214.9,-2142.5,-2081.2,-2054.2,-2047.3,-1997.6,-1913.4,-1806.6,-1712.8,-1646.5,-1627.1,-1622.1,-1572.9,-1488.3,-1335.7,-1135.9,-919.4,-715.5,-524.0,-372.9,-250.0,-144.1,-39.1,53.9,132.2,166.2,169.3,159.0,169.2,173.5,177.4,178.6,178.9,180.6,180.2,177.7,174.0,170.6,163.5,153.6,-14.9,52.7,133.2,122.7,146.8,151.8,156.0,157.7,155.3,149.8,144.7,140.1,135.1,127.3,109.9,109.2,110.4,111.6,112.5,111.7,111.4,111.8,114.8,114.6,110.6,106.2,101.8,98.3,99.1,100.0,100.7,97.2,90.8,87.1,-13.1,-13.1,-28.0,-20.7,-15.5,78.0,79.3,80.4,80.7,80.6,69.0,42.4,25.7,-69.6,-183.6,-339.4,-524.8,-737.2,-978.7,-1269.0,-1614.8,-2023.3,-2456.1,-2881.8,-3290.6,-3661.1,-3980.0,-4270.1,-4443.1,-4505.1
-4814.4,-4806.1,-4773.6,-4708.1,-4605.8,-4448.6,-4231.7,-3987.1,-3704.2,-3394.3,-3053.0,-2670.2,-2243.5,-1842.0,-1489.9,-1189.4,-942.2,-729.1,-561.7,-446.5,-390.5,-358.9,-352.5,-352.0,-351.4,-346.6,-318.4,-278.2,-230.9,-196.7,-174.8,-149.7,-120.9,-91.9,-73.1,-52.9,-37.1,-21.7,-19.0,-14.5,21.5,20.9,36.9,62.0,75.5,95.3,95.4,-28.0,104.7,121.5,123.4,117.1,116.5,127.0,129.1,128.8,128.2,122.8,122.4,121.6,117.9,111.8,111.6,102.7,96.5,61.2,21.8,11.5,40.1,86.9,113.3,108.4,112.9,109.5,108.0,106.5,106.9,107.8,108.9,109.9,107.2,104.3,103.5,104.6,106.2,106.4,117.1,119.1,128.4,129.3,129.9,131.5,132.8,132.4,130.1,129.0,111.5,111.6,111.7,117.3,125.2,125.0,125.0,133.4,164.7,212.0,250.3,222.9,63.3,-153.4,-357.1,-538.7,-739.4,-909.4,-1121.3,-1347.5,-1603.6,-1887.6,-2189.8,-2483.0,-2773.0,-3083.3,-3409.2,-3734.5,-4043.7,-4285.9,-4452.6,-4555.1,-4608.3,-4629.0,-4632.4,-4635.2,-4636.2,-4637.3,-4638.4,-4639.5,-4640.6,-4641.7,-4642.8,-4644.0,-4645.1,-4646.2,-4647.3,-4648.5,-4649.6,-4650.8,-4651.9,-4653.1,-4654.3,-4655.5,-4656.7,-4657.9,-4659.2,-4660.4,-4661.7,-4663.0,-4664.4,-4665.7,-4667.1,-4668.5,-4669.9,-4671.4,-4672.8,-4674.3,-4675.8,-4677.4,-4678.9,-4680.5,-4682.1,-4683.7,-4685.3,-4686.9,-4688.6,-4690.3,-4691.9,-4693.6,-4695.3,-4697.0,-4698.7,-4700.4,-4702.1,-4703.7,-4705.4,-4707.0,-4708.6,-4710.2,-4711.8,-4713.4,-4714.9,-4716.4,-4717.8,-4719.2,-4720.6,-4722.0,-4723.3,-4724.6,-4725.9,-4727.1,-4728.3,-4729.4,-4730.6,-4731.6,-4732.7,-4733.7,-4734.7,-4735.6,-4736.6,-4737.4,-4738.3,-4739.1,-4739.9,-4740.7,-4741.4,-4742.1,-4742.8,-4743.4,-4744.0,-4744.6,-4745.2,-4745.7,-4746.2,-4746.7,-4747.2,-4747.6,-4748.0,-4748.4,-4748.7,-4749.0,-4749.3,-4749.6,-4749.8,-4750.0,-4750.1,-4749.9,-4749.9,-4750.0,-4750.0,-4750.0,-4750.0,-4749.9,-4749.7,-4749.5,-4749.3,-4749.0,-4748.7,-4748.4,-4748.0,-4747.7,-4747.2,-4746.8,-4746.3,-4745.8,-4745.2,-4744.6,-4744.0,-4743.4,-4742.7,-4742.0,-4741.3,-4740.5,-4739.7,-4738.9,-4738.0,-4737.1,-4736.2,-4735.3,-4734.4,-4733.8,-4732.7,-4731.4,-4730.3,-4730.2,-4729.3,-4728.5,-4726.1,-4724.6,-4722.8,-4722.3,-4721.3,-4718.8,-4718.4,-4716.7,-4714.9,-4713.1,-4711.9,-4710.5,-4709.0,-4707.4,-4705.5,-4704.2,-4703.6,-4702.3,-4700.0,-4698.4,-4696.6,-4695.0,-4693.6,-4691.8,-4690.5,-4689.0,-4687.5,-4686.3,-4685.0,-4683.9,-4681.5,-4680.2,-4679.0,-4677.5,-4675.2,-4673.4,-4671.6,-4670.4,-4670.0,-4667.9,-4665.8,-4664.5,-4662.6,-4661.1,-4660.4,-4659.4,-4657.8,-4655.5,-4654.4,-4653.0,-4651.7,-4650.0,-4648.5,-4647.4,-4646.1,-4645.2,-4644.3,-4642.9,-4642.2,-4641.0,-4639.2,-4638.5,-4637.1,-4636.0,-4635.0,-4634.4,-4633.6,-4632.8,-4631.6,-4630.6,-4629.7,-4629.1,-4627.7,-4626.3,-4626.1,-4624.7,-4624.2,-4622.1,-4621.0,-4601.5,-4564.1,-4494.5,-4403.0,-4299.9,-4192.9,-4083.9,-3976.5,-3874.0,-3756.9,-3569.3,-3266.1,-3058.0,-2761.4,-2647.2,-2581.1,-2512.5,-2494.3,-2484.4,-2435.4,-2350.2,-2239.4,-2151.9,-2071.7,-2051.6,-2046.2,-1997.2,-1907.4,-1745.1,-1526.9,-1282.3,-1041.1,-809.5,-610.1,-451.3,-328.6,-219.7,-125.8,-3.7,96.4,166.9,168.6,153.3,164.4,168.9,173.7,175.3,176.9,181.3,183.6,183.0,180.3,175.1,168.1,157.0,148.0,143.3,121.7,118.5,140.4,143.7,146.9,149.3,149.6,149.0,145.2,140.7,134.1,127.1,109.2,109.4,105.2,109.0,109.7,107.9,106.8,109.1,114.2,114.8,112.3,107.4,103.0,98.6,94.9,96.9,98.2,95.3,93.5,86.2,83.4,79.5,-23.9,54.8,44.7,79.2,65.5,49.8,33.9,12.1,-13.4,-46.2,-100.5,-166.7,-250.0,-378.3,-570.6,-804.9,-1068.0,-1347.7,-1668.6,-2033.8,-2454.4,-2880.9,-3286.7,-3659.7,-3978.4,-4267.7,-4442.1,-4502.0
-4814.5,-4808.9,-4790.7,-4744.7,-4654.0,-4502.0,-4310.2,-4073.9,-3801.4,-3485.1,-3121.8,-2700.8,-2293.6,-1923.4,-1600.0,-1321.5,-1074.4,-868.4,-717.0,-638.8,-601.4,-589.9,-589.7,-589.8,-583.6,-546.8,-493.0,-431.9,-386.2,-352.2,-316.2,-276.4,-230.5,-193.5,-152.9,-119.2,-88.7,-72.2,-62.2,-46.0,21.2,21.5,20.9,47.6,67.2,70.5,57.4,52.5,63.6,76.9,101.4,111.6,114.9,114.2,112.5,107.0,101.4,103.3,105.6,100.9,78.0,50.0,28.5,17.7,7.6,-4.8,-12.0,10.1,11.5,14.3,37.9,75.3,118.7,142.0,130.5,129.0,134.1,135.2,140.9,141.8,134.1,124.7,121.7,125.1,126.3,127.7,131.9,132.1,135.4,116.8,114.0,114.0,126.7,125.8,89.1,99.3,110.0,111.0,122.3,124.9,126.7,135.2,146.2,162.4,197.9,240.3,274.0,183.7,7.0,-219.2,-416.3,-607.8,-824.0,-1048.4,-1280.5,-1518.0,-1764.3,-2036.1,-2329.9,-2635.0,-2924.1,-3202.9,-3492.9,-3786.0,-4063.7,-4309.2,-4481.4,-4577.5,-4619.4,-4632.7,-4634.6,-4636.6,-4637.7,-4638.7,-4639.8,-4640.9,-4642.1,-4643.2,-4644.3,-4645.4,-4646.5,-4647.6,-4648.8,-4649.9,-4651.0,-4652.2,-4653.3,-4654.5,-4655.7,-4656.9,-4658.1,-4659.3,-4660.6,-4661.8,-4663.1,-4664.4,-4665.8,-4667.1,-4668.5,-4669.9,-4671.4,-4672.8,-4674.3,-4675.8,-4677.3,-4678.9,-4680.5,-4682.0,-4683.7,-4685.3,-4686.9,-4688.6,-4690.3,-4692.0,-4693.7,-4695.4,-4697.1,-4698.8,-4700.5,-4702.2,-4703.9,-4705.6,-4707.3,-4708.9,-4710.6,-4712.2,-4713.8,-4715.3,-4716.9,-4718.4,-4719.8,-4721.3,-4722.7,-4724.1,-4725.4,-4726.7,-4728.0,-4729.2,-4730.4,-4731.6,-4732.7,-4733.8,-4734.9,-4735.9,-4736.9,-4737.9,-4738.8,-4739.7,-4740.5,-4741.3,-4742.1,-4742.9,-4743.6,-4744.3,-4745.0,-4745.6,-4746.2,-4746.8,-4747.4,-4747.9,-4748.4,-4748.9,-4749.3,-4749.8,-4750.2,-4750.5,-4750.9,-4751.2,-4751.4,-4751.7,-4751.9,-4752.1,-4751.8,-4751.8,-4751.9,-4752.0,-4752.0,-4751.9,-4751.9,-4751.7,-4751.6,-4751.3,-4751.1,-4750.8,-4750.5,-4750.1,-4749.7,-4749.3,-4748.8,-4748.4,-4747.8,-4747.3,-4746.7,-4746.1,-4745.4,-4744.8,-4744.1,-4743.3,-4742.5,-4741.7,-4740.9,-4740.0,-4739.1,-4738.2,-4737.6,-4736.8,-4735.9,-4735.3,-4733.7,-4733.1,-4731.6,-4730.6,-4730.9,-4728.2,-4726.8,-4725.3,-4723.9,-4722.4,-4721.4,-4719.7,-4718.2,-4717.0,-4716.2,-4713.5,-4711.9,-4710.9,-4709.7,-4707.2,-4705.8,-4704.2,-4702.8,-4701.8,-4700.9,-4699.2,-4696.6,-4695.0,-4693.4,-4692.3,-4690.7,-4689.2,-4687.2,-4686.4,-4684.1,-4682.6,-4681.2,-4679.9,-4678.4,-4676.7,-4675.0,-4673.7,-4671.4,-4670.0,-4669.3,-4667.0,-4665.1,-4663.5,-4662.1,-4661.2,-4659.9,-4658.5,-4656.2,-4654.2,-4653.4,-4651.9,-4650.5,-4649.1,-4647.9,-4646.7,-4645.0,-4644.1,-4642.7,-4641.3,-4640.2,-4639.1,-4638.1,-4636.8,-4636.3,-4635.2,-4634.2,-4633.2,-4631.6,-4631.0,-4629.7,-4628.9,-4628.1,-4627.6,-4626.3,-4624.8,-4624.1,-4622.8,-4622.1,-4621.2,-4615.7,-4612.2,-4591.5,-4548.6,-4488.8,-4416.0,-4337.8,-4256.1,-4174.8,-4080.4,-3912.3,-3588.4,-3267.5,-3116.5,-3069.2,-3017.6,-2944.3,-2920.5,-2919.4,-2869.3,-2786.4,-2677.4,-2580.5,-2508.1,-2486.9,-2480.3,-2431.1,-2345.1,-2177.1,-1948.6,-1686.9,-1419.7,-1155.8,-916.9,-713.9,-550.4,-412.7,-315.9,-208.8,-94.5,38.9,127.3,169.4,150.6,140.1,146.8,158.3,154.5,158.5,164.3,186.7,186.2,184.0,179.6,170.5,158.3,148.8,139.0,105.1,80.9,99.2,111.5,126.9,139.5,144.6,145.2,144.2,139.7,132.8,126.0,118.6,111.4,93.9,92.2,105.3,93.6,92.9,105.2,109.0,112.1,112.3,108.0,102.6,97.6,80.3,52.5,90.1,91.9,90.6,88.0,87.0,84.1,83.7,82.4,80.4,51.7,13.1,-25.1,-65.9,-101.4,-148.3,-196.0,-250.1,-304.7,-371.0,-456.8,-616.9,-858.6,-1145.6,-1447.5,-1754.4,-2090.6,-2464.8,-2879.6,-3285.6,-3656.9,-3978.2,-4277.6,-4418.3,-4538.4
-4813.3,-4805.5,-4797.1,-4762.2,-4679.9,-4554.8,-4376.4,-4151.8,-3876.7,-3543.1,-3143.9,-2748.6,-2376.1,-2038.3,-1740.4,-1467.1,-1233.2,-1059.1,-959.6,-907.8,-895.9,-895.3,-894.7,-886.8,-843.0,-776.2,-696.1,-634.7,-590.5,-542.8,-489.1,-429.1,-380.5,-322.2,-276.0,-227.3,-194.1,-170.8,-145.7,-115.2,-86.2,-64.1,-45.6,-25.5,-12.4,44.8,52.5,44.8,56.0,47.5,-70.4,-65.9,-65.2,-65.8,-69.8,-72.6,-77.1,-76.3,-71.5,-70.8,-86.2,-110.0,-128.7,-132.7,-135.0,-145.4,-151.9,-141.6,-144.2,-115.0,-71.2,-17.0,41.5,85.7,103.5,76.1,119.8,125.1,128.4,135.9,154.8,167.9,160.7,151.3,152.7,152.8,160.6,142.8,97.3,57.7,52.1,64.0,91.0,76.7,17.3,41.0,120.8,134.2,141.0,151.3,161.7,146.6,130.5,128.6,144.6,168.5,178.6,97.8,-72.0,-276.3,-468.6,-671.6,-913.3,-1155.8,-1441.0,-1697.2,-1951.2,-2208.5,-2485.3,-2777.5,-3074.1,-3349.2,-3604.8,-3862.8,-4110.1,-4326.1,-4494.1,-4590.0,-4626.8,-4634.5,-4638.3,-4639.0,-4639.9,-4640.8,-4641.9,-4643.2,-4645.5,-4646.3,-4646.7,-4647.3,-4648.8,-4649.9,-4650.3,-4652.1,-4652.9,-4654.0,-4655.2,-4656.4,-4657.3,-4658.5,-4659.6,-4661.0,-4662.2,-4663.4,-4664.9,-4666.1,-4667.3,-4668.9,-4670.2,-4671.5,-4673.1,-4674.5,-4675.9,-4677.6,-4679.1,-4680.5,-4682.3,-4683.8,-4685.3,-4687.2,-4688.8,-4690.3,-4692.2,-4693.8,-4695.4,-4697.4,-4699.0,-4700.6,-4702.6,-4704.2,-4705.8,-4707.7,-4709.3,-4710.9,-4712.7,-4714.3,-4715.7,-4717.5,-4719.1,-4720.5,-4722.3,-4724.1,-4724.8,-4726.4,-4728.0,-4728.8,-4730.5,-4731.7,-4732.6,-4734.2,-4735.5,-4736.0,-4737.3,-4738.6,-4739.1,-4740.5,-4741.6,-4741.9,-4743.1,-4744.2,-4744.4,-4745.5,-4746.6,-4746.7,-4748.1,-4748.1,-4748.5,-4749.4,-4750.0,-4750.1,-4750.9,-4751.5,-4751.5,-4752.2,-4752.6,-4752.6,-4753.2,-4753.6,-4753.5,-4753.9,-4753.6,-4754.0,-4753.7,-4753.8,-4753.8,-4753.8,-4753.8,-4753.8,-4753.6,-4753.5,-4753.3,-4753.1,-4752.8,-4752.4,-4752.1,-4751.7,-4751.3,-4750.8,-4750.3,-4749.8,-4749.3,-4748.7,-4748.0,-4747.4,-4746.7,-4746.0,-4745.3,-4744.5,-4743.7,-4742.8,-4741.9,-4741.0,-4740.1,-4739.1,-4739.1,-4737.9,-4736.7,-4736.4,-4734.6,-4733.4,-4732.2,-4730.9,-4729.5,-4728.5,-4726.9,-4725.3,-4724.5,-4723.0,-4721.6,-4719.8,-4718.3,-4716.6,-4716.1,-4713.8,-4712.1,-4710.6,-4708.5,-4707.6,-4706.0,-4704.4,-4702.7,-4701.9,-4701.3,-4699.6,-4696.4,-4694.8,-4692.7,-4691.8,-4690.6,-4689.3,-4686.7,-4686.0,-4683.6,-4682.4,-4680.5,-4679.7,-4677.2,-4675.5,-4674.3,-4672.4,-4670.4,-4669.2,-4668.9,-4667.0,-4664.2,-4662.7,-4661.4,-4659.8,-4658.1,-4657.4,-4655.0,-4653.1,-4652.4,-4650.3,-4649.6,-4647.8,-4646.3,-4645.0,-4643.6,-4643.1,-4641.3,-4640.0,-4638.7,-4637.3,-4635.8,-4635.2,-4634.3,-4633.0,-4632.3,-4631.1,-4629.3,-4629.4,-4627.9,-4626.4,-4626.5,-4625.1,-4624.7,-4622.9,-4622.6,-4621.5,-4620.1,-4619.5,-4617.2,-4615.2,-4605.2,-4586.6,-4550.4,-4506.9,-4456.4,-4401.4,-4333.8,-4211.7,-3947.1,-3557.0,-3216.2,-3243.3,-3338.9,-3345.1,-3333.9,-3327.1,-3287.6,-3209.2,-3104.5,-3009.7,-2939.1,-2918.1,-2911.6,-2864.9,-2780.3,-2615.3,-2385.4,-2116.1,-1834.3,-1546.8,-1281.2,-1044.0,-841.5,-663.2,-536.1,-412.6,-312.7,-189.5,-64.1,47.5,116.2,166.2,135.8,124.8,95.6,85.2,77.3,131.1,161.7,185.4,183.7,180.3,172.8,161.0,139.2,127.3,54.2,-7.2,-6.9,41.9,111.4,129.4,139.0,140.4,138.5,136.1,130.4,126.0,119.5,112.8,108.4,91.1,86.2,84.3,100.6,101.6,106.7,111.4,111.1,105.4,102.3,97.8,91.5,52.8,-12.0,59.9,83.8,86.2,86.4,85.5,82.0,59.5,29.6,-20.7,-70.1,-136.7,-202.1,-255.0,-301.1,-361.3,-412.9,-468.4,-528.7,-607.7,-719.0,-919.9,-1207.3,-1531.0,-1858.9,-2180.4,-2522.5,-2889.4,-3283.7,-3656.2,-3977.7,-4232.0,-4404.7,-4497.1
-4811.7,-4806.6,-4802.3,-4770.8,-4709.6,-4602.7,-4439.2,-4217.0,-3928.4,-3565.9,-3193.1,-2833.4,-2495.9,-2189.6,-1900.0,-1647.5,-1450.3,-1341.8,-1278.1,-1261.5,-1259.5,-1260.3,-1253.5,-1203.4,-1127.6,-1032.6,-955.9,-898.9,-840.7,-774.2,-696.5,-629.1,-552.3,-489.9,-426.2,-382.0,-348.0,-311.3,-271.4,-226.1,-190.3,-172.2,-166.5,-157.6,-153.3,-153.3,-171.4,-205.7,-237.7,-273.0,-302.0,-311.6,-311.1,-309.3,-310.9,-312.3,-312.1,-311.5,-308.2,-306.9,-310.4,-321.8,-329.7,-330.0,-326.5,-328.4,-328.4,-329.2,-322.6,-287.7,-237.9,-177.0,-111.6,-68.5,-61.3,-130.7,-44.3,-43.9,-37.2,-5.0,26.9,80.2,101.1,79.7,65.6,65.5,81.3,59.4,16.3,-33.3,-39.4,-23.0,12.1,33.4,17.3,31.3,76.5,102.7,114.2,106.0,78.5,21.9,-3.8,-27.3,-31.3,-45.3,-41.6,-77.7,-197.4,-360.6,-531.8,-747.5,-975.6,-1259.8,-1560.1,-1868.9,-2139.6,-2400.6,-2659.4,-2944.8,-3209.4,-3485.5,-3734.7,-3959.4,-4174.0,-4362.9,-4505.5,-4594.1,-4630.3,-4636.6,-4639.8,-4640.5,-4641.6,-4642.8,-4644.7,-4645.8,-4646.3,-4647.9,-4648.6,-4649.2,-4650.3,-4651.8,-4654.0,-4653.7,-4654.5,-4655.8,-4656.7,-4658.1,-4659.3,-4660.4,-4661.7,-4662.9,-4664.0,-4665.4,-4666.7,-4667.8,-4669.4,-4670.8,-4671.8,-4673.4,-4675.1,-4676.2,-4677.8,-4679.6,-4680.9,-4682.3,-4684.1,-4685.6,-4687.5,-4689.3,-4690.6,-4692.3,-4694.1,-4695.8,-4697.6,-4699.3,-4700.8,-4702.9,-4704.7,-4706.0,-4708.0,-4710.1,-4711.4,-4712.8,-4714.8,-4716.3,-4718.5,-4719.8,-4720.9,-4722.7,-4724.9,-4726.2,-4727.3,-4728.8,-4729.9,-4731.4,-4732.8,-4733.7,-4735.1,-4736.8,-4737.9,-4738.3,-4739.7,-4740.6,-4742.0,-4743.3,-4743.9,-4744.9,-4746.0,-4746.6,-4747.3,-4748.6,-4748.7,-4749.1,-4751.0,-4750.4,-4750.8,-4752.0,-4752.1,-4752.6,-4753.4,-4753.4,-4753.9,-4754.4,-4754.7,-4754.9,-4755.6,-4755.6,-4755.5,-4756.0,-4755.2,-4755.5,-4755.5,-4755.6,-4755.6,-4755.6,-4755.5,-4755.4,-4755.3,-4755.1,-4754.9,-4754.6,-4754.3,-4754.0,-4753.6,-4753.1,-4752.7,-4752.2,-4751.7,-4751.1,-4750.5,-4749.9,-4749.2,-4748.6,-4747.8,-4747.1,-4746.3,-4745.5,-4744.6,-4743.7,-4742.8,-4741.9,-4740.9,-4740.0,-4739.9,-4738.7,-4737.7,-4736.2,-4734.9,-4734.3,-4732.6,-4731.5,-4729.8,-4728.1,-4727.7,-4726.3,-4724.8,-4723.5,-4721.7,-4720.5,-4718.9,-4716.7,-4716.4,-4714.5,-4712.1,-4710.2,-4708.4,-4706.9,-4706.0,-4703.8,-4703.9,-4702.4,-4699.8,-4697.8,-4695.9,-4694.2,-4692.3,-4691.6,-4689.9,-4689.9,-4685.8,-4684.6,-4683.0,-4681.9,-4679.8,-4678.7,-4676.1,-4675.1,-4673.3,-4671.5,-4669.9,-4668.3,-4667.0,-4665.4,-4663.4,-4662.0,-4660.0,-4659.8,-4656.7,-4655.9,-4653.9,-4652.4,-4651.3,-4649.0,-4647.4,-4646.9,-4645.6,-4644.2,-4643.3,-4641.4,-4639.9,-4638.5,-4637.1,-4635.8,-4634.2,-4633.3,-4631.9,-4630.9,-4629.9,-4628.9,-4627.5,-4626.5,-4625.4,-4624.7,-4624.7,-4622.8,-4622.4,-4620.5,-4619.8,-4619.8,-4618.6,-4617.3,-4616.5,-4614.3,-4614.7,-4603.4,-4588.4,-4567.4,-4540.1,-4501.9,-4433.7,-4333.2,-4121.7,-3741.1,-3469.8,-3618.9,-3702.4,-3708.8,-3704.1,-3666.7,-3601.2,-3505.9,-3416.5,-3349.5,-3329.6,-3322.7,-3281.8,-3200.5,-3046.2,-2821.8,-2554.2,-2268.0,-1968.8,-1683.9,-1423.7,-1193.4,-982.9,-823.4,-663.8,-535.7,-413.9,-308.3,-182.9,-75.7,33.8,111.7,166.3,143.2,76.4,-14.7,7.4,48.7,151.7,168.9,181.4,178.9,172.3,162.5,141.6,141.0,125.0,-7.8,39.3,34.8,60.7,128.4,136.7,131.1,127.9,110.7,109.7,112.1,120.3,113.8,107.8,101.5,71.6,51.2,68.9,95.3,98.6,102.3,103.9,102.4,101.1,97.9,92.5,58.0,52.8,19.5,68.9,82.1,79.9,59.7,28.5,-17.3,-56.3,-120.3,-196.4,-265.9,-334.9,-406.7,-469.9,-529.8,-601.1,-664.7,-736.5,-811.1,-908.8,-1047.5,-1280.4,-1600.1,-1948.4,-2289.8,-2614.2,-2948.7,-3296.1,-3655.2,-3976.1,-4230.0,-4403.9,-4496.3
-4808.7,-4804.7,-4805.1,-4781.3,-4736.2,-4642.2,-4485.1,-4257.0,-3946.9,-3613.6,-3274.6,-2948.8,-2646.5,-2353.6,-2091.4,-1883.3,-1762.1,-1692.6,-1670.5,-1671.1,-1669.3,-1664.1,-1609.2,-1525.8,-1420.5,-1332.2,-1266.4,-1198.0,-1121.2,-1028.4,-946.3,-852.3,-772.1,-691.7,-631.3,-586.2,-538.6,-486.5,-429.3,-382.3,-349.1,-340.3,-341.7,-344.2,-342.9,-338.2,-340.3,-366.3,-405.1,-461.8,-516.7,-560.9,-572.0,-567.1,-566.6,-567.3,-564.7,-564.0,-563.2,-562.5,-562.0,-564.9,-563.3,-562.9,-597.6,-636.9,-561.4,-555.3,-520.8,-468.1,-405.3,-359.3,-313.4,-299.7,-304.4,-333.8,-294.3,-289.5,-263.1,-217.1,-150.3,-88.6,-65.8,-88.3,-96.8,-95.3,-78.0,-93.1,-146.7,-189.2,-192.9,-173.6,-125.1,-88.8,-50.0,-72.6,-67.8,-54.1,-50.3,-55.8,-88.2,-145.2,-205.8,-249.4,-277.2,-312.2,-304.5,-310.1,-360.3,-455.5,-611.3,-822.0,-1066.4,-1355.7,-1670.2,-1987.1,-2308.5,-2583.7,-2842.3,-3093.1,-3351.5,-3610.0,-3856.2,-4069.8,-4251.8,-4411.5,-4531.4,-4601.3,-4633.6,-4638.3,-4641.4,-4642.3,-4643.1,-4644.3,-4645.9,-4646.9,-4648.2,-4649.2,-4650.6,-4651.1,-4652.7,-4655.2,-4656.0,-4656.1,-4657.6,-4658.1,-4658.7,-4660.8,-4661.3,-4662.3,-4663.2,-4664.4,-4665.6,-4667.3,-4668.6,-4669.9,-4671.3,-4672.7,-4673.6,-4675.0,-4677.0,-4678.5,-4680.0,-4681.5,-4683.0,-4684.5,-4686.0,-4687.3,-4689.9,-4691.4,-4692.5,-4694.7,-4696.1,-4697.5,-4699.4,-4701.0,-4702.7,-4704.9,-4706.5,-4708.2,-4710.4,-4712.4,-4714.1,-4715.7,-4717.1,-4718.7,-4720.2,-4721.8,-4722.8,-4724.8,-4727.1,-4728.5,-4729.4,-4730.6,-4731.8,-4733.0,-4734.1,-4749.8,-4737.4,-4738.5,-4739.9,-4741.2,-4741.9,-4743.1,-4744.2,-4744.6,-4745.8,-4746.9,-4747.4,-4748.8,-4749.3,-4749.6,-4750.8,-4750.6,-4752.0,-4752.5,-4753.4,-4753.7,-4754.3,-4754.2,-4755.3,-4755.2,-4755.7,-4756.0,-4756.4,-4757.0,-4757.0,-4757.1,-4757.1,-4757.3,-4757.0,-4757.1,-4757.2,-4757.2,-4757.3,-4757.2,-4757.1,-4757.0,-4756.8,-4756.6,-4756.4,-4756.1,-4755.7,-4755.3,-4754.9,-4754.4,-4753.9,-4753.4,-4752.9,-4752.3,-4751.6,-4751.0,-4750.3,-4749.6,-4748.8,-4748.0,-4747.2,-4746.3,-4745.4,-4744.5,-4743.5,-4742.5,-4741.5,-4740.6,-4740.2,-4738.7,-4738.0,-4736.7,-4735.6,-4734.3,-4733.5,-4731.6,-4730.0,-4728.6,-4728.9,-4726.3,-4724.6,-4723.1,-4721.7,-4720.0,-4718.0,-4717.2,-4717.9,-4713.6,-4711.7,-4710.0,-4708.6,-4707.2,-4705.9,-4704.3,-4703.3,-4701.9,-4699.3,-4696.9,-4695.0,-4693.8,-4692.3,-4690.2,-4688.7,-4687.6,-4686.4,-4684.2,-4682.0,-4680.4,-4679.7,-4678.0,-4675.9,-4673.9,-4672.6,-4671.1,-4669.3,-4667.2,-4666.0,-4663.9,-4663.3,-4661.4,-4659.0,-4657.9,-4655.7,-4654.3,-4652.4,-4650.9,-4649.7,-4648.4,-4646.5,-4644.8,-4643.8,-4643.0,-4640.9,-4639.5,-4637.8,-4636.3,-4635.7,-4634.4,-4632.4,-4632.1,-4630.8,-4629.3,-4628.0,-4626.9,-4626.1,-4624.7,-4623.5,-4622.8,-4622.0,-4620.9,-4619.6,-4618.6,-4618.4,-4617.2,-4615.9,-4615.3,-4613.7,-4613.5,-4610.7,-4604.8,-4604.9,-4597.0,-4584.2,-4554.5,-4502.3,-4416.3,-4297.1,-4080.8,-3939.1,-4020.6,-4035.8,-4030.8,-3999.3,-3943.3,-3863.5,-3785.1,-3722.9,-3701.8,-3697.9,-3663.2,-3594.3,-3452.8,-3241.9,-2987.8,-2705.2,-2405.2,-2112.5,-1837.1,-1591.6,-1356.7,-1173.6,-984.4,-827.0,-664.2,-534.9,-412.8,-310.4,-193.3,-82.1,38.2,119.4,160.3,113.2,33.3,-15.8,46.8,108.1,154.4,163.1,176.6,172.1,164.3,157.3,152.1,127.2,86.3,34.1,39.3,-11.3,67.3,91.4,92.7,75.0,70.6,66.9,83.1,100.5,112.2,104.0,96.8,51.1,12.6,6.1,67.7,69.4,79.1,95.8,96.8,96.3,94.0,90.5,52.8,-11.9,-12.2,27.4,61.5,33.7,-13.5,-54.8,-119.5,-211.0,-259.0,-332.8,-407.5,-479.5,-563.0,-655.8,-740.1,-815.1,-902.6,-981.0,-1070.4,-1153.8,-1267.0,-1424.3,-1681.5,-2020.9,-2379.8,-2721.8,-3036.2,-3350.7,-3667.2,-3977.0,-4231.3,-4405.3,-4497.3
-4806.4,-4802.1,-4803.0,-4787.5,-4751.5,-4666.7,-4511.0,-4269.8,-3988.3,-3687.9,-3386.0,-3095.6,-2810.5,-2550.4,-2333.5,-2208.3,-2133.9,-2111.2,-2214.0,-2112.1,-2103.0,-2046.7,-1959.6,-1847.5,-1751.7,-1677.3,-1603.7,-1521.0,-1415.3,-1322.2,-1213.2,-1120.1,-1025.5,-949.9,-890.7,-833.5,-768.3,-690.4,-627.3,-588.2,-575.9,-574.9,-577.7,-677.1,-577.4,-578.7,-571.6,-575.5,-700.3,-712.1,-738.3,-811.7,-857.6,-869.2,-869.1,-868.3,-864.7,-864.0,-863.3,-862.5,-862.0,-863.2,-860.6,-859.9,-881.3,-862.4,-854.0,-812.8,-748.2,-668.2,-608.3,-569.2,-556.8,-555.2,-558.1,-565.5,-549.2,-513.6,-462.7,-402.0,-351.3,-305.0,-297.4,-311.4,-315.4,-314.4,-302.2,-303.2,-334.3,-352.4,-353.4,-344.6,-315.8,-301.8,-303.7,-301.6,-300.3,-295.0,-296.8,-297.5,-305.6,-342.5,-389.0,-446.6,-500.0,-544.4,-573.6,-571.7,-578.3,-617.8,-725.6,-901.7,-1155.7,-1457.0,-1779.0,-2109.0,-2435.0,-2757.4,-3027.1,-3273.4,-3506.5,-3736.4,-3963.1,-4169.8,-4337.3,-4466.0,-4561.2,-4615.3,-4636.1,-4639.9,-4643.2,-4644.3,-4645.3,-4646.4,-4647.2,-4648.7,-4650.7,-4651.7,-4652.7,-4653.1,-4654.8,-4655.7,-4657.9,-4658.6,-4659.3,-4660.2,-4661.6,-4661.9,-4663.4,-4664.5,-4665.6,-4667.1,-4667.8,-4669.4,-4670.9,-4671.7,-4673.2,-4674.6,-4675.8,-4676.9,-4678.7,-4680.2,-4681.7,-4683.3,-4685.6,-4686.3,-4688.7,-4690.0,-4691.2,-4693.0,-4695.2,-4696.7,-4697.9,-4699.3,-4701.7,-4703.1,-4705.0,-4706.8,-4709.6,-4710.5,-4711.9,-4714.7,-4717.3,-4718.0,-4719.0,-4720.4,-4722.2,-4724.6,-4726.5,-4726.8,-4728.3,-4729.9,-4731.7,-4732.6,-4733.4,-4734.9,-4736.1,-4739.2,-4739.8,-4740.1,-4741.6,-4742.6,-4744.0,-4744.5,-4746.1,-4747.5,-4747.9,-4748.3,-4749.2,-4750.3,-4751.5,-4751.8,-4751.8,-4752.6,-4755.0,-4754.8,-4755.0,-4756.3,-4757.1,-4756.3,-4756.6,-4757.0,-4757.2,-4757.5,-4757.7,-4758.4,-4758.6,-4758.6,-4758.8,-4758.5,-4758.7,-4758.8,-4758.8,-4758.8,-4758.8,-4758.7,-4758.6,-4758.5,-4758.3,-4758.0,-4757.7,-4757.4,-4757.0,-4756.6,-4756.1,-4755.6,-4755.1,-4754.5,-4753.9,-4753.3,-4752.6,-4751.9,-4751.2,-4750.4,-4749.6,-4748.8,-4747.9,-4747.0,-4746.1,-4745.1,-4744.1,-4743.1,-4742.0,-4741.0,-4740.2,-4738.9,-4737.8,-4737.1,-4735.5,-4735.0,-4732.9,-4731.9,-4730.1,-4728.8,-4728.4,-4725.9,-4724.1,-4723.0,-4721.0,-4719.8,-4718.8,-4718.1,-4716.2,-4713.2,-4712.0,-4710.5,-4707.7,-4707.4,-4706.0,-4704.2,-4702.2,-4700.1,-4699.5,-4697.2,-4694.6,-4693.1,-4691.6,-4689.4,-4688.1,-4686.6,-4684.9,-4683.7,-4681.5,-4680.1,-4678.7,-4677.0,-4675.5,-4673.6,-4671.3,-4669.7,-4668.4,-4666.6,-4664.3,-4662.9,-4661.1,-4659.9,-4657.7,-4656.4,-4654.8,-4652.9,-4650.9,-4649.9,-4648.8,-4647.2,-4645.8,-4643.5,-4641.9,-4640.7,-4638.9,-4637.6,-4637.0,-4634.2,-4634.0,-4632.0,-4631.0,-4630.7,-4628.6,-4627.2,-4625.9,-4624.5,-4623.7,-4622.5,-4621.7,-4620.5,-4619.4,-4618.4,-4618.1,-4616.0,-4614.9,-4614.0,-4613.5,-4612.8,-4611.3,-4610.4,-4609.6,-4608.2,-4605.5,-4600.5,-4598.9,-4582.2,-4544.2,-4480.5,-4406.4,-4346.2,-4282.4,-4292.6,-4288.2,-4267.5,-4225.1,-4161.6,-4097.8,-4045.3,-4025.7,-4022.2,-3994.2,-3936.3,-3816.3,-3628.2,-3420.3,-3130.1,-2839.9,-2550.0,-2270.6,-2014.9,-1767.9,-1567.3,-1355.9,-1176.3,-983.7,-822.8,-661.4,-535.1,-413.6,-310.8,-188.4,-69.3,36.8,109.1,111.7,59.4,-10.0,20.9,65.1,100.1,127.0,158.0,169.0,167.5,161.3,157.5,153.4,118.5,79.4,-9.0,-9.0,-10.0,40.2,29.4,15.6,4.5,9.7,41.3,68.8,80.1,75.8,69.5,57.9,27.5,-17.7,32.2,36.0,56.9,71.3,90.7,92.9,92.9,43.1,-11.5,25.9,27.8,-13.0,-12.9,-45.6,-116.7,-190.4,-265.2,-331.9,-408.0,-481.4,-569.4,-670.8,-756.5,-853.3,-971.3,-1069.8,-1156.2,-1258.6,-1351.0,-1445.3,-1541.5,-1665.5,-1836.2,-2104.8,-2450.9,-2809.1,-3139.2,-3433.3,-3716.7,-3985.7,-4230.0,-4403.6,-4496.6
-4802.7,-4799.6,-4795.5,-4791.8,-4759.7,-4677.6,-4518.3,-4304.7,-4054.8,-3789.0,-3523.3,-3253.3,-3001.6,-2788.9,-2662.8,-2592.3,-2564.6,-2563.4,-2561.1,-2554.6,-2498.8,-2410.9,-2296.3,-2195.9,-2116.9,-2040.1,-1952.6,-1842.2,-1739.9,-1688.1,-1517.1,-1412.2,-1326.1,-1257.2,-1190.5,-1114.2,-1021.6,-945.5,-892.9,-877.4,-875.0,-877.0,-876.4,-878.2,-878.3,-877.4,-877.6,-872.7,-976.0,-916.9,-987.1,-1082.7,-1158.5,-1213.4,-1226.1,-1226.9,-1222.0,-1221.2,-1220.4,-1219.4,-1218.9,-1219.3,-1217.0,-1216.1,-1218.1,-1212.0,-1162.7,-1088.6,-995.9,-922.2,-870.2,-855.4,-857.1,-854.8,-857.2,-852.0,-806.6,-741.7,-664.9,-603.4,-566.0,-551.6,-552.6,-554.4,-555.1,-554.7,-552.4,-555.1,-559.6,-562.8,-565.3,-559.8,-552.6,-553.1,-553.3,-554.7,-554.4,-553.3,-559.8,-555.0,-553.1,-561.8,-593.0,-650.5,-723.7,-794.6,-844.4,-858.6,-855.5,-864.0,-912.0,-1045.1,-1270.6,-1555.6,-1885.1,-2216.1,-2552.9,-2876.3,-3187.9,-3442.6,-3671.4,-3873.8,-4072.8,-4255.8,-4410.4,-4521.0,-4590.4,-4627.9,-4641.9,-4643.9,-4645.7,-4646.6,-4647.6,-4648.5,-4649.9,-4650.8,-4652.6,-4653.9,-4655.0,-4655.9,-4656.7,-4657.5,-4659.1,-4659.8,-4661.3,-4662.1,-4664.0,-4664.6,-4665.5,-4666.7,-4669.2,-4669.5,-4670.0,-4671.8,-4673.3,-4674.1,-4674.9,-4676.5,-4678.3,-4679.2,-4680.4,-4683.0,-4683.7,-4685.4,-4688.3,-4689.5,-4691.8,-4708.2,-4695.1,-4695.5,-4696.6,-4699.0,-4700.2,-4701.7,-4703.8,-4705.1,-4707.5,-4709.4,-4710.8,-4713.0,-4715.0,-4716.3,-4718.2,-4719.3,-4720.7,-4723.8,-4724.6,-4725.2,-4727.2,-4765.8,-4730.8,-4733.1,-4734.2,-4734.6,-4735.5,-4736.9,-4738.7,-4741.1,-4743.3,-4742.5,-4743.1,-4744.3,-4746.0,-4746.7,-4747.6,-4748.7,-4749.9,-4750.3,-4751.5,-4752.0,-4752.5,-4753.0,-4754.2,-4754.9,-4756.4,-4756.5,-4756.9,-4756.9,-4758.4,-4758.4,-4758.6,-4759.1,-4758.9,-4759.5,-4759.6,-4760.2,-4760.2,-4760.5,-4760.0,-4760.1,-4760.2,-4760.3,-4760.3,-4760.3,-4760.2,-4760.1,-4760.0,-4759.8,-4759.6,-4759.3,-4758.9,-4758.5,-4758.1,-4757.7,-4757.2,-4756.6,-4756.0,-4755.4,-4754.8,-4754.1,-4753.4,-4752.7,-4751.9,-4751.1,-4750.3,-4749.4,-4748.5,-4747.6,-4746.6,-4745.6,-4744.5,-4743.5,-4742.4,-4741.2,-4740.1,-4739.2,-4738.0,-4737.0,-4735.8,-4734.4,-4732.8,-4731.9,-4730.8,-4729.4,-4727.9,-4725.8,-4724.6,-4722.4,-4721.1,-4719.7,-4718.9,-4717.6,-4715.1,-4713.8,-4713.3,-4710.8,-4708.7,-4707.1,-4705.0,-4704.1,-4701.6,-4699.7,-4697.5,-4696.6,-4694.7,-4692.9,-4690.7,-4689.7,-4687.2,-4686.0,-4684.5,-4682.5,-4681.4,-4679.5,-4678.3,-4676.9,-4675.1,-4672.6,-4671.4,-4669.1,-4667.7,-4665.5,-4663.8,-4661.9,-4659.8,-4658.7,-4656.8,-4655.3,-4653.7,-4651.2,-4649.4,-4648.5,-4646.7,-4645.6,-4643.9,-4642.6,-4641.1,-4675.5,-4712.6,-4656.5,-4634.6,-4633.0,-4632.1,-4630.1,-4629.1,-4628.2,-4626.6,-4625.2,-4624.0,-4622.6,-4621.7,-4620.2,-4619.7,-4618.4,-4617.2,-4617.0,-4616.3,-4614.7,-4615.1,-4613.4,-4612.3,-4610.7,-4609.1,-4608.2,-4607.3,-4606.5,-4605.9,-4603.8,-4597.8,-4594.1,-4573.0,-4537.8,-4503.3,-4476.8,-4468.2,-4463.6,-4453.7,-4429.7,-4386.5,-4338.6,-4298.4,-4282.4,-4279.2,-4260.7,-4217.3,-4122.3,-3966.2,-3763.5,-3526.3,-3259.1,-2980.7,-2707.3,-2451.7,-2198.6,-1991.5,-1765.8,-1569.8,-1354.8,-1171.6,-981.7,-821.6,-661.9,-534.4,-410.7,-307.7,-177.9,-45.8,42.3,60.2,31.5,-12.2,-14.5,18.9,67.8,106.4,144.6,165.0,165.0,162.9,158.5,150.9,128.5,99.8,52.0,-11.6,-10.5,-9.4,-8.3,-8.3,-9.3,-16.6,4.1,21.4,30.8,28.9,24.4,17.4,29.9,-21.6,-3.0,0.8,27.4,72.3,90.5,93.0,93.3,92.6,89.3,65.9,13.7,27.8,-57.5,-160.6,-250.0,-330.7,-406.7,-476.2,-562.0,-654.2,-745.5,-854.3,-969.3,-1077.8,-1203.2,-1335.7,-1446.8,-1545.6,-1655.9,-1754.4,-1859.2,-1959.7,-2088.6,-2263.7,-2534.0,-2875.0,-3219.0,-3526.6,-3790.2,-4027.3,-4243.5,-4403.8,-4496.1
-4799.8,-4797.4,-4793.9,-4789.1,-4761.1,-4679.8,-4545.0,-4359.2,-4141.5,-3911.3,-3668.1,-3434.1,-3233.2,-3109.6,-3036.0,-3011.9,-3009.8,-3008.1,-3002.4,-2949.0,-2863.5,-2750.2,-2649.0,-2568.3,-2490.9,-2402.7,-2288.6,-2182.9,-2058.3,-2016.1,-1838.3,-1744.6,-1668.3,-1594.9,-1511.2,-1406.7,-1319.2,-1258.0,-1238.8,-1237.7,-1238.0,-1235.3,-1235.2,-1237.8,-1237.4,-1234.7,-1234.4,-1233.1,-1335.1,-1235.8,-1285.8,-1372.0,-1467.9,-1555.4,-1613.9,-1631.4,-1624.3,-1622.8,-1621.9,-1620.7,-1620.2,-1619.9,-1618.8,-1620.3,-1612.7,-1562.2,-1480.6,-1376.0,-1290.1,-1229.6,-1216.5,-1212.4,-1214.5,-1212.2,-1204.9,-1159.9,-1083.2,-990.9,-916.7,-865.2,-851.9,-852.4,-852.3,-852.0,-851.8,-851.9,-852.0,-853.5,-852.2,-851.8,-852.0,-851.9,-851.4,-853.8,-852.7,-852.9,-854.7,-853.5,-853.7,-854.9,-853.1,-854.0,-860.9,-906.7,-972.2,-1064.2,-1145.0,-1202.9,-1215.9,-1215.3,-1222.5,-1282.1,-1433.7,-1681.4,-1988.2,-2326.0,-2662.5,-2993.2,-3302.3,-3591.5,-3820.6,-4012.1,-4183.6,-4339.7,-4470.1,-4564.1,-4617.6,-4641.2,-4642.9,-4648.4,-4648.7,-4649.4,-4650.2,-4650.9,-4652.2,-4653.6,-4654.4,-4656.3,-4657.6,-4658.8,-4659.3,-4660.7,-4661.5,-4662.8,-4663.2,-4664.1,-4666.1,-4667.1,-4667.9,-4669.0,-4670.5,-4671.6,-4673.0,-4674.5,-4701.5,-4676.7,-4677.4,-4678.5,-4680.5,-4681.9,-4683.0,-4685.0,-4686.8,-4687.5,-4689.0,-4691.7,-4692.3,-4694.5,-4698.1,-4713.4,-4698.8,-4700.4,-4701.9,-4704.1,-4706.3,-4707.1,-4709.4,-4710.8,-4713.1,-4715.1,-4716.6,-4718.4,-4720.4,-4721.3,-4722.9,-4725.1,-4726.8,-4727.7,-4729.3,-4731.7,-4732.5,-4734.6,-4735.5,-4737.0,-4737.8,-4738.7,-4740.0,-4741.7,-4745.9,-4745.4,-4745.3,-4747.0,-4747.8,-4748.4,-4749.4,-4750.4,-4751.1,-4751.9,-4753.1,-4754.4,-4754.5,-4755.3,-4756.2,-4756.9,-4756.9,-4757.9,-4758.6,-4759.1,-4759.3,-4760.5,-4760.7,-4760.8,-4761.1,-4762.2,-4761.1,-4761.5,-4761.7,-4761.6,-4761.5,-4761.6,-4761.7,-4761.7,-4761.7,-4761.6,-4761.6,-4761.4,-4761.2,-4761.0,-4760.7,-4760.4,-4760.0,-4759.6,-4759.1,-4758.6,-4758.1,-4757.5,-4756.9,-4756.3,-4755.6,-4754.9,-4754.1,-4753.3,-4752.5,-4751.7,-4750.8,-4749.9,-4749.0,-4748.0,-4747.0,-4745.9,-4744.8,-4743.7,-4742.6,-4741.4,-4740.2,-4739.0,-4737.9,-4736.6,-4735.9,-4734.2,-4732.6,-4731.8,-4730.4,-4729.4,-4727.6,-4725.8,-4724.3,-4722.4,-4720.9,-4719.7,-4718.0,-4716.6,-4714.1,-4714.4,-4711.4,-4709.2,-4707.4,-4706.1,-4705.0,-4702.6,-4701.4,-4698.8,-4696.6,-4694.9,-4693.2,-4691.9,-4690.2,-4688.3,-4686.3,-4684.9,-4682.9,-4682.2,-4679.9,-4678.1,-4677.6,-4675.5,-4673.7,-4671.0,-4669.3,-4668.5,-4666.9,-4664.8,-4662.2,-4660.5,-4658.7,-4656.6,-4655.2,-4653.5,-4652.2,-4651.0,-4649.1,-4647.4,-4646.2,-4644.4,-4642.4,-4640.3,-4639.0,-4637.4,-4635.6,-4633.9,-4632.4,-4630.9,-4629.6,-4628.0,-4626.8,-4625.7,-4624.2,-4623.0,-4622.3,-4621.4,-4619.9,-4618.4,-4617.3,-4616.1,-4615.3,-4614.7,-4614.4,-4613.8,-4614.1,-4612.4,-4610.2,-4608.4,-4606.8,-4606.0,-4605.3,-4606.0,-4605.9,-4603.0,-4600.3,-4598.8,-4590.2,-4577.5,-4564.6,-4557.1,-4556.4,-4553.7,-4544.9,-4524.9,-4496.0,-4468.6,-4457.6,-4456.4,-4446.6,-4421.3,-4359.1,-4241.7,-4080.8,-3880.1,-3649.3,-3389.2,-3131.7,-2885.3,-2636.1,-2426.9,-2197.3,-1988.7,-1765.2,-1566.1,-1354.8,-1171.2,-980.6,-822.7,-660.9,-532.9,-406.3,-275.3,-132.6,24.3,7.5,24.3,-11.2,-5.9,43.4,70.3,107.0,143.5,158.8,159.0,158.5,154.9,152.5,131.7,124.7,94.9,90.4,68.1,59.5,40.4,-5.1,-7.7,-8.8,-8.7,-10.5,-7.5,-8.8,27.5,29.9,-20.3,-8.9,-13.1,1.1,39.9,72.1,94.6,97.8,93.5,104.3,87.2,17.0,27.8,25.9,-121.9,-252.5,-374.1,-467.9,-560.2,-656.0,-745.0,-852.5,-966.5,-1077.7,-1204.3,-1334.3,-1458.7,-1598.3,-1741.8,-1859.1,-1960.7,-2077.5,-2181.4,-2288.8,-2389.5,-2520.7,-2695.0,-2958.2,-3313.3,-3599.4,-3870.5,-4089.4,-4269.5,-4407.4,-4496.9
-4797.1,-4794.4,-4792.2,-4788.3,-4760.8,-4696.8,-4584.5,-4426.9,-4243.4,-4037.5,-3831.6,-3649.2,-3533.7,-3464.5,-3440.1,-3438.5,-3436.0,-3430.1,-3381.0,-3301.0,-3193.1,-3094.6,-3015.1,-2939.9,-2854.2,-2742.8,-2635.0,-2509.3,-2399.2,-2288.2,-2197.0,-2105.0,-2028.3,-1943.9,-1832.8,-1737.0,-1668.0,-1643.7,-1642.6,-1643.6,-1640.7,-1640.1,-1638.9,-1640.0,-1639.4,-1642.2,-1646.1,-1667.8,-1635.9,-1630.1,-1640.0,-1702.1,-1783.2,-1891.1,-1982.7,-2047.8,-2055.2,-2053.0,-2051.4,-2050.1,-2049.5,-2048.9,-2051.0,-2041.4,-1990.7,-1904.2,-1794.4,-1700.4,-1632.8,-1613.0,-1614.7,-1616.1,-1615.3,-1605.6,-1555.5,-1476.4,-1371.6,-1285.2,-1226.4,-1207.7,-1208.6,-1208.4,-1208.3,-1208.2,-1208.1,-1208.1,-1208.1,-1208.2,-1209.8,-1208.3,-1208.5,-1208.7,-1207.8,-1210.3,-1211.3,-1209.3,-1211.3,-1210.2,-1210.5,-1211.7,-1210.1,-1211.4,-1211.3,-1225.8,-1270.5,-1352.4,-1454.4,-1544.3,-1604.8,-1617.0,-1621.0,-1629.4,-1693.1,-1857.3,-2121.3,-2433.0,-2771.6,-3099.8,-3411.9,-3696.0,-3949.0,-4142.8,-4299.8,-4421.9,-4524.0,-4594.5,-4633.7,-4648.7,-4648.8,-4649.8,-4651.0,-4652.2,-4653.1,-4654.1,-4654.9,-4656.1,-4657.5,-4659.0,-4721.8,-4663.4,-4662.3,-4663.9,-4664.1,-4665.1,-4666.6,-4667.3,-4668.4,-4669.3,-4670.0,-4672.0,-4673.8,-4675.2,-4675.2,-4678.3,-4677.6,-4678.9,-4680.0,-4681.6,-4682.8,-4684.2,-4686.2,-4687.5,-4689.3,-4690.3,-4691.4,-4692.9,-4694.6,-4696.9,-4699.2,-4700.6,-4701.3,-4703.5,-4704.8,-4706.5,-4708.4,-4709.5,-4711.5,-4713.2,-4715.9,-4718.4,-4718.4,-4721.1,-4721.9,-4723.5,-4725.7,-4727.5,-4729.0,-4730.3,-4733.3,-4733.8,-4733.9,-4735.8,-4737.9,-4739.2,-4740.6,-4742.5,-4743.3,-4743.7,-4747.5,-4747.7,-4750.0,-4750.4,-4750.1,-4750.4,-4751.8,-4752.5,-4753.5,-4754.5,-4755.3,-4755.7,-4756.5,-4757.1,-4758.3,-4758.6,-4759.2,-4759.6,-4760.5,-4760.7,-4761.1,-4761.4,-4762.1,-4762.2,-4762.8,-4762.6,-4762.8,-4762.9,-4762.9,-4762.8,-4763.0,-4763.0,-4763.1,-4763.0,-4763.0,-4762.9,-4762.8,-4762.6,-4762.4,-4762.1,-4761.8,-4761.4,-4761.0,-4760.5,-4760.0,-4759.5,-4758.9,-4758.3,-4757.6,-4757.0,-4756.2,-4755.5,-4754.7,-4753.9,-4753.0,-4752.1,-4751.2,-4750.3,-4749.3,-4748.3,-4747.2,-4746.1,-4745.0,-4743.9,-4742.7,-4741.5,-4740.2,-4738.9,-4737.6,-4736.4,-4735.4,-4733.9,-4733.0,-4731.4,-4729.8,-4728.3,-4726.7,-4725.2,-4723.6,-4722.2,-4720.2,-4718.8,-4717.4,-4715.4,-4713.9,-4713.0,-4711.1,-4708.9,-4707.7,-4705.4,-4702.9,-4701.1,-4700.2,-4698.3,-4695.6,-4694.2,-4692.5,-4691.1,-4689.0,-4687.1,-4685.3,-4684.0,-4682.5,-4681.6,-4678.7,-4677.2,-4675.2,-4674.5,-4672.1,-4669.9,-4668.0,-4666.8,-4664.8,-4662.7,-4661.6,-4659.2,-4657.6,-4655.5,-4653.7,-4652.2,-4650.6,-4649.0,-4647.7,-4645.8,-4643.9,-4641.9,-4640.3,-4638.6,-4636.9,-4635.2,-4633.7,-4632.2,-4630.8,-4629.2,-4627.8,-4626.4,-4625.0,-4623.8,-4622.4,-4621.1,-4619.9,-4618.7,-4617.4,-4616.6,-4615.3,-4614.2,-4613.2,-4612.8,-4611.4,-4610.4,-4609.7,-4610.4,-4607.8,-4606.2,-4604.7,-4605.9,-4609.4,-4604.5,-4598.4,-4608.1,-4600.3,-4597.0,-4592.0,-4592.8,-4589.4,-4588.8,-4588.1,-4586.3,-4581.1,-4571.0,-4556.8,-4549.9,-4550.8,-4547.3,-4537.1,-4531.8,-4437.7,-4326.4,-4174.6,-3980.9,-3765.8,-3526.9,-3299.9,-3063.8,-2860.9,-2634.7,-2425.8,-2196.4,-1987.1,-1765.2,-1565.2,-1353.8,-1171.1,-980.8,-821.3,-656.7,-504.9,-363.6,-218.1,-86.2,24.3,23.3,-16.4,39.6,77.6,107.3,133.9,156.0,156.1,153.9,153.0,152.3,151.2,144.0,138.7,137.8,127.9,115.7,109.8,78.2,38.5,26.8,25.2,-16.0,-16.3,-16.9,-7.0,-7.1,-11.6,-19.2,-7.5,29.0,11.8,43.8,79.1,103.6,85.1,63.7,41.7,-11.8,-80.1,-174.8,-254.1,-328.0,-410.6,-505.8,-611.1,-734.2,-855.4,-968.5,-1077.4,-1202.7,-1336.1,-1460.1,-1597.0,-1739.5,-1874.4,-2018.8,-2169.4,-2289.1,-2391.9,-2510.1,-2614.2,-2720.3,-2822.7,-2945.6,-3115.1,-3363.0,-3653.2,-3930.6,-4153.3,-4315.5,-4429.7,-4496.9
-4795.3,-4792.7,-4789.3,-4784.9,-4765.5,-4718.5,-4628.9,-4503.0,-4345.1,-4176.7,-4020.4,-3917.6,-3853.4,-3830.1,-3828.8,-3826.6,-3821.4,-3778.5,-3707.1,-3608.7,-3516.6,-3441.0,-3370.8,-3290.6,-3183.1,-3079.9,-2957.6,-2851.8,-2739.9,-2635.6,-2554.4,-2477.2,-2390.0,-2277.4,-2175.0,-2101.5,-2078.3,-2076.5,-2076.7,-2075.8,-2077.3,-2079.9,-2103.6,-2097.5,-2081.6,-2071.3,-2067.0,-2067.3,-2064.5,-2061.4,-2058.7,-2078.9,-2129.9,-2221.4,-2332.0,-2430.6,-2481.3,-2495.6,-2493.4,-2491.4,-2490.9,-2491.8,-2484.3,-2433.5,-2347.7,-2234.1,-2135.4,-2064.3,-2041.8,-2042.6,-2042.7,-2043.1,-2035.4,-1983.3,-1898.6,-1791.4,-1695.3,-1628.7,-1609.0,-1609.3,-1609.1,-1608.9,-1608.8,-1608.7,-1608.7,-1608.7,-1608.8,-1607.8,-1610.1,-1609.7,-1609.4,-1609.6,-1608.8,-1611.4,-1611.3,-1610.0,-1612.9,-1611.5,-1611.9,-1613.2,-1611.7,-1613.1,-1613.5,-1618.0,-1624.4,-1681.4,-1770.1,-1879.6,-1972.7,-2033.6,-2052.0,-2051.7,-2059.8,-2130.3,-2300.6,-2565.5,-2874.6,-3202.1,-3509.5,-3791.8,-4037.0,-4243.7,-4395.0,-4498.5,-4572.1,-4619.3,-4642.4,-4647.8,-4652.8,-4653.2,-4654.7,-4655.2,-4656.0,-4656.7,-4658.0,-4659.1,-4660.0,-4661.6,-4662.3,-4663.5,-4665.0,-4665.7,-4667.0,-4667.9,-4669.7,-4670.7,-4670.9,-4672.2,-4672.9,-4673.8,-4675.2,-4676.6,-4678.3,-4679.4,-4680.4,-4681.0,-4682.5,-4683.3,-4685.4,-4686.8,-4688.7,-4691.2,-4703.4,-4717.3,-4693.8,-4696.1,-4696.7,-4698.3,-4700.3,-4703.0,-4703.7,-4705.6,-4706.6,-4708.3,-4710.7,-4712.2,-4713.6,-4715.4,-4717.6,-4719.2,-4720.9,-4722.7,-4724.2,-4725.7,-4727.3,-4729.8,-4731.3,-4735.8,-4746.4,-4736.9,-4736.6,-4738.0,-4739.3,-4741.2,-4742.5,-4745.0,-4746.5,-4746.4,-4746.9,-4748.4,-4750.3,-4752.0,-4752.5,-4752.8,-4753.6,-4754.2,-4755.5,-4756.3,-4757.1,-4757.6,-4758.6,-4758.8,-4759.7,-4760.3,-4760.9,-4761.6,-4761.5,-4762.3,-4763.0,-4762.8,-4763.1,-4763.8,-4764.4,-4764.2,-4764.2,-4764.2,-4764.1,-4764.2,-4764.3,-4764.3,-4764.3,-4764.3,-4764.2,-4764.1,-4763.9,-4763.7,-4763.4,-4763.1,-4762.8,-4762.3,-4761.9,-4761.4,-4760.8,-4760.3,-4759.6,-4759.0,-4758.3,-4757.5,-4756.8,-4756.0,-4755.2,-4754.3,-4753.4,-4752.5,-4751.5,-4750.5,-4749.5,-4748.5,-4747.4,-4746.3,-4745.1,-4743.9,-4742.7,-4741.4,-4740.1,-4738.8,-4737.5,-4736.1,-4734.8,-4733.9,-4732.7,-4731.3,-4729.7,-4728.9,-4727.3,-4725.6,-4722.7,-4721.2,-4719.9,-4718.0,-4717.0,-4714.5,-4713.5,-4711.4,-4709.6,-4707.7,-4706.9,-4704.2,-4702.3,-4701.1,-4700.1,-4697.7,-4695.0,-4694.0,-4691.7,-4689.8,-4688.1,-4686.9,-4684.7,-4683.0,-4681.7,-4679.8,-4677.8,-4676.1,-4674.4,-4672.6,-4670.7,-4668.7,-4667.2,-4666.1,-4663.7,-4662.1,-4659.9,-4658.1,-4656.1,-4654.6,-4653.0,-4650.7,-4649.5,-4647.9,-4646.2,-4644.5,-4643.7,-4640.5,-4639.1,-4637.2,-4635.4,-4633.8,-4632.2,-4630.7,-4629.1,-4627.6,-4626.2,-4624.7,-4623.3,-4621.9,-4620.6,-4619.3,-4618.0,-4616.6,-4615.9,-4614.8,-4613.5,-4612.0,-4611.1,-4610.2,-4609.9,-4609.0,-4607.3,-4605.9,-4604.9,-4604.0,-4608.5,-4609.4,-4588.5,-4548.7,-4508.0,-4595.4,-4605.0,-4597.2,-4595.0,-4593.2,-4592.4,-4591.7,-4590.9,-4589.1,-4585.1,-4586.0,-4582.3,-4582.1,-4583.7,-4579.9,-4570.9,-4567.9,-4487.7,-4391.7,-4252.4,-4077.9,-3885.5,-3679.0,-3465.9,-3276.9,-3062.2,-2859.7,-2634.0,-2424.4,-2195.3,-1989.8,-1761.7,-1563.9,-1350.2,-1169.4,-974.3,-786.1,-606.2,-443.7,-290.6,-108.1,-18.4,20.9,37.8,78.3,119.9,149.6,159.4,158.2,153.0,149.6,148.8,148.8,146.4,142.7,138.9,135.5,129.6,115.9,111.0,90.5,49.3,12.1,26.8,-13.9,-11.0,-11.3,-13.1,-10.7,-17.7,-15.5,-15.6,31.8,20.8,55.8,67.4,31.4,-16.4,-45.7,-102.8,-163.3,-240.0,-323.4,-401.2,-474.9,-556.0,-659.3,-785.3,-917.3,-1068.9,-1204.1,-1334.1,-1458.7,-1596.9,-1740.4,-1873.2,-2018.4,-2166.6,-2304.1,-2455.4,-2603.1,-2723.0,-2821.3,-2936.9,-3037.7,-3138.4,-3233.1,-3348.8,-3505.6,-3726.5,-3974.5,-4197.5,-4360.1,-4456.9,-4507.0
-4793.6,-4790.6,-4787.3,-4780.0,-4772.6,-4738.5,-4675.1,-4577.3,-4472.7,-4330.4,-4244.9,-4189.4,-4169.2,-4165.6,-4164.2,-4159.9,-4125.1,-4065.5,-3980.7,-3898.5,-3829.7,-3767.3,-3695.8,-3598.8,-3501.4,-3387.0,-3285.3,-3183.0,-3082.5,-2999.3,-2924.3,-2839.5,-2730.2,-2626.4,-2551.6,-2524.5,-2524.3,-2523.1,-2520.2,-2520.2,-2518.9,-2518.2,-2537.8,-2530.4,-2524.7,-2511.5,-2512.9,-2510.2,-2506.2,-2504.2,-2502.4,-2508.7,-2515.1,-2573.0,-2665.2,-2781.9,-2862.2,-2918.4,-2931.8,-2929.3,-2929.5,-2922.8,-2874.5,-2791.4,-2680.0,-2580.7,-2510.1,-2483.0,-2483.8,-2484.9,-2484.7,-2477.5,-2426.0,-2340.1,-2228.3,-2132.3,-2059.4,-2036.7,-2038.1,-2037.8,-2037.7,-2037.5,-2037.5,-2037.4,-2037.4,-2037.5,-2037.6,-2037.0,-2038.4,-2038.2,-2038.4,-2038.7,-2038.0,-2040.6,-2039.6,-2040.4,-2042.5,-2041.1,-2041.6,-2042.9,-2041.5,-2043.1,-2043.6,-2050.4,-2044.3,-2057.4,-2117.3,-2210.4,-2322.0,-2415.9,-2478.0,-2493.6,-2497.7,-2504.6,-2576.8,-2747.1,-3005.9,-3301.6,-3605.4,-3881.9,-4117.9,-4313.4,-4464.8,-4558.0,-4611.0,-4638.2,-4649.9,-4652.1,-4655.9,-4655.4,-4657.2,-4658.3,-4658.5,-4659.7,-4660.5,-4661.8,-4663.0,-4664.5,-4665.9,-4666.3,-4668.2,-4669.0,-4670.3,-4671.6,-4671.7,-4673.1,-4673.5,-4674.9,-4675.5,-4676.6,-4678.1,-4679.1,-4680.5,-4682.7,-4684.2,-4683.9,-4684.6,-4686.4,-4687.8,-4689.5,-4691.3,-4694.0,-4718.7,-4716.1,-4696.8,-4697.9,-4699.5,-4700.6,-4702.4,-4705.5,-4706.4,-4708.1,-4709.4,-4710.8,-4712.6,-4714.9,-4717.0,-4719.0,-4719.6,-4721.3,-4722.6,-4724.6,-4725.8,-4727.6,-4729.8,-4731.5,-4733.7,-4735.2,-4736.3,-4738.7,-4738.2,-4739.9,-4741.2,-4742.3,-4744.0,-4745.2,-4747.2,-4747.8,-4748.6,-4749.9,-4751.7,-4752.6,-4753.2,-4754.6,-4755.7,-4757.0,-4757.4,-4758.2,-4758.7,-4759.6,-4760.9,-4760.6,-4761.2,-4761.9,-4763.5,-4762.6,-4763.3,-4764.1,-4764.9,-4764.9,-4764.8,-4765.2,-4765.3,-4765.2,-4765.3,-4765.4,-4765.5,-4765.6,-4765.6,-4765.6,-4765.5,-4765.5,-4765.3,-4765.2,-4765.0,-4764.7,-4764.4,-4764.0,-4763.6,-4763.2,-4762.7,-4762.1,-4761.6,-4760.9,-4760.3,-4759.6,-4758.8,-4758.1,-4757.3,-4756.4,-4755.6,-4754.7,-4753.7,-4752.8,-4751.8,-4750.7,-4749.7,-4748.6,-4747.5,-4746.3,-4745.1,-4743.9,-4742.6,-4741.3,-4740.0,-4738.6,-4737.3,-4735.8,-4734.4,-4733.1,-4731.9,-4731.1,-4729.1,-4728.1,-4726.2,-4724.7,-4723.0,-4720.6,-4719.8,-4717.9,-4716.6,-4713.7,-4712.3,-4710.7,-4709.3,-4707.3,-4705.6,-4703.7,-4701.4,-4699.5,-4698.2,-4696.7,-4695.3,-4693.3,-4691.8,-4689.7,-4686.8,-4685.7,-4683.2,-4681.5,-4680.3,-4678.9,-4677.0,-4675.6,-4674.2,-4671.3,-4669.1,-4667.5,-4665.9,-4664.5,-4662.5,-4661.4,-4658.6,-4656.6,-4655.0,-4653.1,-4651.6,-4649.7,-4648.0,-4646.4,-4644.6,-4642.6,-4640.8,-4639.2,-4637.3,-4635.3,-4633.5,-4631.9,-4630.3,-4628.7,-4627.1,-4625.6,-4624.1,-4622.6,-4621.2,-4619.8,-4618.7,-4617.4,-4615.8,-4614.8,-4613.5,-4612.1,-4610.9,-4609.4,-4608.5,-4607.6,-4606.9,-4605.8,-4604.4,-4603.3,-4602.6,-4618.9,-4604.2,-4533.9,-4368.0,-4239.6,-4240.1,-4490.4,-4595.8,-4598.3,-4593.7,-4592.4,-4591.7,-4590.9,-4590.1,-4589.4,-4588.2,-4586.5,-4587.1,-4586.1,-4585.4,-4582.4,-4582.4,-4581.5,-4521.9,-4494.2,-4370.6,-4175.3,-4011.9,-3827.9,-3659.1,-3464.2,-3275.5,-3060.4,-2858.0,-2630.3,-2422.6,-2191.7,-1985.3,-1759.4,-1562.5,-1346.4,-1127.8,-910.1,-704.5,-516.9,-362.4,-217.9,20.9,1.7,89.9,112.3,139.3,158.9,159.7,156.3,151.1,145.9,121.3,143.9,140.9,137.3,108.2,61.7,6.6,-6.9,-7.9,-5.8,-6.9,26.8,-7.8,-6.6,-6.5,-7.9,-8.3,-7.9,-6.5,-12.7,-4.5,29.0,31.8,-10.9,-24.0,-81.7,-160.6,-228.6,-283.3,-351.3,-408.0,-471.3,-556.1,-651.7,-745.0,-848.7,-975.2,-1126.3,-1281.1,-1446.9,-1600.5,-1742.5,-1877.7,-2021.8,-2168.4,-2305.7,-2453.5,-2600.8,-2734.7,-2883.0,-3025.9,-3143.1,-3236.3,-3340.8,-3455.1,-3569.2,-3650.2,-3721.5,-3855.0,-4034.3,-4228.9,-4385.6,-4478.2,-4517.3
-4792.0,-4788.9,-4787.6,-4781.1,-4776.1,-4757.2,-4712.0,-4643.4,-4565.2,-4499.0,-4454.9,-4437.6,-4434.9,-4432.2,-4429.0,-4404.4,-4359.7,-4292.5,-4224.0,-4164.9,-4113.1,-4053.4,-3980.1,-3883.2,-3781.2,-3688.6,-3594.7,-3502.6,-3423.4,-3353.4,-3274.2,-3168.6,-3070.1,-2996.6,-2969.0,-2966.3,-2965.8,-2962.7,-2961.5,-2959.9,-2958.9,-2957.4,-2975.1,-2959.9,-2952.5,-2950.7,-2950.3,-2947.0,-2943.7,-2943.0,-2940.9,-2947.5,-2944.8,-2950.3,-3009.2,-3106.2,-3200.9,-3284.7,-3336.2,-3348.2,-3342.6,-3299.4,-3251.6,-3145.2,-3019.4,-2947.1,-2921.3,-2923.0,-2924.0,-2922.1,-2915.2,-2866.3,-2783.8,-2672.5,-2573.8,-2503.5,-2478.2,-2478.0,-2478.9,-2478.6,-2478.5,-2478.4,-2478.3,-2478.4,-2478.4,-2478.5,-2478.7,-2477.8,-2478.5,-2478.6,-2479.8,-2480.1,-2480.5,-2481.1,-2482.2,-2482.1,-2484.0,-2483.0,-2483.6,-2486.8,-2483.8,-2485.5,-2486.0,-2494.2,-2487.4,-2487.6,-2503.0,-2564.4,-2657.2,-2768.1,-2859.5,-2918.7,-2938.7,-2939.0,-2945.0,-3017.1,-3181.1,-3427.1,-3695.6,-3963.3,-4191.6,-4375.0,-4508.7,-4594.2,-4636.5,-4651.5,-4652.1,-4656.7,-4658.3,-4659.2,-4659.3,-4660.9,-4661.9,-4662.6,-4664.5,-4665.1,-4666.3,-4667.5,-4669.0,-4669.6,-4670.5,-4672.0,-4695.2,-4718.8,-4675.9,-4676.4,-4677.1,-4678.0,-4678.5,-4679.8,-4681.1,-4682.6,-4683.1,-4684.8,-4686.7,-4688.0,-4687.9,-4689.2,-4690.6,-4692.3,-4693.4,-4695.3,-4698.2,-4697.8,-4699.8,-4700.6,-4702.4,-4703.2,-4705.1,-4707.3,-4708.9,-4710.2,-4711.7,-4713.1,-4714.9,-4717.5,-4719.1,-4721.3,-4722.4,-4723.6,-4725.1,-4726.5,-4728.4,-4729.6,-4731.9,-4733.3,-4735.1,-4736.7,-4738.2,-4739.4,-4740.7,-4742.0,-4743.5,-4744.6,-4746.2,-4747.4,-4749.4,-4750.0,-4750.2,-4751.8,-4753.4,-4753.7,-4756.3,-4756.2,-4757.2,-4758.5,-4758.9,-4760.1,-4760.6,-4761.8,-4762.0,-4762.9,-4763.8,-4764.1,-4764.5,-4764.1,-4765.1,-4765.3,-4766.3,-4766.0,-4766.3,-4766.6,-4766.7,-4766.4,-4766.6,-4766.7,-4766.8,-4766.8,-4766.8,-4766.8,-4766.7,-4766.6,-4766.4,-4766.2,-4765.9,-4765.6,-4765.3,-4764.9,-4764.5,-4764.0,-4763.4,-4762.8,-4762.2,-4761.5,-4760.8,-4760.1,-4759.3,-4758.5,-4757.7,-4756.8,-4755.9,-4754.9,-4754.0,-4753.0,-4751.9,-4750.9,-4749.8,-4748.6,-4747.5,-4746.3,-4745.0,-4743.8,-4742.5,-4741.2,-4739.8,-4738.4,-4737.0,-4735.5,-4734.0,-4732.5,-4731.1,-4730.1,-4728.7,-4727.2,-4725.4,-4724.3,-4722.5,-4720.2,-4719.3,-4718.0,-4715.2,-4713.5,-4712.3,-4710.4,-4708.3,-4706.6,-4704.7,-4702.7,-4700.4,-4698.4,-4696.6,-4695.1,-4695.0,-4691.7,-4690.5,-4689.1,-4686.7,-4684.6,-4682.3,-4680.7,-4679.2,-4677.3,-4675.8,-4673.9,-4671.7,-4670.4,-4667.9,-4666.4,-4664.7,-4663.0,-4661.0,-4659.8,-4657.7,-4656.9,-4653.7,-4651.4,-4650.2,-4648.4,-4646.3,-4644.4,-4643.1,-4640.6,-4638.7,-4637.2,-4635.4,-4633.4,-4631.6,-4630.0,-4628.3,-4626.7,-4625.2,-4623.7,-4622.2,-4620.7,-4619.3,-4618.0,-4616.6,-4615.3,-4614.7,-4612.8,-4611.3,-4610.2,-4608.7,-4607.3,-4606.1,-4605.3,-4604.2,-4603.2,-4602.0,-4601.7,-4617.4,-4607.2,-4495.8,-4099.4,-3936.6,-3918.5,-4145.9,-4449.2,-4582.5,-4597.8,-4592.1,-4590.5,-4589.7,-4589.0,-4588.4,-4587.8,-4586.8,-4586.4,-4647.0,-4585.4,-4584.5,-4583.1,-4579.2,-4572.6,-4543.5,-4501.5,-4391.5,-4273.1,-4130.6,-3992.3,-3824.9,-3657.6,-3462.3,-3273.7,-3059.7,-2858.4,-2629.8,-2420.0,-2190.3,-1983.7,-1752.9,-1514.1,-1270.7,-1029.9,-799.2,-601.7,-443.5,-313.6,-174.9,20.9,59.3,127.7,152.5,158.9,157.1,152.8,148.0,113.3,62.2,111.7,137.2,136.1,118.7,50.4,4.4,-10.1,-6.5,-6.0,27.1,29.2,-11.0,-4.9,-6.0,-7.6,-7.2,-11.8,-56.9,-12.2,-21.4,-45.4,-80.8,-123.9,-176.3,-239.2,-319.8,-398.1,-463.5,-524.7,-596.6,-659.8,-740.9,-848.6,-965.2,-1076.6,-1199.7,-1344.6,-1512.4,-1680.7,-1859.1,-2023.3,-2173.0,-2304.4,-2451.8,-2600.8,-2735.7,-2881.4,-3024.6,-3152.3,-3289.8,-3424.2,-3527.7,-3612.0,-3721.2,-3790.0,-3869.9,-3942.4,-4029.1,-4137.5,-4274.9,-4407.4,-4488.5,-4522.5
-4789.6,-4786.6,-4785.0,-4780.5,-4772.5,-4766.3,-4743.7,-4703.2,-4667.0,-4635.3,-4620.8,-4619.2,-4616.3,-4616.5,-4600.1,-4573.3,-4527.9,-4476.6,-4430.2,-4391.7,-4347.1,-4282.3,-4209.0,-4123.9,-4045.4,-3964.2,-3880.8,-3810.6,-3748.3,-3677.9,-3585.4,-3489.4,-3418.1,-3390.6,-3389.4,-3388.6,-3385.4,-3383.9,-3381.4,-3380.8,-3379.1,-3378.3,-3383.7,-3376.1,-3371.6,-3370.9,-3367.6,-3365.7,-3362.6,-3361.7,-3359.5,-3364.9,-3363.8,-3354.0,-3366.6,-3428.9,-3504.3,-3599.4,-3673.8,-3692.4,-3683.8,-3618.5,-3521.9,-3432.1,-3362.5,-3339.5,-3340.4,-3338.7,-3340.5,-3333.4,-3288.8,-3211.9,-3108.3,-3010.4,-2938.9,-2920.2,-2916.4,-2915.1,-2915.9,-2915.7,-2915.6,-2915.5,-2915.5,-2915.6,-2915.6,-2915.9,-2916.1,-2915.3,-2916.1,-2917.1,-2917.5,-2917.9,-2918.4,-2918.9,-2921.3,-2919.6,-2922.2,-2921.4,-2922.1,-2923.6,-2922.5,-2924.3,-2924.9,-2934.3,-2926.5,-2927.5,-2935.9,-2943.5,-3005.3,-3094.8,-3200.9,-3287.4,-3341.0,-3358.2,-3465.9,-3365.8,-3436.1,-3587.2,-3804.8,-4040.1,-4263.1,-4429.6,-4546.3,-4616.0,-4648.1,-4653.3,-4658.1,-4660.0,-4660.5,-4662.0,-4662.8,-4663.7,-4665.2,-4666.7,-4668.1,-4669.0,-4669.7,-4671.4,-4671.5,-4672.3,-4673.5,-4674.7,-4676.0,-4678.4,-4678.5,-4679.3,-4680.2,-4681.1,-4682.5,-4684.0,-4685.4,-4685.2,-4687.0,-4688.2,-4688.7,-4690.7,-4691.5,-4693.0,-4693.7,-4694.8,-4696.4,-4697.6,-4699.1,-4700.8,-4702.0,-4703.5,-4738.8,-4707.2,-4709.0,-4710.3,-4711.4,-4713.0,-4714.2,-4715.7,-4717.5,-4719.6,-4722.1,-4722.9,-4724.3,-4725.8,-4727.8,-4729.1,-4730.4,-4732.1,-4734.7,-4736.2,-4737.4,-4738.7,-4740.2,-4741.3,-4742.8,-4744.1,-4745.4,-4746.6,-4747.7,-4749.6,-4751.1,-4751.7,-4752.8,-4753.6,-4754.8,-4755.6,-4757.6,-4758.3,-4758.8,-4759.6,-4760.2,-4761.3,-4762.1,-4763.4,-4764.3,-4765.7,-4765.8,-4765.3,-4766.5,-4765.8,-4766.9,-4767.4,-4767.6,-4767.3,-4768.2,-4767.6,-4767.8,-4767.7,-4767.9,-4767.9,-4768.0,-4768.0,-4768.0,-4767.9,-4767.8,-4767.6,-4767.4,-4767.1,-4766.8,-4766.5,-4766.1,-4765.7,-4765.2,-4764.6,-4764.1,-4763.4,-4762.8,-4762.1,-4761.3,-4760.5,-4759.7,-4758.8,-4758.0,-4757.0,-4756.1,-4755.1,-4754.1,-4753.1,-4752.0,-4750.9,-4749.7,-4748.6,-4747.4,-4746.1,-4744.9,-4743.6,-4742.2,-4740.9,-4739.5,-4738.1,-4736.6,-4735.1,-4733.6,-4732.0,-4730.5,-4729.3,-4727.6,-4726.2,-4724.8,-4723.7,-4721.6,-4720.1,-4718.2,-4717.1,-4714.3,-4712.7,-4711.4,-4709.4,-4707.0,-4705.4,-4703.5,-4701.6,-4699.6,-4697.8,-4695.9,-4694.4,-4692.8,-4690.4,-4688.9,-4687.0,-4685.2,-4683.8,-4681.1,-4679.4,-4677.5,-4676.4,-4674.7,-4672.6,-4672.2,-4669.4,-4666.8,-4665.3,-4663.8,-4661.5,-4660.0,-4658.4,-4660.1,-4656.8,-4652.1,-4650.2,-4648.3,-4646.4,-4644.9,-4642.8,-4641.6,-4638.9,-4637.2,-4635.3,-4633.8,-4631.9,-4629.8,-4628.2,-4626.8,-4625.2,-4623.9,-4621.9,-4620.3,-4618.7,-4617.6,-4615.7,-4614.8,-4613.2,-4611.9,-4610.8,-4609.2,-4608.1,-4606.9,-4605.9,-4604.3,-4602.9,-4602.4,-4600.7,-4600.6,-4615.3,-4609.7,-4518.2,-4117.2,-3746.1,-3887.9,-4181.8,-4439.0,-4576.3,-4599.2,-4591.2,-4589.3,-4588.0,-4587.7,-4586.9,-4586.2,-4586.2,-4585.7,-4584.3,-4584.5,-4583.5,-4582.8,-4581.9,-4579.2,-4576.4,-4558.4,-4519.5,-4453.8,-4362.8,-4258.8,-4129.2,-3990.2,-3823.0,-3656.8,-3462.6,-3276.1,-3061.2,-2859.9,-2631.4,-2424.8,-2188.7,-1937.7,-1677.1,-1411.5,-1146.5,-909.6,-706.3,-546.1,-405.4,-275.7,-130.1,1.2,106.2,157.8,156.1,151.5,146.4,140.2,118.7,-14.8,45.0,125.7,134.8,134.2,120.5,115.6,104.6,99.1,80.8,50.4,16.3,29.2,-6.9,-24.8,-5.6,-22.4,-38.0,-29.4,-37.1,-69.6,-116.5,-178.5,-251.1,-323.7,-396.4,-470.7,-554.0,-649.3,-732.9,-807.8,-896.0,-976.4,-1074.0,-1201.4,-1332.4,-1460.4,-1595.1,-1751.3,-1928.9,-2107.8,-2291.4,-2457.7,-2603.3,-2736.6,-2881.0,-3023.4,-3153.4,-3290.9,-3423.5,-3540.2,-3663.9,-3781.3,-3871.1,-3957.0,-4022.5,-4089.5,-4152.9,-4206.2,-4272.7,-4351.2,-4434.7,-4495.6,-4532.4
-4787.3,-4784.6,-4782.2,-4779.5,-4774.7,-4773.2,-4760.2,-4756.8,-4730.8,-4719.9,-4717.3,-4715.8,-4713.9,-4708.7,-4696.6,-4672.8,-4643.1,-4612.2,-4587.1,-4560.3,-4515.1,-4462.3,-4400.8,-4341.4,-4274.7,-4207.0,-4144.6,-4092.8,-4034.2,-3951.0,-3870.6,-3804.4,-3779.0,-3777.6,-3775.3,-3772.0,-3770.2,-3767.5,-3766.8,-3764.8,-3763.7,-3763.1,-3765.9,-3757.8,-3755.7,-3752.2,-3749.7,-3747.8,-3746.1,-3744.4,-3741.9,-3746.2,-3744.9,-3737.7,-3734.7,-3751.6,-3795.3,-3869.9,-3934.1,-3951.0,-3943.1,-3885.2,-3807.3,-3743.6,-3722.9,-3720.6,-3720.8,-3721.2,-3716.2,-3678.7,-3610.6,-3514.0,-3427.9,-3356.0,-3333.2,-3340.4,-3333.7,-3332.4,-3333.3,-3333.1,-3333.1,-3333.0,-3333.1,-3333.2,-3333.3,-3333.6,-3333.9,-3333.2,-3333.9,-3334.1,-3335.9,-3336.1,-3336.7,-3337.3,-3338.7,-3337.9,-3340.5,-3340.2,-3341.0,-3342.6,-3341.6,-3343.5,-3344.3,-3403.2,-3346.1,-3347.2,-3356.4,-3350.2,-3362.7,-3423.1,-3507.2,-3605.2,-3684.4,-3729.5,-3741.7,-3740.1,-3752.9,-3815.7,-3948.6,-4131.5,-4318.0,-4476.3,-4580.3,-4633.2,-4655.5,-4658.9,-4661.3,-4662.6,-4664.2,-4665.4,-4666.8,-4667.3,-4668.5,-4670.2,-4671.3,-4672.7,-4673.2,-4674.4,-4675.8,-4675.8,-4677.8,-4678.8,-4679.4,-4681.3,-4681.8,-4683.7,-4683.5,-4684.5,-4686.3,-4687.3,-4689.0,-4689.0,-4690.1,-4690.7,-4691.7,-4693.9,-4694.9,-4695.7,-4697.2,-4697.9,-4699.3,-4701.2,-4702.2,-4703.4,-4704.7,-4706.4,-4708.0,-4709.5,-4711.3,-4712.8,-4714.6,-4716.9,-4717.7,-4718.4,-4720.1,-4722.0,-4723.7,-4725.9,-4727.7,-4729.0,-4730.5,-4731.4,-4732.9,-4734.5,-4737.5,-4739.4,-4740.0,-4741.2,-4742.3,-4743.5,-4745.1,-4746.1,-4747.2,-4749.1,-4749.8,-4751.1,-4753.0,-4753.8,-4755.0,-4756.0,-4757.3,-4757.8,-4759.5,-4760.0,-4760.3,-4761.7,-4762.1,-4763.8,-4764.9,-4764.7,-4766.1,-4767.0,-4766.3,-4766.8,-4767.3,-4767.9,-4768.3,-4768.4,-4768.8,-4768.6,-4768.8,-4768.9,-4768.9,-4769.0,-4769.1,-4769.1,-4769.1,-4769.1,-4769.0,-4768.9,-4768.7,-4768.5,-4768.3,-4768.0,-4767.7,-4767.3,-4766.8,-4766.4,-4765.8,-4765.2,-4764.6,-4763.9,-4763.2,-4762.5,-4761.7,-4760.8,-4760.0,-4759.1,-4758.2,-4757.2,-4756.2,-4755.2,-4754.1,-4753.0,-4751.9,-4750.8,-4749.6,-4748.4,-4747.2,-4745.9,-4744.6,-4743.2,-4741.9,-4740.5,-4739.1,-4737.6,-4736.1,-4734.6,-4733.0,-4731.5,-4729.9,-4728.2,-4726.8,-4725.2,-4723.8,-4722.8,-4720.7,-4718.9,-4717.7,-4716.3,-4713.6,-4711.4,-4709.8,-4707.9,-4706.4,-4704.7,-4702.5,-4700.8,-4699.2,-4697.0,-4695.0,-4693.9,-4691.4,-4689.8,-4688.1,-4685.6,-4684.0,-4682.8,-4680.4,-4679.2,-4676.8,-4675.6,-4673.7,-4671.2,-4670.4,-4667.5,-4665.5,-4663.5,-4662.7,-4660.5,-4658.8,-4659.2,-4656.6,-4655.7,-4651.3,-4649.2,-4647.0,-4645.0,-4643.7,-4641.5,-4639.7,-4637.2,-4635.4,-4633.9,-4632.1,-4630.2,-4628.6,-4627.1,-4625.3,-4623.5,-4622.0,-4620.7,-4619.2,-4617.2,-4615.9,-4614.8,-4613.6,-4612.0,-4610.4,-4608.8,-4607.0,-4605.8,-4604.8,-4603.5,-4603.2,-4601.2,-4600.3,-4599.2,-4618.6,-4603.8,-4517.2,-4242.5,-4066.4,-3968.6,-4302.5,-4526.5,-4586.4,-4598.6,-4590.5,-4588.1,-4587.1,-4586.5,-4586.0,-4585.1,-4584.7,-4584.2,-4583.0,-4583.3,-4582.2,-4581.7,-4581.5,-4581.0,-4579.3,-4573.9,-4568.2,-4546.9,-4503.9,-4447.2,-4359.2,-4259.0,-4126.8,-3988.2,-3821.2,-3653.9,-3459.9,-3270.4,-3057.6,-2855.1,-2624.6,-2373.4,-2102.3,-1821.9,-1535.7,-1268.7,-1032.6,-832.3,-652.0,-500.0,-360.4,-213.4,-68.5,50.1,122.9,146.1,131.0,120.0,116.7,100.8,32.1,21.4,57.6,59.7,58.7,53.0,49.9,45.7,44.5,38.1,17.2,29.2,-25.8,-47.4,-70.0,-63.0,-49.9,-77.2,-67.9,-95.2,-146.2,-210.2,-287.5,-367.2,-461.5,-553.7,-647.4,-738.8,-847.5,-964.0,-1064.2,-1153.0,-1254.9,-1346.2,-1454.7,-1595.2,-1738.0,-1873.7,-2019.1,-2180.5,-2362.6,-2541.9,-2721.6,-2882.8,-3026.4,-3154.6,-3290.8,-3422.5,-3541.4,-3665.2,-3781.8,-3882.6,-3987.4,-4083.3,-4168.7,-4210.4,-4267.9,-4316.8,-4359.9,-4393.6,-4431.2,-4473.7,-4509.2,-4527.4
-4785.8,-4782.8,-4779.9,-4777.3,-4774.9,-4772.0,-4772.4,-4788.9,-4758.4,-4755.9,-4753.1,-4750.6,-4747.4,-4742.4,-4735.0,-4722.4,-4706.6,-4693.5,-4682.5,-4660.0,-4628.7,-4590.6,-4552.9,-4506.7,-4455.1,-4412.0,-4370.6,-4326.9,-4260.3,-4193.6,-4135.2,-4114.3,-4111.4,-4109.6,-4106.5,-4104.3,-4101.6,-4100.5,-4099.6,-4097.5,-4095.5,-4092.4,-4093.3,-4088.4,-4084.9,-4082.3,-4081.5,-4080.1,-4076.7,-4074.9,-4072.3,-4075.5,-4074.1,-4068.0,-4068.5,-4068.4,-4071.7,-4109.4,-4149.1,-4159.3,-4154.4,-4117.4,-4073.7,-4055.6,-4054.5,-4052.4,-4053.0,-4048.3,-4017.8,-3960.2,-3878.5,-3800.2,-3740.4,-3715.4,-3718.2,-3721.0,-3715.4,-3714.2,-3715.1,-3715.0,-3715.0,-3715.0,-3715.1,-3715.3,-3715.4,-3715.9,-3716.2,-3715.6,-3716.3,-3717.5,-3718.4,-3718.8,-3719.5,-3720.2,-3720.5,-3721.2,-3724.2,-3723.5,-3724.4,-3726.0,-3725.2,-3727.3,-3728.1,-3736.6,-3730.1,-3731.4,-3739.6,-3735.0,-3734.5,-3746.9,-3800.7,-3878.2,-3963.5,-4028.3,-4064.4,-4073.5,-4073.1,-4084.4,-4140.6,-4250.3,-4388.9,-4515.0,-4604.8,-4647.8,-4661.2,-4662.6,-4664.9,-4666.5,-4667.0,-4668.6,-4670.1,-4671.4,-4672.2,-4674.0,-4675.8,-4675.7,-4677.8,-4677.7,-4679.2,-4680.6,-4681.0,-4682.0,-4683.1,-4684.7,-4686.0,-4687.1,-4686.7,-4687.7,-4689.1,-4690.1,-4691.5,-4692.1,-4693.3,-4694.2,-4695.0,-4697.0,-4698.0,-4698.8,-4699.9,-4701.5,-4702.4,-4703.8,-4705.4,-4706.7,-4707.9,-4709.5,-4710.7,-4711.8,-4714.1,-4716.4,-4718.1,-4719.3,-4720.0,-4721.7,-4723.2,-4725.2,-4727.0,-4728.3,-4730.5,-4731.4,-4733.2,-4734.5,-4735.7,-4737.1,-4739.3,-4740.7,-4744.0,-4743.1,-4744.9,-4747.0,-4747.6,-4748.8,-4749.8,-4751.0,-4752.9,-4753.6,-4756.6,-4757.1,-4757.6,-4758.9,-4760.9,-4760.8,-4761.8,-4761.3,-4762.7,-4764.1,-4764.8,-4764.9,-4766.2,-4766.5,-4767.2,-4767.7,-4768.0,-4768.6,-4768.8,-4769.4,-4769.3,-4769.7,-4770.1,-4769.9,-4769.9,-4770.0,-4770.1,-4770.2,-4770.3,-4770.3,-4770.2,-4770.1,-4770.0,-4769.9,-4769.7,-4769.4,-4769.1,-4768.8,-4768.4,-4768.0,-4767.5,-4766.9,-4766.4,-4765.7,-4765.1,-4764.3,-4763.6,-4762.8,-4762.0,-4761.1,-4760.2,-4759.2,-4758.3,-4757.3,-4756.2,-4755.1,-4754.1,-4752.9,-4751.8,-4750.6,-4749.4,-4748.1,-4746.8,-4745.5,-4744.2,-4742.8,-4741.4,-4740.0,-4738.5,-4737.0,-4735.5,-4733.9,-4732.4,-4730.8,-4729.1,-4727.5,-4725.9,-4724.6,-4722.7,-4721.3,-4719.9,-4718.2,-4716.6,-4714.7,-4712.5,-4710.4,-4708.9,-4707.2,-4705.3,-4703.4,-4701.5,-4699.7,-4698.1,-4695.7,-4694.5,-4693.0,-4690.2,-4688.5,-4686.3,-4684.3,-4682.5,-4681.6,-4679.9,-4677.9,-4676.1,-4673.9,-4673.1,-4670.1,-4668.0,-4666.2,-4664.6,-4662.6,-4662.1,-4659.4,-4657.5,-4656.3,-4654.4,-4652.1,-4649.5,-4647.4,-4647.1,-4666.0,-4642.4,-4640.3,-4637.8,-4636.1,-4633.9,-4632.4,-4630.6,-4628.6,-4626.8,-4625.5,-4623.8,-4622.3,-4620.9,-4619.5,-4618.0,-4615.5,-4613.9,-4612.8,-4611.8,-4609.9,-4609.1,-4607.8,-4605.0,-4604.1,-4603.1,-4601.3,-4600.5,-4599.5,-4598.9,-4603.5,-4599.3,-4494.0,-4113.1,-4062.1,-4142.4,-4373.7,-4567.3,-4609.5,-4601.7,-4588.6,-4586.9,-4586.2,-4585.3,-4584.7,-4583.8,-4583.4,-4582.9,-4582.0,-4581.4,-4580.5,-4580.2,-4579.5,-4578.9,-4578.5,-4578.1,-4575.9,-4573.4,-4563.2,-4543.3,-4503.2,-4443.1,-4357.9,-4255.8,-4124.7,-3986.7,-3818.6,-3653.3,-3457.9,-3269.9,-3050.3,-2803.5,-2538.8,-2256.1,-1957.4,-1671.9,-1410.7,-1184.0,-969.5,-781.9,-599.7,-441.5,-310.0,-170.4,-42.0,36.3,72.7,60.7,49.1,35.8,7.8,29.2,32.1,29.2,-100.4,-101.0,-103.4,-105.9,-106.5,-111.1,-109.9,-112.4,-124.6,-140.6,-156.5,-175.3,-166.0,-157.4,-184.7,-174.5,-205.3,-258.6,-324.9,-403.3,-499.5,-605.7,-727.5,-847.7,-961.2,-1073.4,-1199.5,-1331.5,-1443.1,-1541.2,-1653.8,-1753.8,-1872.3,-2019.7,-2169.1,-2303.8,-2449.6,-2613.5,-2793.5,-2969.1,-3140.6,-3292.6,-3424.6,-3541.7,-3665.1,-3781.1,-3883.9,-3988.8,-4084.1,-4164.0,-4244.2,-4328.4,-4362.9,-4394.6,-4431.7,-4458.4,-4479.6,-4494.4,-4508.4,-4525.6,-4525.6
-4784.0,-4781.3,-4778.9,-4776.0,-4773.5,-4770.8,-4766.9,-4794.9,-4760.4,-4757.6,-4755.4,-4753.5,-4750.1,-4746.1,-4745.8,-4738.9,-4733.3,-4728.6,-4721.2,-4709.7,-4690.8,-4672.7,-4650.2,-4621.0,-4589.0,-4569.6,-4539.6,-4494.7,-4443.3,-4399.6,-4379.5,-4378.2,-4375.4,-4395.2,-4394.0,-4417.3,-4365.7,-4365.5,-4369.8,-4400.0,-4365.7,-4358.7,-4429.3,-4349.3,-4346.7,-4345.7,-4343.2,-4341.1,-4339.1,-4337.2,-4334.6,-4336.6,-4335.3,-4330.1,-4328.5,-4331.0,-4324.1,-4327.9,-4343.2,-4348.0,-4345.4,-4328.0,-4317.3,-4315.1,-4314.2,-4313.9,-4309.9,-4290.2,-4248.3,-4184.0,-4119.5,-4065.1,-4049.0,-4046.6,-4048.3,-4051.1,-4045.6,-4044.4,-4045.3,-4045.3,-4045.3,-4045.4,-4045.6,-4045.9,-4046.0,-4046.5,-4047.0,-4046.4,-4047.1,-4047.6,-4049.5,-4050.0,-4050.7,-4051.5,-4056.4,-4056.3,-4059.5,-4055.2,-4058.3,-4057.2,-4057.2,-4059.4,-4060.2,-4067.9,-4062.5,-4063.9,-4071.2,-4067.5,-4067.7,-4067.4,-4080.1,-4126.5,-4191.6,-4258.8,-4307.8,-4333.8,-4341.1,-4341.7,-4350.9,-4395.7,-4473.8,-4560.8,-4624.5,-4656.9,-4662.7,-4667.1,-4669.1,-4669.7,-4671.3,-4672.1,-4673.5,-4674.7,-4675.6,-4677.7,-4678.5,-4681.1,-4681.1,-4682.3,-4683.1,-4684.8,-4684.5,-4686.6,-4688.3,-4690.3,-4689.0,-4689.3,-4690.0,-4690.9,-4691.7,-4693.3,-4694.4,-4695.1,-4696.6,-4697.8,-4698.4,-4699.8,-4701.1,-4702.1,-4703.1,-4704.2,-4705.7,-4706.8,-4708.5,-4710.2,-4711.6,-4712.4,-4714.5,-4715.5,-4716.9,-4719.3,-4721.0,-4722.2,-4723.5,-4724.6,-4725.8,-4727.7,-4729.1,-4731.6,-4733.1,-4734.9,-4735.6,-4736.7,-4738.2,-4740.5,-4741.7,-4743.3,-4744.6,-4745.5,-4747.3,-4749.6,-4750.3,-4751.1,-4752.4,-4753.8,-4755.8,-4756.0,-4757.4,-4758.8,-4760.0,-4761.9,-4762.6,-4762.8,-4762.8,-4763.8,-4764.6,-4765.4,-4765.4,-4766.6,-4767.7,-4768.0,-4768.5,-4769.7,-4769.5,-4770.4,-4770.4,-4770.3,-4771.0,-4771.1,-4771.1,-4771.0,-4771.1,-4771.2,-4771.3,-4771.4,-4771.4,-4771.3,-4771.3,-4771.1,-4771.0,-4770.8,-4770.5,-4770.2,-4769.9,-4769.5,-4769.0,-4768.6,-4768.0,-4767.5,-4766.8,-4766.2,-4765.4,-4764.7,-4763.9,-4763.0,-4762.1,-4761.2,-4760.3,-4759.3,-4758.2,-4757.2,-4756.1,-4755.0,-4753.9,-4752.7,-4751.5,-4750.3,-4749.0,-4747.7,-4746.4,-4745.0,-4743.6,-4742.2,-4740.8,-4739.3,-4737.8,-4736.3,-4734.8,-4733.2,-4731.6,-4729.9,-4728.3,-4726.6,-4724.9,-4723.2,-4721.8,-4720.3,-4719.0,-4716.8,-4715.6,-4713.6,-4711.6,-4709.7,-4707.9,-4706.3,-4704.3,-4702.6,-4700.3,-4698.3,-4697.1,-4695.2,-4693.7,-4691.4,-4688.9,-4687.0,-4685.4,-4683.6,-4681.7,-4680.3,-4678.4,-4676.4,-4675.1,-4672.5,-4670.8,-4668.9,-4667.0,-4664.6,-4663.8,-4661.8,-4660.9,-4657.9,-4655.4,-4654.8,-4652.6,-4650.3,-4648.0,-4645.9,-4644.4,-4642.6,-4640.8,-4638.7,-4636.4,-4634.9,-4632.4,-4630.9,-4629.1,-4627.0,-4625.3,-4623.6,-4622.8,-4620.2,-4619.0,-4617.2,-4615.1,-4613.7,-4612.1,-4610.6,-4609.5,-4607.6,-4606.5,-4605.0,-4603.4,-4602.1,-4601.1,-4599.8,-4598.5,-4600.2,-4603.8,-4604.6,-4527.5,-4111.9,-3740.3,-3961.6,-4367.9,-4577.5,-4609.8,-4592.1,-4587.5,-4586.2,-4585.3,-4584.2,-4583.1,-4582.9,-4583.3,-4581.6,-4580.7,-4580.4,-4579.2,-4578.7,-4578.1,-4577.8,-4577.0,-4576.5,-4576.1,-4575.9,-4572.9,-4570.9,-4561.3,-4540.2,-4501.1,-4442.4,-4355.9,-4253.7,-4122.0,-3983.7,-3817.8,-3650.6,-3451.6,-3222.9,-2969.6,-2689.8,-2389.7,-2099.7,-1824.3,-1580.5,-1340.3,-1122.2,-906.1,-704.4,-540.2,-405.1,-303.6,-190.8,-121.2,-87.9,-93.9,-103.3,23.4,24.4,-153.6,-235.0,-281.1,-312.1,-320.1,-319.8,-333.4,-320.4,-324.3,-322.2,-319.2,-320.4,-327.1,-334.8,-336.8,-349.8,-351.1,-345.8,-335.8,-362.5,-407.2,-467.6,-550.7,-653.4,-778.7,-911.8,-1060.6,-1199.0,-1330.8,-1455.5,-1593.7,-1738.0,-1857.1,-1960.0,-2076.7,-2180.9,-2303.9,-2452.4,-2601.1,-2736.7,-2879.4,-3037.8,-3209.2,-3373.5,-3530.4,-3667.1,-3783.4,-3884.5,-3988.8,-4083.7,-4165.4,-4246.0,-4314.7,-4368.8,-4434.0,-4460.1,-4481.4,-4494.6,-4509.9,-4519.1,-4525.1,-4553.4,-4585.8,-4530.4
-4783.6,-4780.4,-4777.4,-4775.0,-4772.3,-4769.7,-4766.9,-4764.1,-4761.3,-4758.2,-4755.6,-4753.6,-4750.5,-4747.1,-4743.8,-4739.9,-4737.2,-4732.8,-4726.7,-4726.4,-4719.8,-4711.6,-4699.3,-4685.6,-4675.7,-4663.8,-4638.3,-4607.6,-4577.6,-4564.1,-4562.2,-4559.5,-4555.6,-4552.9,-4550.4,-4577.6,-4546.7,-4543.2,-4542.0,-4552.4,-4541.2,-4536.8,-4539.1,-4530.5,-4527.9,-4525.1,-4522.5,-4521.2,-4519.3,-4517.4,-4514.7,-4515.7,-4514.3,-4510.2,-4508.5,-4510.0,-4505.0,-4503.0,-4502.4,-4502.8,-4501.8,-4497.6,-4498.6,-4496.9,-4495.8,-4492.0,-4482.2,-4457.8,-4415.1,-4366.9,-4327.0,-4309.6,-4311.4,-4309.0,-4310.7,-4312.6,-4308.1,-4307.0,-4307.9,-4308.0,-4308.1,-4308.1,-4308.4,-4308.8,-4308.9,-4309.6,-4310.1,-4310.6,-4314.4,-4311.9,-4312.8,-4313.4,-4314.3,-4315.2,-4319.0,-4319.9,-4323.1,-4319.1,-4322.3,-4321.3,-4321.4,-4323.7,-4324.6,-4331.3,-4327.1,-4328.6,-4334.9,-4331.9,-4332.7,-4336.2,-4334.1,-4345.4,-4382.2,-4431.2,-4478.5,-4507.3,-4520.7,-4526.2,-4527.5,-4535.1,-4562.6,-4607.8,-4643.7,-4664.0,-4667.7,-4671.6,-4672.3,-4673.4,-4674.4,-4675.7,-4677.1,-4678.7,-4679.3,-4680.9,-4681.5,-4683.0,-4684.0,-4685.0,-4685.8,-4688.0,-4688.2,-4688.9,-4690.4,-4691.7,-4692.1,-4693.2,-4693.8,-4694.7,-4695.5,-4697.1,-4698.1,-4698.8,-4699.7,-4701.5,-4702.0,-4703.4,-4704.3,-4706.3,-4706.9,-4708.1,-4709.0,-4710.3,-4711.7,-4713.5,-4715.1,-4716.4,-4717.2,-4718.6,-4720.8,-4722.4,-4723.3,-4724.5,-4726.3,-4727.6,-4729.6,-4730.9,-4732.2,-4734.4,-4735.5,-4737.3,-4739.6,-4740.2,-4740.8,-4742.4,-4743.6,-4745.3,-4746.9,-4748.3,-4749.8,-4750.8,-4753.0,-4753.8,-4754.2,-4755.5,-4756.4,-4758.1,-4758.8,-4759.8,-4761.0,-4762.1,-4763.5,-4764.2,-4764.9,-4765.2,-4766.5,-4766.9,-4768.3,-4768.7,-4769.6,-4769.4,-4769.9,-4770.7,-4771.3,-4770.8,-4771.5,-4772.1,-4772.3,-4772.0,-4772.1,-4772.2,-4772.3,-4772.4,-4772.5,-4772.5,-4772.4,-4772.3,-4772.2,-4772.1,-4771.8,-4771.6,-4771.3,-4770.9,-4770.5,-4770.1,-4769.6,-4769.1,-4768.5,-4767.9,-4767.2,-4766.5,-4765.7,-4764.9,-4764.0,-4763.1,-4762.2,-4761.2,-4760.2,-4759.2,-4758.1,-4757.0,-4755.9,-4754.7,-4753.6,-4752.3,-4751.1,-4749.8,-4748.5,-4747.2,-4745.8,-4744.4,-4743.0,-4741.6,-4740.1,-4738.6,-4737.0,-4735.5,-4733.9,-4732.3,-4730.7,-4729.0,-4727.3,-4725.6,-4723.9,-4722.1,-4720.4,-4718.8,-4717.3,-4716.0,-4714.0,-4712.3,-4710.9,-4708.8,-4707.5,-4705.2,-4703.3,-4701.4,-4699.1,-4697.7,-4695.8,-4693.4,-4691.9,-4689.8,-4687.6,-4685.6,-4685.1,-4682.4,-4680.8,-4678.8,-4676.5,-4674.8,-4672.6,-4671.4,-4669.5,-4667.7,-4666.0,-4664.0,-4662.3,-4659.7,-4658.4,-4656.8,-4654.4,-4652.7,-4651.0,-4649.4,-4646.8,-4644.5,-4643.3,-4641.4,-4639.6,-4637.6,-4635.2,-4633.1,-4631.3,-4629.3,-4627.4,-4625.6,-4623.9,-4622.4,-4620.7,-4618.7,-4617.3,-4616.5,-4615.0,-4612.1,-4610.8,-4609.1,-4607.4,-4606.0,-4604.4,-4603.2,-4601.9,-4600.4,-4599.2,-4598.1,-4601.6,-4601.5,-4584.9,-4566.1,-4486.3,-4230.5,-3998.2,-4295.3,-4564.1,-4603.7,-4601.6,-4586.1,-4584.9,-4583.9,-4583.1,-4582.4,-4581.3,-4580.8,-4580.5,-4579.2,-4578.5,-4578.4,-4577.6,-4577.3,-4576.4,-4575.9,-4575.5,-4575.2,-4574.5,-4574.1,-4573.6,-4570.6,-4568.9,-4559.3,-4539.4,-4498.1,-4441.2,-4353.9,-4251.0,-4120.2,-3982.9,-3810.5,-3606.8,-3374.2,-3112.5,-2821.9,-2533.7,-2255.4,-2001.4,-1750.9,-1510.3,-1268.8,-1032.7,-830.5,-651.5,-530.9,-432.1,-368.8,-326.5,-314.2,-316.7,-321.5,-322.5,-326.7,-357.8,-402.3,-460.1,-513.6,-554.1,-564.5,-578.4,-563.9,-565.6,-564.7,-563.3,-562.2,-562.6,-564.1,-563.6,-564.8,-567.8,-566.7,-562.4,-568.6,-601.3,-655.7,-734.8,-843.8,-971.0,-1119.4,-1275.7,-1440.7,-1595.6,-1737.1,-1869.5,-2017.4,-2167.4,-2289.6,-2391.7,-2510.3,-2614.9,-2736.0,-2882.5,-3025.9,-3156.7,-3289.8,-3436.7,-3593.0,-3739.6,-3875.3,-3990.8,-4086.1,-4166.2,-4246.2,-4314.5,-4370.2,-4421.3,-4459.5,-4509.0,-4507.3,-4520.3,-4525.3,-4528.5,-4526.7,-4529.8,-4531.4,-4533.3,-4531.7
-4782.2,-4779.4,-4776.5,-4773.8,-4771.5,-4768.4,-4765.8,-4763.3,-4760.5,-4757.4,-4754.9,-4752.7,-4749.2,-4746.0,-4743.0,-4740.5,-4738.2,-4734.9,-4731.3,-4815.1,-4723.5,-4716.9,-4718.2,-4712.7,-4709.1,-4700.8,-4687.3,-4671.8,-4662.2,-4660.1,-4658.2,-4655.5,-4651.7,-4650.2,-4647.6,-4644.5,-4641.7,-4639.1,-4637.8,-4637.4,-4633.0,-4632.8,-4628.9,-4626.1,-4622.9,-4621.3,-4619.7,-4616.6,-4615.7,-4613.8,-4611.2,-4611.1,-4609.8,-4606.7,-4605.1,-4605.5,-4601.6,-4600.1,-4598.6,-4596.4,-4595.9,-4595.4,-4593.8,-4593.6,-4592.6,-4588.4,-4578.2,-4557.9,-4529.9,-4503.1,-4491.6,-4491.7,-4490.4,-4489.8,-4493.7,-4493.4,-4489.1,-4487.9,-4488.9,-4489.0,-4489.2,-4489.3,-4489.6,-4490.0,-4490.2,-4491.0,-4491.5,-4492.1,-4493.9,-4494.5,-4494.4,-4495.2,-4496.1,-4502.9,-4500.3,-4504.3,-4503.1,-4501.3,-4504.5,-4503.6,-4503.8,-4506.1,-4507.1,-4512.9,-4509.7,-4511.4,-4516.6,-4516.2,-4515.3,-4523.4,-4526.7,-4525.1,-4528.0,-4572.4,-4582.8,-4607.3,-4619.6,-4625.4,-4627.2,-4630.6,-4631.5,-4647.4,-4663.3,-4674.5,-4672.1,-4675.4,-4676.7,-4677.9,-4679.1,-4679.7,-4680.7,-4682.6,-4683.5,-4684.3,-4685.9,-4686.7,-4687.7,-4688.8,-4689.5,-4690.8,-4692.4,-4693.5,-4695.1,-4695.8,-4695.9,-4697.4,-4697.7,-4698.9,-4699.8,-4701.4,-4702.0,-4702.7,-4703.8,-4705.2,-4705.7,-4707.0,-4708.3,-4710.0,-4710.7,-4711.7,-4712.9,-4714.0,-4716.1,-4717.3,-4718.7,-4719.2,-4720.9,-4721.7,-4724.0,-4725.4,-4726.4,-4727.5,-4729.6,-4730.8,-4731.9,-4733.4,-4735.6,-4737.6,-4739.1,-4740.5,-4742.0,-4742.7,-4743.6,-4744.9,-4746.2,-4747.8,-4749.1,-4751.5,-4752.0,-4753.4,-4755.8,-4755.8,-4756.2,-4757.8,-4758.7,-4760.6,-4761.2,-4762.9,-4764.3,-4764.3,-4766.0,-4767.6,-4766.8,-4767.0,-4768.1,-4770.1,-4770.7,-4770.2,-4770.7,-4771.0,-4772.1,-4772.3,-4772.3,-4772.3,-4772.8,-4773.6,-4773.5,-4773.4,-4773.3,-4773.5,-4773.5,-4773.6,-4773.6,-4773.5,-4773.4,-4773.3,-4773.1,-4772.9,-4772.6,-4772.3,-4772.0,-4771.6,-4771.1,-4770.7,-4770.1,-4769.5,-4768.9,-4768.2,-4767.5,-4766.7,-4765.9,-4765.0,-4764.1,-4763.2,-4762.2,-4761.2,-4760.1,-4759.0,-4757.9,-4756.8,-4755.6,-4754.4,-4753.2,-4751.9,-4750.6,-4749.3,-4747.9,-4746.5,-4745.1,-4743.7,-4742.2,-4740.8,-4739.2,-4737.7,-4736.1,-4734.5,-4732.9,-4731.3,-4729.6,-4727.9,-4726.2,-4724.5,-4722.7,-4721.0,-4719.2,-4717.4,-4716.0,-4714.5,-4712.9,-4711.1,-4709.2,-4707.0,-4705.4,-4703.5,-4701.6,-4700.5,-4698.5,-4696.0,-4694.1,-4693.5,-4692.2,-4688.5,-4686.2,-4684.9,-4682.7,-4680.7,-4679.2,-4677.7,-4675.3,-4673.6,-4687.2,-4669.9,-4668.7,-4666.3,-4664.6,-4662.2,-4660.7,-4658.9,-4657.0,-4654.9,-4653.2,-4651.2,-4649.4,-4647.9,-4645.5,-4643.3,-4641.5,-4640.5,-4637.5,-4635.5,-4633.4,-4631.4,-4629.5,-4627.6,-4626.3,-4624.6,-4622.4,-4620.8,-4619.4,-4617.6,-4615.8,-4615.4,-4614.6,-4612.1,-4626.4,-4607.3,-4605.5,-4604.1,-4602.6,-4601.6,-4600.3,-4599.4,-4598.3,-4601.2,-4599.7,-4541.0,-4355.6,-4468.2,-4479.1,-4456.1,-4396.7,-4561.2,-4604.0,-4589.1,-4584.9,-4584.2,-4582.8,-4581.8,-4581.2,-4580.5,-4614.2,-4598.2,-4579.4,-4578.2,-4577.2,-4576.7,-4576.3,-4575.8,-4574.8,-4574.2,-4573.6,-4573.1,-4572.7,-4572.0,-4571.5,-4571.6,-4568.5,-4568.1,-4557.5,-4537.5,-4496.3,-4438.4,-4352.4,-4250.0,-4114.9,-3947.7,-3744.7,-3507.4,-3238.3,-2963.3,-2691.0,-2437.0,-2178.9,-1927.3,-1669.0,-1410.0,-1181.8,-976.7,-825.8,-695.1,-615.4,-575.9,-564.3,-564.8,-563.1,-564.3,-565.1,-563.8,-571.3,-599.9,-655.7,-728.9,-797.0,-845.7,-866.9,-856.7,-859.0,-859.8,-857.0,-856.7,-855.8,-856.0,-857.5,-859.2,-855.3,-855.8,-855.9,-856.2,-861.7,-902.3,-969.6,-1069.7,-1196.1,-1340.5,-1508.7,-1677.5,-1856.2,-2018.6,-2164.5,-2302.7,-2452.2,-2602.4,-2722.0,-2822.8,-2937.9,-3038.2,-3155.1,-3292.0,-3424.7,-3545.3,-3665.1,-3794.7,-3929.3,-4051.7,-4159.6,-4248.1,-4316.9,-4372.3,-4421.5,-4459.5,-4487.2,-4511.6,-4588.2,-4561.4,-4532.5,-4531.2,-4532.3,-4532.9,-4533.7,-4533.2,-4534.4,-4531.9
-4781.3,-4778.6,-4776.5,-4772.8,-4770.5,-4768.2,-4765.1,-4762.6,-4759.3,-4756.3,-4754.1,-4752.2,-4748.3,-4745.2,-4743.1,-4739.6,-4737.3,-4734.0,-4753.5,-4776.9,-4726.2,-4721.8,-4718.6,-4716.3,-4712.2,-4715.1,-4705.5,-4699.0,-4697.1,-4695.1,-4691.3,-4689.7,-4687.1,-4684.5,-4681.8,-4680.4,-4676.3,-4673.9,-4671.0,-4670.7,-4669.5,-4667.2,-4665.0,-4660.2,-4659.6,-4655.4,-4654.5,-4652.5,-4650.6,-4648.7,-4646.2,-4645.1,-4643.8,-4641.9,-4640.3,-4639.7,-4636.8,-4635.4,-4634.1,-4632.3,-4631.7,-4630.5,-4630.4,-4629.2,-4630.9,-4626.3,-4619.9,-4609.7,-4595.3,-4590.4,-4590.7,-4589.2,-4587.8,-4587.3,-4595.0,-4592.1,-4586.7,-4585.6,-4586.7,-4586.8,-4587.0,-4587.1,-4587.5,-4588.0,-4588.3,-4589.0,-4589.6,-4591.4,-4592.2,-4592.5,-4592.7,-4593.6,-4593.5,-4595.5,-4597.4,-4599.8,-4599.6,-4600.0,-4603.3,-4602.4,-4602.7,-4605.0,-4606.1,-4610.8,-4608.8,-4610.5,-4614.7,-4614.1,-4614.9,-4619.6,-4621.0,-4620.0,-4621.9,-4626.2,-4638.7,-4652.1,-4658.1,-4665.5,-4670.7,-4665.8,-4665.3,-4668.5,-4675.4,-4673.9,-4676.7,-4680.1,-4700.7,-4714.0,-4683.9,-4683.9,-4684.8,-4686.9,-4687.7,-4688.1,-4689.3,-4690.7,-4691.9,-4693.2,-4693.4,-4694.4,-4695.7,-4697.9,-4699.3,-4700.1,-4701.2,-4701.5,-4701.9,-4703.2,-4703.3,-4704.5,-4705.8,-4706.5,-4708.0,-4708.3,-4709.6,-4711.5,-4712.6,-4713.0,-4714.5,-4715.0,-4716.7,-4718.0,-4719.4,-4720.7,-4721.5,-4722.6,-4724.5,-4725.9,-4727.1,-4728.7,-4729.5,-4731.2,-4733.2,-4734.0,-4735.1,-4737.3,-4738.1,-4740.5,-4741.5,-4743.6,-4744.6,-4746.1,-4746.4,-4747.8,-4749.0,-4750.1,-4752.0,-4753.7,-4755.3,-4757.1,-4758.0,-4758.2,-4759.3,-4760.2,-4761.0,-4762.0,-4763.4,-4765.1,-4766.1,-4766.4,-4767.2,-4768.3,-4768.3,-4768.9,-4769.6,-4771.3,-4771.5,-4772.0,-4772.3,-4772.5,-4773.1,-4773.9,-4773.8,-4774.4,-4774.5,-4774.3,-4774.3,-4774.5,-4774.6,-4774.7,-4774.7,-4774.7,-4774.6,-4774.5,-4774.4,-4774.2,-4774.0,-4773.7,-4773.4,-4773.0,-4772.6,-4772.2,-4771.7,-4771.1,-4770.6,-4769.9,-4769.2,-4768.5,-4767.7,-4766.9,-4766.0,-4765.1,-4764.1,-4763.1,-4762.1,-4761.0,-4759.9,-4758.8,-4757.6,-4756.4,-4755.2,-4753.9,-4752.6,-4751.3,-4750.0,-4748.6,-4747.2,-4745.8,-4744.3,-4742.9,-4741.4,-4739.8,-4738.3,-4736.7,-4735.1,-4733.5,-4731.8,-4730.2,-4728.5,-4726.8,-4725.0,-4723.3,-4721.5,-4719.7,-4717.9,-4716.1,-4714.3,-4712.8,-4711.2,-4709.5,-4707.6,-4706.0,-4703.6,-4701.8,-4700.5,-4699.4,-4696.8,-4694.8,-4693.2,-4692.0,-4689.7,-4687.1,-4685.0,-4683.4,-4681.6,-4679.8,-4679.1,-4677.3,-4674.9,-4672.7,-4671.6,-4668.9,-4667.0,-4665.0,-4662.9,-4661.0,-4659.5,-4657.3,-4655.1,-4653.7,-4651.4,-4650.0,-4648.3,-4645.5,-4643.5,-4642.2,-4640.2,-4638.8,-4636.7,-4635.1,-4632.8,-4630.6,-4628.7,-4626.6,-4624.7,-4623.1,-4620.9,-4619.5,-4618.0,-4616.0,-4614.6,-4613.5,-4612.9,-4612.2,-4610.7,-4605.7,-4604.2,-4602.8,-4601.3,-4599.9,-4599.4,-4598.4,-4599.0,-4601.0,-4540.5,-4224.2,-3839.3,-4110.2,-4450.0,-4510.4,-4578.2,-4599.4,-4588.2,-4584.6,-4583.4,-4582.8,-4582.4,-4580.5,-4579.5,-4579.6,-4581.0,-4578.6,-4577.3,-4576.2,-4576.0,-4575.2,-4574.7,-4574.3,-4573.2,-4573.0,-4572.3,-4572.2,-4571.5,-4570.8,-4570.5,-4569.7,-4569.7,-4566.8,-4566.3,-4555.8,-4535.8,-4495.7,-4437.3,-4348.0,-4222.3,-4061.7,-3860.9,-3622.1,-3371.0,-3114.2,-2869.7,-2615.5,-2361.8,-2096.0,-1822.9,-1574.6,-1343.5,-1174.0,-1013.7,-920.5,-872.4,-859.2,-858.0,-859.9,-856.4,-857.1,-856.8,-858.7,-855.8,-862.1,-902.6,-971.7,-1060.6,-1139.7,-1193.9,-1206.1,-1209.6,-1207.8,-1207.3,-1210.1,-1209.7,-1205.6,-1206.0,-1208.4,-1205.9,-1206.2,-1205.9,-1206.3,-1205.2,-1213.4,-1262.8,-1340.6,-1452.2,-1590.7,-1749.4,-1926.7,-2105.8,-2288.4,-2452.4,-2600.8,-2737.7,-2884.2,-3026.8,-3141.6,-3236.9,-3344.9,-3438.2,-3544.6,-3669.8,-3784.2,-3887.5,-3989.6,-4096.0,-4202.3,-4294.2,-4367.6,-4423.2,-4461.9,-4488.4,-4509.7,-4522.2,-4530.6,-4534.3,-4533.8,-4534.7,-4535.3,-4534.4,-4533.9,-4533.5,-4533.4,-4534.7,-4533.6
-4780.4,-4778.0,-4774.9,-4772.0,-4770.0,-4767.1,-4764.8,-4762.5,-4759.4,-4756.1,-4753.5,-4750.4,-4747.7,-4744.4,-4742.0,-4739.7,-4736.2,-4733.3,-4730.3,-4728.0,-4724.7,-4722.1,-4719.8,-4716.9,-4713.7,-4710.3,-4707.0,-4704.1,-4702.1,-4699.2,-4695.8,-4693.1,-4690.8,-4688.5,-4686.2,-4683.8,-4680.8,-4678.4,-4676.0,-4674.7,-4672.2,-4669.8,-4668.2,-4664.7,-4662.8,-4661.1,-4659.0,-4656.9,-4655.0,-4653.2,-4651.5,-4649.8,-4648.3,-4646.7,-4645.5,-4643.6,-4642.1,-4641.1,-4639.4,-4638.1,-4636.9,-4636.6,-4635.3,-4634.2,-4633.7,-4631.0,-4632.1,-4628.0,-4626.7,-4626.2,-4625.8,-4627.5,-4624.0,-4623.6,-4623.4,-4625.3,-4623.2,-4622.2,-4623.2,-4623.4,-4623.7,-4623.8,-4624.3,-4624.8,-4625.1,-4625.9,-4626.6,-4628.3,-4628.0,-4629.9,-4630.8,-4630.7,-4632.6,-4632.7,-4633.8,-4637.0,-4637.7,-4637.3,-4640.6,-4639.8,-4640.1,-4642.5,-4643.6,-4647.3,-4646.4,-4648.1,-4651.3,-4651.8,-4652.5,-4657.9,-4659.8,-4659.1,-4662.1,-4660.4,-4662.0,-4667.8,-4666.2,-4670.3,-4671.1,-4672.7,-4673.4,-4674.7,-4677.1,-4680.0,-4681.5,-4683.1,-4685.1,-4718.2,-4687.9,-4688.3,-4688.7,-4690.9,-4691.0,-4692.2,-4693.4,-4695.1,-4695.6,-4696.7,-4697.7,-4698.7,-4700.1,-4701.7,-4702.1,-4702.6,-4703.9,-4705.8,-4706.6,-4706.6,-4707.3,-4708.5,-4709.2,-4710.4,-4711.7,-4712.6,-4713.3,-4714.5,-4716.2,-4717.4,-4718.1,-4719.3,-4720.6,-4722.4,-4724.6,-4724.8,-4725.9,-4727.0,-4728.5,-4729.3,-4730.5,-4732.0,-4733.4,-4734.6,-4736.0,-4737.4,-4739.0,-4739.8,-4741.4,-4743.6,-4744.7,-4746.9,-4747.0,-4748.2,-4749.9,-4750.6,-4751.8,-4753.1,-4755.3,-4756.6,-4758.4,-4758.3,-4759.7,-4760.6,-4761.7,-4762.4,-4763.2,-4764.5,-4765.6,-4767.2,-4767.0,-4768.1,-4769.0,-4769.8,-4770.4,-4771.0,-4771.6,-4772.7,-4773.1,-4773.9,-4774.5,-4774.9,-4775.2,-4775.3,-4775.4,-4775.5,-4775.8,-4775.5,-4775.6,-4775.7,-4775.8,-4775.8,-4775.8,-4775.8,-4775.7,-4775.5,-4775.3,-4775.1,-4774.8,-4774.5,-4774.1,-4773.7,-4773.2,-4772.7,-4772.2,-4771.6,-4770.9,-4770.2,-4769.5,-4768.7,-4767.9,-4767.0,-4766.1,-4765.1,-4764.1,-4763.0,-4761.9,-4760.8,-4759.6,-4758.5,-4757.2,-4756.0,-4754.7,-4753.4,-4752.0,-4750.7,-4749.3,-4747.9,-4746.4,-4745.0,-4743.5,-4741.9,-4740.4,-4738.8,-4737.2,-4735.6,-4734.0,-4732.3,-4730.6,-4728.9,-4727.2,-4725.5,-4723.7,-4721.9,-4720.2,-4718.3,-4716.5,-4714.7,-4712.9,-4711.0,-4709.5,-4707.7,-4706.2,-4704.6,-4702.3,-4700.5,-4699.0,-4697.0,-4695.7,-4693.1,-4691.2,-4691.1,-4687.6,-4685.3,-4683.7,-4683.1,-4680.6,-4678.8,-4676.9,-4675.2,-4673.6,-4671.0,-4669.4,-4667.0,-4665.2,-4663.8,-4662.0,-4659.3,-4657.6,-4656.7,-4653.9,-4651.8,-4649.7,-4648.0,-4646.2,-4644.6,-4642.0,-4641.1,-4638.3,-4636.8,-4635.0,-4633.2,-4630.7,-4629.0,-4627.0,-4625.5,-4623.4,-4621.6,-4619.7,-4617.9,-4616.4,-4614.6,-4612.5,-4610.7,-4609.5,-4608.6,-4609.1,-4604.2,-4603.5,-4602.0,-4600.0,-4598.9,-4598.1,-4596.3,-4598.0,-4590.9,-4498.7,-4129.0,-3715.1,-4005.1,-4418.7,-4575.6,-4594.4,-4587.2,-4583.5,-4582.4,-4581.8,-4580.9,-4579.6,-4579.2,-4578.9,-4581.4,-4608.7,-4595.8,-4575.7,-4575.1,-4574.2,-4574.2,-4573.9,-4572.3,-4571.9,-4571.7,-4571.6,-4571.3,-4570.2,-4570.0,-4569.0,-4568.8,-4568.5,-4568.5,-4565.4,-4557.8,-4557.3,-4534.5,-4491.4,-4417.3,-4306.7,-4154.0,-3959.2,-3740.5,-3509.9,-3283.7,-3042.6,-2795.9,-2532.2,-2252.9,-1999.1,-1752.0,-1569.3,-1392.1,-1283.2,-1226.1,-1209.4,-1209.0,-1207.6,-1209.4,-1206.0,-1206.8,-1206.5,-1206.3,-1208.6,-1205.8,-1214.4,-1263.5,-1342.3,-1442.2,-1528.4,-1585.4,-1604.5,-1603.3,-1602.7,-1601.8,-1602.6,-1601.7,-1600.1,-1600.0,-1603.2,-1597.9,-1601.5,-1598.3,-1599.5,-1597.7,-1608.8,-1663.1,-1748.2,-1866.7,-2015.0,-2178.0,-2362.0,-2541.6,-2721.7,-2883.3,-3025.3,-3155.2,-3293.3,-3427.8,-3531.9,-3617.2,-3712.7,-3796.1,-3889.6,-3995.7,-4087.5,-4169.7,-4247.8,-4325.0,-4396.5,-4451.4,-4487.7,-4511.3,-4523.5,-4533.0,-4536.4,-4533.9,-4535.6,-4536.4,-4536.6,-4535.4,-4534.7,-4534.5,-4533.7,-4533.6,-4547.3,-4533.9
-4779.6,-4777.3,-4774.9,-4771.3,-4768.7,-4765.7,-4763.4,-4760.7,-4758.5,-4755.7,-4752.9,-4790.4,-4747.4,-4744.1,-4741.2,-4738.1,-4735.8,-4732.9,-4730.3,-4727.2,-4724.1,-4721.3,-4718.7,-4716.0,-4713.3,-4711.1,-4708.6,-4705.8,-4703.3,-4701.2,-4698.1,-4695.6,-4693.2,-4690.8,-4687.4,-4685.9,-4683.5,-4680.8,-4739.7,-4677.0,-4675.0,-4672.4,-4670.7,-4667.4,-4666.0,-4662.9,-4661.1,-4659.4,-4657.6,-4655.9,-4654.2,-4652.5,-4651.1,-4649.7,-4648.2,-4646.5,-4645.1,-4644.1,-4642.7,-4641.3,-4640.2,-4639.3,-4638.1,-4637.5,-4637.7,-4635.9,-4634.2,-4632.4,-4631.6,-4631.3,-4631.2,-4630.9,-4630.5,-4629.7,-4629.7,-4629.5,-4629.3,-4629.3,-4629.4,-4629.6,-4629.8,-4630.1,-4630.5,-4630.9,-4631.5,-4632.0,-4632.7,-4633.8,-4634.4,-4635.4,-4636.3,-4636.9,-4638.6,-4639.5,-4640.4,-4642.0,-4643.1,-4643.5,-4645.2,-4646.3,-4647.3,-4648.7,-4650.3,-4651.7,-4652.9,-4654.7,-4656.0,-4657.6,-4659.4,-4662.4,-4662.3,-4664.6,-4665.5,-4667.3,-4668.0,-4670.5,-4672.9,-4675.0,-4676.0,-4677.8,-4679.5,-4680.9,-4682.3,-4683.6,-4684.8,-4686.6,-4687.9,-4691.8,-4691.0,-4691.3,-4692.9,-4694.0,-4695.8,-4697.1,-4698.2,-4699.7,-4700.8,-4700.4,-4702.0,-4702.5,-4704.0,-4704.8,-4706.5,-4707.4,-4708.3,-4709.8,-4711.4,-4711.3,-4712.0,-4712.9,-4713.5,-4714.6,-4715.7,-4716.5,-4717.9,-4718.8,-4719.6,-4721.1,-4722.8,-4723.4,-4724.7,-4725.4,-4726.9,-4728.2,-4729.4,-4730.3,-4731.9,-4733.2,-4734.5,-4735.7,-4736.4,-4737.8,-4738.9,-4741.2,-4742.0,-4743.6,-4744.5,-4746.3,-4747.9,-4749.9,-4750.3,-4751.6,-4753.2,-4753.7,-4755.0,-4756.0,-4757.7,-4758.8,-4761.8,-4762.1,-4762.1,-4763.0,-4764.0,-4764.4,-4765.9,-4766.6,-4767.8,-4768.6,-4769.4,-4770.9,-4770.8,-4771.4,-4772.2,-4772.9,-4773.8,-4774.3,-4774.7,-4775.6,-4775.6,-4776.5,-4776.8,-4776.4,-4777.3,-4776.9,-4776.8,-4776.8,-4776.9,-4777.0,-4777.0,-4777.0,-4776.9,-4776.8,-4776.7,-4776.5,-4776.2,-4775.9,-4775.6,-4775.2,-4774.8,-4774.3,-4773.8,-4773.2,-4772.6,-4772.0,-4771.3,-4770.5,-4769.7,-4768.9,-4768.0,-4767.0,-4766.0,-4765.0,-4763.9,-4762.8,-4761.7,-4760.5,-4759.3,-4758.0,-4756.8,-4755.5,-4754.1,-4752.8,-4751.4,-4750.0,-4748.5,-4747.0,-4745.5,-4744.0,-4742.5,-4740.9,-4739.3,-4737.7,-4736.1,-4734.4,-4732.7,-4731.1,-4729.3,-4727.6,-4725.9,-4724.1,-4722.3,-4720.5,-4718.7,-4716.9,-4715.1,-4713.2,-4711.4,-4709.5,-4707.6,-4706.1,-4704.3,-4702.9,-4700.9,-4698.8,-4697.4,-4695.7,-4694.2,-4691.9,-4689.9,-4688.0,-4686.6,-4684.0,-4682.3,-4680.5,-4678.6,-4677.5,-4675.0,-4674.6,-4671.7,-4669.6,-4668.3,-4665.4,-4663.7,-4661.8,-4660.3,-4657.9,-4656.1,-4655.2,-4652.7,-4650.3,-4648.7,-4646.6,-4644.9,-4642.8,-4640.7,-4640.3,-4637.0,-4635.8,-4634.4,-4631.9,-4629.5,-4627.9,-4625.8,-4624.2,-4621.9,-4620.2,-4618.3,-4616.9,-4615.1,-4613.6,-4611.4,-4609.8,-4608.2,-4606.6,-4607.4,-4603.6,-4602.0,-4601.0,-4599.6,-4597.7,-4596.1,-4595.3,-4593.8,-4601.8,-4590.4,-4477.8,-4235.4,-4416.9,-4572.8,-4594.0,-4585.6,-4582.7,-4582.0,-4580.6,-4580.1,-4579.5,-4578.9,-4577.9,-4576.9,-4576.8,-4588.5,-4574.7,-4574.4,-4573.4,-4572.7,-4572.9,-4572.4,-4571.5,-4570.9,-4570.6,-4570.2,-4569.6,-4568.8,-4568.5,-4567.6,-4567.3,-4567.7,-4567.3,-4566.0,-4563.7,-4563.3,-4553.1,-4523.4,-4467.2,-4370.9,-4228.9,-4056.4,-3861.7,-3663.3,-3444.6,-3214.0,-2961.9,-2688.6,-2434.9,-2182.5,-1984.1,-1801.3,-1685.8,-1622.2,-1601.5,-1601.7,-1601.4,-1600.9,-1602.7,-1599.3,-1600.1,-1599.9,-1599.7,-1601.1,-1599.3,-1598.9,-1609.7,-1664.1,-1750.7,-1857.0,-1946.5,-2014.6,-2025.5,-2022.4,-2021.7,-2028.7,-2022.4,-2022.9,-2020.3,-2020.2,-2018.8,-2020.0,-2019.5,-2018.8,-2019.2,-2017.4,-2030.5,-2088.5,-2176.5,-2300.7,-2449.1,-2614.8,-2795.6,-2969.4,-3142.5,-3295.0,-3426.6,-3545.4,-3670.7,-3788.7,-3880.4,-3950.2,-4028.3,-4097.3,-4171.2,-4261.1,-4320.0,-4374.8,-4423.9,-4468.6,-4502.1,-4522.9,-4536.1,-4537.9,-4536.0,-4537.5,-4538.1,-4537.5,-4536.9,-4536.6,-4535.6,-4535.3,-4534.5,-4534.2,-4534.1,-4534.9,-4534.2
-4778.7,-4776.8,-4774.2,-4770.9,-4768.1,-4765.6,-4762.6,-4760.3,-4758.6,-4755.2,-4752.1,-4749.8,-4746.2,-4743.7,-4741.0,-4738.1,-4735.6,-4732.7,-4729.7,-4726.6,-4723.7,-4721.2,-4718.3,-4715.8,-4713.5,-4710.6,-4708.1,-4705.2,-4703.3,-4700.3,-4698.1,-4695.5,-4693.0,-4690.8,-4688.0,-4685.9,-4683.5,-4681.3,-4708.7,-4692.3,-4675.4,-4673.2,-4671.6,-4668.8,-4665.8,-4664.0,-4662.2,-4660.4,-4658.7,-4657.0,-4655.3,-4653.8,-4652.4,-4651.0,-4649.7,-4648.0,-4646.7,-4645.8,-4644.4,-4643.1,-4642.0,-4640.9,-4640.7,-4639.4,-4638.6,-4637.9,-4637.0,-4636.6,-4635.9,-4635.9,-4635.7,-4634.8,-4634.5,-4633.8,-4633.8,-4633.6,-4633.6,-4633.6,-4633.8,-4634.0,-4634.3,-4634.6,-4635.1,-4635.6,-4636.0,-4636.7,-4637.3,-4638.1,-4639.9,-4640.3,-4640.9,-4641.8,-4643.3,-4644.2,-4645.3,-4646.7,-4647.8,-4648.4,-4649.8,-4651.2,-4652.4,-4653.7,-4655.2,-4656.8,-4658.0,-4659.9,-4661.1,-4662.7,-4664.9,-4666.7,-4668.7,-4670.2,-4671.0,-4672.5,-4675.0,-4675.1,-4676.5,-4678.9,-4680.8,-4681.2,-4739.6,-4685.3,-4686.2,-4687.6,-4688.9,-4690.5,-4692.4,-4694.5,-4694.9,-4695.5,-4697.6,-4699.6,-4700.1,-4700.8,-4702.2,-4704.0,-4705.6,-4705.0,-4706.4,-4706.9,-4707.8,-4708.7,-4710.5,-4711.6,-4712.7,-4713.5,-4715.2,-4715.6,-4716.4,-4716.9,-4717.8,-4718.4,-4720.1,-4721.1,-4721.9,-4723.1,-4723.9,-4724.9,-4727.2,-4727.3,-4728.5,-4729.4,-4730.8,-4732.4,-4733.4,-4734.2,-4735.3,-4736.7,-4738.4,-4739.5,-4740.4,-4741.8,-4743.1,-4744.2,-4745.7,-4746.5,-4748.5,-4750.1,-4751.8,-4752.4,-4753.1,-4754.4,-4757.1,-4757.9,-4758.3,-4758.7,-4759.7,-4761.3,-4762.9,-4763.6,-4765.6,-4767.1,-4767.9,-4767.8,-4767.6,-4769.0,-4769.8,-4770.8,-4771.9,-4772.5,-4773.8,-4773.5,-4774.1,-4774.9,-4775.9,-4775.8,-4776.5,-4776.8,-4778.0,-4778.3,-4778.2,-4777.9,-4778.0,-4778.1,-4778.1,-4778.2,-4778.2,-4778.2,-4778.2,-4778.1,-4778.0,-4777.9,-4777.6,-4777.4,-4777.1,-4776.7,-4776.3,-4775.9,-4775.4,-4774.9,-4774.3,-4773.7,-4773.0,-4772.3,-4771.5,-4770.7,-4769.9,-4769.0,-4768.0,-4767.0,-4766.0,-4764.9,-4763.8,-4762.6,-4761.4,-4760.1,-4758.9,-4757.6,-4756.2,-4754.9,-4753.5,-4752.1,-4750.6,-4749.2,-4747.7,-4746.1,-4744.6,-4743.0,-4741.4,-4739.8,-4738.2,-4736.5,-4734.8,-4733.2,-4731.4,-4729.7,-4728.0,-4726.2,-4724.4,-4722.6,-4720.8,-4719.0,-4717.2,-4715.4,-4713.5,-4711.7,-4709.8,-4707.9,-4706.1,-4704.2,-4702.8,-4700.9,-4699.6,-4697.5,-4695.5,-4693.7,-4691.9,-4690.2,-4688.6,-4686.1,-4684.9,-4684.0,-4681.0,-4679.2,-4676.9,-4675.6,-4674.0,-4671.6,-4670.0,-4668.6,-4666.0,-4664.5,-4661.9,-4660.6,-4658.5,-4656.4,-4655.4,-4653.9,-4651.2,-4649.1,-4647.4,-4645.6,-4643.7,-4641.9,-4640.0,-4638.2,-4635.8,-4634.3,-4632.7,-4630.7,-4628.5,-4625.9,-4624.5,-4622.9,-4621.1,-4619.1,-4616.9,-4615.3,-4613.6,-4611.8,-4610.5,-4608.8,-4606.6,-4605.7,-4604.9,-4602.3,-4600.8,-4599.7,-4597.9,-4596.5,-4595.2,-4593.4,-4594.1,-4591.7,-4597.6,-4590.3,-4545.9,-4580.7,-4592.5,-4584.8,-4582.8,-4581.4,-4580.5,-4579.4,-4578.6,-4577.7,-4576.9,-4576.3,-4575.5,-4575.2,-4574.0,-4573.4,-4573.4,-4572.6,-4571.5,-4571.6,-4570.9,-4570.4,-4569.5,-4569.5,-4568.6,-4568.1,-4567.6,-4567.4,-4601.9,-4566.8,-4566.5,-4565.8,-4565.0,-4564.9,-4562.0,-4559.9,-4544.0,-4502.3,-4424.0,-4302.8,-4154.4,-3992.7,-3805.7,-3600.3,-3369.5,-3112.1,-2867.7,-2618.0,-2421.1,-2236.6,-2114.0,-2045.1,-2023.4,-2023.7,-2024.2,-2022.1,-2021.9,-2023.7,-2020.4,-2021.2,-2021.0,-2022.9,-2022.2,-2022.8,-2020.3,-2019.7,-2031.8,-2090.1,-2180.4,-2288.8,-2387.7,-2444.7,-2457.4,-2458.0,-2459.9,-2460.1,-2455.3,-2455.6,-2452.4,-2451.8,-2452.4,-2454.9,-2452.9,-2451.6,-2451.6,-2450.1,-2463.7,-2522.1,-2613.0,-2734.2,-2881.7,-3040.8,-3211.9,-3375.6,-3535.0,-3672.2,-3788.1,-3889.9,-3994.7,-4091.2,-4162.1,-4221.1,-4275.2,-4325.0,-4376.2,-4427.2,-4464.3,-4492.0,-4512.8,-4527.8,-4536.2,-4535.5,-4538.5,-4540.4,-4539.6,-4538.6,-4537.7,-4536.9,-4537.2,-4537.2,-4535.7,-4534.8,-4535.6,-4535.1,-4534.2,-4533.5
-4778.4,-4776.1,-4773.4,-4770.6,-4768.0,-4765.0,-4762.8,-4759.5,-4757.1,-4754.0,-4751.2,-4748.7,-4746.5,-4743.9,-4741.4,-4738.4,-4736.2,-4732.2,-4729.2,-4726.3,-4724.2,-4721.3,-4718.7,-4716.3,-4713.7,-4710.8,-4737.5,-4764.1,-4703.1,-4701.0,-4698.5,-4695.9,-4693.5,-4690.7,-4689.0,-4686.4,-4685.0,-4682.6,-4679.6,-4678.5,-4676.4,-4673.7,-4672.9,-4670.4,-4666.9,-4665.0,-4663.3,-4661.5,-4659.9,-4658.3,-4656.7,-4655.2,-4653.8,-4652.6,-4651.2,-4649.6,-4648.4,-4647.5,-4646.2,-4645.0,-4644.0,-4642.9,-4642.7,-4641.6,-4640.5,-4640.0,-4639.6,-4638.9,-4638.3,-4638.0,-4638.0,-4637.8,-4637.2,-4636.4,-4636.5,-4636.4,-4636.3,-4636.4,-4636.6,-4636.8,-4637.2,-4637.5,-4638.1,-4638.6,-4639.1,-4639.7,-4640.4,-4641.7,-4642.4,-4643.6,-4644.0,-4644.8,-4646.4,-4647.4,-4648.5,-4649.8,-4651.1,-4651.8,-4653.2,-4654.4,-4655.8,-4657.2,-4658.7,-4660.3,-4661.6,-4663.5,-4664.6,-4666.6,-4668.7,-4670.8,-4672.1,-4673.9,-4674.3,-4676.6,-4678.0,-4678.9,-4680.7,-4682.7,-4684.1,-4685.3,-4687.1,-4689.3,-4690.5,-4691.0,-4692.7,-4694.6,-4696.9,-4698.7,-4698.9,-4700.1,-4701.6,-4703.6,-4704.0,-4705.0,-4706.0,-4707.0,-4707.7,-4709.7,-4710.6,-4711.6,-4712.4,-4713.2,-4714.4,-4715.9,-4716.9,-4717.4,-4718.1,-4719.2,-4720.9,-4721.6,-4722.3,-4723.5,-4724.3,-4726.0,-4726.2,-4727.8,-4786.1,-4758.8,-4730.9,-4732.2,-4732.5,-4733.8,-4734.9,-4735.9,-4736.6,-4738.8,-4740.0,-4740.9,-4742.0,-4743.1,-4744.0,-4745.1,-4746.7,-4748.3,-4749.7,-4750.4,-4752.2,-4753.4,-4754.4,-4755.1,-4756.8,-4757.2,-4759.0,-4759.7,-4761.0,-4762.3,-4763.8,-4764.1,-4765.4,-4766.6,-4767.7,-4769.3,-4769.8,-4770.0,-4770.4,-4772.0,-4773.0,-4772.9,-4773.9,-4775.2,-4776.0,-4776.1,-4776.2,-4777.1,-4777.2,-4778.1,-4778.0,-4778.5,-4778.9,-4779.1,-4779.8,-4779.2,-4779.4,-4779.4,-4779.5,-4779.5,-4779.5,-4779.5,-4779.4,-4779.3,-4779.1,-4778.9,-4778.6,-4778.3,-4777.9,-4777.5,-4777.1,-4776.6,-4776.0,-4775.4,-4774.8,-4774.1,-4773.4,-4772.6,-4771.8,-4770.9,-4770.0,-4769.0,-4768.0,-4767.0,-4765.9,-4764.7,-4763.5,-4762.3,-4761.0,-4759.7,-4758.4,-4757.1,-4755.7,-4754.2,-4752.8,-4751.3,-4749.8,-4748.3,-4746.7,-4745.2,-4743.6,-4741.9,-4740.3,-4738.6,-4737.0,-4735.3,-4733.5,-4731.8,-4730.1,-4728.3,-4726.5,-4724.7,-4722.9,-4721.1,-4719.3,-4717.4,-4715.6,-4713.7,-4711.9,-4710.0,-4708.2,-4706.3,-4704.4,-4702.5,-4700.7,-4699.0,-4697.8,-4695.7,-4694.3,-4691.7,-4690.2,-4688.9,-4686.4,-4684.7,-4683.6,-4682.0,-4679.6,-4677.5,-4675.3,-4673.7,-4672.4,-4671.8,-4668.0,-4667.3,-4664.4,-4662.5,-4660.5,-4659.1,-4657.0,-4655.1,-4653.5,-4651.9,-4651.1,-4648.3,-4646.2,-4644.9,-4642.6,-4640.5,-4638.9,-4636.4,-4634.2,-4632.7,-4630.4,-4628.7,-4627.0,-4625.1,-4623.2,-4621.2,-4619.2,-4617.4,-4615.6,-4614.1,-4612.1,-4610.5,-4609.4,-4607.8,-4605.5,-4603.8,-4602.5,-4601.2,-4600.1,-4598.4,-4596.1,-4594.8,-4593.5,-4592.2,-4629.8,-4610.9,-4589.0,-4588.0,-4594.4,-4591.7,-4584.8,-4582.3,-4582.0,-4580.3,-4579.1,-4578.2,-4577.2,-4576.5,-4575.5,-4574.9,-4574.0,-4573.4,-4572.6,-4572.2,-4571.7,-4571.5,-4570.8,-4570.1,-4569.8,-4569.3,-4568.5,-4568.9,-4567.6,-4567.2,-4567.1,-4566.6,-4636.6,-4565.5,-4565.2,-4564.6,-4564.7,-4563.8,-4563.0,-4558.0,-4553.6,-4524.9,-4466.8,-4372.8,-4256.3,-4110.3,-3939.1,-3739.2,-3507.8,-3281.8,-3043.8,-2855.4,-2673.7,-2548.2,-2479.0,-2456.7,-2457.1,-2456.4,-2456.1,-2455.0,-2454.8,-2456.7,-2453.4,-2454.2,-2454.0,-2454.2,-2455.8,-2455.7,-2454.5,-2453.4,-2452.7,-2465.6,-2525.0,-2615.5,-2731.2,-2818.2,-2872.7,-2889.8,-2887.1,-2883.8,-2885.9,-2886.5,-2889.4,-2886.7,-2886.4,-2887.7,-2892.0,-2880.8,-2880.7,-2880.6,-2879.4,-2891.7,-2951.5,-3037.9,-3155.8,-3293.8,-3440.4,-3597.4,-3744.4,-3881.6,-3997.7,-4092.4,-4172.9,-4254.5,-4323.0,-4372.3,-4405.4,-4439.3,-4467.8,-4493.2,-4514.8,-4527.3,-4536.8,-4541.7,-4538.6,-4540.3,-4540.4,-4539.8,-4539.2,-4538.8,-4538.4,-4537.2,-4537.4,-4537.5,-4536.2,-4535.4,-4535.7,-4535.0,-4534.4,-4534.1
-4778.2,-4775.4,-4773.6,-4770.6,-4767.8,-4765.1,-4762.0,-4759.1,-4756.6,-4753.4,-4750.5,-4747.9,-4745.8,-4743.0,-4741.3,-4739.3,-4735.6,-4732.7,-4729.7,-4726.5,-4724.2,-4721.6,-4718.7,-4716.7,-4714.0,-4711.4,-4708.1,-4705.7,-4704.3,-4700.7,-4698.3,-4695.7,-4693.6,-4691.5,-4689.2,-4686.7,-4685.6,-4683.7,-4681.1,-4679.2,-4677.0,-4674.7,-4672.1,-4670.6,-4668.2,-4666.2,-4664.5,-4662.8,-4661.2,-4659.6,-4658.1,-4656.7,-4655.4,-4654.2,-4653.0,-4651.6,-4650.2,-4649.4,-4648.2,-4647.0,-4646.0,-4645.3,-4644.5,-4643.8,-4642.9,-4642.4,-4641.6,-4641.0,-4641.3,-4640.6,-4640.6,-4642.0,-4640.6,-4639.2,-4639.3,-4639.2,-4639.2,-4639.4,-4639.6,-4639.9,-4640.2,-4640.6,-4641.2,-4641.8,-4642.2,-4642.9,-4643.6,-4644.9,-4645.5,-4646.4,-4647.4,-4648.2,-4649.6,-4650.8,-4651.9,-4652.8,-4654.4,-4655.3,-4656.7,-4658.0,-4659.4,-4660.8,-4662.3,-4663.9,-4665.2,-4667.1,-4668.3,-4670.0,-4739.0,-4736.8,-4675.8,-4676.8,-4677.8,-4679.7,-4681.9,-4682.6,-4684.1,-4686.0,-4688.1,-4689.3,-4692.2,-4693.3,-4694.3,-4695.4,-4696.7,-4698.8,-4702.6,-4703.6,-4702.7,-4704.3,-4764.4,-4763.0,-4709.1,-4709.7,-4710.9,-4711.7,-4712.9,-4713.8,-4714.8,-4715.5,-4716.7,-4718.4,-4719.2,-4720.0,-4720.9,-4721.6,-4723.2,-4724.1,-4725.2,-4725.9,-4727.0,-4727.5,-4728.8,-4729.6,-4730.4,-4731.9,-4761.2,-4734.9,-4735.6,-4736.0,-4737.2,-4738.6,-4738.6,-4739.6,-4740.7,-4742.4,-4743.3,-4745.0,-4745.6,-4747.4,-4748.2,-4748.8,-4750.0,-4751.7,-4753.4,-4754.3,-4756.2,-4757.5,-4757.4,-4758.4,-4759.8,-4761.0,-4761.7,-4763.0,-4763.8,-4764.8,-4766.4,-4767.7,-4768.6,-4769.1,-4770.0,-4771.2,-4772.6,-4772.1,-4773.1,-4775.7,-4774.6,-4776.2,-4776.3,-4776.8,-4778.3,-4778.1,-4778.6,-4778.7,-4779.2,-4779.8,-4780.3,-4780.4,-4781.0,-4780.8,-4780.7,-4780.6,-4780.7,-4780.8,-4780.9,-4780.9,-4780.8,-4780.7,-4780.6,-4780.4,-4780.1,-4779.9,-4779.5,-4779.2,-4778.7,-4778.3,-4777.8,-4777.2,-4776.6,-4775.9,-4775.2,-4774.5,-4773.7,-4772.9,-4772.0,-4771.1,-4770.1,-4769.0,-4768.0,-4766.9,-4765.7,-4764.5,-4763.3,-4762.0,-4760.7,-4759.3,-4757.9,-4756.5,-4755.0,-4753.6,-4752.1,-4750.5,-4749.0,-4747.4,-4745.8,-4744.1,-4742.5,-4740.8,-4739.1,-4737.4,-4735.7,-4733.9,-4732.2,-4730.4,-4728.6,-4726.8,-4725.0,-4723.2,-4721.4,-4719.5,-4717.7,-4715.8,-4714.0,-4712.1,-4710.2,-4708.3,-4706.5,-4704.6,-4702.7,-4700.8,-4699.0,-4697.1,-4695.5,-4694.0,-4692.3,-4690.3,-4688.5,-4686.6,-4684.8,-4683.3,-4681.7,-4679.6,-4677.5,-4675.7,-4674.2,-4672.2,-4670.4,-4670.2,-4667.2,-4665.1,-4662.6,-4661.0,-4659.1,-4657.5,-4655.6,-4654.0,-4651.8,-4649.8,-4648.4,-4646.9,-4645.0,-4667.7,-4641.3,-4638.8,-4637.0,-4635.3,-4633.5,-4631.4,-4629.4,-4627.9,-4626.3,-4624.2,-4622.0,-4620.1,-4618.6,-4616.7,-4614.9,-4613.3,-4611.1,-4609.7,-4607.7,-4606.2,-4604.0,-4602.8,-4601.9,-4599.8,-4598.4,-4596.4,-4595.2,-4593.7,-4592.2,-4590.8,-4589.1,-4588.1,-4587.2,-4586.1,-4586.0,-4584.0,-4583.1,-4582.8,-4581.7,-4579.6,-4578.3,-4577.2,-4576.4,-4575.6,-4574.7,-4574.0,-4573.4,-4573.0,-4572.0,-4571.8,-4571.1,-4570.3,-4569.8,-4569.2,-4568.0,-4568.0,-4567.7,-4566.9,-4566.7,-4566.3,-4566.1,-4565.3,-4565.5,-4564.5,-4564.6,-4564.5,-4563.5,-4562.8,-4562.7,-4560.5,-4557.3,-4541.7,-4502.2,-4438.3,-4342.5,-4214.7,-4055.2,-3863.4,-3661.4,-3447.1,-3269.7,-3099.3,-2977.7,-2908.3,-2886.6,-2888.9,-2886.2,-2885.5,-2884.9,-2884.2,-2884.0,-2885.9,-2882.6,-2883.5,-2883.4,-2883.5,-2884.2,-2884.3,-2884.9,-2882.8,-2882.7,-2882.0,-2894.9,-2952.9,-3048.4,-3148.7,-3230.9,-3284.3,-3297.2,-3296.4,-3298.0,-3296.2,-3294.4,-3297.8,-3298.6,-3297.4,-3292.1,-3290.5,-3290.4,-3290.2,-3290.2,-3288.9,-3301.8,-3356.7,-3439.5,-3546.6,-3669.7,-3800.0,-3936.4,-4059.2,-4168.5,-4257.4,-4325.6,-4380.2,-4429.6,-4468.6,-4491.9,-4507.3,-4519.4,-4530.3,-4537.2,-4541.8,-4539.3,-4541.6,-4541.8,-4540.8,-4540.1,-4539.6,-4539.5,-4540.0,-4539.0,-4537.9,-4537.8,-4537.3,-4536.4,-4535.9,-4535.3,-4534.9,-4534.4,-4534.3
-4778.3,-4775.2,-4773.4,-4770.3,-4767.5,-4764.4,-4761.6,-4758.9,-4756.3,-4753.8,-4751.3,-4748.3,-4745.9,-4744.6,-4776.7,-4740.7,-4737.9,-4735.3,-4730.3,-4726.8,-4724.8,-4722.3,-4719.1,-4717.2,-4713.9,-4711.1,-4708.8,-4705.9,-4704.8,-4701.5,-4698.5,-4696.1,-4694.3,-4692.0,-4690.2,-4687.1,-4702.6,-4686.6,-4684.3,-4682.1,-4678.9,-4675.2,-4673.2,-4671.3,-4669.1,-4667.4,-4665.8,-4664.2,-4662.6,-4661.1,-4659.7,-4658.3,-4657.2,-4655.8,-4654.7,-4653.4,-4652.2,-4651.4,-4650.2,-4649.1,-4648.2,-4647.4,-4646.6,-4646.4,-4645.7,-4644.8,-4644.3,-4644.2,-4643.8,-4643.5,-4643.6,-4644.5,-4644.0,-4642.0,-4642.1,-4642.1,-4642.2,-4642.4,-4642.6,-4642.9,-4643.3,-4643.7,-4644.4,-4644.9,-4645.5,-4646.2,-4646.9,-4647.9,-4648.8,-4650.1,-4650.7,-4651.6,-4653.1,-4654.3,-4655.5,-4656.6,-4657.7,-4658.8,-4660.2,-4661.5,-4662.9,-4664.4,-4665.9,-4667.5,-4668.8,-4670.8,-4672.0,-4673.8,-4675.5,-4677.5,-4678.9,-4680.8,-4681.8,-4683.7,-4685.2,-4686.5,-4688.4,-4689.4,-4692.0,-4693.3,-4696.6,-4696.3,-4697.9,-4699.8,-4700.6,-4702.4,-4704.8,-4706.4,-4706.8,-4708.6,-4765.0,-4771.8,-4712.3,-4713.5,-4715.0,-4716.2,-4717.7,-4718.2,-4719.2,-4719.7,-4751.7,-4723.3,-4723.9,-4724.7,-4725.8,-4726.0,-4727.9,-4729.0,-4730.1,-4731.2,-4731.3,-4732.4,-4732.9,-4734.1,-4734.3,-4736.6,-4737.2,-4738.7,-4739.1,-4740.5,-4742.6,-4742.4,-4743.3,-4744.2,-4745.4,-4746.4,-4747.4,-4748.4,-4750.1,-4750.7,-4751.7,-4752.5,-4754.4,-4755.5,-4756.2,-4758.1,-4759.8,-4759.9,-4760.8,-4761.7,-4762.8,-4763.7,-4764.7,-4765.8,-4767.0,-4767.8,-4769.0,-4770.2,-4771.5,-4772.3,-4771.8,-4773.2,-4774.1,-4775.2,-4775.7,-4777.4,-4777.5,-4778.0,-4779.0,-4779.5,-4780.0,-4780.0,-4780.6,-4780.9,-4781.1,-4781.6,-4781.4,-4782.2,-4782.6,-4782.2,-4782.1,-4782.2,-4782.2,-4782.3,-4782.3,-4782.2,-4782.1,-4781.9,-4781.7,-4781.5,-4781.2,-4780.9,-4780.5,-4780.0,-4779.6,-4779.0,-4778.5,-4777.8,-4777.2,-4776.5,-4775.7,-4774.9,-4774.0,-4773.1,-4772.2,-4771.2,-4770.1,-4769.1,-4767.9,-4766.7,-4765.5,-4764.3,-4763.0,-4761.6,-4760.2,-4758.8,-4757.4,-4755.9,-4754.4,-4752.8,-4751.3,-4749.7,-4748.1,-4746.4,-4744.8,-4743.1,-4741.4,-4739.6,-4737.9,-4736.1,-4734.4,-4732.6,-4730.8,-4729.0,-4727.1,-4725.3,-4723.5,-4721.6,-4719.7,-4717.9,-4716.0,-4714.1,-4712.3,-4710.4,-4708.5,-4706.6,-4704.7,-4702.8,-4701.0,-4699.1,-4697.2,-4695.3,-4693.5,-4691.9,-4690.3,-4688.4,-4686.6,-4685.5,-4683.4,-4681.7,-4680.1,-4677.9,-4675.9,-4674.2,-4672.7,-4672.1,-4669.8,-4667.9,-4665.3,-4663.3,-4660.9,-4659.1,-4657.8,-4656.3,-4654.2,-4652.8,-4651.1,-4649.0,-4646.5,-4644.4,-4642.9,-4641.3,-4639.8,-4637.0,-4635.0,-4633.4,-4631.6,-4630.2,-4628.2,-4626.1,-4624.6,-4622.8,-4620.8,-4619.1,-4617.1,-4615.6,-4614.1,-4613.3,-4610.6,-4642.6,-4606.7,-4605.8,-4603.2,-4601.7,-4600.1,-4598.6,-4596.7,-4595.3,-4593.7,-4592.4,-4590.8,-4589.9,-4588.9,-4587.3,-4585.6,-4584.9,-4583.7,-4582.9,-4581.7,-4581.1,-4581.1,-4580.4,-4577.3,-4576.3,-4575.5,-4574.4,-4573.8,-4573.5,-4572.6,-4571.5,-4571.1,-4570.1,-4569.6,-4569.2,-4569.1,-4568.3,-4567.7,-4567.5,-4567.1,-4566.1,-4565.7,-4565.6,-4565.5,-4565.4,-4565.2,-4564.0,-4563.4,-4563.7,-4562.8,-4562.3,-4562.1,-4561.1,-4556.7,-4554.6,-4531.8,-4488.3,-4412.2,-4301.9,-4152.4,-3990.8,-3807.9,-3647.8,-3491.5,-3383.1,-3317.2,-3295.4,-3297.4,-3296.3,-3295.6,-3297.1,-3295.6,-3293.9,-3293.7,-3295.7,-3292.4,-3293.4,-3293.5,-3294.2,-3293.3,-3292.9,-3293.1,-3292.8,-3292.7,-3292.7,-3299.4,-3303.5,-3365.0,-3445.5,-3538.9,-3614.9,-3658.5,-3668.6,-3668.2,-3668.1,-3666.1,-3668.0,-3667.0,-3666.0,-3665.4,-3665.1,-3664.9,-3664.7,-3664.6,-3664.5,-3663.2,-3674.2,-3726.2,-3799.1,-3890.9,-3995.9,-4102.8,-4209.6,-4300.9,-4375.6,-4431.5,-4470.4,-4498.1,-4519.4,-4531.4,-4537.4,-4539.3,-4545.2,-4541.5,-4543.5,-4543.3,-4542.7,-4542.2,-4541.2,-4540.7,-4539.9,-4540.3,-4540.5,-4539.9,-4538.9,-4538.6,-4537.7,-4537.1,-4536.8,-4536.1,-4535.6,-4534.8,-4534.3
-4777.7,-4775.2,-4772.9,-4770.1,-4767.0,-4764.2,-4761.1,-4758.6,-4756.3,-4753.5,-4751.0,-4747.8,-4745.6,-4742.6,-4740.3,-4737.8,-4735.1,-4733.0,-4729.1,-4727.0,-4724.2,-4723.5,-4731.9,-4735.0,-4736.7,-4711.5,-4708.6,-4706.2,-4703.6,-4701.1,-4699.1,-4697.3,-4694.3,-4692.9,-4690.9,-4687.7,-4736.1,-4686.3,-4682.2,-4679.5,-4678.1,-4675.7,-4673.7,-4672.0,-4670.2,-4668.7,-4667.1,-4665.6,-4664.1,-4662.7,-4661.3,-4660.0,-4658.9,-4657.6,-4656.6,-4655.3,-4654.1,-4653.5,-4652.3,-4651.3,-4650.4,-4649.9,-4649.3,-4648.7,-4648.0,-4647.9,-4646.9,-4646.6,-4646.9,-4646.2,-4645.7,-4646.5,-4646.8,-4644.9,-4645.1,-4645.1,-4645.2,-4645.4,-4645.7,-4646.1,-4646.5,-4646.9,-4647.5,-4648.1,-4648.7,-4649.5,-4650.2,-4651.3,-4652.6,-4653.5,-4653.9,-4655.0,-4656.8,-4657.9,-4659.7,-4660.3,-4661.5,-4662.3,-4663.8,-4665.2,-4666.5,-4668.0,-4669.5,-4671.2,-4672.5,-4674.5,-4675.7,-4677.5,-4679.4,-4681.7,-4682.9,-4684.0,-4686.0,-4687.2,-4688.7,-4691.2,-4691.8,-4694.3,-4696.1,-4697.1,-4698.6,-4700.6,-4701.9,-4703.4,-4705.2,-4706.7,-4708.1,-4709.6,-4710.9,-4712.8,-4714.6,-4716.3,-4716.1,-4717.4,-4719.0,-4721.0,-4722.5,-4723.3,-4723.1,-4723.8,-4725.3,-4726.7,-4728.2,-4728.9,-4729.5,-4731.4,-4732.3,-4732.8,-4734.2,-4734.8,-4736.3,-4737.3,-4737.9,-4738.7,-4739.3,-4740.1,-4741.0,-4742.5,-4743.6,-4745.0,-4745.5,-4746.7,-4747.9,-4748.8,-4749.1,-4750.2,-4751.9,-4753.1,-4753.8,-4754.7,-4755.8,-4756.7,-4758.1,-4758.6,-4760.3,-4761.0,-4762.1,-4763.2,-4764.5,-4765.0,-4766.2,-4767.1,-4768.8,-4769.4,-4769.8,-4770.6,-4771.7,-4773.0,-4773.7,-4774.4,-4774.9,-4775.7,-4776.3,-4777.6,-4778.5,-4778.5,-4780.2,-4780.8,-4780.9,-4782.0,-4782.6,-4782.6,-4782.3,-4782.8,-4782.9,-4783.7,-4784.0,-4784.0,-4783.7,-4783.7,-4783.7,-4783.7,-4783.7,-4783.7,-4783.6,-4783.5,-4783.4,-4783.1,-4782.9,-4782.6,-4782.2,-4781.8,-4781.4,-4780.9,-4780.4,-4779.8,-4779.1,-4778.5,-4777.7,-4776.9,-4776.1,-4775.2,-4774.3,-4773.4,-4772.4,-4771.3,-4770.2,-4769.0,-4767.8,-4766.6,-4765.3,-4764.0,-4762.6,-4761.2,-4759.8,-4758.3,-4756.8,-4755.3,-4753.7,-4752.1,-4750.5,-4748.8,-4747.1,-4745.4,-4743.7,-4742.0,-4740.2,-4738.4,-4736.7,-4734.8,-4733.0,-4731.2,-4729.3,-4727.5,-4725.6,-4723.7,-4721.9,-4720.0,-4718.1,-4716.2,-4714.3,-4712.4,-4710.5,-4708.6,-4706.7,-4704.8,-4702.9,-4701.1,-4699.2,-4697.3,-4695.4,-4693.6,-4691.7,-4689.8,-4688.1,-4686.4,-4685.0,-4683.0,-4681.8,-4679.5,-4677.7,-4676.5,-4674.3,-4673.1,-4670.8,-4669.7,-4666.8,-4665.5,-4663.2,-4662.0,-4659.5,-4658.1,-4656.4,-4654.8,-4652.8,-4650.5,-4648.8,-4647.0,-4645.1,-4643.8,-4644.0,-4641.9,-4638.0,-4636.0,-4633.9,-4632.2,-4630.6,-4628.5,-4626.4,-4624.9,-4623.6,-4621.7,-4619.2,-4617.8,-4615.8,-4614.4,-4612.6,-4610.8,-4609.9,-4608.2,-4606.4,-4605.2,-4603.4,-4600.7,-4599.1,-4597.1,-4595.8,-4594.7,-4593.1,-4591.7,-4590.7,-4589.4,-4587.5,-4586.1,-4584.9,-4583.2,-4582.6,-4581.8,-4610.8,-4580.9,-4580.0,-4578.6,-4576.9,-4575.7,-4574.6,-4573.9,-4572.6,-4571.8,-4571.5,-4570.7,-4569.7,-4569.2,-4568.6,-4568.0,-4568.2,-4567.4,-4566.9,-4566.5,-4565.7,-4565.3,-4564.4,-4564.5,-4564.1,-4563.7,-4563.4,-4563.3,-4563.8,-4563.9,-4562.9,-4561.6,-4561.3,-4561.0,-4559.9,-4594.3,-4607.4,-4540.5,-4472.6,-4371.8,-4253.3,-4111.2,-3984.5,-3845.8,-3751.0,-3690.0,-3669.0,-3670.0,-3670.0,-3669.8,-3669.1,-3669.9,-3668.7,-3668.3,-3668.2,-3670.2,-3667.0,-3668.0,-3667.9,-3667.8,-3668.0,-3669.0,-3669.7,-3667.6,-3667.5,-3667.6,-3673.7,-3666.8,-3681.7,-3730.5,-3803.8,-3887.1,-3949.2,-3984.3,-3993.7,-3991.4,-3989.4,-3994.1,-3990.7,-3989.5,-3989.4,-3988.8,-3988.6,-3988.4,-3988.3,-3988.0,-3987.9,-3987.2,-3997.2,-4041.2,-4100.8,-4175.0,-4255.4,-4333.1,-4405.0,-4459.1,-4498.7,-4521.2,-4532.5,-4542.0,-4546.5,-4543.5,-4544.3,-4544.5,-4544.7,-4544.6,-4545.1,-4543.4,-4542.9,-4541.7,-4541.4,-4540.5,-4540.1,-4540.2,-4539.6,-4539.3,-4538.4,-4537.9,-4538.0,-4536.8,-4536.4,-4536.9,-4535.2,-4534.9
